relation_id	gene_id	gene_symbol	disease_id	disease_umls_id	stage_code	stage_order	assoc_id	score	normalized_score	num_pmids	year_initial	year_final	evidence_index	disgenet_evidence_level	score_breakdown	num_db_snp	num_clinical_trials	num_chemicals	num_pmids_with_chemicals	num_trials_with_chemicals	chemical_evidence	source	tier	tier_reason	api_endpoint	api_query	retrieved_at
DISGENET_ASSOC:-1mYdp4BHkeZZb255GxI	3483	IGFALS	UMLS:C2239176	C2239176	HCC	5	-1mYdp4BHkeZZb255GxI	0.6	0.3870967741935484	3	2017	2026	1.0		"[{""components"": {""biobank"": null, ""clinical"": {""count"": 0, ""sources"": [], ""weight"": 0.0}, ""curated"": {""count"": 1, ""sources"": [""RGD""], ""weight"": 0.4}, ""inferred"": {""count"": 0, ""sources"": [], ""weight"": 0.0}, ""literature"": {""publications"": 2, ""sources"": [""TEXTMINING_HUMAN""], ""weight"": 0.2}, ""models"": {""count"": 0, ""sources"": [], ""weight"": 0.0}}, ""total"": 0.6000000000000001}]"	0	0	0	0	0		DisGeNET	medium_confidence	score>=0.3	https://api.disgenet.com/api/v1/gda/summary	disease=UMLS_C2239176	2026-06-23T13:42:41.932547+00:00
DISGENET_ASSOC:-3Ekep4BHkeZZb25wKyC	26266	SLC13A4	UMLS:C0023890	C0023890	Cirrhosis	4	-3Ekep4BHkeZZb25wKyC	0.4	0.25806451612903225	1	2014	2014	1.0		"[{""components"": {""biobank"": null, ""clinical"": {""count"": 0, ""sources"": [], ""weight"": 0.0}, ""curated"": {""count"": 1, ""sources"": [""RGD""], ""weight"": 0.4}, ""inferred"": {""count"": 0, ""sources"": [], ""weight"": 0.0}, ""literature"": {""publications"": 0, ""sources"": [], ""weight"": 0.0}, ""models"": {""count"": 0, ""sources"": [], ""weight"": 0.0}}, ""total"": 0.4}]"	0	0	0	0	0		DisGeNET	medium_confidence	score>=0.3	https://api.disgenet.com/api/v1/gda/summary	disease=UMLS_C0023890	2026-06-23T13:42:41.932547+00:00
DISGENET_ASSOC:-NYjep4Bu8jCkiVmXhA8	148	ADRA1A	UMLS:C0023890	C0023890	Cirrhosis	4	-NYjep4Bu8jCkiVmXhA8	0.4	0.25806451612903225	1	2006	2006	1.0		"[{""components"": {""biobank"": null, ""clinical"": {""count"": 0, ""sources"": [], ""weight"": 0.0}, ""curated"": {""count"": 1, ""sources"": [""RGD""], ""weight"": 0.4}, ""inferred"": {""count"": 0, ""sources"": [], ""weight"": 0.0}, ""literature"": {""publications"": 0, ""sources"": [], ""weight"": 0.0}, ""models"": {""count"": 0, ""sources"": [], ""weight"": 0.0}}, ""total"": 0.4}]"	0	0	0	0	0		DisGeNET	medium_confidence	score>=0.3	https://api.disgenet.com/api/v1/gda/summary	disease=UMLS_C0023890	2026-06-23T13:42:41.932547+00:00
DISGENET_ASSOC:-QHcdp4BZ4eu0iZezuc5	51201	ZDHHC2	UMLS:C2239176	C2239176	HCC	5	-QHcdp4BZ4eu0iZezuc5	0.6	0.3870967741935484	2	2014	2014	1.0		"[{""components"": {""biobank"": null, ""clinical"": {""count"": 0, ""sources"": [], ""weight"": 0.0}, ""curated"": {""count"": 1, ""sources"": [""UNIPROT""], ""weight"": 0.4}, ""inferred"": {""count"": 0, ""sources"": [], ""weight"": 0.0}, ""literature"": {""publications"": 2, ""sources"": [""TEXTMINING_HUMAN""], ""weight"": 0.2}, ""models"": {""count"": 0, ""sources"": [], ""weight"": 0.0}}, ""total"": 0.6000000000000001}]"	0	0	0	0	0		DisGeNET	medium_confidence	score>=0.3	https://api.disgenet.com/api/v1/gda/summary	disease=UMLS_C2239176	2026-06-23T13:42:41.932547+00:00
DISGENET_ASSOC:-VThdZ4BHkeZZb25KHcf	5897	RAG2	UMLS:C3241937	C3241937	NASH	2	-VThdZ4BHkeZZb25KHcf	0.4	0.25806451612903225	1	2014	2014	1.0		"[{""components"": {""biobank"": null, ""clinical"": {""count"": 0, ""sources"": [], ""weight"": 0.0}, ""curated"": {""count"": 1, ""sources"": [""RGD""], ""weight"": 0.4}, ""inferred"": {""count"": 0, ""sources"": [], ""weight"": 0.0}, ""literature"": {""publications"": 0, ""sources"": [], ""weight"": 0.0}, ""models"": {""count"": 0, ""sources"": [], ""weight"": 0.0}}, ""total"": 0.4}]"	0	0	0	0	0		DisGeNET	medium_confidence	score>=0.3	https://api.disgenet.com/api/v1/gda/summary	disease=UMLS_C3241937	2026-06-23T13:42:41.932547+00:00
DISGENET_ASSOC:-w7geJ4BZ4eu0iZebfaB	6554	SLC10A1	UMLS:C0239946	C0239946	Fibrosis	3	-w7geJ4BZ4eu0iZebfaB	0.65	0.41935483870967744	2	2012	2022	1.0		"[{""components"": {""biobank"": null, ""clinical"": {""count"": 0, ""sources"": [], ""weight"": 0.0}, ""curated"": {""count"": 1, ""sources"": [""CLINVAR""], ""weight"": 0.4}, ""inferred"": {""count"": 0, ""sources"": [], ""weight"": 0.0}, ""literature"": {""publications"": 2, ""sources"": [""TEXTMINING_HUMAN"", ""TEXTMINING_MODELS""], ""weight"": 0.2}, ""models"": {""count"": 1, ""sources"": [""TEXTMINING_MODELS""], ""weight"": 0.05}}, ""total"": 0.65}]"	2	0	1	1	0	"[{""chemID"": ""CHEMBL224867"", ""chemPrefName"": ""Taurocholic acid"", ""chemVocabCrossreferences"": [""CHEMBL_CHEMBL224867"", ""CHEBI_28865"", ""DRUGBANK_DB04348"", ""MESH_D013656"", ""PUBCHEM_6675""], ""numPublicationsWithChemInEvidence"": 1, ""pmidsWithChemInEvidence"": [""34266968""]}]"	DisGeNET	medium_confidence	score>=0.3	https://api.disgenet.com/api/v1/gda/summary	disease=UMLS_C0239946	2026-06-23T13:42:41.932547+00:00
DISGENET_ASSOC:03Ekep4BHkeZZb25wK2C	3480	IGF1R	UMLS:C0023890	C0023890	Cirrhosis	4	03Ekep4BHkeZZb25wK2C	0.7	0.4516129032258064	4	2014	2023	1.0		"[{""components"": {""biobank"": null, ""clinical"": {""count"": 0, ""sources"": [], ""weight"": 0.0}, ""curated"": {""count"": 1, ""sources"": [""MGD_HUMAN""], ""weight"": 0.4}, ""inferred"": {""count"": 0, ""sources"": [], ""weight"": 0.0}, ""literature"": {""publications"": 3, ""sources"": [""TEXTMINING_HUMAN"", ""TEXTMINING_MODELS""], ""weight"": 0.2}, ""models"": {""count"": 2, ""sources"": [""TEXTMINING_MODELS"", ""RGD_RAT""], ""weight"": 0.1}}, ""total"": 0.7}]"	0	0	0	0	0		DisGeNET	medium_confidence	score>=0.3	https://api.disgenet.com/api/v1/gda/summary	disease=UMLS_C0023890	2026-06-23T13:42:41.932547+00:00
DISGENET_ASSOC:0IjhdZ4Bu8jCkiVmGmMB	127	ADH4	UMLS:C3241937	C3241937	NASH	2	0IjhdZ4Bu8jCkiVmGmMB	0.6	0.3870967741935484	2	2012	2018	1.0		"[{""components"": {""biobank"": null, ""clinical"": {""count"": 0, ""sources"": [], ""weight"": 0.0}, ""curated"": {""count"": 1, ""sources"": [""RGD""], ""weight"": 0.4}, ""inferred"": {""count"": 0, ""sources"": [], ""weight"": 0.0}, ""literature"": {""publications"": 2, ""sources"": [""TEXTMINING_HUMAN""], ""weight"": 0.2}, ""models"": {""count"": 0, ""sources"": [], ""weight"": 0.0}}, ""total"": 0.6000000000000001}]"	0	0	0	0	0		DisGeNET	medium_confidence	score>=0.3	https://api.disgenet.com/api/v1/gda/summary	disease=UMLS_C3241937	2026-06-23T13:42:41.932547+00:00
DISGENET_ASSOC:0QCadp4BZ4eu0iZePAUc	168667	BMPER	UMLS:C2239176	C2239176	HCC	5	0QCadp4BZ4eu0iZePAUc	0.6	0.3870967741935484	3	2017	2025	1.0		"[{""components"": {""biobank"": null, ""clinical"": {""count"": 0, ""sources"": [], ""weight"": 0.0}, ""curated"": {""count"": 1, ""sources"": [""RGD""], ""weight"": 0.4}, ""inferred"": {""count"": 0, ""sources"": [], ""weight"": 0.0}, ""literature"": {""publications"": 2, ""sources"": [""TEXTMINING_HUMAN""], ""weight"": 0.2}, ""models"": {""count"": 0, ""sources"": [], ""weight"": 0.0}}, ""total"": 0.6000000000000001}]"	0	0	0	0	0		DisGeNET	medium_confidence	score>=0.3	https://api.disgenet.com/api/v1/gda/summary	disease=UMLS_C2239176	2026-06-23T13:42:41.932547+00:00
DISGENET_ASSOC:0QMUd54BZ4eu0iZe_RUk	8435	SOAT2	UMLS:C2239176	C2239176	HCC	5	0QMUd54BZ4eu0iZe_RUk	0.65	0.41935483870967744	4	2006	2025	0.75		"[{""components"": {""biobank"": null, ""clinical"": {""count"": 0, ""sources"": [], ""weight"": 0.0}, ""curated"": {""count"": 1, ""sources"": [""MGD_HUMAN""], ""weight"": 0.4}, ""inferred"": {""count"": 0, ""sources"": [], ""weight"": 0.0}, ""literature"": {""publications"": 3, ""sources"": [""TEXTMINING_HUMAN""], ""weight"": 0.2}, ""models"": {""count"": 1, ""sources"": [""RGD_RAT""], ""weight"": 0.05}}, ""total"": 0.65}]"	0	0	0	0	0		DisGeNET	medium_confidence	score>=0.3	https://api.disgenet.com/api/v1/gda/summary	disease=UMLS_C2239176	2026-06-23T13:42:41.932547+00:00
DISGENET_ASSOC:0QtieJ4BZ4eu0iZedbJc	127	ADH4	UMLS:C0400966	C0400966	NAFLD	1	0QtieJ4BZ4eu0iZedbJc	0.6	0.3870967741935484	3	2018	2023	1.0		"[{""components"": {""biobank"": null, ""clinical"": {""count"": 0, ""sources"": [], ""weight"": 0.0}, ""curated"": {""count"": 1, ""sources"": [""RGD""], ""weight"": 0.4}, ""inferred"": {""count"": 0, ""sources"": [], ""weight"": 0.0}, ""literature"": {""publications"": 2, ""sources"": [""TEXTMINING_HUMAN""], ""weight"": 0.2}, ""models"": {""count"": 0, ""sources"": [], ""weight"": 0.0}}, ""total"": 0.6000000000000001}]"	0	0	0	0	0		DisGeNET	medium_confidence	score>=0.3	https://api.disgenet.com/api/v1/gda/summary	disease=UMLS_C0400966	2026-06-23T13:42:41.932547+00:00
DISGENET_ASSOC:0pzzdp4Bu8jCkiVm_xby	7571	ZNF23	UMLS:C2239176	C2239176	HCC	5	0pzzdp4Bu8jCkiVm_xby	0.4	0.25806451612903225	1	2011	2011	1.0		"[{""components"": {""biobank"": null, ""clinical"": {""count"": 0, ""sources"": [], ""weight"": 0.0}, ""curated"": {""count"": 1, ""sources"": [""RGD""], ""weight"": 0.4}, ""inferred"": {""count"": 0, ""sources"": [], ""weight"": 0.0}, ""literature"": {""publications"": 0, ""sources"": [], ""weight"": 0.0}, ""models"": {""count"": 0, ""sources"": [], ""weight"": 0.0}}, ""total"": 0.4}]"	0	0	0	0	0		DisGeNET	medium_confidence	score>=0.3	https://api.disgenet.com/api/v1/gda/summary	disease=UMLS_C2239176	2026-06-23T13:42:41.932547+00:00
DISGENET_ASSOC:1ACadp4BZ4eu0iZePAUc	169611	OLFML2A	UMLS:C2239176	C2239176	HCC	5	1ACadp4BZ4eu0iZePAUc	0.4	0.25806451612903225	1	2017	2017	1.0		"[{""components"": {""biobank"": null, ""clinical"": {""count"": 0, ""sources"": [], ""weight"": 0.0}, ""curated"": {""count"": 1, ""sources"": [""RGD""], ""weight"": 0.4}, ""inferred"": {""count"": 0, ""sources"": [], ""weight"": 0.0}, ""literature"": {""publications"": 0, ""sources"": [], ""weight"": 0.0}, ""models"": {""count"": 0, ""sources"": [], ""weight"": 0.0}}, ""total"": 0.4}]"	0	0	0	0	0		DisGeNET	medium_confidence	score>=0.3	https://api.disgenet.com/api/v1/gda/summary	disease=UMLS_C2239176	2026-06-23T13:42:41.932547+00:00
DISGENET_ASSOC:1Je4dp4Bu8jCkiVmYbZt	4439	MSH5	UMLS:C2239176	C2239176	HCC	5	1Je4dp4Bu8jCkiVmYbZt	0.5	0.3225806451612903	2	2015	2017	1.0		"[{""components"": {""biobank"": null, ""clinical"": {""count"": 0, ""sources"": [], ""weight"": 0.0}, ""curated"": {""count"": 1, ""sources"": [""RGD""], ""weight"": 0.4}, ""inferred"": {""count"": 0, ""sources"": [], ""weight"": 0.0}, ""literature"": {""publications"": 1, ""sources"": [""TEXTMINING_HUMAN""], ""weight"": 0.1}, ""models"": {""count"": 0, ""sources"": [], ""weight"": 0.0}}, ""total"": 0.5}]"	1	0	0	0	0		DisGeNET	medium_confidence	score>=0.3	https://api.disgenet.com/api/v1/gda/summary	disease=UMLS_C2239176	2026-06-23T13:42:41.932547+00:00
DISGENET_ASSOC:1QMUd54BZ4eu0iZe_Rcl	9126	SMC3	UMLS:C2239176	C2239176	HCC	5	1QMUd54BZ4eu0iZe_Rcl	0.6	0.3870967741935484	3	2021	2025	1.0		"[{""components"": {""biobank"": null, ""clinical"": {""count"": 0, ""sources"": [], ""weight"": 0.0}, ""curated"": {""count"": 1, ""sources"": [""MGD_HUMAN""], ""weight"": 0.4}, ""inferred"": {""count"": 0, ""sources"": [], ""weight"": 0.0}, ""literature"": {""publications"": 3, ""sources"": [""TEXTMINING_HUMAN""], ""weight"": 0.2}, ""models"": {""count"": 0, ""sources"": [], ""weight"": 0.0}}, ""total"": 0.6000000000000001}]"	0	0	0	0	0		DisGeNET	medium_confidence	score>=0.3	https://api.disgenet.com/api/v1/gda/summary	disease=UMLS_C2239176	2026-06-23T13:42:41.932547+00:00
DISGENET_ASSOC:1WVdeJ4BHkeZZb251kAw	5962	RDX	UMLS:C0400966	C0400966	NAFLD	1	1WVdeJ4BHkeZZb251kAw	0.4	0.25806451612903225	1	2018	2018	1.0		"[{""components"": {""biobank"": null, ""clinical"": {""count"": 0, ""sources"": [], ""weight"": 0.0}, ""curated"": {""count"": 1, ""sources"": [""RGD""], ""weight"": 0.4}, ""inferred"": {""count"": 0, ""sources"": [], ""weight"": 0.0}, ""literature"": {""publications"": 0, ""sources"": [], ""weight"": 0.0}, ""models"": {""count"": 0, ""sources"": [], ""weight"": 0.0}}, ""total"": 0.4}]"	0	0	0	0	0		DisGeNET	medium_confidence	score>=0.3	https://api.disgenet.com/api/v1/gda/summary	disease=UMLS_C0400966	2026-06-23T13:42:41.932547+00:00
DISGENET_ASSOC:1gtieJ4BZ4eu0iZedbNc	2147	F2	UMLS:C0400966	C0400966	NAFLD	1	1gtieJ4BZ4eu0iZedbNc	0.5	0.3225806451612903	1	2012	2012	1.0		"[{""components"": {""biobank"": null, ""clinical"": {""count"": 1, ""sources"": [""CLINICALTRIALS""], ""weight"": 0.1}, ""curated"": {""count"": 1, ""sources"": [""RGD""], ""weight"": 0.4}, ""inferred"": {""count"": 0, ""sources"": [], ""weight"": 0.0}, ""literature"": {""publications"": 0, ""sources"": [], ""weight"": 0.0}, ""models"": {""count"": 0, ""sources"": [], ""weight"": 0.0}}, ""total"": 0.5}]"	0	1	0	0	0		DisGeNET	medium_confidence	score>=0.3	https://api.disgenet.com/api/v1/gda/summary	disease=UMLS_C0400966	2026-06-23T13:42:41.932547+00:00
DISGENET_ASSOC:25zzdp4Bu8jCkiVm_xfz	80168	MOGAT2	UMLS:C2239176	C2239176	HCC	5	25zzdp4Bu8jCkiVm_xfz	0.5	0.3225806451612903	2	2017	2021	1.0		"[{""components"": {""biobank"": null, ""clinical"": {""count"": 0, ""sources"": [], ""weight"": 0.0}, ""curated"": {""count"": 1, ""sources"": [""RGD""], ""weight"": 0.4}, ""inferred"": {""count"": 0, ""sources"": [], ""weight"": 0.0}, ""literature"": {""publications"": 1, ""sources"": [""TEXTMINING_HUMAN""], ""weight"": 0.1}, ""models"": {""count"": 0, ""sources"": [], ""weight"": 0.0}}, ""total"": 0.5}]"	0	0	0	0	0		DisGeNET	medium_confidence	score>=0.3	https://api.disgenet.com/api/v1/gda/summary	disease=UMLS_C2239176	2026-06-23T13:42:41.932547+00:00
DISGENET_ASSOC:29Yjep4Bu8jCkiVmXhA8	1356	CP	UMLS:C0023890	C0023890	Cirrhosis	4	29Yjep4Bu8jCkiVmXhA8	0.65	0.41935483870967744	4	2014	2018	0.5		"[{""components"": {""biobank"": null, ""clinical"": {""count"": 0, ""sources"": [], ""weight"": 0.0}, ""curated"": {""count"": 1, ""sources"": [""RGD""], ""weight"": 0.4}, ""inferred"": {""count"": 1, ""sources"": [""HPO""], ""weight"": 0.05}, ""literature"": {""publications"": 2, ""sources"": [""TEXTMINING_HUMAN""], ""weight"": 0.2}, ""models"": {""count"": 0, ""sources"": [], ""weight"": 0.0}}, ""total"": 0.65}]"	0	0	0	0	0		DisGeNET	medium_confidence	score>=0.3	https://api.disgenet.com/api/v1/gda/summary	disease=UMLS_C0023890	2026-06-23T13:42:41.932547+00:00
DISGENET_ASSOC:2AtieJ4BZ4eu0iZedbFc	101180976	IFNL4	UMLS:C0400966	C0400966	NAFLD	1	2AtieJ4BZ4eu0iZedbFc	0.5	0.3225806451612903	1	2017	2017	1.0		"[{""components"": {""biobank"": null, ""clinical"": {""count"": 0, ""sources"": [], ""weight"": 0.0}, ""curated"": {""count"": 1, ""sources"": [""MGD_HUMAN""], ""weight"": 0.4}, ""inferred"": {""count"": 0, ""sources"": [], ""weight"": 0.0}, ""literature"": {""publications"": 1, ""sources"": [""TEXTMINING_HUMAN""], ""weight"": 0.1}, ""models"": {""count"": 0, ""sources"": [], ""weight"": 0.0}}, ""total"": 0.5}]"	2	0	0	0	0		DisGeNET	medium_confidence	score>=0.3	https://api.disgenet.com/api/v1/gda/summary	disease=UMLS_C0400966	2026-06-23T13:42:41.932547+00:00
DISGENET_ASSOC:2HEkep4BHkeZZb25wK2C	3485	IGFBP2	UMLS:C0023890	C0023890	Cirrhosis	4	2HEkep4BHkeZZb25wK2C	0.4	0.25806451612903225	1	2016	2016	1.0		"[{""components"": {""biobank"": null, ""clinical"": {""count"": 0, ""sources"": [], ""weight"": 0.0}, ""curated"": {""count"": 1, ""sources"": [""RGD""], ""weight"": 0.4}, ""inferred"": {""count"": 0, ""sources"": [], ""weight"": 0.0}, ""literature"": {""publications"": 0, ""sources"": [], ""weight"": 0.0}, ""models"": {""count"": 0, ""sources"": [], ""weight"": 0.0}}, ""total"": 0.4}]"	0	0	0	0	0		DisGeNET	medium_confidence	score>=0.3	https://api.disgenet.com/api/v1/gda/summary	disease=UMLS_C0023890	2026-06-23T13:42:41.932547+00:00
DISGENET_ASSOC:2QMUd54BZ4eu0iZe_RQk	8140	SLC7A5	UMLS:C2239176	C2239176	HCC	5	2QMUd54BZ4eu0iZe_RQk	0.65	0.41935483870967744	4	1995	2020	1.0		"[{""components"": {""biobank"": null, ""clinical"": {""count"": 0, ""sources"": [], ""weight"": 0.0}, ""curated"": {""count"": 1, ""sources"": [""MGD_HUMAN""], ""weight"": 0.4}, ""inferred"": {""count"": 0, ""sources"": [], ""weight"": 0.0}, ""literature"": {""publications"": 3, ""sources"": [""TEXTMINING_HUMAN""], ""weight"": 0.2}, ""models"": {""count"": 1, ""sources"": [""RGD_RAT""], ""weight"": 0.05}}, ""total"": 0.65}]"	0	0	0	0	0		DisGeNET	medium_confidence	score>=0.3	https://api.disgenet.com/api/v1/gda/summary	disease=UMLS_C2239176	2026-06-23T13:42:41.932547+00:00
DISGENET_ASSOC:2VmYdp4BHkeZZb255GpI	284403	WDR62	UMLS:C2239176	C2239176	HCC	5	2VmYdp4BHkeZZb255GpI	0.5	0.3225806451612903	2	2017	2024	1.0		"[{""components"": {""biobank"": null, ""clinical"": {""count"": 0, ""sources"": [], ""weight"": 0.0}, ""curated"": {""count"": 1, ""sources"": [""RGD""], ""weight"": 0.4}, ""inferred"": {""count"": 0, ""sources"": [], ""weight"": 0.0}, ""literature"": {""publications"": 1, ""sources"": [""TEXTMINING_HUMAN""], ""weight"": 0.1}, ""models"": {""count"": 0, ""sources"": [], ""weight"": 0.0}}, ""total"": 0.5}]"	0	0	0	0	0		DisGeNET	medium_confidence	score>=0.3	https://api.disgenet.com/api/v1/gda/summary	disease=UMLS_C2239176	2026-06-23T13:42:41.932547+00:00
DISGENET_ASSOC:2gHcdp4BZ4eu0iZezuk5	54894	RNF43	UMLS:C2239176	C2239176	HCC	5	2gHcdp4BZ4eu0iZezuk5	0.6	0.3870967741935484	3	2013	2025	1.0		"[{""components"": {""biobank"": null, ""clinical"": {""count"": 0, ""sources"": [], ""weight"": 0.0}, ""curated"": {""count"": 1, ""sources"": [""MGD_HUMAN""], ""weight"": 0.4}, ""inferred"": {""count"": 0, ""sources"": [], ""weight"": 0.0}, ""literature"": {""publications"": 3, ""sources"": [""TEXTMINING_HUMAN""], ""weight"": 0.2}, ""models"": {""count"": 0, ""sources"": [], ""weight"": 0.0}}, ""total"": 0.6000000000000001}]"	0	0	0	0	0		DisGeNET	medium_confidence	score>=0.3	https://api.disgenet.com/api/v1/gda/summary	disease=UMLS_C2239176	2026-06-23T13:42:41.932547+00:00
DISGENET_ASSOC:35zzdp4Bu8jCkiVm_xfz	80178	TEDC2	UMLS:C2239176	C2239176	HCC	5	35zzdp4Bu8jCkiVm_xfz	0.6	0.3870967741935484	3	2017	2024	1.0		"[{""components"": {""biobank"": null, ""clinical"": {""count"": 0, ""sources"": [], ""weight"": 0.0}, ""curated"": {""count"": 1, ""sources"": [""RGD""], ""weight"": 0.4}, ""inferred"": {""count"": 0, ""sources"": [], ""weight"": 0.0}, ""literature"": {""publications"": 2, ""sources"": [""TEXTMINING_HUMAN""], ""weight"": 0.2}, ""models"": {""count"": 0, ""sources"": [], ""weight"": 0.0}}, ""total"": 0.6000000000000001}]"	0	0	0	0	0		DisGeNET	medium_confidence	score>=0.3	https://api.disgenet.com/api/v1/gda/summary	disease=UMLS_C2239176	2026-06-23T13:42:41.932547+00:00
DISGENET_ASSOC:3GVdeJ4BHkeZZb251kEx	7038	TG	UMLS:C0400966	C0400966	NAFLD	1	3GVdeJ4BHkeZZb251kEx	0.6	0.3870967741935484	2	2020	2022	1.0		"[{""components"": {""biobank"": null, ""clinical"": {""count"": 0, ""sources"": [], ""weight"": 0.0}, ""curated"": {""count"": 1, ""sources"": [""MGD_HUMAN""], ""weight"": 0.4}, ""inferred"": {""count"": 0, ""sources"": [], ""weight"": 0.0}, ""literature"": {""publications"": 2, ""sources"": [""TEXTMINING_HUMAN""], ""weight"": 0.2}, ""models"": {""count"": 0, ""sources"": [], ""weight"": 0.0}}, ""total"": 0.6000000000000001}]"	0	0	0	0	0		DisGeNET	medium_confidence	score>=0.3	https://api.disgenet.com/api/v1/gda/summary	disease=UMLS_C0400966	2026-06-23T13:42:41.932547+00:00
DISGENET_ASSOC:3QCadp4BZ4eu0iZePAUc	170712	COX7B2	UMLS:C2239176	C2239176	HCC	5	3QCadp4BZ4eu0iZePAUc	0.5	0.3225806451612903	2	2017	2021	1.0		"[{""components"": {""biobank"": null, ""clinical"": {""count"": 0, ""sources"": [], ""weight"": 0.0}, ""curated"": {""count"": 1, ""sources"": [""RGD""], ""weight"": 0.4}, ""inferred"": {""count"": 0, ""sources"": [], ""weight"": 0.0}, ""literature"": {""publications"": 1, ""sources"": [""TEXTMINING_HUMAN""], ""weight"": 0.1}, ""models"": {""count"": 0, ""sources"": [], ""weight"": 0.0}}, ""total"": 0.5}]"	0	0	0	0	0		DisGeNET	medium_confidence	score>=0.3	https://api.disgenet.com/api/v1/gda/summary	disease=UMLS_C2239176	2026-06-23T13:42:41.932547+00:00
DISGENET_ASSOC:3gtieJ4BZ4eu0iZedbNc	216	ALDH1A1	UMLS:C0400966	C0400966	NAFLD	1	3gtieJ4BZ4eu0iZedbNc	0.6	0.3870967741935484	3	2010	2025	1.0		"[{""components"": {""biobank"": null, ""clinical"": {""count"": 0, ""sources"": [], ""weight"": 0.0}, ""curated"": {""count"": 1, ""sources"": [""RGD""], ""weight"": 0.4}, ""inferred"": {""count"": 0, ""sources"": [], ""weight"": 0.0}, ""literature"": {""publications"": 2, ""sources"": [""TEXTMINING_HUMAN""], ""weight"": 0.2}, ""models"": {""count"": 0, ""sources"": [], ""weight"": 0.0}}, ""total"": 0.6000000000000001}]"	0	0	2	1	0	"[{""chemID"": ""CHEMBL38"", ""chemPrefName"": ""Tretinoin"", ""chemVocabCrossreferences"": [""CHEMBL_CHEMBL38"", ""CHEBI_15367"", ""DRUGBANK_DB00755"", ""MESH_D014212"", ""PUBCHEM_444795""], ""numPublicationsWithChemInEvidence"": 1, ""pmidsWithChemInEvidence"": [""20618457""]}, {""chemID"": ""CHEMBL986"", ""chemPrefName"": ""Vitamin A"", ""chemVocabCrossreferences"": [""CHEMBL_CHEMBL986"", ""CHEBI_17336"", ""DRUGBANK_DB00162"", ""MESH_D014801"", ""PUBCHEM_445354""], ""numPublicationsWithChemInEvidence"": 1, ""pmidsWithChemInEvidence"": [""20618457""]}]"	DisGeNET	medium_confidence	score>=0.3	https://api.disgenet.com/api/v1/gda/summary	disease=UMLS_C0400966	2026-06-23T13:42:41.932547+00:00
DISGENET_ASSOC:3lThdZ4BHkeZZb25KHcf	57591	MRTFA	UMLS:C3241937	C3241937	NASH	2	3lThdZ4BHkeZZb25KHcf	0.55	0.3548387096774194	1	2021	2021	1.0		"[{""components"": {""biobank"": null, ""clinical"": {""count"": 0, ""sources"": [], ""weight"": 0.0}, ""curated"": {""count"": 1, ""sources"": [""RGD""], ""weight"": 0.4}, ""inferred"": {""count"": 0, ""sources"": [], ""weight"": 0.0}, ""literature"": {""publications"": 1, ""sources"": [""TEXTMINING_MODELS""], ""weight"": 0.1}, ""models"": {""count"": 1, ""sources"": [""TEXTMINING_MODELS""], ""weight"": 0.05}}, ""total"": 0.55}]"	0	0	0	0	0		DisGeNET	medium_confidence	score>=0.3	https://api.disgenet.com/api/v1/gda/summary	disease=UMLS_C3241937	2026-06-23T13:42:41.932547+00:00
DISGENET_ASSOC:4VrTdp4BHkeZZb256MU1	5965	RECQL	UMLS:C2239176	C2239176	HCC	5	4VrTdp4BHkeZZb256MU1	0.6	0.3870967741935484	2	2008	2010	1.0		"[{""components"": {""biobank"": null, ""clinical"": {""count"": 0, ""sources"": [], ""weight"": 0.0}, ""curated"": {""count"": 1, ""sources"": [""MGD_HUMAN""], ""weight"": 0.4}, ""inferred"": {""count"": 0, ""sources"": [], ""weight"": 0.0}, ""literature"": {""publications"": 1, ""sources"": [""TEXTMINING_MODELS""], ""weight"": 0.1}, ""models"": {""count"": 2, ""sources"": [""TEXTMINING_MODELS"", ""RGD_RAT""], ""weight"": 0.1}}, ""total"": 0.6}]"	0	0	0	0	0		DisGeNET	medium_confidence	score>=0.3	https://api.disgenet.com/api/v1/gda/summary	disease=UMLS_C2239176	2026-06-23T13:42:41.932547+00:00
DISGENET_ASSOC:4YjhdZ4Bu8jCkiVmGmMB	1374	CPT1A	UMLS:C3241937	C3241937	NASH	2	4YjhdZ4Bu8jCkiVmGmMB	0.55	0.3548387096774194	2	2018	2022	1.0		"[{""components"": {""biobank"": null, ""clinical"": {""count"": 0, ""sources"": [], ""weight"": 0.0}, ""curated"": {""count"": 1, ""sources"": [""RGD""], ""weight"": 0.4}, ""inferred"": {""count"": 0, ""sources"": [], ""weight"": 0.0}, ""literature"": {""publications"": 1, ""sources"": [""TEXTMINING_MODELS""], ""weight"": 0.1}, ""models"": {""count"": 1, ""sources"": [""TEXTMINING_MODELS""], ""weight"": 0.05}}, ""total"": 0.55}]"	0	0	0	0	0		DisGeNET	medium_confidence	score>=0.3	https://api.disgenet.com/api/v1/gda/summary	disease=UMLS_C3241937	2026-06-23T13:42:41.932547+00:00
DISGENET_ASSOC:4YjhdZ4Bu8jCkiVmGmUB	3976	LIF	UMLS:C3241937	C3241937	NASH	2	4YjhdZ4Bu8jCkiVmGmUB	0.6	0.3870967741935484	2	2011	2014	0.5		"[{""components"": {""biobank"": null, ""clinical"": {""count"": 0, ""sources"": [], ""weight"": 0.0}, ""curated"": {""count"": 1, ""sources"": [""RGD""], ""weight"": 0.4}, ""inferred"": {""count"": 0, ""sources"": [], ""weight"": 0.0}, ""literature"": {""publications"": 2, ""sources"": [""TEXTMINING_HUMAN""], ""weight"": 0.2}, ""models"": {""count"": 0, ""sources"": [], ""weight"": 0.0}}, ""total"": 0.6000000000000001}]"	0	0	0	0	0		DisGeNET	medium_confidence	score>=0.3	https://api.disgenet.com/api/v1/gda/summary	disease=UMLS_C3241937	2026-06-23T13:42:41.932547+00:00
DISGENET_ASSOC:4gHcdp4BZ4eu0iZezuo6	55723	ASF1B	UMLS:C2239176	C2239176	HCC	5	4gHcdp4BZ4eu0iZezuo6	0.65	0.41935483870967744	3	2017	2023	1.0		"[{""components"": {""biobank"": null, ""clinical"": {""count"": 0, ""sources"": [], ""weight"": 0.0}, ""curated"": {""count"": 1, ""sources"": [""RGD""], ""weight"": 0.4}, ""inferred"": {""count"": 0, ""sources"": [], ""weight"": 0.0}, ""literature"": {""publications"": 2, ""sources"": [""TEXTMINING_HUMAN"", ""TEXTMINING_MODELS""], ""weight"": 0.2}, ""models"": {""count"": 1, ""sources"": [""TEXTMINING_MODELS""], ""weight"": 0.05}}, ""total"": 0.65}]"	0	0	0	0	0		DisGeNET	medium_confidence	score>=0.3	https://api.disgenet.com/api/v1/gda/summary	disease=UMLS_C2239176	2026-06-23T13:42:41.932547+00:00
DISGENET_ASSOC:4wHcdp4BZ4eu0iZezug5	5267	SERPINA4	UMLS:C2239176	C2239176	HCC	5	4wHcdp4BZ4eu0iZezug5	0.65	0.41935483870967744	3	2008	2015	1.0		"[{""components"": {""biobank"": null, ""clinical"": {""count"": 0, ""sources"": [], ""weight"": 0.0}, ""curated"": {""count"": 1, ""sources"": [""RGD""], ""weight"": 0.4}, ""inferred"": {""count"": 0, ""sources"": [], ""weight"": 0.0}, ""literature"": {""publications"": 2, ""sources"": [""TEXTMINING_HUMAN"", ""TEXTMINING_MODELS""], ""weight"": 0.2}, ""models"": {""count"": 1, ""sources"": [""TEXTMINING_MODELS""], ""weight"": 0.05}}, ""total"": 0.65}]"	0	0	0	0	0		DisGeNET	medium_confidence	score>=0.3	https://api.disgenet.com/api/v1/gda/summary	disease=UMLS_C2239176	2026-06-23T13:42:41.932547+00:00
DISGENET_ASSOC:51ThdZ4BHkeZZb25KHcf	57761	TRIB3	UMLS:C3241937	C3241937	NASH	2	51ThdZ4BHkeZZb25KHcf	0.4	0.25806451612903225	1	2018	2018	1.0		"[{""components"": {""biobank"": null, ""clinical"": {""count"": 0, ""sources"": [], ""weight"": 0.0}, ""curated"": {""count"": 1, ""sources"": [""RGD""], ""weight"": 0.4}, ""inferred"": {""count"": 0, ""sources"": [], ""weight"": 0.0}, ""literature"": {""publications"": 0, ""sources"": [], ""weight"": 0.0}, ""models"": {""count"": 0, ""sources"": [], ""weight"": 0.0}}, ""total"": 0.4}]"	0	0	0	0	0		DisGeNET	medium_confidence	score>=0.3	https://api.disgenet.com/api/v1/gda/summary	disease=UMLS_C3241937	2026-06-23T13:42:41.932547+00:00
DISGENET_ASSOC:5ACadp4BZ4eu0iZePAYc	2108	ETFA	UMLS:C2239176	C2239176	HCC	5	5ACadp4BZ4eu0iZePAYc	0.5	0.3225806451612903	2	2010	2024	1.0		"[{""components"": {""biobank"": null, ""clinical"": {""count"": 0, ""sources"": [], ""weight"": 0.0}, ""curated"": {""count"": 1, ""sources"": [""RGD""], ""weight"": 0.4}, ""inferred"": {""count"": 0, ""sources"": [], ""weight"": 0.0}, ""literature"": {""publications"": 1, ""sources"": [""TEXTMINING_HUMAN""], ""weight"": 0.1}, ""models"": {""count"": 0, ""sources"": [], ""weight"": 0.0}}, ""total"": 0.5}]"	0	0	0	0	0		DisGeNET	medium_confidence	score>=0.3	https://api.disgenet.com/api/v1/gda/summary	disease=UMLS_C2239176	2026-06-23T13:42:41.932547+00:00
DISGENET_ASSOC:5QMUd54BZ4eu0iZe_RYl	87178	PNPT1	UMLS:C2239176	C2239176	HCC	5	5QMUd54BZ4eu0iZe_RYl	0.6	0.3870967741935484	4	1979	2024	0.75		"[{""components"": {""biobank"": null, ""clinical"": {""count"": 0, ""sources"": [], ""weight"": 0.0}, ""curated"": {""count"": 1, ""sources"": [""RGD""], ""weight"": 0.4}, ""inferred"": {""count"": 0, ""sources"": [], ""weight"": 0.0}, ""literature"": {""publications"": 3, ""sources"": [""TEXTMINING_HUMAN""], ""weight"": 0.2}, ""models"": {""count"": 0, ""sources"": [], ""weight"": 0.0}}, ""total"": 0.6000000000000001}]"	0	0	1	1	0	"[{""chemID"": ""CHEMBL123292"", ""chemPrefName"": ""CYCLOHEXIMIDE"", ""chemVocabCrossreferences"": [""CHEMBL_CHEMBL123292"", ""CHEBI_27641"", ""MESH_D003513"", ""PUBCHEM_6197""], ""numPublicationsWithChemInEvidence"": 1, ""pmidsWithChemInEvidence"": [""516539""]}]"	DisGeNET	medium_confidence	score>=0.3	https://api.disgenet.com/api/v1/gda/summary	disease=UMLS_C2239176	2026-06-23T13:42:41.932547+00:00
DISGENET_ASSOC:5bVbeJ4Bu8jCkiVmRE3c	5244	ABCB4	UMLS:C0400966	C0400966	NAFLD	1	5bVbeJ4Bu8jCkiVmRE3c	0.65	0.41935483870967744	2	2010	2020	0.0		"[{""components"": {""biobank"": null, ""clinical"": {""count"": 0, ""sources"": [], ""weight"": 0.0}, ""curated"": {""count"": 1, ""sources"": [""RGD""], ""weight"": 0.4}, ""inferred"": {""count"": 0, ""sources"": [], ""weight"": 0.0}, ""literature"": {""publications"": 2, ""sources"": [""TEXTMINING_HUMAN"", ""TEXTMINING_MODELS""], ""weight"": 0.2}, ""models"": {""count"": 1, ""sources"": [""TEXTMINING_MODELS""], ""weight"": 0.05}}, ""total"": 0.65}]"	0	0	2	2	0	"[{""chemID"": ""CHEMBL264374"", ""chemPrefName"": ""Bezafibrate"", ""chemVocabCrossreferences"": [""CHEMBL_CHEMBL264374"", ""CHEBI_47612"", ""DRUGBANK_DB01393"", ""MESH_D001629"", ""PUBCHEM_39042""], ""numPublicationsWithChemInEvidence"": 1, ""pmidsWithChemInEvidence"": [""20040336""]}, {""chemID"": ""CHEMBL44814"", ""chemPrefName"": ""CARBON TETRACHLORIDE"", ""chemVocabCrossreferences"": [""CHEMBL_CHEMBL44814"", ""CHEBI_27385"", ""MESH_D002251"", ""PUBCHEM_5943""], ""numPublicationsWithChemInEvidence"": 1, ""pmidsWithChemInEvidence"": [""33024915""]}]"	DisGeNET	medium_confidence	score>=0.3	https://api.disgenet.com/api/v1/gda/summary	disease=UMLS_C0400966	2026-06-23T13:42:41.932547+00:00
DISGENET_ASSOC:5lmYdp4BHkeZZb255GtI	3083	HGFAC	UMLS:C2239176	C2239176	HCC	5	5lmYdp4BHkeZZb255GtI	0.65	0.41935483870967744	3	2001	2023	1.0		"[{""components"": {""biobank"": null, ""clinical"": {""count"": 0, ""sources"": [], ""weight"": 0.0}, ""curated"": {""count"": 1, ""sources"": [""RGD""], ""weight"": 0.4}, ""inferred"": {""count"": 0, ""sources"": [], ""weight"": 0.0}, ""literature"": {""publications"": 2, ""sources"": [""TEXTMINING_HUMAN"", ""TEXTMINING_MODELS""], ""weight"": 0.2}, ""models"": {""count"": 1, ""sources"": [""TEXTMINING_MODELS""], ""weight"": 0.05}}, ""total"": 0.65}]"	0	0	0	0	0		DisGeNET	medium_confidence	score>=0.3	https://api.disgenet.com/api/v1/gda/summary	disease=UMLS_C2239176	2026-06-23T13:42:41.932547+00:00
DISGENET_ASSOC:5pJsdp4Bu8jCkiVmZn9n	122953	JDP2	UMLS:C2239176	C2239176	HCC	5	5pJsdp4Bu8jCkiVmZn9n	0.65	0.41935483870967744	3	2010	2019	1.0		"[{""components"": {""biobank"": null, ""clinical"": {""count"": 0, ""sources"": [], ""weight"": 0.0}, ""curated"": {""count"": 1, ""sources"": [""RGD""], ""weight"": 0.4}, ""inferred"": {""count"": 0, ""sources"": [], ""weight"": 0.0}, ""literature"": {""publications"": 3, ""sources"": [""TEXTMINING_HUMAN"", ""TEXTMINING_MODELS""], ""weight"": 0.2}, ""models"": {""count"": 1, ""sources"": [""TEXTMINING_MODELS""], ""weight"": 0.05}}, ""total"": 0.65}]"	0	0	0	0	0		DisGeNET	medium_confidence	score>=0.3	https://api.disgenet.com/api/v1/gda/summary	disease=UMLS_C2239176	2026-06-23T13:42:41.932547+00:00
DISGENET_ASSOC:5pzzdp4Bu8jCkiVm_xby	768218	MIR766	UMLS:C2239176	C2239176	HCC	5	5pzzdp4Bu8jCkiVm_xby	0.65	0.41935483870967744	3	2018	2020	1.0		"[{""components"": {""biobank"": null, ""clinical"": {""count"": 0, ""sources"": [], ""weight"": 0.0}, ""curated"": {""count"": 1, ""sources"": [""MGD_HUMAN""], ""weight"": 0.4}, ""inferred"": {""count"": 0, ""sources"": [], ""weight"": 0.0}, ""literature"": {""publications"": 3, ""sources"": [""TEXTMINING_HUMAN"", ""TEXTMINING_MODELS""], ""weight"": 0.2}, ""models"": {""count"": 1, ""sources"": [""TEXTMINING_MODELS""], ""weight"": 0.05}}, ""total"": 0.65}]"	0	0	0	0	0		DisGeNET	medium_confidence	score>=0.3	https://api.disgenet.com/api/v1/gda/summary	disease=UMLS_C2239176	2026-06-23T13:42:41.932547+00:00
DISGENET_ASSOC:61rTdp4BHkeZZb256MQ1	5745	PTH1R	UMLS:C2239176	C2239176	HCC	5	61rTdp4BHkeZZb256MQ1	0.5	0.3225806451612903	2	2017	2018	1.0		"[{""components"": {""biobank"": null, ""clinical"": {""count"": 0, ""sources"": [], ""weight"": 0.0}, ""curated"": {""count"": 1, ""sources"": [""RGD""], ""weight"": 0.4}, ""inferred"": {""count"": 0, ""sources"": [], ""weight"": 0.0}, ""literature"": {""publications"": 1, ""sources"": [""TEXTMINING_HUMAN""], ""weight"": 0.1}, ""models"": {""count"": 0, ""sources"": [], ""weight"": 0.0}}, ""total"": 0.5}]"	0	0	0	0	0		DisGeNET	medium_confidence	score>=0.3	https://api.disgenet.com/api/v1/gda/summary	disease=UMLS_C2239176	2026-06-23T13:42:41.932547+00:00
DISGENET_ASSOC:69Yjep4Bu8jCkiVmXg88	100126309	MIR875	UMLS:C0023890	C0023890	Cirrhosis	4	69Yjep4Bu8jCkiVmXg88	0.4	0.25806451612903225	1	2020	2020	1.0		"[{""components"": {""biobank"": null, ""clinical"": {""count"": 0, ""sources"": [], ""weight"": 0.0}, ""curated"": {""count"": 1, ""sources"": [""RGD""], ""weight"": 0.4}, ""inferred"": {""count"": 0, ""sources"": [], ""weight"": 0.0}, ""literature"": {""publications"": 0, ""sources"": [], ""weight"": 0.0}, ""models"": {""count"": 0, ""sources"": [], ""weight"": 0.0}}, ""total"": 0.4}]"	0	0	0	0	0		DisGeNET	medium_confidence	score>=0.3	https://api.disgenet.com/api/v1/gda/summary	disease=UMLS_C0023890	2026-06-23T13:42:41.932547+00:00
DISGENET_ASSOC:6nEkep4BHkeZZb25wKyC	25805	BAMBI	UMLS:C0023890	C0023890	Cirrhosis	4	6nEkep4BHkeZZb25wKyC	0.4	0.25806451612903225	1	2018	2018	1.0		"[{""components"": {""biobank"": null, ""clinical"": {""count"": 0, ""sources"": [], ""weight"": 0.0}, ""curated"": {""count"": 1, ""sources"": [""RGD""], ""weight"": 0.4}, ""inferred"": {""count"": 0, ""sources"": [], ""weight"": 0.0}, ""literature"": {""publications"": 0, ""sources"": [], ""weight"": 0.0}, ""models"": {""count"": 0, ""sources"": [], ""weight"": 0.0}}, ""total"": 0.4}]"	0	0	0	0	0		DisGeNET	medium_confidence	score>=0.3	https://api.disgenet.com/api/v1/gda/summary	disease=UMLS_C0023890	2026-06-23T13:42:41.932547+00:00
DISGENET_ASSOC:71dXdp4BHkeZZb254dBD	10293	TRAIP	UMLS:C2239176	C2239176	HCC	5	71dXdp4BHkeZZb254dBD	0.4	0.25806451612903225	1	2017	2017	1.0		"[{""components"": {""biobank"": null, ""clinical"": {""count"": 0, ""sources"": [], ""weight"": 0.0}, ""curated"": {""count"": 1, ""sources"": [""RGD""], ""weight"": 0.4}, ""inferred"": {""count"": 0, ""sources"": [], ""weight"": 0.0}, ""literature"": {""publications"": 0, ""sources"": [], ""weight"": 0.0}, ""models"": {""count"": 0, ""sources"": [], ""weight"": 0.0}}, ""total"": 0.4}]"	0	0	0	0	0		DisGeNET	medium_confidence	score>=0.3	https://api.disgenet.com/api/v1/gda/summary	disease=UMLS_C2239176	2026-06-23T13:42:41.932547+00:00
DISGENET_ASSOC:71mYdp4BHkeZZb255GxI	3476	IGBP1	UMLS:C2239176	C2239176	HCC	5	71mYdp4BHkeZZb255GxI	0.6	0.3870967741935484	3	2011	2016	1.0		"[{""components"": {""biobank"": null, ""clinical"": {""count"": 0, ""sources"": [], ""weight"": 0.0}, ""curated"": {""count"": 1, ""sources"": [""RGD""], ""weight"": 0.4}, ""inferred"": {""count"": 0, ""sources"": [], ""weight"": 0.0}, ""literature"": {""publications"": 3, ""sources"": [""TEXTMINING_HUMAN""], ""weight"": 0.2}, ""models"": {""count"": 0, ""sources"": [], ""weight"": 0.0}}, ""total"": 0.6000000000000001}]"	0	0	0	0	0		DisGeNET	medium_confidence	score>=0.3	https://api.disgenet.com/api/v1/gda/summary	disease=UMLS_C2239176	2026-06-23T13:42:41.932547+00:00
DISGENET_ASSOC:73Ekep4BHkeZZb25wK-D	56339	METTL3	UMLS:C0023890	C0023890	Cirrhosis	4	73Ekep4BHkeZZb25wK-D	0.4	0.25806451612903225	1	2023	2023	1.0		"[{""components"": {""biobank"": null, ""clinical"": {""count"": 0, ""sources"": [], ""weight"": 0.0}, ""curated"": {""count"": 1, ""sources"": [""RGD""], ""weight"": 0.4}, ""inferred"": {""count"": 0, ""sources"": [], ""weight"": 0.0}, ""literature"": {""publications"": 0, ""sources"": [], ""weight"": 0.0}, ""models"": {""count"": 0, ""sources"": [], ""weight"": 0.0}}, ""total"": 0.4}]"	0	0	0	0	0		DisGeNET	medium_confidence	score>=0.3	https://api.disgenet.com/api/v1/gda/summary	disease=UMLS_C0023890	2026-06-23T13:42:41.932547+00:00
DISGENET_ASSOC:7AHcdp4BZ4eu0iZezuc5	51166	AADAT	UMLS:C2239176	C2239176	HCC	5	7AHcdp4BZ4eu0iZezuc5	0.6	0.3870967741935484	2	1994	2017	1.0		"[{""components"": {""biobank"": null, ""clinical"": {""count"": 1, ""sources"": [""CLINICALTRIALS""], ""weight"": 0.1}, ""curated"": {""count"": 1, ""sources"": [""RGD""], ""weight"": 0.4}, ""inferred"": {""count"": 0, ""sources"": [], ""weight"": 0.0}, ""literature"": {""publications"": 1, ""sources"": [""TEXTMINING_HUMAN""], ""weight"": 0.1}, ""models"": {""count"": 0, ""sources"": [], ""weight"": 0.0}}, ""total"": 0.6}]"	0	1	0	0	0		DisGeNET	medium_confidence	score>=0.3	https://api.disgenet.com/api/v1/gda/summary	disease=UMLS_C2239176	2026-06-23T13:42:41.932547+00:00
DISGENET_ASSOC:7AMUd54BZ4eu0iZe_RQk	81609	SNX27	UMLS:C2239176	C2239176	HCC	5	7AMUd54BZ4eu0iZe_RQk	0.6	0.3870967741935484	2	2022	2023	1.0		"[{""components"": {""biobank"": null, ""clinical"": {""count"": 0, ""sources"": [], ""weight"": 0.0}, ""curated"": {""count"": 1, ""sources"": [""RGD""], ""weight"": 0.4}, ""inferred"": {""count"": 0, ""sources"": [], ""weight"": 0.0}, ""literature"": {""publications"": 2, ""sources"": [""TEXTMINING_HUMAN""], ""weight"": 0.2}, ""models"": {""count"": 0, ""sources"": [], ""weight"": 0.0}}, ""total"": 0.6000000000000001}]"	0	0	0	0	0		DisGeNET	medium_confidence	score>=0.3	https://api.disgenet.com/api/v1/gda/summary	disease=UMLS_C2239176	2026-06-23T13:42:41.932547+00:00
DISGENET_ASSOC:7AtieJ4BZ4eu0iZedbNc	219	ALDH1B1	UMLS:C0400966	C0400966	NAFLD	1	7AtieJ4BZ4eu0iZedbNc	0.4	0.25806451612903225	1	2018	2018	1.0		"[{""components"": {""biobank"": null, ""clinical"": {""count"": 0, ""sources"": [], ""weight"": 0.0}, ""curated"": {""count"": 1, ""sources"": [""RGD""], ""weight"": 0.4}, ""inferred"": {""count"": 0, ""sources"": [], ""weight"": 0.0}, ""literature"": {""publications"": 0, ""sources"": [], ""weight"": 0.0}, ""models"": {""count"": 0, ""sources"": [], ""weight"": 0.0}}, ""total"": 0.4}]"	0	0	0	0	0		DisGeNET	medium_confidence	score>=0.3	https://api.disgenet.com/api/v1/gda/summary	disease=UMLS_C0400966	2026-06-23T13:42:41.932547+00:00
DISGENET_ASSOC:7VmYdp4BHkeZZb255GtI	30845	EHD3	UMLS:C2239176	C2239176	HCC	5	7VmYdp4BHkeZZb255GtI	0.4	0.25806451612903225	1	2017	2017	1.0		"[{""components"": {""biobank"": null, ""clinical"": {""count"": 0, ""sources"": [], ""weight"": 0.0}, ""curated"": {""count"": 1, ""sources"": [""RGD""], ""weight"": 0.4}, ""inferred"": {""count"": 0, ""sources"": [], ""weight"": 0.0}, ""literature"": {""publications"": 0, ""sources"": [], ""weight"": 0.0}, ""models"": {""count"": 0, ""sources"": [], ""weight"": 0.0}}, ""total"": 0.4}]"	0	0	0	0	0		DisGeNET	medium_confidence	score>=0.3	https://api.disgenet.com/api/v1/gda/summary	disease=UMLS_C2239176	2026-06-23T13:42:41.932547+00:00
DISGENET_ASSOC:7VwDd54BHkeZZb255yWx	9592	IER2	UMLS:C2239176	C2239176	HCC	5	7VwDd54BHkeZZb255yWx	0.75	0.48387096774193544	2	2017	2020	1.0		"[{""components"": {""biobank"": null, ""clinical"": {""count"": 1, ""sources"": [""CLINICALTRIALS""], ""weight"": 0.1}, ""curated"": {""count"": 1, ""sources"": [""MGD_HUMAN""], ""weight"": 0.4}, ""inferred"": {""count"": 0, ""sources"": [], ""weight"": 0.0}, ""literature"": {""publications"": 2, ""sources"": [""TEXTMINING_HUMAN""], ""weight"": 0.2}, ""models"": {""count"": 1, ""sources"": [""RGD_RAT""], ""weight"": 0.05}}, ""total"": 0.75}]"	0	1	0	0	0		DisGeNET	medium_confidence	score>=0.3	https://api.disgenet.com/api/v1/gda/summary	disease=UMLS_C2239176	2026-06-23T13:42:41.932547+00:00
DISGENET_ASSOC:7WVdeJ4BHkeZZb251kIx	8517	IKBKG	UMLS:C0400966	C0400966	NAFLD	1	7WVdeJ4BHkeZZb251kIx	0.4	0.25806451612903225	1	2011	2011	1.0		"[{""components"": {""biobank"": null, ""clinical"": {""count"": 0, ""sources"": [], ""weight"": 0.0}, ""curated"": {""count"": 1, ""sources"": [""RGD""], ""weight"": 0.4}, ""inferred"": {""count"": 0, ""sources"": [], ""weight"": 0.0}, ""literature"": {""publications"": 0, ""sources"": [], ""weight"": 0.0}, ""models"": {""count"": 0, ""sources"": [], ""weight"": 0.0}}, ""total"": 0.4}]"	0	0	0	0	0		DisGeNET	medium_confidence	score>=0.3	https://api.disgenet.com/api/v1/gda/summary	disease=UMLS_C0400966	2026-06-23T13:42:41.932547+00:00
DISGENET_ASSOC:7YjhdZ4Bu8jCkiVmGmMB	1437	CSF2	UMLS:C3241937	C3241937	NASH	2	7YjhdZ4Bu8jCkiVmGmMB	0.5	0.3225806451612903	1	2011	2011	1.0		"[{""components"": {""biobank"": null, ""clinical"": {""count"": 0, ""sources"": [], ""weight"": 0.0}, ""curated"": {""count"": 1, ""sources"": [""RGD""], ""weight"": 0.4}, ""inferred"": {""count"": 0, ""sources"": [], ""weight"": 0.0}, ""literature"": {""publications"": 1, ""sources"": [""TEXTMINING_HUMAN""], ""weight"": 0.1}, ""models"": {""count"": 0, ""sources"": [], ""weight"": 0.0}}, ""total"": 0.5}]"	0	0	0	0	0		DisGeNET	medium_confidence	score>=0.3	https://api.disgenet.com/api/v1/gda/summary	disease=UMLS_C3241937	2026-06-23T13:42:41.932547+00:00
DISGENET_ASSOC:7YjhdZ4Bu8jCkiVmGmQB	27087	B3GAT1	UMLS:C3241937	C3241937	NASH	2	7YjhdZ4Bu8jCkiVmGmQB	0.55	0.3548387096774194	1	2014	2014	1.0		"[{""components"": {""biobank"": null, ""clinical"": {""count"": 0, ""sources"": [], ""weight"": 0.0}, ""curated"": {""count"": 1, ""sources"": [""RGD""], ""weight"": 0.4}, ""inferred"": {""count"": 0, ""sources"": [], ""weight"": 0.0}, ""literature"": {""publications"": 1, ""sources"": [""TEXTMINING_MODELS""], ""weight"": 0.1}, ""models"": {""count"": 1, ""sources"": [""TEXTMINING_MODELS""], ""weight"": 0.05}}, ""total"": 0.55}]"	0	0	0	0	0		DisGeNET	medium_confidence	score>=0.3	https://api.disgenet.com/api/v1/gda/summary	disease=UMLS_C3241937	2026-06-23T13:42:41.932547+00:00
DISGENET_ASSOC:7ojhdZ4Bu8jCkiVmGmQB	27102	EIF2AK1	UMLS:C3241937	C3241937	NASH	2	7ojhdZ4Bu8jCkiVmGmQB	0.4	0.25806451612903225	1	2018	2018	1.0		"[{""components"": {""biobank"": null, ""clinical"": {""count"": 0, ""sources"": [], ""weight"": 0.0}, ""curated"": {""count"": 1, ""sources"": [""RGD""], ""weight"": 0.4}, ""inferred"": {""count"": 0, ""sources"": [], ""weight"": 0.0}, ""literature"": {""publications"": 0, ""sources"": [], ""weight"": 0.0}, ""models"": {""count"": 0, ""sources"": [], ""weight"": 0.0}}, ""total"": 0.4}]"	0	0	0	0	0		DisGeNET	medium_confidence	score>=0.3	https://api.disgenet.com/api/v1/gda/summary	disease=UMLS_C3241937	2026-06-23T13:42:41.932547+00:00
DISGENET_ASSOC:7wHcdp4BZ4eu0iZezuc5	51179	HAO2	UMLS:C2239176	C2239176	HCC	5	7wHcdp4BZ4eu0iZezuc5	0.65	0.41935483870967744	3	2016	2022	1.0		"[{""components"": {""biobank"": null, ""clinical"": {""count"": 0, ""sources"": [], ""weight"": 0.0}, ""curated"": {""count"": 1, ""sources"": [""RGD""], ""weight"": 0.4}, ""inferred"": {""count"": 0, ""sources"": [], ""weight"": 0.0}, ""literature"": {""publications"": 2, ""sources"": [""TEXTMINING_MODELS""], ""weight"": 0.2}, ""models"": {""count"": 1, ""sources"": [""TEXTMINING_MODELS""], ""weight"": 0.05}}, ""total"": 0.65}]"	0	0	0	0	0		DisGeNET	medium_confidence	score>=0.3	https://api.disgenet.com/api/v1/gda/summary	disease=UMLS_C2239176	2026-06-23T13:42:41.932547+00:00
DISGENET_ASSOC:83Ekep4BHkeZZb25wK6C	442910	MIR345	UMLS:C0023890	C0023890	Cirrhosis	4	83Ekep4BHkeZZb25wK6C	0.4	0.25806451612903225	1	2022	2022	1.0		"[{""components"": {""biobank"": null, ""clinical"": {""count"": 0, ""sources"": [], ""weight"": 0.0}, ""curated"": {""count"": 1, ""sources"": [""RGD""], ""weight"": 0.4}, ""inferred"": {""count"": 0, ""sources"": [], ""weight"": 0.0}, ""literature"": {""publications"": 0, ""sources"": [], ""weight"": 0.0}, ""models"": {""count"": 0, ""sources"": [], ""weight"": 0.0}}, ""total"": 0.4}]"	0	0	0	0	0		DisGeNET	medium_confidence	score>=0.3	https://api.disgenet.com/api/v1/gda/summary	disease=UMLS_C0023890	2026-06-23T13:42:41.932547+00:00
DISGENET_ASSOC:8gHcdp4BZ4eu0iZezuk5	54968	TMEM70	UMLS:C2239176	C2239176	HCC	5	8gHcdp4BZ4eu0iZezuk5	0.4	0.25806451612903225	1	2017	2017	1.0		"[{""components"": {""biobank"": null, ""clinical"": {""count"": 0, ""sources"": [], ""weight"": 0.0}, ""curated"": {""count"": 1, ""sources"": [""RGD""], ""weight"": 0.4}, ""inferred"": {""count"": 0, ""sources"": [], ""weight"": 0.0}, ""literature"": {""publications"": 0, ""sources"": [], ""weight"": 0.0}, ""models"": {""count"": 0, ""sources"": [], ""weight"": 0.0}}, ""total"": 0.4}]"	0	0	0	0	0		DisGeNET	medium_confidence	score>=0.3	https://api.disgenet.com/api/v1/gda/summary	disease=UMLS_C2239176	2026-06-23T13:42:41.932547+00:00
DISGENET_ASSOC:8hlEep4BZ4eu0iZexgLV	6464	SHC1	UMLS:C0023890	C0023890	Cirrhosis	4	8hlEep4BZ4eu0iZexgLV	0.4	0.25806451612903225	1	2020	2020	1.0		"[{""components"": {""biobank"": null, ""clinical"": {""count"": 0, ""sources"": [], ""weight"": 0.0}, ""curated"": {""count"": 1, ""sources"": [""RGD""], ""weight"": 0.4}, ""inferred"": {""count"": 0, ""sources"": [], ""weight"": 0.0}, ""literature"": {""publications"": 0, ""sources"": [], ""weight"": 0.0}, ""models"": {""count"": 0, ""sources"": [], ""weight"": 0.0}}, ""total"": 0.4}]"	0	0	0	0	0		DisGeNET	medium_confidence	score>=0.3	https://api.disgenet.com/api/v1/gda/summary	disease=UMLS_C0023890	2026-06-23T13:42:41.932547+00:00
DISGENET_ASSOC:8ojhdZ4Bu8jCkiVmGmQB	27232	GNMT	UMLS:C3241937	C3241937	NASH	2	8ojhdZ4Bu8jCkiVmGmQB	0.6	0.3870967741935484	4	2019	2022	1.0		"[{""components"": {""biobank"": null, ""clinical"": {""count"": 0, ""sources"": [], ""weight"": 0.0}, ""curated"": {""count"": 1, ""sources"": [""RGD""], ""weight"": 0.4}, ""inferred"": {""count"": 0, ""sources"": [], ""weight"": 0.0}, ""literature"": {""publications"": 3, ""sources"": [""TEXTMINING_HUMAN""], ""weight"": 0.2}, ""models"": {""count"": 0, ""sources"": [], ""weight"": 0.0}}, ""total"": 0.6000000000000001}]"	0	0	1	1	0	"[{""chemID"": ""CHEMBL503481"", ""chemPrefName"": ""PHOSPHATIDYLCHOLINE"", ""chemVocabCrossreferences"": [""CHEMBL_CHEMBL503481"", ""PUBCHEM_25223701""], ""numPublicationsWithChemInEvidence"": 1, ""pmidsWithChemInEvidence"": [""31199045""]}]"	DisGeNET	medium_confidence	score>=0.3	https://api.disgenet.com/api/v1/gda/summary	disease=UMLS_C3241937	2026-06-23T13:42:41.932547+00:00
DISGENET_ASSOC:8pJsdp4Bu8jCkiVmZn5n	11185	INMT	UMLS:C2239176	C2239176	HCC	5	8pJsdp4Bu8jCkiVmZn5n	0.65	0.41935483870967744	3	2017	2023	1.0		"[{""components"": {""biobank"": null, ""clinical"": {""count"": 0, ""sources"": [], ""weight"": 0.0}, ""curated"": {""count"": 1, ""sources"": [""RGD""], ""weight"": 0.4}, ""inferred"": {""count"": 0, ""sources"": [], ""weight"": 0.0}, ""literature"": {""publications"": 2, ""sources"": [""TEXTMINING_HUMAN"", ""TEXTMINING_MODELS""], ""weight"": 0.2}, ""models"": {""count"": 1, ""sources"": [""TEXTMINING_MODELS""], ""weight"": 0.05}}, ""total"": 0.65}]"	0	0	0	0	0		DisGeNET	medium_confidence	score>=0.3	https://api.disgenet.com/api/v1/gda/summary	disease=UMLS_C2239176	2026-06-23T13:42:41.932547+00:00
DISGENET_ASSOC:8wtieJ4BZ4eu0iZedbFc	10231	RCAN2	UMLS:C0400966	C0400966	NAFLD	1	8wtieJ4BZ4eu0iZedbFc	0.65	0.41935483870967744	2	2022	2025	1.0		"[{""components"": {""biobank"": null, ""clinical"": {""count"": 0, ""sources"": [], ""weight"": 0.0}, ""curated"": {""count"": 1, ""sources"": [""RGD""], ""weight"": 0.4}, ""inferred"": {""count"": 0, ""sources"": [], ""weight"": 0.0}, ""literature"": {""publications"": 2, ""sources"": [""TEXTMINING_MODELS""], ""weight"": 0.2}, ""models"": {""count"": 1, ""sources"": [""TEXTMINING_MODELS""], ""weight"": 0.05}}, ""total"": 0.65}]"	0	0	0	0	0		DisGeNET	medium_confidence	score>=0.3	https://api.disgenet.com/api/v1/gda/summary	disease=UMLS_C0400966	2026-06-23T13:42:41.932547+00:00
DISGENET_ASSOC:9pe4dp4Bu8jCkiVmYbZt	4540	ND5	UMLS:C2239176	C2239176	HCC	5	9pe4dp4Bu8jCkiVmYbZt	0.7	0.4516129032258064	2	1989	2024	1.0		"[{""components"": {""biobank"": null, ""clinical"": {""count"": 0, ""sources"": [], ""weight"": 0.0}, ""curated"": {""count"": 1, ""sources"": [""RGD""], ""weight"": 0.4}, ""inferred"": {""count"": 0, ""sources"": [], ""weight"": 0.0}, ""literature"": {""publications"": 2, ""sources"": [""TEXTMINING_HUMAN"", ""TEXTMINING_MODELS""], ""weight"": 0.2}, ""models"": {""count"": 2, ""sources"": [""TEXTMINING_MODELS"", ""RGD_RAT""], ""weight"": 0.1}}, ""total"": 0.7}]"	0	0	0	0	0		DisGeNET	medium_confidence	score>=0.3	https://api.disgenet.com/api/v1/gda/summary	disease=UMLS_C2239176	2026-06-23T13:42:41.932547+00:00
DISGENET_ASSOC:9tYjep4Bu8jCkiVmXg88	100313838	MIR764	UMLS:C0023890	C0023890	Cirrhosis	4	9tYjep4Bu8jCkiVmXg88	0.4	0.25806451612903225	1	2012	2012	1.0		"[{""components"": {""biobank"": null, ""clinical"": {""count"": 0, ""sources"": [], ""weight"": 0.0}, ""curated"": {""count"": 1, ""sources"": [""RGD""], ""weight"": 0.4}, ""inferred"": {""count"": 0, ""sources"": [], ""weight"": 0.0}, ""literature"": {""publications"": 0, ""sources"": [], ""weight"": 0.0}, ""models"": {""count"": 0, ""sources"": [], ""weight"": 0.0}}, ""total"": 0.4}]"	0	0	0	0	0		DisGeNET	medium_confidence	score>=0.3	https://api.disgenet.com/api/v1/gda/summary	disease=UMLS_C0023890	2026-06-23T13:42:41.932547+00:00
DISGENET_ASSOC:A2VdeJ4BHkeZZb251kIx	7133	TNFRSF1B	UMLS:C0400966	C0400966	NAFLD	1	A2VdeJ4BHkeZZb251kIx	0.6	0.3870967741935484	2	2010	2013	1.0		"[{""components"": {""biobank"": null, ""clinical"": {""count"": 1, ""sources"": [""CLINICALTRIALS""], ""weight"": 0.1}, ""curated"": {""count"": 1, ""sources"": [""RGD""], ""weight"": 0.4}, ""inferred"": {""count"": 0, ""sources"": [], ""weight"": 0.0}, ""literature"": {""publications"": 1, ""sources"": [""TEXTMINING_HUMAN""], ""weight"": 0.1}, ""models"": {""count"": 0, ""sources"": [], ""weight"": 0.0}}, ""total"": 0.6}]"	1	4	2	0	2	"[{""chemID"": ""CHEMBL2109343"", ""chemPrefName"": ""Leronlimab"", ""chemVocabCrossreferences"": [""CHEMBL_CHEMBL2109343"", ""DRUGBANK_DB05941"", ""MESH_C420063""], ""numPublicationsWithChemInEvidence"": 1, ""pmidsWithChemInEvidence"": []}, {""chemID"": ""CHEMBL628"", ""chemPrefName"": ""Pentoxifylline"", ""chemVocabCrossreferences"": [""CHEMBL_CHEMBL628"", ""CHEBI_7986"", ""DRUGBANK_DB00806"", ""MESH_D010431"", ""PUBCHEM_4740""], ""numPublicationsWithChemInEvidence"": 1, ""pmidsWithChemInEvidence"": []}]"	DisGeNET	medium_confidence	score>=0.3	https://api.disgenet.com/api/v1/gda/summary	disease=UMLS_C0400966	2026-06-23T13:42:41.932547+00:00
DISGENET_ASSOC:A4jhdZ4Bu8jCkiVmGmQB	1544	CYP1A2	UMLS:C3241937	C3241937	NASH	2	A4jhdZ4Bu8jCkiVmGmQB	0.55	0.3548387096774194	2	2016	2017	1.0		"[{""components"": {""biobank"": null, ""clinical"": {""count"": 0, ""sources"": [], ""weight"": 0.0}, ""curated"": {""count"": 1, ""sources"": [""RGD""], ""weight"": 0.4}, ""inferred"": {""count"": 0, ""sources"": [], ""weight"": 0.0}, ""literature"": {""publications"": 1, ""sources"": [""TEXTMINING_MODELS""], ""weight"": 0.1}, ""models"": {""count"": 1, ""sources"": [""TEXTMINING_MODELS""], ""weight"": 0.05}}, ""total"": 0.55}]"	0	0	3	1	0	"[{""chemID"": ""CHEMBL113"", ""chemPrefName"": ""Caffeine"", ""chemVocabCrossreferences"": [""CHEMBL_CHEMBL113"", ""CHEBI_27732"", ""DRUGBANK_DB00201"", ""MESH_D002110"", ""PUBCHEM_2519""], ""numPublicationsWithChemInEvidence"": 1, ""pmidsWithChemInEvidence"": [""27712037""]}, {""chemID"": ""CHEMBL1503"", ""chemPrefName"": ""Omeprazole"", ""chemVocabCrossreferences"": [""CHEMBL_CHEMBL1503"", ""CHEBI_77260"", ""CHEBI_91766"", ""DRUGBANK_DB00338"", ""MESH_D009853"", ""PUBCHEM_4594""], ""numPublicationsWithChemInEvidence"": 1, ""pmidsWithChemInEvidence"": [""27712037""]}, {""chemID"": ""CHEMBL191"", ""chemPrefName"": ""Losartan"", ""chemVocabCrossreferences"": [""CHEMBL_CHEMBL191"", ""CHEBI_6541"", ""DRUGBANK_DB00678"", ""MESH_D019808"", ""PUBCHEM_3961""], ""numPublicationsWithChemInEvidence"": 1, ""pmidsWithChemInEvidence"": [""27712037""]}]"	DisGeNET	medium_confidence	score>=0.3	https://api.disgenet.com/api/v1/gda/summary	disease=UMLS_C3241937	2026-06-23T13:42:41.932547+00:00
DISGENET_ASSOC:AHEkep4BHkeZZb25wK2C	2638	GC	UMLS:C0023890	C0023890	Cirrhosis	4	AHEkep4BHkeZZb25wK2C	0.5	0.3225806451612903	2	2014	2020	1.0		"[{""components"": {""biobank"": null, ""clinical"": {""count"": 0, ""sources"": [], ""weight"": 0.0}, ""curated"": {""count"": 1, ""sources"": [""RGD""], ""weight"": 0.4}, ""inferred"": {""count"": 0, ""sources"": [], ""weight"": 0.0}, ""literature"": {""publications"": 1, ""sources"": [""TEXTMINING_HUMAN""], ""weight"": 0.1}, ""models"": {""count"": 0, ""sources"": [], ""weight"": 0.0}}, ""total"": 0.5}]"	2	0	1	1	0	"[{""chemID"": ""CHEMBL1536"", ""chemPrefName"": ""Ergocalciferol"", ""chemVocabCrossreferences"": [""CHEMBL_CHEMBL1536"", ""CHEBI_28934"", ""DRUGBANK_DB00153"", ""PUBCHEM_5280793""], ""numPublicationsWithChemInEvidence"": 1, ""pmidsWithChemInEvidence"": [""31789949""]}]"	DisGeNET	medium_confidence	score>=0.3	https://api.disgenet.com/api/v1/gda/summary	disease=UMLS_C0023890	2026-06-23T13:42:41.932547+00:00
DISGENET_ASSOC:AgHcdp4BZ4eu0iZezuk5	5317	PKP1	UMLS:C2239176	C2239176	HCC	5	AgHcdp4BZ4eu0iZezuk5	0.4	0.25806451612903225	1	2010	2010	1.0		"[{""components"": {""biobank"": null, ""clinical"": {""count"": 0, ""sources"": [], ""weight"": 0.0}, ""curated"": {""count"": 1, ""sources"": [""RGD""], ""weight"": 0.4}, ""inferred"": {""count"": 0, ""sources"": [], ""weight"": 0.0}, ""literature"": {""publications"": 0, ""sources"": [], ""weight"": 0.0}, ""models"": {""count"": 0, ""sources"": [], ""weight"": 0.0}}, ""total"": 0.4}]"	0	0	0	0	0		DisGeNET	medium_confidence	score>=0.3	https://api.disgenet.com/api/v1/gda/summary	disease=UMLS_C2239176	2026-06-23T13:42:41.932547+00:00
DISGENET_ASSOC:AtYjep4Bu8jCkiVmXhE8	150684	COMMD1	UMLS:C0023890	C0023890	Cirrhosis	4	AtYjep4Bu8jCkiVmXhE8	0.55	0.3548387096774194	2	2007	2012	1.0		"[{""components"": {""biobank"": null, ""clinical"": {""count"": 0, ""sources"": [], ""weight"": 0.0}, ""curated"": {""count"": 1, ""sources"": [""RGD""], ""weight"": 0.4}, ""inferred"": {""count"": 0, ""sources"": [], ""weight"": 0.0}, ""literature"": {""publications"": 1, ""sources"": [""TEXTMINING_MODELS""], ""weight"": 0.1}, ""models"": {""count"": 1, ""sources"": [""TEXTMINING_MODELS""], ""weight"": 0.05}}, ""total"": 0.55}]"	0	0	0	0	0		DisGeNET	medium_confidence	score>=0.3	https://api.disgenet.com/api/v1/gda/summary	disease=UMLS_C0023890	2026-06-23T13:42:41.932547+00:00
DISGENET_ASSOC:B1rTdp4BHkeZZb256MU1	57509	MTUS1	UMLS:C2239176	C2239176	HCC	5	B1rTdp4BHkeZZb256MU1	0.4	0.25806451612903225	1	2006	2006	1.0		"[{""components"": {""biobank"": null, ""clinical"": {""count"": 0, ""sources"": [], ""weight"": 0.0}, ""curated"": {""count"": 1, ""sources"": [""UNIPROT""], ""weight"": 0.4}, ""inferred"": {""count"": 0, ""sources"": [], ""weight"": 0.0}, ""literature"": {""publications"": 0, ""sources"": [], ""weight"": 0.0}, ""models"": {""count"": 0, ""sources"": [], ""weight"": 0.0}}, ""total"": 0.4}]"	3	0	0	0	0		DisGeNET	medium_confidence	score>=0.3	https://api.disgenet.com/api/v1/gda/summary	disease=UMLS_C2239176	2026-06-23T13:42:41.932547+00:00
DISGENET_ASSOC:B9Yjep4Bu8jCkiVmXhA8	10056	FARSB	UMLS:C0023890	C0023890	Cirrhosis	4	B9Yjep4Bu8jCkiVmXhA8	0.45	0.2903225806451613	0					"[{""components"": {""biobank"": null, ""clinical"": {""count"": 0, ""sources"": [], ""weight"": 0.0}, ""curated"": {""count"": 1, ""sources"": [""CLINVAR""], ""weight"": 0.4}, ""inferred"": {""count"": 1, ""sources"": [""HPO""], ""weight"": 0.05}, ""literature"": {""publications"": 0, ""sources"": [], ""weight"": 0.0}, ""models"": {""count"": 0, ""sources"": [], ""weight"": 0.0}}, ""total"": 0.45}]"	5	0	0	0	0		DisGeNET	medium_confidence	score>=0.3	https://api.disgenet.com/api/v1/gda/summary	disease=UMLS_C0023890	2026-06-23T13:42:41.932547+00:00
DISGENET_ASSOC:BBlEep4BZ4eu0iZexgPV	6532	SLC6A4	UMLS:C0023890	C0023890	Cirrhosis	4	BBlEep4BZ4eu0iZexgPV	0.45	0.2903225806451613	1	2001	2001	1.0		"[{""components"": {""biobank"": null, ""clinical"": {""count"": 0, ""sources"": [], ""weight"": 0.0}, ""curated"": {""count"": 1, ""sources"": [""MGD_HUMAN""], ""weight"": 0.4}, ""inferred"": {""count"": 0, ""sources"": [], ""weight"": 0.0}, ""literature"": {""publications"": 0, ""sources"": [], ""weight"": 0.0}, ""models"": {""count"": 1, ""sources"": [""RGD_RAT""], ""weight"": 0.05}}, ""total"": 0.45}]"	0	0	0	0	0		DisGeNET	medium_confidence	score>=0.3	https://api.disgenet.com/api/v1/gda/summary	disease=UMLS_C0023890	2026-06-23T13:42:41.932547+00:00
DISGENET_ASSOC:BFdXdp4BHkeZZb254dFD	10332	CLEC4M	UMLS:C2239176	C2239176	HCC	5	BFdXdp4BHkeZZb254dFD	0.6	0.3870967741935484	4	2006	2020	1.0		"[{""components"": {""biobank"": null, ""clinical"": {""count"": 0, ""sources"": [], ""weight"": 0.0}, ""curated"": {""count"": 1, ""sources"": [""RGD""], ""weight"": 0.4}, ""inferred"": {""count"": 0, ""sources"": [], ""weight"": 0.0}, ""literature"": {""publications"": 3, ""sources"": [""TEXTMINING_HUMAN""], ""weight"": 0.2}, ""models"": {""count"": 0, ""sources"": [], ""weight"": 0.0}}, ""total"": 0.6000000000000001}]"	0	0	0	0	0		DisGeNET	medium_confidence	score>=0.3	https://api.disgenet.com/api/v1/gda/summary	disease=UMLS_C2239176	2026-06-23T13:42:41.932547+00:00
DISGENET_ASSOC:BGVdeJ4BHkeZZb251kIx	714	C1QC	UMLS:C0400966	C0400966	NAFLD	1	BGVdeJ4BHkeZZb251kIx	0.4	0.25806451612903225	1	2022	2022	1.0		"[{""components"": {""biobank"": null, ""clinical"": {""count"": 0, ""sources"": [], ""weight"": 0.0}, ""curated"": {""count"": 1, ""sources"": [""RGD""], ""weight"": 0.4}, ""inferred"": {""count"": 0, ""sources"": [], ""weight"": 0.0}, ""literature"": {""publications"": 0, ""sources"": [], ""weight"": 0.0}, ""models"": {""count"": 0, ""sources"": [], ""weight"": 0.0}}, ""total"": 0.4}]"	0	0	0	0	0		DisGeNET	medium_confidence	score>=0.3	https://api.disgenet.com/api/v1/gda/summary	disease=UMLS_C0400966	2026-06-23T13:42:41.932547+00:00
DISGENET_ASSOC:BYjhdZ4Bu8jCkiVmGmQB	155	ADRB3	UMLS:C3241937	C3241937	NASH	2	BYjhdZ4Bu8jCkiVmGmQB	0.7	0.4516129032258064	2	2004	2019	0.5		"[{""components"": {""biobank"": null, ""clinical"": {""count"": 0, ""sources"": [], ""weight"": 0.0}, ""curated"": {""count"": 1, ""sources"": [""MGD_HUMAN""], ""weight"": 0.4}, ""inferred"": {""count"": 0, ""sources"": [], ""weight"": 0.0}, ""literature"": {""publications"": 2, ""sources"": [""TEXTMINING_HUMAN"", ""TEXTMINING_MODELS""], ""weight"": 0.2}, ""models"": {""count"": 2, ""sources"": [""TEXTMINING_MODELS"", ""RGD_RAT""], ""weight"": 0.1}}, ""total"": 0.7}]"	0	0	0	0	0		DisGeNET	medium_confidence	score>=0.3	https://api.disgenet.com/api/v1/gda/summary	disease=UMLS_C3241937	2026-06-23T13:42:41.932547+00:00
DISGENET_ASSOC:BlThdZ4BHkeZZb25KHgf	5962	RDX	UMLS:C3241937	C3241937	NASH	2	BlThdZ4BHkeZZb25KHgf	0.4	0.25806451612903225	1	2018	2018	1.0		"[{""components"": {""biobank"": null, ""clinical"": {""count"": 0, ""sources"": [], ""weight"": 0.0}, ""curated"": {""count"": 1, ""sources"": [""RGD""], ""weight"": 0.4}, ""inferred"": {""count"": 0, ""sources"": [], ""weight"": 0.0}, ""literature"": {""publications"": 0, ""sources"": [], ""weight"": 0.0}, ""models"": {""count"": 0, ""sources"": [], ""weight"": 0.0}}, ""total"": 0.4}]"	0	0	0	0	0		DisGeNET	medium_confidence	score>=0.3	https://api.disgenet.com/api/v1/gda/summary	disease=UMLS_C3241937	2026-06-23T13:42:41.932547+00:00
DISGENET_ASSOC:BlmYdp4BHkeZZb255GxI	3113	HLA-DPA1	UMLS:C2239176	C2239176	HCC	5	BlmYdp4BHkeZZb255GxI	0.6	0.3870967741935484	3	2010	2025	1.0		"[{""components"": {""biobank"": null, ""clinical"": {""count"": 0, ""sources"": [], ""weight"": 0.0}, ""curated"": {""count"": 1, ""sources"": [""MGD_HUMAN""], ""weight"": 0.4}, ""inferred"": {""count"": 1, ""sources"": [""GWASCAT""], ""weight"": 0.05}, ""literature"": {""publications"": 1, ""sources"": [""TEXTMINING_HUMAN""], ""weight"": 0.1}, ""models"": {""count"": 1, ""sources"": [""RGD_RAT""], ""weight"": 0.05}}, ""total"": 0.6}]"	2	0	0	0	0		DisGeNET	medium_confidence	score>=0.3	https://api.disgenet.com/api/v1/gda/summary	disease=UMLS_C2239176	2026-06-23T13:42:41.932547+00:00
DISGENET_ASSOC:BmVdeJ4BHkeZZb251kMx	8659	ALDH4A1	UMLS:C0400966	C0400966	NAFLD	1	BmVdeJ4BHkeZZb251kMx	0.4	0.25806451612903225	1	2018	2018	1.0		"[{""components"": {""biobank"": null, ""clinical"": {""count"": 0, ""sources"": [], ""weight"": 0.0}, ""curated"": {""count"": 1, ""sources"": [""RGD""], ""weight"": 0.4}, ""inferred"": {""count"": 0, ""sources"": [], ""weight"": 0.0}, ""literature"": {""publications"": 0, ""sources"": [], ""weight"": 0.0}, ""models"": {""count"": 0, ""sources"": [], ""weight"": 0.0}}, ""total"": 0.4}]"	0	0	0	0	0		DisGeNET	medium_confidence	score>=0.3	https://api.disgenet.com/api/v1/gda/summary	disease=UMLS_C0400966	2026-06-23T13:42:41.932547+00:00
DISGENET_ASSOC:BwHcdp4BZ4eu0iZezuo5	5502	PPP1R1A	UMLS:C2239176	C2239176	HCC	5	BwHcdp4BZ4eu0iZezuo5	0.65	0.41935483870967744	2	2004	2022	1.0		"[{""components"": {""biobank"": null, ""clinical"": {""count"": 0, ""sources"": [], ""weight"": 0.0}, ""curated"": {""count"": 1, ""sources"": [""RGD""], ""weight"": 0.4}, ""inferred"": {""count"": 0, ""sources"": [], ""weight"": 0.0}, ""literature"": {""publications"": 2, ""sources"": [""TEXTMINING_MODELS""], ""weight"": 0.2}, ""models"": {""count"": 1, ""sources"": [""TEXTMINING_MODELS""], ""weight"": 0.05}}, ""total"": 0.65}]"	0	0	0	0	0		DisGeNET	medium_confidence	score>=0.3	https://api.disgenet.com/api/v1/gda/summary	disease=UMLS_C2239176	2026-06-23T13:42:41.932547+00:00
DISGENET_ASSOC:CJzzdp4Bu8jCkiVm_xby	723961	INS-IGF2	UMLS:C2239176	C2239176	HCC	5	CJzzdp4Bu8jCkiVm_xby	0.4	0.25806451612903225	1	2017	2017	1.0		"[{""components"": {""biobank"": null, ""clinical"": {""count"": 0, ""sources"": [], ""weight"": 0.0}, ""curated"": {""count"": 1, ""sources"": [""RGD""], ""weight"": 0.4}, ""inferred"": {""count"": 0, ""sources"": [], ""weight"": 0.0}, ""literature"": {""publications"": 0, ""sources"": [], ""weight"": 0.0}, ""models"": {""count"": 0, ""sources"": [], ""weight"": 0.0}}, ""total"": 0.4}]"	0	0	0	0	0		DisGeNET	medium_confidence	score>=0.3	https://api.disgenet.com/api/v1/gda/summary	disease=UMLS_C2239176	2026-06-23T13:42:41.932547+00:00
DISGENET_ASSOC:CVrTdp4BHkeZZb256MU1	57512	GPR158	UMLS:C2239176	C2239176	HCC	5	CVrTdp4BHkeZZb256MU1	0.4	0.25806451612903225	1	2017	2017	1.0		"[{""components"": {""biobank"": null, ""clinical"": {""count"": 0, ""sources"": [], ""weight"": 0.0}, ""curated"": {""count"": 1, ""sources"": [""RGD""], ""weight"": 0.4}, ""inferred"": {""count"": 0, ""sources"": [], ""weight"": 0.0}, ""literature"": {""publications"": 0, ""sources"": [], ""weight"": 0.0}, ""models"": {""count"": 0, ""sources"": [], ""weight"": 0.0}}, ""total"": 0.4}]"	0	0	0	0	0		DisGeNET	medium_confidence	score>=0.3	https://api.disgenet.com/api/v1/gda/summary	disease=UMLS_C2239176	2026-06-23T13:42:41.932547+00:00
DISGENET_ASSOC:CnEkep4BHkeZZb25wLCD	5728	PTEN	UMLS:C0023890	C0023890	Cirrhosis	4	CnEkep4BHkeZZb25wLCD	0.45	0.2903225806451613	2	2015	2020	1.0		"[{""components"": {""biobank"": null, ""clinical"": {""count"": 0, ""sources"": [], ""weight"": 0.0}, ""curated"": {""count"": 1, ""sources"": [""RGD""], ""weight"": 0.4}, ""inferred"": {""count"": 0, ""sources"": [], ""weight"": 0.0}, ""literature"": {""publications"": 0, ""sources"": [], ""weight"": 0.0}, ""models"": {""count"": 1, ""sources"": [""RGD_RAT""], ""weight"": 0.05}}, ""total"": 0.45}]"	0	0	0	0	0		DisGeNET	medium_confidence	score>=0.3	https://api.disgenet.com/api/v1/gda/summary	disease=UMLS_C0023890	2026-06-23T13:42:41.932547+00:00
DISGENET_ASSOC:Cpe4dp4Bu8jCkiVmYbdt	4598	MVK	UMLS:C2239176	C2239176	HCC	5	Cpe4dp4Bu8jCkiVmYbdt	0.4	0.25806451612903225	1	2011	2011	1.0		"[{""components"": {""biobank"": null, ""clinical"": {""count"": 0, ""sources"": [], ""weight"": 0.0}, ""curated"": {""count"": 1, ""sources"": [""RGD""], ""weight"": 0.4}, ""inferred"": {""count"": 0, ""sources"": [], ""weight"": 0.0}, ""literature"": {""publications"": 0, ""sources"": [], ""weight"": 0.0}, ""models"": {""count"": 0, ""sources"": [], ""weight"": 0.0}}, ""total"": 0.4}]"	0	0	0	0	0		DisGeNET	medium_confidence	score>=0.3	https://api.disgenet.com/api/v1/gda/summary	disease=UMLS_C2239176	2026-06-23T13:42:41.932547+00:00
DISGENET_ASSOC:CtYjep4Bu8jCkiVmXhA8	100616173	MIR203B	UMLS:C0023890	C0023890	Cirrhosis	4	CtYjep4Bu8jCkiVmXhA8	0.4	0.25806451612903225	1	2020	2020	1.0		"[{""components"": {""biobank"": null, ""clinical"": {""count"": 0, ""sources"": [], ""weight"": 0.0}, ""curated"": {""count"": 1, ""sources"": [""RGD""], ""weight"": 0.4}, ""inferred"": {""count"": 0, ""sources"": [], ""weight"": 0.0}, ""literature"": {""publications"": 0, ""sources"": [], ""weight"": 0.0}, ""models"": {""count"": 0, ""sources"": [], ""weight"": 0.0}}, ""total"": 0.4}]"	0	0	0	0	0		DisGeNET	medium_confidence	score>=0.3	https://api.disgenet.com/api/v1/gda/summary	disease=UMLS_C0023890	2026-06-23T13:42:41.932547+00:00
DISGENET_ASSOC:DAMUd54BZ4eu0iZe_Rgl	91937	TIMD4	UMLS:C2239176	C2239176	HCC	5	DAMUd54BZ4eu0iZe_Rgl	0.6	0.3870967741935484	4	2017	2025	1.0		"[{""components"": {""biobank"": null, ""clinical"": {""count"": 0, ""sources"": [], ""weight"": 0.0}, ""curated"": {""count"": 1, ""sources"": [""RGD""], ""weight"": 0.4}, ""inferred"": {""count"": 0, ""sources"": [], ""weight"": 0.0}, ""literature"": {""publications"": 3, ""sources"": [""TEXTMINING_HUMAN""], ""weight"": 0.2}, ""models"": {""count"": 0, ""sources"": [], ""weight"": 0.0}}, ""total"": 0.6000000000000001}]"	0	0	0	0	0		DisGeNET	medium_confidence	score>=0.3	https://api.disgenet.com/api/v1/gda/summary	disease=UMLS_C2239176	2026-06-23T13:42:41.932547+00:00
DISGENET_ASSOC:DYjhdZ4Bu8jCkiVmGmQB	1586	CYP17A1	UMLS:C3241937	C3241937	NASH	2	DYjhdZ4Bu8jCkiVmGmQB	0.4	0.25806451612903225	1	2005	2005	1.0		"[{""components"": {""biobank"": null, ""clinical"": {""count"": 0, ""sources"": [], ""weight"": 0.0}, ""curated"": {""count"": 1, ""sources"": [""RGD""], ""weight"": 0.4}, ""inferred"": {""count"": 0, ""sources"": [], ""weight"": 0.0}, ""literature"": {""publications"": 0, ""sources"": [], ""weight"": 0.0}, ""models"": {""count"": 0, ""sources"": [], ""weight"": 0.0}}, ""total"": 0.4}]"	0	0	0	0	0		DisGeNET	medium_confidence	score>=0.3	https://api.disgenet.com/api/v1/gda/summary	disease=UMLS_C3241937	2026-06-23T13:42:41.932547+00:00
DISGENET_ASSOC:DdYjep4Bu8jCkiVmXhE8	1535	CYBA	UMLS:C0023890	C0023890	Cirrhosis	4	DdYjep4Bu8jCkiVmXhE8	0.4	0.25806451612903225	1	2014	2014	1.0		"[{""components"": {""biobank"": null, ""clinical"": {""count"": 0, ""sources"": [], ""weight"": 0.0}, ""curated"": {""count"": 1, ""sources"": [""RGD""], ""weight"": 0.4}, ""inferred"": {""count"": 0, ""sources"": [], ""weight"": 0.0}, ""literature"": {""publications"": 0, ""sources"": [], ""weight"": 0.0}, ""models"": {""count"": 0, ""sources"": [], ""weight"": 0.0}}, ""total"": 0.4}]"	0	0	0	0	0		DisGeNET	medium_confidence	score>=0.3	https://api.disgenet.com/api/v1/gda/summary	disease=UMLS_C0023890	2026-06-23T13:42:41.932547+00:00
DISGENET_ASSOC:DwtieJ4BZ4eu0iZedbNc	1437	CSF2	UMLS:C0400966	C0400966	NAFLD	1	DwtieJ4BZ4eu0iZedbNc	0.5	0.3225806451612903	1	2011	2011	1.0		"[{""components"": {""biobank"": null, ""clinical"": {""count"": 1, ""sources"": [""CLINICALTRIALS""], ""weight"": 0.1}, ""curated"": {""count"": 1, ""sources"": [""RGD""], ""weight"": 0.4}, ""inferred"": {""count"": 0, ""sources"": [], ""weight"": 0.0}, ""literature"": {""publications"": 0, ""sources"": [], ""weight"": 0.0}, ""models"": {""count"": 0, ""sources"": [], ""weight"": 0.0}}, ""total"": 0.5}]"	0	1	0	0	0		DisGeNET	medium_confidence	score>=0.3	https://api.disgenet.com/api/v1/gda/summary	disease=UMLS_C0400966	2026-06-23T13:42:41.932547+00:00
DISGENET_ASSOC:E7VbeJ4Bu8jCkiVmRE3c	4312	MMP1	UMLS:C0400966	C0400966	NAFLD	1	E7VbeJ4Bu8jCkiVmRE3c	0.6	0.3870967741935484	2	2011	2024	1.0		"[{""components"": {""biobank"": null, ""clinical"": {""count"": 1, ""sources"": [""CLINICALTRIALS""], ""weight"": 0.1}, ""curated"": {""count"": 1, ""sources"": [""RGD""], ""weight"": 0.4}, ""inferred"": {""count"": 0, ""sources"": [], ""weight"": 0.0}, ""literature"": {""publications"": 1, ""sources"": [""TEXTMINING_HUMAN""], ""weight"": 0.1}, ""models"": {""count"": 0, ""sources"": [], ""weight"": 0.0}}, ""total"": 0.6}]"	0	1	1	0	1	"[{""chemID"": ""CHEMBL1200711"", ""chemPrefName"": ""OMEGA-3-ACID ETHYL ESTERS"", ""chemVocabCrossreferences"": [""CHEMBL_CHEMBL1200711"", ""PUBCHEM_9831414""], ""numPublicationsWithChemInEvidence"": 1, ""pmidsWithChemInEvidence"": []}]"	DisGeNET	medium_confidence	score>=0.3	https://api.disgenet.com/api/v1/gda/summary	disease=UMLS_C0400966	2026-06-23T13:42:41.932547+00:00
DISGENET_ASSOC:EAtieJ4BZ4eu0iZedbRc	22837	COBLL1	UMLS:C0400966	C0400966	NAFLD	1	EAtieJ4BZ4eu0iZedbRc	0.45	0.2903225806451613	4	2022	2026	1.0		"[{""components"": {""biobank"": null, ""clinical"": {""count"": 0, ""sources"": [], ""weight"": 0.0}, ""curated"": {""count"": 1, ""sources"": [""RGD""], ""weight"": 0.4}, ""inferred"": {""count"": 1, ""sources"": [""GWASCAT""], ""weight"": 0.05}, ""literature"": {""publications"": 0, ""sources"": [], ""weight"": 0.0}, ""models"": {""count"": 0, ""sources"": [], ""weight"": 0.0}}, ""total"": 0.45}]"	3	0	0	0	0		DisGeNET	medium_confidence	score>=0.3	https://api.disgenet.com/api/v1/gda/summary	disease=UMLS_C0400966	2026-06-23T13:42:41.932547+00:00
DISGENET_ASSOC:EIjhdZ4Bu8jCkiVmGmUB	284217	LAMA1	UMLS:C3241937	C3241937	NASH	2	EIjhdZ4Bu8jCkiVmGmUB	0.5	0.3225806451612903	1	2011	2011	1.0		"[{""components"": {""biobank"": null, ""clinical"": {""count"": 0, ""sources"": [], ""weight"": 0.0}, ""curated"": {""count"": 1, ""sources"": [""RGD""], ""weight"": 0.4}, ""inferred"": {""count"": 0, ""sources"": [], ""weight"": 0.0}, ""literature"": {""publications"": 1, ""sources"": [""TEXTMINING_HUMAN""], ""weight"": 0.1}, ""models"": {""count"": 0, ""sources"": [], ""weight"": 0.0}}, ""total"": 0.5}]"	0	0	0	0	0		DisGeNET	medium_confidence	score>=0.3	https://api.disgenet.com/api/v1/gda/summary	disease=UMLS_C3241937	2026-06-23T13:42:41.932547+00:00
DISGENET_ASSOC:EJJsdp4Bu8jCkiVmZoFn	1464	CSPG4	UMLS:C2239176	C2239176	HCC	5	EJJsdp4Bu8jCkiVmZoFn	0.6	0.3870967741935484	4	2015	2026	1.0		"[{""components"": {""biobank"": null, ""clinical"": {""count"": 0, ""sources"": [], ""weight"": 0.0}, ""curated"": {""count"": 1, ""sources"": [""RGD""], ""weight"": 0.4}, ""inferred"": {""count"": 0, ""sources"": [], ""weight"": 0.0}, ""literature"": {""publications"": 3, ""sources"": [""TEXTMINING_HUMAN""], ""weight"": 0.2}, ""models"": {""count"": 0, ""sources"": [], ""weight"": 0.0}}, ""total"": 0.6000000000000001}]"	0	0	0	0	0		DisGeNET	medium_confidence	score>=0.3	https://api.disgenet.com/api/v1/gda/summary	disease=UMLS_C2239176	2026-06-23T13:42:41.932547+00:00
DISGENET_ASSOC:EQHcdp4BZ4eu0iZezus6	55840	EAF2	UMLS:C2239176	C2239176	HCC	5	EQHcdp4BZ4eu0iZezus6	0.55	0.3548387096774194	2	2010	2013	1.0		"[{""components"": {""biobank"": null, ""clinical"": {""count"": 0, ""sources"": [], ""weight"": 0.0}, ""curated"": {""count"": 1, ""sources"": [""RGD""], ""weight"": 0.4}, ""inferred"": {""count"": 0, ""sources"": [], ""weight"": 0.0}, ""literature"": {""publications"": 1, ""sources"": [""TEXTMINING_MODELS""], ""weight"": 0.1}, ""models"": {""count"": 1, ""sources"": [""TEXTMINING_MODELS""], ""weight"": 0.05}}, ""total"": 0.55}]"	0	0	0	0	0		DisGeNET	medium_confidence	score>=0.3	https://api.disgenet.com/api/v1/gda/summary	disease=UMLS_C2239176	2026-06-23T13:42:41.932547+00:00
DISGENET_ASSOC:EQMUd54BZ4eu0iZe_RUk	8208	CHAF1B	UMLS:C2239176	C2239176	HCC	5	EQMUd54BZ4eu0iZe_RUk	0.6	0.3870967741935484	3	2017	2025	1.0		"[{""components"": {""biobank"": null, ""clinical"": {""count"": 0, ""sources"": [], ""weight"": 0.0}, ""curated"": {""count"": 1, ""sources"": [""RGD""], ""weight"": 0.4}, ""inferred"": {""count"": 0, ""sources"": [], ""weight"": 0.0}, ""literature"": {""publications"": 2, ""sources"": [""TEXTMINING_HUMAN""], ""weight"": 0.2}, ""models"": {""count"": 0, ""sources"": [], ""weight"": 0.0}}, ""total"": 0.6000000000000001}]"	0	0	1	1	0	"[{""chemID"": ""CHEMBL1336"", ""chemPrefName"": ""Sorafenib"", ""chemVocabCrossreferences"": [""CHEMBL_CHEMBL1336"", ""CHEBI_50924"", ""DRUGBANK_DB00398"", ""MESH_D000077157"", ""PUBCHEM_216239""], ""numPublicationsWithChemInEvidence"": 1, ""pmidsWithChemInEvidence"": [""41049428""]}]"	DisGeNET	medium_confidence	score>=0.3	https://api.disgenet.com/api/v1/gda/summary	disease=UMLS_C2239176	2026-06-23T13:42:41.932547+00:00
DISGENET_ASSOC:EdYjep4Bu8jCkiVmXhE8	1544	CYP1A2	UMLS:C0023890	C0023890	Cirrhosis	4	EdYjep4Bu8jCkiVmXhE8	0.5	0.3225806451612903	2	1995	2016	1.0		"[{""components"": {""biobank"": null, ""clinical"": {""count"": 0, ""sources"": [], ""weight"": 0.0}, ""curated"": {""count"": 1, ""sources"": [""RGD""], ""weight"": 0.4}, ""inferred"": {""count"": 0, ""sources"": [], ""weight"": 0.0}, ""literature"": {""publications"": 1, ""sources"": [""TEXTMINING_HUMAN""], ""weight"": 0.1}, ""models"": {""count"": 0, ""sources"": [], ""weight"": 0.0}}, ""total"": 0.5}]"	0	0	0	0	0		DisGeNET	medium_confidence	score>=0.3	https://api.disgenet.com/api/v1/gda/summary	disease=UMLS_C0023890	2026-06-23T13:42:41.932547+00:00
DISGENET_ASSOC:EhlEep4BZ4eu0iZexgTV	8407	TAGLN2	UMLS:C0023890	C0023890	Cirrhosis	4	EhlEep4BZ4eu0iZexgTV	0.4	0.25806451612903225	1	2014	2014	1.0		"[{""components"": {""biobank"": null, ""clinical"": {""count"": 0, ""sources"": [], ""weight"": 0.0}, ""curated"": {""count"": 1, ""sources"": [""RGD""], ""weight"": 0.4}, ""inferred"": {""count"": 0, ""sources"": [], ""weight"": 0.0}, ""literature"": {""publications"": 0, ""sources"": [], ""weight"": 0.0}, ""models"": {""count"": 0, ""sources"": [], ""weight"": 0.0}}, ""total"": 0.4}]"	0	0	0	0	0		DisGeNET	medium_confidence	score>=0.3	https://api.disgenet.com/api/v1/gda/summary	disease=UMLS_C0023890	2026-06-23T13:42:41.932547+00:00
DISGENET_ASSOC:ErVbeJ4Bu8jCkiVmREvb	27087	B3GAT1	UMLS:C0400966	C0400966	NAFLD	1	ErVbeJ4Bu8jCkiVmREvb	0.5	0.3225806451612903	2	2014	2021	1.0		"[{""components"": {""biobank"": null, ""clinical"": {""count"": 0, ""sources"": [], ""weight"": 0.0}, ""curated"": {""count"": 1, ""sources"": [""RGD""], ""weight"": 0.4}, ""inferred"": {""count"": 0, ""sources"": [], ""weight"": 0.0}, ""literature"": {""publications"": 1, ""sources"": [""TEXTMINING_HUMAN""], ""weight"": 0.1}, ""models"": {""count"": 0, ""sources"": [], ""weight"": 0.0}}, ""total"": 0.5}]"	0	0	0	0	0		DisGeNET	medium_confidence	score>=0.3	https://api.disgenet.com/api/v1/gda/summary	disease=UMLS_C0400966	2026-06-23T13:42:41.932547+00:00
DISGENET_ASSOC:EwMUd54BZ4eu0iZe_RYk	84695	LOXL3	UMLS:C2239176	C2239176	HCC	5	EwMUd54BZ4eu0iZe_RYk	0.6	0.3870967741935484	2	2021	2022	1.0		"[{""components"": {""biobank"": null, ""clinical"": {""count"": 0, ""sources"": [], ""weight"": 0.0}, ""curated"": {""count"": 1, ""sources"": [""RGD""], ""weight"": 0.4}, ""inferred"": {""count"": 0, ""sources"": [], ""weight"": 0.0}, ""literature"": {""publications"": 2, ""sources"": [""TEXTMINING_HUMAN""], ""weight"": 0.2}, ""models"": {""count"": 0, ""sources"": [], ""weight"": 0.0}}, ""total"": 0.6000000000000001}]"	0	0	0	0	0		DisGeNET	medium_confidence	score>=0.3	https://api.disgenet.com/api/v1/gda/summary	disease=UMLS_C2239176	2026-06-23T13:42:41.932547+00:00
DISGENET_ASSOC:F4jhdZ4Bu8jCkiVmGmQB	1636	ACE	UMLS:C3241937	C3241937	NASH	2	F4jhdZ4Bu8jCkiVmGmQB	0.6	0.3870967741935484	2	2011	2013	1.0		"[{""components"": {""biobank"": null, ""clinical"": {""count"": 0, ""sources"": [], ""weight"": 0.0}, ""curated"": {""count"": 1, ""sources"": [""RGD""], ""weight"": 0.4}, ""inferred"": {""count"": 0, ""sources"": [], ""weight"": 0.0}, ""literature"": {""publications"": 2, ""sources"": [""TEXTMINING_HUMAN""], ""weight"": 0.2}, ""models"": {""count"": 0, ""sources"": [], ""weight"": 0.0}}, ""total"": 0.6000000000000001}]"	0	0	0	0	0		DisGeNET	medium_confidence	score>=0.3	https://api.disgenet.com/api/v1/gda/summary	disease=UMLS_C3241937	2026-06-23T13:42:41.932547+00:00
DISGENET_ASSOC:FAMUd54BZ4eu0iZe_Rcl	8821	INPP4B	UMLS:C2239176	C2239176	HCC	5	FAMUd54BZ4eu0iZe_Rcl	0.65	0.41935483870967744	4	2016	2025	1.0		"[{""components"": {""biobank"": null, ""clinical"": {""count"": 0, ""sources"": [], ""weight"": 0.0}, ""curated"": {""count"": 1, ""sources"": [""RGD""], ""weight"": 0.4}, ""inferred"": {""count"": 0, ""sources"": [], ""weight"": 0.0}, ""literature"": {""publications"": 3, ""sources"": [""TEXTMINING_HUMAN"", ""TEXTMINING_MODELS""], ""weight"": 0.2}, ""models"": {""count"": 1, ""sources"": [""TEXTMINING_MODELS""], ""weight"": 0.05}}, ""total"": 0.65}]"	0	0	2	1	0	"[{""chemID"": ""CHEMBL414804"", ""chemPrefName"": ""Oxaliplatin"", ""chemVocabCrossreferences"": [""CHEMBL_CHEMBL414804"", ""CHEBI_31941"", ""DRUGBANK_DB00526"", ""MESH_D000077150"", ""PUBCHEM_9887054""], ""numPublicationsWithChemInEvidence"": 1, ""pmidsWithChemInEvidence"": [""40341416""]}, {""chemID"": ""CHEMBL444478"", ""chemPrefName"": ""Acteoside"", ""chemVocabCrossreferences"": [""CHEMBL_CHEMBL444478"", ""CHEBI_132853"", ""DRUGBANK_DB12996"", ""MESH_C058956"", ""PUBCHEM_5281800""], ""numPublicationsWithChemInEvidence"": 1, ""pmidsWithChemInEvidence"": [""40341416""]}]"	DisGeNET	medium_confidence	score>=0.3	https://api.disgenet.com/api/v1/gda/summary	disease=UMLS_C2239176	2026-06-23T13:42:41.932547+00:00
DISGENET_ASSOC:FVThdZ4BHkeZZb25KHkg	84649	DGAT2	UMLS:C3241937	C3241937	NASH	2	FVThdZ4BHkeZZb25KHkg	0.7	0.4516129032258064	4	2007	2022	1.0		"[{""components"": {""biobank"": null, ""clinical"": {""count"": 0, ""sources"": [], ""weight"": 0.0}, ""curated"": {""count"": 1, ""sources"": [""MGD_HUMAN""], ""weight"": 0.4}, ""inferred"": {""count"": 0, ""sources"": [], ""weight"": 0.0}, ""literature"": {""publications"": 3, ""sources"": [""TEXTMINING_HUMAN"", ""TEXTMINING_MODELS""], ""weight"": 0.2}, ""models"": {""count"": 2, ""sources"": [""TEXTMINING_MODELS"", ""RGD_RAT""], ""weight"": 0.1}}, ""total"": 0.7}]"	0	0	0	0	0		DisGeNET	medium_confidence	score>=0.3	https://api.disgenet.com/api/v1/gda/summary	disease=UMLS_C3241937	2026-06-23T13:42:41.932547+00:00
DISGENET_ASSOC:FbVbeJ4Bu8jCkiVmREvb	27102	EIF2AK1	UMLS:C0400966	C0400966	NAFLD	1	FbVbeJ4Bu8jCkiVmREvb	0.4	0.25806451612903225	1	2018	2018	1.0		"[{""components"": {""biobank"": null, ""clinical"": {""count"": 0, ""sources"": [], ""weight"": 0.0}, ""curated"": {""count"": 1, ""sources"": [""RGD""], ""weight"": 0.4}, ""inferred"": {""count"": 0, ""sources"": [], ""weight"": 0.0}, ""literature"": {""publications"": 0, ""sources"": [], ""weight"": 0.0}, ""models"": {""count"": 0, ""sources"": [], ""weight"": 0.0}}, ""total"": 0.4}]"	0	0	0	0	0		DisGeNET	medium_confidence	score>=0.3	https://api.disgenet.com/api/v1/gda/summary	disease=UMLS_C0400966	2026-06-23T13:42:41.932547+00:00
DISGENET_ASSOC:FbVbeJ4Bu8jCkiVmREzc	350	APOH	UMLS:C0400966	C0400966	NAFLD	1	FbVbeJ4Bu8jCkiVmREzc	0.65	0.41935483870967744	3	2022	2024	1.0		"[{""components"": {""biobank"": null, ""clinical"": {""count"": 0, ""sources"": [], ""weight"": 0.0}, ""curated"": {""count"": 1, ""sources"": [""RGD""], ""weight"": 0.4}, ""inferred"": {""count"": 0, ""sources"": [], ""weight"": 0.0}, ""literature"": {""publications"": 2, ""sources"": [""TEXTMINING_HUMAN"", ""TEXTMINING_MODELS""], ""weight"": 0.2}, ""models"": {""count"": 1, ""sources"": [""TEXTMINING_MODELS""], ""weight"": 0.05}}, ""total"": 0.65}]"	0	0	0	0	0		DisGeNET	medium_confidence	score>=0.3	https://api.disgenet.com/api/v1/gda/summary	disease=UMLS_C0400966	2026-06-23T13:42:41.932547+00:00
DISGENET_ASSOC:FnEkep4BHkeZZb25wK-C	472	ATM	UMLS:C0023890	C0023890	Cirrhosis	4	FnEkep4BHkeZZb25wK-C	0.4	0.25806451612903225	1	2023	2023	1.0		"[{""components"": {""biobank"": null, ""clinical"": {""count"": 0, ""sources"": [], ""weight"": 0.0}, ""curated"": {""count"": 1, ""sources"": [""RGD""], ""weight"": 0.4}, ""inferred"": {""count"": 0, ""sources"": [], ""weight"": 0.0}, ""literature"": {""publications"": 0, ""sources"": [], ""weight"": 0.0}, ""models"": {""count"": 0, ""sources"": [], ""weight"": 0.0}}, ""total"": 0.4}]"	0	0	0	0	0		DisGeNET	medium_confidence	score>=0.3	https://api.disgenet.com/api/v1/gda/summary	disease=UMLS_C0023890	2026-06-23T13:42:41.932547+00:00
DISGENET_ASSOC:GAHcdp4BZ4eu0iZezug5	51302	CYP39A1	UMLS:C2239176	C2239176	HCC	5	GAHcdp4BZ4eu0iZezug5	0.65	0.41935483870967744	3	2017	2022	1.0		"[{""components"": {""biobank"": null, ""clinical"": {""count"": 0, ""sources"": [], ""weight"": 0.0}, ""curated"": {""count"": 1, ""sources"": [""RGD""], ""weight"": 0.4}, ""inferred"": {""count"": 0, ""sources"": [], ""weight"": 0.0}, ""literature"": {""publications"": 2, ""sources"": [""TEXTMINING_HUMAN"", ""TEXTMINING_MODELS""], ""weight"": 0.2}, ""models"": {""count"": 1, ""sources"": [""TEXTMINING_MODELS""], ""weight"": 0.05}}, ""total"": 0.65}]"	0	0	0	0	0		DisGeNET	medium_confidence	score>=0.3	https://api.disgenet.com/api/v1/gda/summary	disease=UMLS_C2239176	2026-06-23T13:42:41.932547+00:00
DISGENET_ASSOC:GAtieJ4BZ4eu0iZedbJc	10437	IFI30	UMLS:C0400966	C0400966	NAFLD	1	GAtieJ4BZ4eu0iZedbJc	0.4	0.25806451612903225	1	2022	2022	1.0		"[{""components"": {""biobank"": null, ""clinical"": {""count"": 0, ""sources"": [], ""weight"": 0.0}, ""curated"": {""count"": 1, ""sources"": [""RGD""], ""weight"": 0.4}, ""inferred"": {""count"": 0, ""sources"": [], ""weight"": 0.0}, ""literature"": {""publications"": 0, ""sources"": [], ""weight"": 0.0}, ""models"": {""count"": 0, ""sources"": [], ""weight"": 0.0}}, ""total"": 0.4}]"	0	0	0	0	0		DisGeNET	medium_confidence	score>=0.3	https://api.disgenet.com/api/v1/gda/summary	disease=UMLS_C0400966	2026-06-23T13:42:41.932547+00:00
DISGENET_ASSOC:GlmYdp4BHkeZZb255GtI	2878	GPX3	UMLS:C2239176	C2239176	HCC	5	GlmYdp4BHkeZZb255GtI	0.6	0.3870967741935484	4	2014	2023	1.0		"[{""components"": {""biobank"": null, ""clinical"": {""count"": 0, ""sources"": [], ""weight"": 0.0}, ""curated"": {""count"": 1, ""sources"": [""MGD_HUMAN""], ""weight"": 0.4}, ""inferred"": {""count"": 0, ""sources"": [], ""weight"": 0.0}, ""literature"": {""publications"": 4, ""sources"": [""TEXTMINING_HUMAN""], ""weight"": 0.2}, ""models"": {""count"": 0, ""sources"": [], ""weight"": 0.0}}, ""total"": 0.6000000000000001}]"	0	0	0	0	0		DisGeNET	medium_confidence	score>=0.3	https://api.disgenet.com/api/v1/gda/summary	disease=UMLS_C2239176	2026-06-23T13:42:41.932547+00:00
DISGENET_ASSOC:GnEkep4BHkeZZb25wLCD	574506	MIR503	UMLS:C0023890	C0023890	Cirrhosis	4	GnEkep4BHkeZZb25wLCD	0.4	0.25806451612903225	1	2012	2012	1.0		"[{""components"": {""biobank"": null, ""clinical"": {""count"": 0, ""sources"": [], ""weight"": 0.0}, ""curated"": {""count"": 1, ""sources"": [""RGD""], ""weight"": 0.4}, ""inferred"": {""count"": 0, ""sources"": [], ""weight"": 0.0}, ""literature"": {""publications"": 0, ""sources"": [], ""weight"": 0.0}, ""models"": {""count"": 0, ""sources"": [], ""weight"": 0.0}}, ""total"": 0.4}]"	0	0	0	0	0		DisGeNET	medium_confidence	score>=0.3	https://api.disgenet.com/api/v1/gda/summary	disease=UMLS_C0023890	2026-06-23T13:42:41.932547+00:00
DISGENET_ASSOC:Gpe4dp4Bu8jCkiVmYbVt	400258	C14orf180	UMLS:C2239176	C2239176	HCC	5	Gpe4dp4Bu8jCkiVmYbVt	0.4	0.25806451612903225	1	2017	2017	1.0		"[{""components"": {""biobank"": null, ""clinical"": {""count"": 0, ""sources"": [], ""weight"": 0.0}, ""curated"": {""count"": 1, ""sources"": [""RGD""], ""weight"": 0.4}, ""inferred"": {""count"": 0, ""sources"": [], ""weight"": 0.0}, ""literature"": {""publications"": 0, ""sources"": [], ""weight"": 0.0}, ""models"": {""count"": 0, ""sources"": [], ""weight"": 0.0}}, ""total"": 0.4}]"	0	0	0	0	0		DisGeNET	medium_confidence	score>=0.3	https://api.disgenet.com/api/v1/gda/summary	disease=UMLS_C2239176	2026-06-23T13:42:41.932547+00:00
DISGENET_ASSOC:Gpzzdp4Bu8jCkiVm_xby	7263	TST	UMLS:C2239176	C2239176	HCC	5	Gpzzdp4Bu8jCkiVm_xby	0.4	0.25806451612903225	1	2010	2010	1.0		"[{""components"": {""biobank"": null, ""clinical"": {""count"": 0, ""sources"": [], ""weight"": 0.0}, ""curated"": {""count"": 1, ""sources"": [""RGD""], ""weight"": 0.4}, ""inferred"": {""count"": 0, ""sources"": [], ""weight"": 0.0}, ""literature"": {""publications"": 0, ""sources"": [], ""weight"": 0.0}, ""models"": {""count"": 0, ""sources"": [], ""weight"": 0.0}}, ""total"": 0.4}]"	0	0	0	0	0		DisGeNET	medium_confidence	score>=0.3	https://api.disgenet.com/api/v1/gda/summary	disease=UMLS_C2239176	2026-06-23T13:42:41.932547+00:00
DISGENET_ASSOC:H1ThdZ4BHkeZZb25KHkg	8517	IKBKG	UMLS:C3241937	C3241937	NASH	2	H1ThdZ4BHkeZZb25KHkg	0.65	0.41935483870967744	2	2011	2012	1.0		"[{""components"": {""biobank"": null, ""clinical"": {""count"": 0, ""sources"": [], ""weight"": 0.0}, ""curated"": {""count"": 1, ""sources"": [""RGD""], ""weight"": 0.4}, ""inferred"": {""count"": 0, ""sources"": [], ""weight"": 0.0}, ""literature"": {""publications"": 2, ""sources"": [""TEXTMINING_MODELS""], ""weight"": 0.2}, ""models"": {""count"": 1, ""sources"": [""TEXTMINING_MODELS""], ""weight"": 0.05}}, ""total"": 0.65}]"	0	0	0	0	0		DisGeNET	medium_confidence	score>=0.3	https://api.disgenet.com/api/v1/gda/summary	disease=UMLS_C3241937	2026-06-23T13:42:41.932547+00:00
DISGENET_ASSOC:HBlEep4BZ4eu0iZexgPV	6678	SPARC	UMLS:C0023890	C0023890	Cirrhosis	4	HBlEep4BZ4eu0iZexgPV	0.5	0.3225806451612903	2	2002	2013	1.0		"[{""components"": {""biobank"": null, ""clinical"": {""count"": 0, ""sources"": [], ""weight"": 0.0}, ""curated"": {""count"": 1, ""sources"": [""RGD""], ""weight"": 0.4}, ""inferred"": {""count"": 0, ""sources"": [], ""weight"": 0.0}, ""literature"": {""publications"": 1, ""sources"": [""TEXTMINING_HUMAN""], ""weight"": 0.1}, ""models"": {""count"": 0, ""sources"": [], ""weight"": 0.0}}, ""total"": 0.5}]"	0	0	0	0	0		DisGeNET	medium_confidence	score>=0.3	https://api.disgenet.com/api/v1/gda/summary	disease=UMLS_C0023890	2026-06-23T13:42:41.932547+00:00
DISGENET_ASSOC:HQCadp4BZ4eu0iZePAYc	1827	RCAN1	UMLS:C2239176	C2239176	HCC	5	HQCadp4BZ4eu0iZePAYc	0.6	0.3870967741935484	3	2017	2019	1.0		"[{""components"": {""biobank"": null, ""clinical"": {""count"": 0, ""sources"": [], ""weight"": 0.0}, ""curated"": {""count"": 1, ""sources"": [""RGD""], ""weight"": 0.4}, ""inferred"": {""count"": 0, ""sources"": [], ""weight"": 0.0}, ""literature"": {""publications"": 2, ""sources"": [""TEXTMINING_HUMAN""], ""weight"": 0.2}, ""models"": {""count"": 0, ""sources"": [], ""weight"": 0.0}}, ""total"": 0.6000000000000001}]"	0	0	0	0	0		DisGeNET	medium_confidence	score>=0.3	https://api.disgenet.com/api/v1/gda/summary	disease=UMLS_C2239176	2026-06-23T13:42:41.932547+00:00
DISGENET_ASSOC:HgHcdp4BZ4eu0iZezug5	51316	PLAC8	UMLS:C2239176	C2239176	HCC	5	HgHcdp4BZ4eu0iZezug5	0.6	0.3870967741935484	3	2016	2023	1.0		"[{""components"": {""biobank"": null, ""clinical"": {""count"": 0, ""sources"": [], ""weight"": 0.0}, ""curated"": {""count"": 1, ""sources"": [""RGD""], ""weight"": 0.4}, ""inferred"": {""count"": 0, ""sources"": [], ""weight"": 0.0}, ""literature"": {""publications"": 2, ""sources"": [""TEXTMINING_HUMAN""], ""weight"": 0.2}, ""models"": {""count"": 0, ""sources"": [], ""weight"": 0.0}}, ""total"": 0.6000000000000001}]"	0	0	0	0	0		DisGeNET	medium_confidence	score>=0.3	https://api.disgenet.com/api/v1/gda/summary	disease=UMLS_C2239176	2026-06-23T13:42:41.932547+00:00
DISGENET_ASSOC:HrVbeJ4Bu8jCkiVmREzc	3552	IL1A	UMLS:C0400966	C0400966	NAFLD	1	HrVbeJ4Bu8jCkiVmREzc	0.4	0.25806451612903225	1	2011	2011	1.0		"[{""components"": {""biobank"": null, ""clinical"": {""count"": 0, ""sources"": [], ""weight"": 0.0}, ""curated"": {""count"": 1, ""sources"": [""RGD""], ""weight"": 0.4}, ""inferred"": {""count"": 0, ""sources"": [], ""weight"": 0.0}, ""literature"": {""publications"": 0, ""sources"": [], ""weight"": 0.0}, ""models"": {""count"": 0, ""sources"": [], ""weight"": 0.0}}, ""total"": 0.4}]"	0	0	0	0	0		DisGeNET	medium_confidence	score>=0.3	https://api.disgenet.com/api/v1/gda/summary	disease=UMLS_C0400966	2026-06-23T13:42:41.932547+00:00
DISGENET_ASSOC:IAMUd54BZ4eu0iZe_RYk	84735	CNDP1	UMLS:C2239176	C2239176	HCC	5	IAMUd54BZ4eu0iZe_RYk	0.5	0.3225806451612903	2	2017	2024	1.0		"[{""components"": {""biobank"": null, ""clinical"": {""count"": 0, ""sources"": [], ""weight"": 0.0}, ""curated"": {""count"": 1, ""sources"": [""RGD""], ""weight"": 0.4}, ""inferred"": {""count"": 0, ""sources"": [], ""weight"": 0.0}, ""literature"": {""publications"": 1, ""sources"": [""TEXTMINING_HUMAN""], ""weight"": 0.1}, ""models"": {""count"": 0, ""sources"": [], ""weight"": 0.0}}, ""total"": 0.5}]"	0	0	0	0	0		DisGeNET	medium_confidence	score>=0.3	https://api.disgenet.com/api/v1/gda/summary	disease=UMLS_C2239176	2026-06-23T13:42:41.932547+00:00
DISGENET_ASSOC:IFmYdp4BHkeZZb255G1I	3556	IL1RAP	UMLS:C2239176	C2239176	HCC	5	IFmYdp4BHkeZZb255G1I	0.5	0.3225806451612903	2	2017	2023	1.0		"[{""components"": {""biobank"": null, ""clinical"": {""count"": 0, ""sources"": [], ""weight"": 0.0}, ""curated"": {""count"": 1, ""sources"": [""RGD""], ""weight"": 0.4}, ""inferred"": {""count"": 0, ""sources"": [], ""weight"": 0.0}, ""literature"": {""publications"": 1, ""sources"": [""TEXTMINING_HUMAN""], ""weight"": 0.1}, ""models"": {""count"": 0, ""sources"": [], ""weight"": 0.0}}, ""total"": 0.5}]"	0	0	0	0	0		DisGeNET	medium_confidence	score>=0.3	https://api.disgenet.com/api/v1/gda/summary	disease=UMLS_C2239176	2026-06-23T13:42:41.932547+00:00
DISGENET_ASSOC:IIjhdZ4Bu8jCkiVmGmQB	1728	NQO1	UMLS:C3241937	C3241937	NASH	2	IIjhdZ4Bu8jCkiVmGmQB	0.4	0.25806451612903225	1	2018	2018	1.0		"[{""components"": {""biobank"": null, ""clinical"": {""count"": 0, ""sources"": [], ""weight"": 0.0}, ""curated"": {""count"": 1, ""sources"": [""RGD""], ""weight"": 0.4}, ""inferred"": {""count"": 0, ""sources"": [], ""weight"": 0.0}, ""literature"": {""publications"": 0, ""sources"": [], ""weight"": 0.0}, ""models"": {""count"": 0, ""sources"": [], ""weight"": 0.0}}, ""total"": 0.4}]"	0	0	0	0	0		DisGeNET	medium_confidence	score>=0.3	https://api.disgenet.com/api/v1/gda/summary	disease=UMLS_C3241937	2026-06-23T13:42:41.932547+00:00
DISGENET_ASSOC:IdYjep4Bu8jCkiVmXhA8	10246	SLC17A2	UMLS:C0023890	C0023890	Cirrhosis	4	IdYjep4Bu8jCkiVmXhA8	0.45	0.2903225806451613	2	2014	2023	1.0		"[{""components"": {""biobank"": null, ""clinical"": {""count"": 0, ""sources"": [], ""weight"": 0.0}, ""curated"": {""count"": 1, ""sources"": [""RGD""], ""weight"": 0.4}, ""inferred"": {""count"": 1, ""sources"": [""GWASCAT""], ""weight"": 0.05}, ""literature"": {""publications"": 0, ""sources"": [], ""weight"": 0.0}, ""models"": {""count"": 0, ""sources"": [], ""weight"": 0.0}}, ""total"": 0.45}]"	1	0	0	0	0		DisGeNET	medium_confidence	score>=0.3	https://api.disgenet.com/api/v1/gda/summary	disease=UMLS_C0023890	2026-06-23T13:42:41.932547+00:00
DISGENET_ASSOC:IdYjep4Bu8jCkiVmXhE8	1593	CYP27A1	UMLS:C0023890	C0023890	Cirrhosis	4	IdYjep4Bu8jCkiVmXhE8	0.5	0.3225806451612903	2	2014	2022	1.0		"[{""components"": {""biobank"": null, ""clinical"": {""count"": 0, ""sources"": [], ""weight"": 0.0}, ""curated"": {""count"": 1, ""sources"": [""RGD""], ""weight"": 0.4}, ""inferred"": {""count"": 0, ""sources"": [], ""weight"": 0.0}, ""literature"": {""publications"": 1, ""sources"": [""TEXTMINING_HUMAN""], ""weight"": 0.1}, ""models"": {""count"": 0, ""sources"": [], ""weight"": 0.0}}, ""total"": 0.5}]"	0	0	0	0	0		DisGeNET	medium_confidence	score>=0.3	https://api.disgenet.com/api/v1/gda/summary	disease=UMLS_C0023890	2026-06-23T13:42:41.932547+00:00
DISGENET_ASSOC:IpJsdp4Bu8jCkiVmZoFn	147372	CCBE1	UMLS:C2239176	C2239176	HCC	5	IpJsdp4Bu8jCkiVmZoFn	0.6	0.3870967741935484	3	2017	2025	1.0		"[{""components"": {""biobank"": null, ""clinical"": {""count"": 0, ""sources"": [], ""weight"": 0.0}, ""curated"": {""count"": 1, ""sources"": [""RGD""], ""weight"": 0.4}, ""inferred"": {""count"": 0, ""sources"": [], ""weight"": 0.0}, ""literature"": {""publications"": 2, ""sources"": [""TEXTMINING_HUMAN""], ""weight"": 0.2}, ""models"": {""count"": 0, ""sources"": [], ""weight"": 0.0}}, ""total"": 0.6000000000000001}]"	0	0	0	0	0		DisGeNET	medium_confidence	score>=0.3	https://api.disgenet.com/api/v1/gda/summary	disease=UMLS_C2239176	2026-06-23T13:42:41.932547+00:00
DISGENET_ASSOC:J3Ekep4BHkeZZb25wLCD	57591	MRTFA	UMLS:C0023890	C0023890	Cirrhosis	4	J3Ekep4BHkeZZb25wLCD	0.55	0.3548387096774194	2	2017	2021	1.0		"[{""components"": {""biobank"": null, ""clinical"": {""count"": 0, ""sources"": [], ""weight"": 0.0}, ""curated"": {""count"": 1, ""sources"": [""RGD""], ""weight"": 0.4}, ""inferred"": {""count"": 0, ""sources"": [], ""weight"": 0.0}, ""literature"": {""publications"": 1, ""sources"": [""TEXTMINING_MODELS""], ""weight"": 0.1}, ""models"": {""count"": 1, ""sources"": [""TEXTMINING_MODELS""], ""weight"": 0.05}}, ""total"": 0.55}]"	0	0	1	1	0	"[{""chemID"": ""CHEMBL44814"", ""chemPrefName"": ""CARBON TETRACHLORIDE"", ""chemVocabCrossreferences"": [""CHEMBL_CHEMBL44814"", ""CHEBI_27385"", ""MESH_D002251"", ""PUBCHEM_5943""], ""numPublicationsWithChemInEvidence"": 1, ""pmidsWithChemInEvidence"": [""28043789""]}]"	DisGeNET	medium_confidence	score>=0.3	https://api.disgenet.com/api/v1/gda/summary	disease=UMLS_C0023890	2026-06-23T13:42:41.932547+00:00
DISGENET_ASSOC:JgMUd54BZ4eu0iZe_Rgl	9227	LRAT	UMLS:C2239176	C2239176	HCC	5	JgMUd54BZ4eu0iZe_Rgl	0.4	0.25806451612903225	1	2017	2017	1.0		"[{""components"": {""biobank"": null, ""clinical"": {""count"": 0, ""sources"": [], ""weight"": 0.0}, ""curated"": {""count"": 1, ""sources"": [""RGD""], ""weight"": 0.4}, ""inferred"": {""count"": 0, ""sources"": [], ""weight"": 0.0}, ""literature"": {""publications"": 0, ""sources"": [], ""weight"": 0.0}, ""models"": {""count"": 0, ""sources"": [], ""weight"": 0.0}}, ""total"": 0.4}]"	0	0	0	0	0		DisGeNET	medium_confidence	score>=0.3	https://api.disgenet.com/api/v1/gda/summary	disease=UMLS_C2239176	2026-06-23T13:42:41.932547+00:00
DISGENET_ASSOC:JrVbeJ4Bu8jCkiVmREzc	3562	IL3	UMLS:C0400966	C0400966	NAFLD	1	JrVbeJ4Bu8jCkiVmREzc	0.4	0.25806451612903225	1	2011	2011	1.0		"[{""components"": {""biobank"": null, ""clinical"": {""count"": 0, ""sources"": [], ""weight"": 0.0}, ""curated"": {""count"": 1, ""sources"": [""RGD""], ""weight"": 0.4}, ""inferred"": {""count"": 0, ""sources"": [], ""weight"": 0.0}, ""literature"": {""publications"": 0, ""sources"": [], ""weight"": 0.0}, ""models"": {""count"": 0, ""sources"": [], ""weight"": 0.0}}, ""total"": 0.4}]"	0	0	0	0	0		DisGeNET	medium_confidence	score>=0.3	https://api.disgenet.com/api/v1/gda/summary	disease=UMLS_C0400966	2026-06-23T13:42:41.932547+00:00
DISGENET_ASSOC:K1dXdp4BHkeZZb254dBC	10111	RAD50	UMLS:C2239176	C2239176	HCC	5	K1dXdp4BHkeZZb254dBC	0.6	0.3870967741935484	1	2020	2020	1.0		"[{""components"": {""biobank"": null, ""clinical"": {""count"": 1, ""sources"": [""CLINICALTRIALS""], ""weight"": 0.1}, ""curated"": {""count"": 1, ""sources"": [""CLINVAR""], ""weight"": 0.4}, ""inferred"": {""count"": 0, ""sources"": [], ""weight"": 0.0}, ""literature"": {""publications"": 1, ""sources"": [""TEXTMINING_HUMAN""], ""weight"": 0.1}, ""models"": {""count"": 0, ""sources"": [], ""weight"": 0.0}}, ""total"": 0.6}]"	3	1	0	0	0		DisGeNET	medium_confidence	score>=0.3	https://api.disgenet.com/api/v1/gda/summary	disease=UMLS_C2239176	2026-06-23T13:42:41.932547+00:00
DISGENET_ASSOC:K1mYdp4BHkeZZb255GpI	27085	MTBP	UMLS:C2239176	C2239176	HCC	5	K1mYdp4BHkeZZb255GpI	0.6	0.3870967741935484	4	2015	2021	1.0		"[{""components"": {""biobank"": null, ""clinical"": {""count"": 0, ""sources"": [], ""weight"": 0.0}, ""curated"": {""count"": 1, ""sources"": [""RGD""], ""weight"": 0.4}, ""inferred"": {""count"": 0, ""sources"": [], ""weight"": 0.0}, ""literature"": {""publications"": 4, ""sources"": [""TEXTMINING_HUMAN""], ""weight"": 0.2}, ""models"": {""count"": 0, ""sources"": [], ""weight"": 0.0}}, ""total"": 0.6000000000000001}]"	0	0	1	1	0	"[{""chemID"": ""CHEMBL1336"", ""chemPrefName"": ""Sorafenib"", ""chemVocabCrossreferences"": [""CHEMBL_CHEMBL1336"", ""CHEBI_50924"", ""DRUGBANK_DB00398"", ""MESH_D000077157"", ""PUBCHEM_216239""], ""numPublicationsWithChemInEvidence"": 1, ""pmidsWithChemInEvidence"": [""34249768""]}]"	DisGeNET	medium_confidence	score>=0.3	https://api.disgenet.com/api/v1/gda/summary	disease=UMLS_C2239176	2026-06-23T13:42:41.932547+00:00
DISGENET_ASSOC:K5Jsdp4Bu8jCkiVmZoBn	126806658	LOC126806658	UMLS:C2239176	C2239176	HCC	5	K5Jsdp4Bu8jCkiVmZoBn	0.4	0.25806451612903225	1	1999	1999	1.0		"[{""components"": {""biobank"": null, ""clinical"": {""count"": 0, ""sources"": [], ""weight"": 0.0}, ""curated"": {""count"": 1, ""sources"": [""CLINVAR""], ""weight"": 0.4}, ""inferred"": {""count"": 0, ""sources"": [], ""weight"": 0.0}, ""literature"": {""publications"": 0, ""sources"": [], ""weight"": 0.0}, ""models"": {""count"": 0, ""sources"": [], ""weight"": 0.0}}, ""total"": 0.4}]"	0	0	0	0	0		DisGeNET	medium_confidence	score>=0.3	https://api.disgenet.com/api/v1/gda/summary	disease=UMLS_C2239176	2026-06-23T13:42:41.932547+00:00
DISGENET_ASSOC:KFThdZ4BHkeZZb25KHkg	8614	STC2	UMLS:C3241937	C3241937	NASH	2	KFThdZ4BHkeZZb25KHkg	0.5	0.3225806451612903	1	2014	2014	0.0		"[{""components"": {""biobank"": null, ""clinical"": {""count"": 0, ""sources"": [], ""weight"": 0.0}, ""curated"": {""count"": 1, ""sources"": [""RGD""], ""weight"": 0.4}, ""inferred"": {""count"": 0, ""sources"": [], ""weight"": 0.0}, ""literature"": {""publications"": 1, ""sources"": [""TEXTMINING_HUMAN""], ""weight"": 0.1}, ""models"": {""count"": 0, ""sources"": [], ""weight"": 0.0}}, ""total"": 0.5}]"	0	0	0	0	0		DisGeNET	medium_confidence	score>=0.3	https://api.disgenet.com/api/v1/gda/summary	disease=UMLS_C3241937	2026-06-23T13:42:41.932547+00:00
DISGENET_ASSOC:KHEkep4BHkeZZb25wK-C	4864	NPC1	UMLS:C0023890	C0023890	Cirrhosis	4	KHEkep4BHkeZZb25wK-C	0.4	0.25806451612903225	1	2011	2011	1.0		"[{""components"": {""biobank"": null, ""clinical"": {""count"": 0, ""sources"": [], ""weight"": 0.0}, ""curated"": {""count"": 1, ""sources"": [""RGD""], ""weight"": 0.4}, ""inferred"": {""count"": 0, ""sources"": [], ""weight"": 0.0}, ""literature"": {""publications"": 0, ""sources"": [], ""weight"": 0.0}, ""models"": {""count"": 0, ""sources"": [], ""weight"": 0.0}}, ""total"": 0.4}]"	0	0	0	0	0		DisGeNET	medium_confidence	score>=0.3	https://api.disgenet.com/api/v1/gda/summary	disease=UMLS_C0023890	2026-06-23T13:42:41.932547+00:00
DISGENET_ASSOC:KHEkep4BHkeZZb25wK6C	3727	JUND	UMLS:C0023890	C0023890	Cirrhosis	4	KHEkep4BHkeZZb25wK6C	0.5	0.3225806451612903	2	2006	2010	1.0		"[{""components"": {""biobank"": null, ""clinical"": {""count"": 0, ""sources"": [], ""weight"": 0.0}, ""curated"": {""count"": 1, ""sources"": [""RGD""], ""weight"": 0.4}, ""inferred"": {""count"": 0, ""sources"": [], ""weight"": 0.0}, ""literature"": {""publications"": 1, ""sources"": [""TEXTMINING_HUMAN""], ""weight"": 0.1}, ""models"": {""count"": 0, ""sources"": [], ""weight"": 0.0}}, ""total"": 0.5}]"	0	0	0	0	0		DisGeNET	medium_confidence	score>=0.3	https://api.disgenet.com/api/v1/gda/summary	disease=UMLS_C0023890	2026-06-23T13:42:41.932547+00:00
DISGENET_ASSOC:KLVbeJ4Bu8jCkiVmREzc	3565	IL4	UMLS:C0400966	C0400966	NAFLD	1	KLVbeJ4Bu8jCkiVmREzc	0.7	0.4516129032258064	4	2011	2022	0.75		"[{""components"": {""biobank"": null, ""clinical"": {""count"": 1, ""sources"": [""CLINICALTRIALS""], ""weight"": 0.1}, ""curated"": {""count"": 1, ""sources"": [""RGD""], ""weight"": 0.4}, ""inferred"": {""count"": 0, ""sources"": [], ""weight"": 0.0}, ""literature"": {""publications"": 3, ""sources"": [""TEXTMINING_HUMAN""], ""weight"": 0.2}, ""models"": {""count"": 0, ""sources"": [], ""weight"": 0.0}}, ""total"": 0.7}]"	0	4	0	0	0		DisGeNET	medium_confidence	score>=0.3	https://api.disgenet.com/api/v1/gda/summary	disease=UMLS_C0400966	2026-06-23T13:42:41.932547+00:00
DISGENET_ASSOC:KQCadp4BZ4eu0iZePAkd	2563	GABRD	UMLS:C2239176	C2239176	HCC	5	KQCadp4BZ4eu0iZePAkd	0.4	0.25806451612903225	1	2017	2017	1.0		"[{""components"": {""biobank"": null, ""clinical"": {""count"": 0, ""sources"": [], ""weight"": 0.0}, ""curated"": {""count"": 1, ""sources"": [""RGD""], ""weight"": 0.4}, ""inferred"": {""count"": 0, ""sources"": [], ""weight"": 0.0}, ""literature"": {""publications"": 0, ""sources"": [], ""weight"": 0.0}, ""models"": {""count"": 0, ""sources"": [], ""weight"": 0.0}}, ""total"": 0.4}]"	0	0	0	0	0		DisGeNET	medium_confidence	score>=0.3	https://api.disgenet.com/api/v1/gda/summary	disease=UMLS_C2239176	2026-06-23T13:42:41.932547+00:00
DISGENET_ASSOC:KgCadp4BZ4eu0iZePAgd	23235	SIK2	UMLS:C2239176	C2239176	HCC	5	KgCadp4BZ4eu0iZePAgd	0.6	0.3870967741935484	2	2021	2025	1.0		"[{""components"": {""biobank"": null, ""clinical"": {""count"": 0, ""sources"": [], ""weight"": 0.0}, ""curated"": {""count"": 1, ""sources"": [""RGD""], ""weight"": 0.4}, ""inferred"": {""count"": 0, ""sources"": [], ""weight"": 0.0}, ""literature"": {""publications"": 2, ""sources"": [""TEXTMINING_HUMAN""], ""weight"": 0.2}, ""models"": {""count"": 0, ""sources"": [], ""weight"": 0.0}}, ""total"": 0.6000000000000001}]"	0	0	0	0	0		DisGeNET	medium_confidence	score>=0.3	https://api.disgenet.com/api/v1/gda/summary	disease=UMLS_C2239176	2026-06-23T13:42:41.932547+00:00
DISGENET_ASSOC:KtYjep4Bu8jCkiVmXhA8	103	ADAR	UMLS:C0023890	C0023890	Cirrhosis	4	KtYjep4Bu8jCkiVmXhA8	0.5	0.3225806451612903	1	2014	2014	1.0		"[{""components"": {""biobank"": null, ""clinical"": {""count"": 0, ""sources"": [], ""weight"": 0.0}, ""curated"": {""count"": 1, ""sources"": [""MGD_HUMAN""], ""weight"": 0.4}, ""inferred"": {""count"": 0, ""sources"": [], ""weight"": 0.0}, ""literature"": {""publications"": 1, ""sources"": [""TEXTMINING_HUMAN""], ""weight"": 0.1}, ""models"": {""count"": 0, ""sources"": [], ""weight"": 0.0}}, ""total"": 0.5}]"	0	0	0	0	0		DisGeNET	medium_confidence	score>=0.3	https://api.disgenet.com/api/v1/gda/summary	disease=UMLS_C0023890	2026-06-23T13:42:41.932547+00:00
DISGENET_ASSOC:KwHcdp4BZ4eu0iZezug5	51360	MBTPS2	UMLS:C2239176	C2239176	HCC	5	KwHcdp4BZ4eu0iZezug5	0.4	0.25806451612903225	1	2004	2004	1.0		"[{""components"": {""biobank"": null, ""clinical"": {""count"": 0, ""sources"": [], ""weight"": 0.0}, ""curated"": {""count"": 1, ""sources"": [""RGD""], ""weight"": 0.4}, ""inferred"": {""count"": 0, ""sources"": [], ""weight"": 0.0}, ""literature"": {""publications"": 0, ""sources"": [], ""weight"": 0.0}, ""models"": {""count"": 0, ""sources"": [], ""weight"": 0.0}}, ""total"": 0.4}]"	0	0	0	0	0		DisGeNET	medium_confidence	score>=0.3	https://api.disgenet.com/api/v1/gda/summary	disease=UMLS_C2239176	2026-06-23T13:42:41.932547+00:00
DISGENET_ASSOC:L5e4dp4Bu8jCkiVmYbdt	4683	NBN	UMLS:C2239176	C2239176	HCC	5	L5e4dp4Bu8jCkiVmYbdt	0.6	0.3870967741935484	1	2018	2018	1.0		"[{""components"": {""biobank"": null, ""clinical"": {""count"": 1, ""sources"": [""CLINICALTRIALS""], ""weight"": 0.1}, ""curated"": {""count"": 1, ""sources"": [""CLINVAR""], ""weight"": 0.4}, ""inferred"": {""count"": 0, ""sources"": [], ""weight"": 0.0}, ""literature"": {""publications"": 1, ""sources"": [""TEXTMINING_HUMAN""], ""weight"": 0.1}, ""models"": {""count"": 0, ""sources"": [], ""weight"": 0.0}}, ""total"": 0.6}]"	5	1	0	0	0		DisGeNET	medium_confidence	score>=0.3	https://api.disgenet.com/api/v1/gda/summary	disease=UMLS_C2239176	2026-06-23T13:42:41.932547+00:00
DISGENET_ASSOC:LJJsdp4Bu8jCkiVmZoBn	126806659	LOC126806659	UMLS:C2239176	C2239176	HCC	5	LJJsdp4Bu8jCkiVmZoBn	0.4	0.25806451612903225	0					"[{""components"": {""biobank"": null, ""clinical"": {""count"": 0, ""sources"": [], ""weight"": 0.0}, ""curated"": {""count"": 1, ""sources"": [""CLINVAR""], ""weight"": 0.4}, ""inferred"": {""count"": 0, ""sources"": [], ""weight"": 0.0}, ""literature"": {""publications"": 0, ""sources"": [], ""weight"": 0.0}, ""models"": {""count"": 0, ""sources"": [], ""weight"": 0.0}}, ""total"": 0.4}]"	0	0	0	0	0		DisGeNET	medium_confidence	score>=0.3	https://api.disgenet.com/api/v1/gda/summary	disease=UMLS_C2239176	2026-06-23T13:42:41.932547+00:00
DISGENET_ASSOC:LVThdZ4BHkeZZb25KHkg	8659	ALDH4A1	UMLS:C3241937	C3241937	NASH	2	LVThdZ4BHkeZZb25KHkg	0.5	0.3225806451612903	1	2018	2018	0.0		"[{""components"": {""biobank"": null, ""clinical"": {""count"": 0, ""sources"": [], ""weight"": 0.0}, ""curated"": {""count"": 1, ""sources"": [""RGD""], ""weight"": 0.4}, ""inferred"": {""count"": 0, ""sources"": [], ""weight"": 0.0}, ""literature"": {""publications"": 1, ""sources"": [""TEXTMINING_HUMAN""], ""weight"": 0.1}, ""models"": {""count"": 0, ""sources"": [], ""weight"": 0.0}}, ""total"": 0.5}]"	0	0	1	1	0	"[{""chemID"": ""CHEMBL545"", ""chemPrefName"": ""Ethanol"", ""chemVocabCrossreferences"": [""CHEMBL_CHEMBL545"", ""CHEBI_16236"", ""DRUGBANK_DB00898"", ""MESH_D000431"", ""PUBCHEM_702""], ""numPublicationsWithChemInEvidence"": 1, ""pmidsWithChemInEvidence"": [""29718361""]}]"	DisGeNET	medium_confidence	score>=0.3	https://api.disgenet.com/api/v1/gda/summary	disease=UMLS_C3241937	2026-06-23T13:42:41.932547+00:00
DISGENET_ASSOC:LYjhdZ4Bu8jCkiVmGmUB	2938	GSTA1	UMLS:C3241937	C3241937	NASH	2	LYjhdZ4Bu8jCkiVmGmUB	0.55	0.3548387096774194	2	2013	2016	1.0		"[{""components"": {""biobank"": null, ""clinical"": {""count"": 0, ""sources"": [], ""weight"": 0.0}, ""curated"": {""count"": 1, ""sources"": [""RGD""], ""weight"": 0.4}, ""inferred"": {""count"": 0, ""sources"": [], ""weight"": 0.0}, ""literature"": {""publications"": 1, ""sources"": [""TEXTMINING_MODELS""], ""weight"": 0.1}, ""models"": {""count"": 1, ""sources"": [""TEXTMINING_MODELS""], ""weight"": 0.05}}, ""total"": 0.55}]"	0	0	0	0	0		DisGeNET	medium_confidence	score>=0.3	https://api.disgenet.com/api/v1/gda/summary	disease=UMLS_C3241937	2026-06-23T13:42:41.932547+00:00
DISGENET_ASSOC:LgtieJ4BZ4eu0iZedbRc	2316	FLNA	UMLS:C0400966	C0400966	NAFLD	1	LgtieJ4BZ4eu0iZedbRc	0.65	0.41935483870967744	2	2023	2023	1.0		"[{""components"": {""biobank"": null, ""clinical"": {""count"": 1, ""sources"": [""CLINICALTRIALS""], ""weight"": 0.1}, ""curated"": {""count"": 1, ""sources"": [""RGD""], ""weight"": 0.4}, ""inferred"": {""count"": 0, ""sources"": [], ""weight"": 0.0}, ""literature"": {""publications"": 1, ""sources"": [""TEXTMINING_MODELS""], ""weight"": 0.1}, ""models"": {""count"": 1, ""sources"": [""TEXTMINING_MODELS""], ""weight"": 0.05}}, ""total"": 0.65}]"	0	1	0	0	0		DisGeNET	medium_confidence	score>=0.3	https://api.disgenet.com/api/v1/gda/summary	disease=UMLS_C0400966	2026-06-23T13:42:41.932547+00:00
DISGENET_ASSOC:LojhdZ4Bu8jCkiVmGmUB	2944	GSTM1	UMLS:C3241937	C3241937	NASH	2	LojhdZ4Bu8jCkiVmGmUB	0.5	0.3225806451612903	2	2013	2016	1.0		"[{""components"": {""biobank"": null, ""clinical"": {""count"": 0, ""sources"": [], ""weight"": 0.0}, ""curated"": {""count"": 1, ""sources"": [""RGD""], ""weight"": 0.4}, ""inferred"": {""count"": 0, ""sources"": [], ""weight"": 0.0}, ""literature"": {""publications"": 1, ""sources"": [""TEXTMINING_HUMAN""], ""weight"": 0.1}, ""models"": {""count"": 0, ""sources"": [], ""weight"": 0.0}}, ""total"": 0.5}]"	0	0	0	0	0		DisGeNET	medium_confidence	score>=0.3	https://api.disgenet.com/api/v1/gda/summary	disease=UMLS_C3241937	2026-06-23T13:42:41.932547+00:00
DISGENET_ASSOC:M5e4dp4Bu8jCkiVmYbRt	3699	ITIH3	UMLS:C2239176	C2239176	HCC	5	M5e4dp4Bu8jCkiVmYbRt	0.4	0.25806451612903225	1	2009	2009	1.0		"[{""components"": {""biobank"": null, ""clinical"": {""count"": 0, ""sources"": [], ""weight"": 0.0}, ""curated"": {""count"": 1, ""sources"": [""RGD""], ""weight"": 0.4}, ""inferred"": {""count"": 0, ""sources"": [], ""weight"": 0.0}, ""literature"": {""publications"": 0, ""sources"": [], ""weight"": 0.0}, ""models"": {""count"": 0, ""sources"": [], ""weight"": 0.0}}, ""total"": 0.4}]"	0	0	0	0	0		DisGeNET	medium_confidence	score>=0.3	https://api.disgenet.com/api/v1/gda/summary	disease=UMLS_C2239176	2026-06-23T13:42:41.932547+00:00
DISGENET_ASSOC:M9Yjep4Bu8jCkiVmXhE8	169355	IDO2	UMLS:C0023890	C0023890	Cirrhosis	4	M9Yjep4Bu8jCkiVmXhE8	0.4	0.25806451612903225	1	2020	2020	1.0		"[{""components"": {""biobank"": null, ""clinical"": {""count"": 0, ""sources"": [], ""weight"": 0.0}, ""curated"": {""count"": 1, ""sources"": [""RGD""], ""weight"": 0.4}, ""inferred"": {""count"": 0, ""sources"": [], ""weight"": 0.0}, ""literature"": {""publications"": 0, ""sources"": [], ""weight"": 0.0}, ""models"": {""count"": 0, ""sources"": [], ""weight"": 0.0}}, ""total"": 0.4}]"	0	0	0	0	0		DisGeNET	medium_confidence	score>=0.3	https://api.disgenet.com/api/v1/gda/summary	disease=UMLS_C0023890	2026-06-23T13:42:41.932547+00:00
DISGENET_ASSOC:MFThdZ4BHkeZZb25KHcf	5055	SERPINB2	UMLS:C3241937	C3241937	NASH	2	MFThdZ4BHkeZZb25KHcf	0.5	0.3225806451612903	1	2011	2011	1.0		"[{""components"": {""biobank"": null, ""clinical"": {""count"": 0, ""sources"": [], ""weight"": 0.0}, ""curated"": {""count"": 1, ""sources"": [""RGD""], ""weight"": 0.4}, ""inferred"": {""count"": 0, ""sources"": [], ""weight"": 0.0}, ""literature"": {""publications"": 1, ""sources"": [""TEXTMINING_HUMAN""], ""weight"": 0.1}, ""models"": {""count"": 0, ""sources"": [], ""weight"": 0.0}}, ""total"": 0.5}]"	0	0	0	0	0		DisGeNET	medium_confidence	score>=0.3	https://api.disgenet.com/api/v1/gda/summary	disease=UMLS_C3241937	2026-06-23T13:42:41.932547+00:00
DISGENET_ASSOC:MFmYdp4BHkeZZb255GxI	3182	HNRNPAB	UMLS:C2239176	C2239176	HCC	5	MFmYdp4BHkeZZb255GxI	0.55	0.3548387096774194	1	2020	2020	1.0		"[{""components"": {""biobank"": null, ""clinical"": {""count"": 0, ""sources"": [], ""weight"": 0.0}, ""curated"": {""count"": 1, ""sources"": [""MGD_HUMAN""], ""weight"": 0.4}, ""inferred"": {""count"": 0, ""sources"": [], ""weight"": 0.0}, ""literature"": {""publications"": 1, ""sources"": [""TEXTMINING_MODELS""], ""weight"": 0.1}, ""models"": {""count"": 1, ""sources"": [""TEXTMINING_MODELS""], ""weight"": 0.05}}, ""total"": 0.55}]"	0	0	0	0	0		DisGeNET	medium_confidence	score>=0.3	https://api.disgenet.com/api/v1/gda/summary	disease=UMLS_C2239176	2026-06-23T13:42:41.932547+00:00
DISGENET_ASSOC:MFrTdp4BHkeZZb256MQ1	56892	TCIM	UMLS:C2239176	C2239176	HCC	5	MFrTdp4BHkeZZb256MQ1	0.5	0.3225806451612903	2	2015	2017	1.0		"[{""components"": {""biobank"": null, ""clinical"": {""count"": 0, ""sources"": [], ""weight"": 0.0}, ""curated"": {""count"": 1, ""sources"": [""RGD""], ""weight"": 0.4}, ""inferred"": {""count"": 0, ""sources"": [], ""weight"": 0.0}, ""literature"": {""publications"": 1, ""sources"": [""TEXTMINING_HUMAN""], ""weight"": 0.1}, ""models"": {""count"": 0, ""sources"": [], ""weight"": 0.0}}, ""total"": 0.5}]"	0	0	0	0	0		DisGeNET	medium_confidence	score>=0.3	https://api.disgenet.com/api/v1/gda/summary	disease=UMLS_C2239176	2026-06-23T13:42:41.932547+00:00
DISGENET_ASSOC:MIjhdZ4Bu8jCkiVmGmUB	2950	GSTP1	UMLS:C3241937	C3241937	NASH	2	MIjhdZ4Bu8jCkiVmGmUB	0.5	0.3225806451612903	2	2013	2019	0.5		"[{""components"": {""biobank"": null, ""clinical"": {""count"": 0, ""sources"": [], ""weight"": 0.0}, ""curated"": {""count"": 1, ""sources"": [""RGD""], ""weight"": 0.4}, ""inferred"": {""count"": 0, ""sources"": [], ""weight"": 0.0}, ""literature"": {""publications"": 1, ""sources"": [""TEXTMINING_HUMAN""], ""weight"": 0.1}, ""models"": {""count"": 0, ""sources"": [], ""weight"": 0.0}}, ""total"": 0.5}]"	0	0	0	0	0		DisGeNET	medium_confidence	score>=0.3	https://api.disgenet.com/api/v1/gda/summary	disease=UMLS_C3241937	2026-06-23T13:42:41.932547+00:00
DISGENET_ASSOC:MVThdZ4BHkeZZb25KHcf	506	ATP5F1B	UMLS:C3241937	C3241937	NASH	2	MVThdZ4BHkeZZb25KHcf	0.4	0.25806451612903225	1	2015	2015	1.0		"[{""components"": {""biobank"": null, ""clinical"": {""count"": 0, ""sources"": [], ""weight"": 0.0}, ""curated"": {""count"": 1, ""sources"": [""RGD""], ""weight"": 0.4}, ""inferred"": {""count"": 0, ""sources"": [], ""weight"": 0.0}, ""literature"": {""publications"": 0, ""sources"": [], ""weight"": 0.0}, ""models"": {""count"": 0, ""sources"": [], ""weight"": 0.0}}, ""total"": 0.4}]"	0	0	0	0	0		DisGeNET	medium_confidence	score>=0.3	https://api.disgenet.com/api/v1/gda/summary	disease=UMLS_C3241937	2026-06-23T13:42:41.932547+00:00
DISGENET_ASSOC:MYjhdZ4Bu8jCkiVmGmUB	2952	GSTT1	UMLS:C3241937	C3241937	NASH	2	MYjhdZ4Bu8jCkiVmGmUB	0.4	0.25806451612903225	1	2013	2013	1.0		"[{""components"": {""biobank"": null, ""clinical"": {""count"": 0, ""sources"": [], ""weight"": 0.0}, ""curated"": {""count"": 1, ""sources"": [""RGD""], ""weight"": 0.4}, ""inferred"": {""count"": 0, ""sources"": [], ""weight"": 0.0}, ""literature"": {""publications"": 0, ""sources"": [], ""weight"": 0.0}, ""models"": {""count"": 0, ""sources"": [], ""weight"": 0.0}}, ""total"": 0.4}]"	0	0	0	0	0		DisGeNET	medium_confidence	score>=0.3	https://api.disgenet.com/api/v1/gda/summary	disease=UMLS_C3241937	2026-06-23T13:42:41.932547+00:00
DISGENET_ASSOC:MYjhdZ4Bu8jCkiVmGmYB	4312	MMP1	UMLS:C3241937	C3241937	NASH	2	MYjhdZ4Bu8jCkiVmGmYB	0.6	0.3870967741935484	3	2011	2018	1.0		"[{""components"": {""biobank"": null, ""clinical"": {""count"": 0, ""sources"": [], ""weight"": 0.0}, ""curated"": {""count"": 1, ""sources"": [""RGD""], ""weight"": 0.4}, ""inferred"": {""count"": 0, ""sources"": [], ""weight"": 0.0}, ""literature"": {""publications"": 3, ""sources"": [""TEXTMINING_HUMAN""], ""weight"": 0.2}, ""models"": {""count"": 0, ""sources"": [], ""weight"": 0.0}}, ""total"": 0.6000000000000001}]"	0	0	0	0	0		DisGeNET	medium_confidence	score>=0.3	https://api.disgenet.com/api/v1/gda/summary	disease=UMLS_C3241937	2026-06-23T13:42:41.932547+00:00
DISGENET_ASSOC:MxlEep4BZ4eu0iZexgPV	6772	STAT1	UMLS:C0023890	C0023890	Cirrhosis	4	MxlEep4BZ4eu0iZexgPV	0.65	0.41935483870967744	3	2004	2023	1.0		"[{""components"": {""biobank"": null, ""clinical"": {""count"": 0, ""sources"": [], ""weight"": 0.0}, ""curated"": {""count"": 1, ""sources"": [""RGD""], ""weight"": 0.4}, ""inferred"": {""count"": 0, ""sources"": [], ""weight"": 0.0}, ""literature"": {""publications"": 2, ""sources"": [""TEXTMINING_HUMAN"", ""TEXTMINING_MODELS""], ""weight"": 0.2}, ""models"": {""count"": 1, ""sources"": [""TEXTMINING_MODELS""], ""weight"": 0.05}}, ""total"": 0.65}]"	0	0	0	0	0		DisGeNET	medium_confidence	score>=0.3	https://api.disgenet.com/api/v1/gda/summary	disease=UMLS_C0023890	2026-06-23T13:42:41.932547+00:00
DISGENET_ASSOC:N9Yjep4Bu8jCkiVmXhA8	10400	PEMT	UMLS:C0023890	C0023890	Cirrhosis	4	N9Yjep4Bu8jCkiVmXhA8	0.5	0.3225806451612903	2	2018	2022	1.0		"[{""components"": {""biobank"": null, ""clinical"": {""count"": 0, ""sources"": [], ""weight"": 0.0}, ""curated"": {""count"": 1, ""sources"": [""RGD""], ""weight"": 0.4}, ""inferred"": {""count"": 0, ""sources"": [], ""weight"": 0.0}, ""literature"": {""publications"": 1, ""sources"": [""TEXTMINING_HUMAN""], ""weight"": 0.1}, ""models"": {""count"": 0, ""sources"": [], ""weight"": 0.0}}, ""total"": 0.5}]"	0	0	0	0	0		DisGeNET	medium_confidence	score>=0.3	https://api.disgenet.com/api/v1/gda/summary	disease=UMLS_C0023890	2026-06-23T13:42:41.932547+00:00
DISGENET_ASSOC:NXEkep4BHkeZZb25wLCD	5820	PVT1	UMLS:C0023890	C0023890	Cirrhosis	4	NXEkep4BHkeZZb25wLCD	0.5	0.3225806451612903	1	2024	2024	1.0		"[{""components"": {""biobank"": null, ""clinical"": {""count"": 0, ""sources"": [], ""weight"": 0.0}, ""curated"": {""count"": 1, ""sources"": [""RGD""], ""weight"": 0.4}, ""inferred"": {""count"": 0, ""sources"": [], ""weight"": 0.0}, ""literature"": {""publications"": 1, ""sources"": [""TEXTMINING_HUMAN""], ""weight"": 0.1}, ""models"": {""count"": 0, ""sources"": [], ""weight"": 0.0}}, ""total"": 0.5}]"	0	0	0	0	0		DisGeNET	medium_confidence	score>=0.3	https://api.disgenet.com/api/v1/gda/summary	disease=UMLS_C0023890	2026-06-23T13:42:41.932547+00:00
DISGENET_ASSOC:NlmYdp4BHkeZZb255GxI	319	APOF	UMLS:C2239176	C2239176	HCC	5	NlmYdp4BHkeZZb255GxI	0.6	0.3870967741935484	3	2017	2025	1.0		"[{""components"": {""biobank"": null, ""clinical"": {""count"": 0, ""sources"": [], ""weight"": 0.0}, ""curated"": {""count"": 1, ""sources"": [""RGD""], ""weight"": 0.4}, ""inferred"": {""count"": 0, ""sources"": [], ""weight"": 0.0}, ""literature"": {""publications"": 2, ""sources"": [""TEXTMINING_HUMAN""], ""weight"": 0.2}, ""models"": {""count"": 0, ""sources"": [], ""weight"": 0.0}}, ""total"": 0.6000000000000001}]"	0	0	0	0	0		DisGeNET	medium_confidence	score>=0.3	https://api.disgenet.com/api/v1/gda/summary	disease=UMLS_C2239176	2026-06-23T13:42:41.932547+00:00
DISGENET_ASSOC:NnEkep4BHkeZZb25wK6C	3813	KIR3DS1	UMLS:C0023890	C0023890	Cirrhosis	4	NnEkep4BHkeZZb25wK6C	0.4	0.25806451612903225	0					"[{""components"": {""biobank"": null, ""clinical"": {""count"": 0, ""sources"": [], ""weight"": 0.0}, ""curated"": {""count"": 1, ""sources"": [""MGD_HUMAN""], ""weight"": 0.4}, ""inferred"": {""count"": 0, ""sources"": [], ""weight"": 0.0}, ""literature"": {""publications"": 0, ""sources"": [], ""weight"": 0.0}, ""models"": {""count"": 0, ""sources"": [], ""weight"": 0.0}}, ""total"": 0.4}]"	0	0	0	0	0		DisGeNET	medium_confidence	score>=0.3	https://api.disgenet.com/api/v1/gda/summary	disease=UMLS_C0023890	2026-06-23T13:42:41.932547+00:00
DISGENET_ASSOC:NtYjep4Bu8jCkiVmXhE8	1717	DHCR7	UMLS:C0023890	C0023890	Cirrhosis	4	NtYjep4Bu8jCkiVmXhE8	0.45	0.2903225806451613	1	2014	2014	1.0		"[{""components"": {""biobank"": null, ""clinical"": {""count"": 0, ""sources"": [], ""weight"": 0.0}, ""curated"": {""count"": 1, ""sources"": [""RGD""], ""weight"": 0.4}, ""inferred"": {""count"": 1, ""sources"": [""HPO""], ""weight"": 0.05}, ""literature"": {""publications"": 0, ""sources"": [], ""weight"": 0.0}, ""models"": {""count"": 0, ""sources"": [], ""weight"": 0.0}}, ""total"": 0.45}]"	0	0	0	0	0		DisGeNET	medium_confidence	score>=0.3	https://api.disgenet.com/api/v1/gda/summary	disease=UMLS_C0023890	2026-06-23T13:42:41.932547+00:00
DISGENET_ASSOC:O4jhdZ4Bu8jCkiVmGmQB	191	AHCY	UMLS:C3241937	C3241937	NASH	2	O4jhdZ4Bu8jCkiVmGmQB	0.4	0.25806451612903225	1	2018	2018	1.0		"[{""components"": {""biobank"": null, ""clinical"": {""count"": 0, ""sources"": [], ""weight"": 0.0}, ""curated"": {""count"": 1, ""sources"": [""RGD""], ""weight"": 0.4}, ""inferred"": {""count"": 0, ""sources"": [], ""weight"": 0.0}, ""literature"": {""publications"": 0, ""sources"": [], ""weight"": 0.0}, ""models"": {""count"": 0, ""sources"": [], ""weight"": 0.0}}, ""total"": 0.4}]"	0	0	0	0	0		DisGeNET	medium_confidence	score>=0.3	https://api.disgenet.com/api/v1/gda/summary	disease=UMLS_C3241937	2026-06-23T13:42:41.932547+00:00
DISGENET_ASSOC:OBlEep4BZ4eu0iZexgTV	866	SERPINA6	UMLS:C0023890	C0023890	Cirrhosis	4	OBlEep4BZ4eu0iZexgTV	0.4	0.25806451612903225	1	2014	2014	1.0		"[{""components"": {""biobank"": null, ""clinical"": {""count"": 0, ""sources"": [], ""weight"": 0.0}, ""curated"": {""count"": 1, ""sources"": [""RGD""], ""weight"": 0.4}, ""inferred"": {""count"": 0, ""sources"": [], ""weight"": 0.0}, ""literature"": {""publications"": 0, ""sources"": [], ""weight"": 0.0}, ""models"": {""count"": 0, ""sources"": [], ""weight"": 0.0}}, ""total"": 0.4}]"	0	0	0	0	0		DisGeNET	medium_confidence	score>=0.3	https://api.disgenet.com/api/v1/gda/summary	disease=UMLS_C0023890	2026-06-23T13:42:41.932547+00:00
DISGENET_ASSOC:OJJsdp4Bu8jCkiVmZn9n	11318	ACKR5	UMLS:C2239176	C2239176	HCC	5	OJJsdp4Bu8jCkiVmZn9n	0.6	0.3870967741935484	4	2016	2020	1.0		"[{""components"": {""biobank"": null, ""clinical"": {""count"": 0, ""sources"": [], ""weight"": 0.0}, ""curated"": {""count"": 1, ""sources"": [""RGD""], ""weight"": 0.4}, ""inferred"": {""count"": 0, ""sources"": [], ""weight"": 0.0}, ""literature"": {""publications"": 3, ""sources"": [""TEXTMINING_HUMAN""], ""weight"": 0.2}, ""models"": {""count"": 0, ""sources"": [], ""weight"": 0.0}}, ""total"": 0.6000000000000001}]"	0	0	0	0	0		DisGeNET	medium_confidence	score>=0.3	https://api.disgenet.com/api/v1/gda/summary	disease=UMLS_C2239176	2026-06-23T13:42:41.932547+00:00
DISGENET_ASSOC:PJJsdp4Bu8jCkiVmZn9n	11326	VSIG4	UMLS:C2239176	C2239176	HCC	5	PJJsdp4Bu8jCkiVmZn9n	0.5	0.3225806451612903	2	2017	2018	1.0		"[{""components"": {""biobank"": null, ""clinical"": {""count"": 0, ""sources"": [], ""weight"": 0.0}, ""curated"": {""count"": 1, ""sources"": [""RGD""], ""weight"": 0.4}, ""inferred"": {""count"": 0, ""sources"": [], ""weight"": 0.0}, ""literature"": {""publications"": 1, ""sources"": [""TEXTMINING_HUMAN""], ""weight"": 0.1}, ""models"": {""count"": 0, ""sources"": [], ""weight"": 0.0}}, ""total"": 0.5}]"	0	0	0	0	0		DisGeNET	medium_confidence	score>=0.3	https://api.disgenet.com/api/v1/gda/summary	disease=UMLS_C2239176	2026-06-23T13:42:41.932547+00:00
DISGENET_ASSOC:PRlEep4BZ4eu0iZexgTV	871	SERPINH1	UMLS:C0023890	C0023890	Cirrhosis	4	PRlEep4BZ4eu0iZexgTV	0.5	0.3225806451612903	2	2005	2014	1.0		"[{""components"": {""biobank"": null, ""clinical"": {""count"": 0, ""sources"": [], ""weight"": 0.0}, ""curated"": {""count"": 1, ""sources"": [""RGD""], ""weight"": 0.4}, ""inferred"": {""count"": 0, ""sources"": [], ""weight"": 0.0}, ""literature"": {""publications"": 1, ""sources"": [""TEXTMINING_HUMAN""], ""weight"": 0.1}, ""models"": {""count"": 0, ""sources"": [], ""weight"": 0.0}}, ""total"": 0.5}]"	0	0	0	0	0		DisGeNET	medium_confidence	score>=0.3	https://api.disgenet.com/api/v1/gda/summary	disease=UMLS_C0023890	2026-06-23T13:42:41.932547+00:00
DISGENET_ASSOC:PgMUd54BZ4eu0iZe_RYk	84870	RSPO3	UMLS:C2239176	C2239176	HCC	5	PgMUd54BZ4eu0iZe_RYk	0.65	0.41935483870967744	3	2017	2025	1.0		"[{""components"": {""biobank"": null, ""clinical"": {""count"": 0, ""sources"": [], ""weight"": 0.0}, ""curated"": {""count"": 1, ""sources"": [""RGD""], ""weight"": 0.4}, ""inferred"": {""count"": 0, ""sources"": [], ""weight"": 0.0}, ""literature"": {""publications"": 2, ""sources"": [""TEXTMINING_HUMAN"", ""TEXTMINING_MODELS""], ""weight"": 0.2}, ""models"": {""count"": 1, ""sources"": [""TEXTMINING_MODELS""], ""weight"": 0.05}}, ""total"": 0.65}]"	0	0	0	0	0		DisGeNET	medium_confidence	score>=0.3	https://api.disgenet.com/api/v1/gda/summary	disease=UMLS_C2239176	2026-06-23T13:42:41.932547+00:00
DISGENET_ASSOC:PmVdeJ4BHkeZZb251kIx	7436	VLDLR	UMLS:C0400966	C0400966	NAFLD	1	PmVdeJ4BHkeZZb251kIx	0.65	0.41935483870967744	3	2018	2024	1.0		"[{""components"": {""biobank"": null, ""clinical"": {""count"": 0, ""sources"": [], ""weight"": 0.0}, ""curated"": {""count"": 1, ""sources"": [""RGD""], ""weight"": 0.4}, ""inferred"": {""count"": 0, ""sources"": [], ""weight"": 0.0}, ""literature"": {""publications"": 3, ""sources"": [""TEXTMINING_HUMAN"", ""TEXTMINING_MODELS""], ""weight"": 0.2}, ""models"": {""count"": 1, ""sources"": [""TEXTMINING_MODELS""], ""weight"": 0.05}}, ""total"": 0.65}]"	0	0	1	1	0	"[{""chemID"": ""CHEMBL1232863"", ""chemPrefName"": ""FRUCTOSE"", ""chemVocabCrossreferences"": [""CHEMBL_CHEMBL1232863"", ""CHEBI_48095"", ""MESH_D005632"", ""PUBCHEM_5984""], ""numPublicationsWithChemInEvidence"": 1, ""pmidsWithChemInEvidence"": [""38807218""]}]"	DisGeNET	medium_confidence	score>=0.3	https://api.disgenet.com/api/v1/gda/summary	disease=UMLS_C0400966	2026-06-23T13:42:41.932547+00:00
DISGENET_ASSOC:PnEkep4BHkeZZb25wK-C	5027	P2RX7	UMLS:C0023890	C0023890	Cirrhosis	4	PnEkep4BHkeZZb25wK-C	0.4	0.25806451612903225	1	2020	2020	1.0		"[{""components"": {""biobank"": null, ""clinical"": {""count"": 0, ""sources"": [], ""weight"": 0.0}, ""curated"": {""count"": 1, ""sources"": [""RGD""], ""weight"": 0.4}, ""inferred"": {""count"": 0, ""sources"": [], ""weight"": 0.0}, ""literature"": {""publications"": 0, ""sources"": [], ""weight"": 0.0}, ""models"": {""count"": 0, ""sources"": [], ""weight"": 0.0}}, ""total"": 0.4}]"	0	0	0	0	0		DisGeNET	medium_confidence	score>=0.3	https://api.disgenet.com/api/v1/gda/summary	disease=UMLS_C0023890	2026-06-23T13:42:41.932547+00:00
DISGENET_ASSOC:PwHcdp4BZ4eu0iZezuk5	5395	PMS2	UMLS:C2239176	C2239176	HCC	5	PwHcdp4BZ4eu0iZezuk5	0.55	0.3548387096774194	1	2026	2026	1.0		"[{""components"": {""biobank"": null, ""clinical"": {""count"": 0, ""sources"": [], ""weight"": 0.0}, ""curated"": {""count"": 1, ""sources"": [""CLINVAR""], ""weight"": 0.4}, ""inferred"": {""count"": 1, ""sources"": [""HPO""], ""weight"": 0.05}, ""literature"": {""publications"": 1, ""sources"": [""TEXTMINING_HUMAN""], ""weight"": 0.1}, ""models"": {""count"": 0, ""sources"": [], ""weight"": 0.0}}, ""total"": 0.55}]"	0	0	0	0	0		DisGeNET	medium_confidence	score>=0.3	https://api.disgenet.com/api/v1/gda/summary	disease=UMLS_C2239176	2026-06-23T13:42:41.932547+00:00
DISGENET_ASSOC:PwMUd54BZ4eu0iZe_RYk	84873	ADGRG7	UMLS:C2239176	C2239176	HCC	5	PwMUd54BZ4eu0iZe_RYk	0.4	0.25806451612903225	1	2017	2017	1.0		"[{""components"": {""biobank"": null, ""clinical"": {""count"": 0, ""sources"": [], ""weight"": 0.0}, ""curated"": {""count"": 1, ""sources"": [""RGD""], ""weight"": 0.4}, ""inferred"": {""count"": 0, ""sources"": [], ""weight"": 0.0}, ""literature"": {""publications"": 0, ""sources"": [], ""weight"": 0.0}, ""models"": {""count"": 0, ""sources"": [], ""weight"": 0.0}}, ""total"": 0.4}]"	0	0	0	0	0		DisGeNET	medium_confidence	score>=0.3	https://api.disgenet.com/api/v1/gda/summary	disease=UMLS_C2239176	2026-06-23T13:42:41.932547+00:00
DISGENET_ASSOC:PxlEep4BZ4eu0iZexgPV	688	KLF5	UMLS:C0023890	C0023890	Cirrhosis	4	PxlEep4BZ4eu0iZexgPV	0.4	0.25806451612903225	1	2021	2021	1.0		"[{""components"": {""biobank"": null, ""clinical"": {""count"": 0, ""sources"": [], ""weight"": 0.0}, ""curated"": {""count"": 1, ""sources"": [""RGD""], ""weight"": 0.4}, ""inferred"": {""count"": 0, ""sources"": [], ""weight"": 0.0}, ""literature"": {""publications"": 0, ""sources"": [], ""weight"": 0.0}, ""models"": {""count"": 0, ""sources"": [], ""weight"": 0.0}}, ""total"": 0.4}]"	0	0	0	0	0		DisGeNET	medium_confidence	score>=0.3	https://api.disgenet.com/api/v1/gda/summary	disease=UMLS_C0023890	2026-06-23T13:42:41.932547+00:00
DISGENET_ASSOC:Q1rTdp4BHkeZZb256MU1	57733	GBA3	UMLS:C2239176	C2239176	HCC	5	Q1rTdp4BHkeZZb256MU1	0.5	0.3225806451612903	2	2017	2020	1.0		"[{""components"": {""biobank"": null, ""clinical"": {""count"": 0, ""sources"": [], ""weight"": 0.0}, ""curated"": {""count"": 1, ""sources"": [""RGD""], ""weight"": 0.4}, ""inferred"": {""count"": 0, ""sources"": [], ""weight"": 0.0}, ""literature"": {""publications"": 1, ""sources"": [""TEXTMINING_HUMAN""], ""weight"": 0.1}, ""models"": {""count"": 0, ""sources"": [], ""weight"": 0.0}}, ""total"": 0.5}]"	0	0	0	0	0		DisGeNET	medium_confidence	score>=0.3	https://api.disgenet.com/api/v1/gda/summary	disease=UMLS_C2239176	2026-06-23T13:42:41.932547+00:00
DISGENET_ASSOC:Q9Yjep4Bu8jCkiVmXhE8	1815	DRD4	UMLS:C0023890	C0023890	Cirrhosis	4	Q9Yjep4Bu8jCkiVmXhE8	0.4	0.25806451612903225	0					"[{""components"": {""biobank"": null, ""clinical"": {""count"": 0, ""sources"": [], ""weight"": 0.0}, ""curated"": {""count"": 1, ""sources"": [""MGD_HUMAN""], ""weight"": 0.4}, ""inferred"": {""count"": 0, ""sources"": [], ""weight"": 0.0}, ""literature"": {""publications"": 0, ""sources"": [], ""weight"": 0.0}, ""models"": {""count"": 0, ""sources"": [], ""weight"": 0.0}}, ""total"": 0.4}]"	0	0	0	0	0		DisGeNET	medium_confidence	score>=0.3	https://api.disgenet.com/api/v1/gda/summary	disease=UMLS_C0023890	2026-06-23T13:42:41.932547+00:00
DISGENET_ASSOC:QgMUd54BZ4eu0iZe_RYk	84879	MFSD2A	UMLS:C2239176	C2239176	HCC	5	QgMUd54BZ4eu0iZe_RYk	0.6	0.3870967741935484	3	2017	2025	1.0		"[{""components"": {""biobank"": null, ""clinical"": {""count"": 0, ""sources"": [], ""weight"": 0.0}, ""curated"": {""count"": 1, ""sources"": [""RGD""], ""weight"": 0.4}, ""inferred"": {""count"": 0, ""sources"": [], ""weight"": 0.0}, ""literature"": {""publications"": 2, ""sources"": [""TEXTMINING_HUMAN""], ""weight"": 0.2}, ""models"": {""count"": 0, ""sources"": [], ""weight"": 0.0}}, ""total"": 0.6000000000000001}]"	0	0	0	0	0		DisGeNET	medium_confidence	score>=0.3	https://api.disgenet.com/api/v1/gda/summary	disease=UMLS_C2239176	2026-06-23T13:42:41.932547+00:00
DISGENET_ASSOC:QojhdZ4Bu8jCkiVmGmYB	4524	MTHFR	UMLS:C3241937	C3241937	NASH	2	QojhdZ4Bu8jCkiVmGmYB	0.65	0.41935483870967744	4	2007	2020	0.5		"[{""components"": {""biobank"": null, ""clinical"": {""count"": 0, ""sources"": [], ""weight"": 0.0}, ""curated"": {""count"": 1, ""sources"": [""MGD_HUMAN""], ""weight"": 0.4}, ""inferred"": {""count"": 0, ""sources"": [], ""weight"": 0.0}, ""literature"": {""publications"": 4, ""sources"": [""TEXTMINING_HUMAN""], ""weight"": 0.2}, ""models"": {""count"": 1, ""sources"": [""RGD_RAT""], ""weight"": 0.05}}, ""total"": 0.65}]"	3	0	0	0	0		DisGeNET	medium_confidence	score>=0.3	https://api.disgenet.com/api/v1/gda/summary	disease=UMLS_C3241937	2026-06-23T13:42:41.932547+00:00
DISGENET_ASSOC:RAtieJ4BZ4eu0iZedbNc	155	ADRB3	UMLS:C0400966	C0400966	NAFLD	1	RAtieJ4BZ4eu0iZedbNc	0.7	0.4516129032258064	3	2004	2023	1.0		"[{""components"": {""biobank"": null, ""clinical"": {""count"": 0, ""sources"": [], ""weight"": 0.0}, ""curated"": {""count"": 1, ""sources"": [""MGD_HUMAN""], ""weight"": 0.4}, ""inferred"": {""count"": 0, ""sources"": [], ""weight"": 0.0}, ""literature"": {""publications"": 2, ""sources"": [""TEXTMINING_HUMAN"", ""TEXTMINING_MODELS""], ""weight"": 0.2}, ""models"": {""count"": 2, ""sources"": [""TEXTMINING_MODELS"", ""RGD_RAT""], ""weight"": 0.1}}, ""total"": 0.7}]"	1	0	0	0	0		DisGeNET	medium_confidence	score>=0.3	https://api.disgenet.com/api/v1/gda/summary	disease=UMLS_C0400966	2026-06-23T13:42:41.932547+00:00
DISGENET_ASSOC:SFwDd54BHkeZZb255yax	9824	ARHGAP11A	UMLS:C2239176	C2239176	HCC	5	SFwDd54BHkeZZb255yax	0.6	0.3870967741935484	3	2017	2018	1.0		"[{""components"": {""biobank"": null, ""clinical"": {""count"": 0, ""sources"": [], ""weight"": 0.0}, ""curated"": {""count"": 1, ""sources"": [""RGD""], ""weight"": 0.4}, ""inferred"": {""count"": 0, ""sources"": [], ""weight"": 0.0}, ""literature"": {""publications"": 2, ""sources"": [""TEXTMINING_HUMAN""], ""weight"": 0.2}, ""models"": {""count"": 0, ""sources"": [], ""weight"": 0.0}}, ""total"": 0.6000000000000001}]"	0	0	0	0	0		DisGeNET	medium_confidence	score>=0.3	https://api.disgenet.com/api/v1/gda/summary	disease=UMLS_C2239176	2026-06-23T13:42:41.932547+00:00
DISGENET_ASSOC:SVwDd54BHkeZZb255yax	9829	DNAJC6	UMLS:C2239176	C2239176	HCC	5	SVwDd54BHkeZZb255yax	0.6	0.3870967741935484	3	2014	2024	1.0		"[{""components"": {""biobank"": null, ""clinical"": {""count"": 0, ""sources"": [], ""weight"": 0.0}, ""curated"": {""count"": 1, ""sources"": [""RGD""], ""weight"": 0.4}, ""inferred"": {""count"": 0, ""sources"": [], ""weight"": 0.0}, ""literature"": {""publications"": 2, ""sources"": [""TEXTMINING_HUMAN""], ""weight"": 0.2}, ""models"": {""count"": 0, ""sources"": [], ""weight"": 0.0}}, ""total"": 0.6000000000000001}]"	0	0	0	0	0		DisGeNET	medium_confidence	score>=0.3	https://api.disgenet.com/api/v1/gda/summary	disease=UMLS_C2239176	2026-06-23T13:42:41.932547+00:00
DISGENET_ASSOC:SXEkep4BHkeZZb25wK6C	3918	LAMC2	UMLS:C0023890	C0023890	Cirrhosis	4	SXEkep4BHkeZZb25wK6C	0.5	0.3225806451612903	2	2016	2024	1.0		"[{""components"": {""biobank"": null, ""clinical"": {""count"": 0, ""sources"": [], ""weight"": 0.0}, ""curated"": {""count"": 1, ""sources"": [""RGD""], ""weight"": 0.4}, ""inferred"": {""count"": 0, ""sources"": [], ""weight"": 0.0}, ""literature"": {""publications"": 1, ""sources"": [""TEXTMINING_HUMAN""], ""weight"": 0.1}, ""models"": {""count"": 0, ""sources"": [], ""weight"": 0.0}}, ""total"": 0.5}]"	0	0	0	0	0		DisGeNET	medium_confidence	score>=0.3	https://api.disgenet.com/api/v1/gda/summary	disease=UMLS_C0023890	2026-06-23T13:42:41.932547+00:00
DISGENET_ASSOC:SYjhdZ4Bu8jCkiVmGmMB	101180976	IFNL4	UMLS:C3241937	C3241937	NASH	2	SYjhdZ4Bu8jCkiVmGmMB	0.4	0.25806451612903225	0					"[{""components"": {""biobank"": null, ""clinical"": {""count"": 0, ""sources"": [], ""weight"": 0.0}, ""curated"": {""count"": 1, ""sources"": [""MGD_HUMAN""], ""weight"": 0.4}, ""inferred"": {""count"": 0, ""sources"": [], ""weight"": 0.0}, ""literature"": {""publications"": 0, ""sources"": [], ""weight"": 0.0}, ""models"": {""count"": 0, ""sources"": [], ""weight"": 0.0}}, ""total"": 0.4}]"	0	0	0	0	0		DisGeNET	medium_confidence	score>=0.3	https://api.disgenet.com/api/v1/gda/summary	disease=UMLS_C3241937	2026-06-23T13:42:41.932547+00:00
DISGENET_ASSOC:SgMUd54BZ4eu0iZe_RUk	83597	RTP3	UMLS:C2239176	C2239176	HCC	5	SgMUd54BZ4eu0iZe_RUk	0.6	0.3870967741935484	2	2007	2024	1.0		"[{""components"": {""biobank"": null, ""clinical"": {""count"": 0, ""sources"": [], ""weight"": 0.0}, ""curated"": {""count"": 1, ""sources"": [""RGD""], ""weight"": 0.4}, ""inferred"": {""count"": 0, ""sources"": [], ""weight"": 0.0}, ""literature"": {""publications"": 2, ""sources"": [""TEXTMINING_HUMAN""], ""weight"": 0.2}, ""models"": {""count"": 0, ""sources"": [], ""weight"": 0.0}}, ""total"": 0.6000000000000001}]"	0	0	0	0	0		DisGeNET	medium_confidence	score>=0.3	https://api.disgenet.com/api/v1/gda/summary	disease=UMLS_C2239176	2026-06-23T13:42:41.932547+00:00
DISGENET_ASSOC:SrVbeJ4Bu8jCkiVmREvc	284217	LAMA1	UMLS:C0400966	C0400966	NAFLD	1	SrVbeJ4Bu8jCkiVmREvc	0.4	0.25806451612903225	1	2011	2011	1.0		"[{""components"": {""biobank"": null, ""clinical"": {""count"": 0, ""sources"": [], ""weight"": 0.0}, ""curated"": {""count"": 1, ""sources"": [""RGD""], ""weight"": 0.4}, ""inferred"": {""count"": 0, ""sources"": [], ""weight"": 0.0}, ""literature"": {""publications"": 0, ""sources"": [], ""weight"": 0.0}, ""models"": {""count"": 0, ""sources"": [], ""weight"": 0.0}}, ""total"": 0.4}]"	0	0	0	0	0		DisGeNET	medium_confidence	score>=0.3	https://api.disgenet.com/api/v1/gda/summary	disease=UMLS_C0400966	2026-06-23T13:42:41.932547+00:00
DISGENET_ASSOC:SwMUd54BZ4eu0iZe_Rcl	8900	CCNA1	UMLS:C2239176	C2239176	HCC	5	SwMUd54BZ4eu0iZe_Rcl	0.6	0.3870967741935484	3	2002	2023	1.0		"[{""components"": {""biobank"": null, ""clinical"": {""count"": 0, ""sources"": [], ""weight"": 0.0}, ""curated"": {""count"": 1, ""sources"": [""RGD""], ""weight"": 0.4}, ""inferred"": {""count"": 0, ""sources"": [], ""weight"": 0.0}, ""literature"": {""publications"": 2, ""sources"": [""TEXTMINING_HUMAN""], ""weight"": 0.2}, ""models"": {""count"": 0, ""sources"": [], ""weight"": 0.0}}, ""total"": 0.6000000000000001}]"	0	0	0	0	0		DisGeNET	medium_confidence	score>=0.3	https://api.disgenet.com/api/v1/gda/summary	disease=UMLS_C2239176	2026-06-23T13:42:41.932547+00:00
DISGENET_ASSOC:T5Jsdp4Bu8jCkiVmZoFn	150468	CKAP2L	UMLS:C2239176	C2239176	HCC	5	T5Jsdp4Bu8jCkiVmZoFn	0.6	0.3870967741935484	3	2017	2021	1.0		"[{""components"": {""biobank"": null, ""clinical"": {""count"": 0, ""sources"": [], ""weight"": 0.0}, ""curated"": {""count"": 1, ""sources"": [""RGD""], ""weight"": 0.4}, ""inferred"": {""count"": 0, ""sources"": [], ""weight"": 0.0}, ""literature"": {""publications"": 2, ""sources"": [""TEXTMINING_HUMAN""], ""weight"": 0.2}, ""models"": {""count"": 0, ""sources"": [], ""weight"": 0.0}}, ""total"": 0.6000000000000001}]"	0	0	0	0	0		DisGeNET	medium_confidence	score>=0.3	https://api.disgenet.com/api/v1/gda/summary	disease=UMLS_C2239176	2026-06-23T13:42:41.932547+00:00
DISGENET_ASSOC:TLVbeJ4Bu8jCkiVmRE7c	5551	PRF1	UMLS:C0400966	C0400966	NAFLD	1	TLVbeJ4Bu8jCkiVmRE7c	0.65	0.41935483870967744	3	2014	2020	1.0		"[{""components"": {""biobank"": null, ""clinical"": {""count"": 0, ""sources"": [], ""weight"": 0.0}, ""curated"": {""count"": 1, ""sources"": [""RGD""], ""weight"": 0.4}, ""inferred"": {""count"": 0, ""sources"": [], ""weight"": 0.0}, ""literature"": {""publications"": 2, ""sources"": [""TEXTMINING_MODELS""], ""weight"": 0.2}, ""models"": {""count"": 1, ""sources"": [""TEXTMINING_MODELS""], ""weight"": 0.05}}, ""total"": 0.65}]"	0	0	0	0	0		DisGeNET	medium_confidence	score>=0.3	https://api.disgenet.com/api/v1/gda/summary	disease=UMLS_C0400966	2026-06-23T13:42:41.932547+00:00
DISGENET_ASSOC:TwHcdp4BZ4eu0iZezuo6	55215	FANCI	UMLS:C2239176	C2239176	HCC	5	TwHcdp4BZ4eu0iZezuo6	0.6	0.3870967741935484	4	2017	2025	1.0		"[{""components"": {""biobank"": null, ""clinical"": {""count"": 0, ""sources"": [], ""weight"": 0.0}, ""curated"": {""count"": 1, ""sources"": [""RGD""], ""weight"": 0.4}, ""inferred"": {""count"": 0, ""sources"": [], ""weight"": 0.0}, ""literature"": {""publications"": 3, ""sources"": [""TEXTMINING_HUMAN""], ""weight"": 0.2}, ""models"": {""count"": 0, ""sources"": [], ""weight"": 0.0}}, ""total"": 0.6000000000000001}]"	1	0	0	0	0		DisGeNET	medium_confidence	score>=0.3	https://api.disgenet.com/api/v1/gda/summary	disease=UMLS_C2239176	2026-06-23T13:42:41.932547+00:00
DISGENET_ASSOC:UFmYdp4BHkeZZb255GxI	3235	HOXD9	UMLS:C2239176	C2239176	HCC	5	UFmYdp4BHkeZZb255GxI	0.6	0.3870967741935484	4	2015	2021	1.0		"[{""components"": {""biobank"": null, ""clinical"": {""count"": 0, ""sources"": [], ""weight"": 0.0}, ""curated"": {""count"": 1, ""sources"": [""RGD""], ""weight"": 0.4}, ""inferred"": {""count"": 0, ""sources"": [], ""weight"": 0.0}, ""literature"": {""publications"": 3, ""sources"": [""TEXTMINING_HUMAN""], ""weight"": 0.2}, ""models"": {""count"": 0, ""sources"": [], ""weight"": 0.0}}, ""total"": 0.6000000000000001}]"	0	0	0	0	0		DisGeNET	medium_confidence	score>=0.3	https://api.disgenet.com/api/v1/gda/summary	disease=UMLS_C2239176	2026-06-23T13:42:41.932547+00:00
DISGENET_ASSOC:UXEkep4BHkeZZb25wK6C	3949	LDLR	UMLS:C0023890	C0023890	Cirrhosis	4	UXEkep4BHkeZZb25wK6C	0.55	0.3548387096774194	2	1993	2022	1.0		"[{""components"": {""biobank"": null, ""clinical"": {""count"": 0, ""sources"": [], ""weight"": 0.0}, ""curated"": {""count"": 1, ""sources"": [""RGD""], ""weight"": 0.4}, ""inferred"": {""count"": 0, ""sources"": [], ""weight"": 0.0}, ""literature"": {""publications"": 1, ""sources"": [""TEXTMINING_MODELS""], ""weight"": 0.1}, ""models"": {""count"": 1, ""sources"": [""TEXTMINING_MODELS""], ""weight"": 0.05}}, ""total"": 0.55}]"	0	0	0	0	0		DisGeNET	medium_confidence	score>=0.3	https://api.disgenet.com/api/v1/gda/summary	disease=UMLS_C0023890	2026-06-23T13:42:41.932547+00:00
DISGENET_ASSOC:UZe4dp4Bu8jCkiVmYbRt	374569	ASPG	UMLS:C2239176	C2239176	HCC	5	UZe4dp4Bu8jCkiVmYbRt	0.6	0.3870967741935484	3	2000	2026	0.3333333333333333		"[{""components"": {""biobank"": null, ""clinical"": {""count"": 0, ""sources"": [], ""weight"": 0.0}, ""curated"": {""count"": 1, ""sources"": [""RGD""], ""weight"": 0.4}, ""inferred"": {""count"": 0, ""sources"": [], ""weight"": 0.0}, ""literature"": {""publications"": 2, ""sources"": [""TEXTMINING_HUMAN""], ""weight"": 0.2}, ""models"": {""count"": 0, ""sources"": [], ""weight"": 0.0}}, ""total"": 0.6000000000000001}]"	0	0	5	1	0	"[{""chemID"": ""CHEMBL11359"", ""chemPrefName"": ""Cisplatin"", ""chemVocabCrossreferences"": [""CHEMBL_CHEMBL11359"", ""CHEBI_27899"", ""CHEBI_35852"", ""DRUGBANK_DB00515"", ""MESH_D002945"", ""PUBCHEM_5460033"", ""PUBCHEM_84691"", ""PUBCHEM_5702198""], ""numPublicationsWithChemInEvidence"": 1, ""pmidsWithChemInEvidence"": [""42052835""]}, {""chemID"": ""CHEMBL414804"", ""chemPrefName"": ""Oxaliplatin"", ""chemVocabCrossreferences"": [""CHEMBL_CHEMBL414804"", ""CHEBI_31941"", ""DRUGBANK_DB00526"", ""MESH_D000077150"", ""PUBCHEM_9887054""], ""numPublicationsWithChemInEvidence"": 1, ""pmidsWithChemInEvidence"": [""42052835""]}, {""chemID"": ""CHEMBL428647"", ""chemPrefName"": ""Paclitaxel"", ""chemVocabCrossreferences"": [""CHEMBL_CHEMBL428647"", ""CHEBI_45863"", ""DRUGBANK_DB01229"", ""MESH_D017239"", ""PUBCHEM_36314""], ""numPublicationsWithChemInEvidence"": 1, ""pmidsWithChemInEvidence"": [""42052835""]}, {""chemID"": ""CHEMBL554"", ""chemPrefName"": ""Lapatinib"", ""chemVocabCrossreferences"": [""CHEMBL_CHEMBL554"", ""CHEBI_49603"", ""DRUGBANK_DB01259"", ""MESH_D000077341"", ""PUBCHEM_208908""], ""numPublicationsWithChemInEvidence"": 1, ""pmidsWithChemInEvidence"": [""42052835""]}, {""chemID"": ""CHEMBL888"", ""chemPrefName"": ""Gemcitabine"", ""chemVocabCrossreferences"": [""CHEMBL_CHEMBL888"", ""CHEBI_175901"", ""DRUGBANK_DB00441"", ""PUBCHEM_60750""], ""numPublicationsWithChemInEvidence"": 1, ""pmidsWithChemInEvidence"": [""42052835""]}]"	DisGeNET	medium_confidence	score>=0.3	https://api.disgenet.com/api/v1/gda/summary	disease=UMLS_C2239176	2026-06-23T13:42:41.932547+00:00
DISGENET_ASSOC:UldXdp4BHkeZZb254dFD	10476	ATP5PD	UMLS:C2239176	C2239176	HCC	5	UldXdp4BHkeZZb254dFD	0.4	0.25806451612903225	1	2010	2010	1.0		"[{""components"": {""biobank"": null, ""clinical"": {""count"": 0, ""sources"": [], ""weight"": 0.0}, ""curated"": {""count"": 1, ""sources"": [""RGD""], ""weight"": 0.4}, ""inferred"": {""count"": 0, ""sources"": [], ""weight"": 0.0}, ""literature"": {""publications"": 0, ""sources"": [], ""weight"": 0.0}, ""models"": {""count"": 0, ""sources"": [], ""weight"": 0.0}}, ""total"": 0.4}]"	0	0	0	0	0		DisGeNET	medium_confidence	score>=0.3	https://api.disgenet.com/api/v1/gda/summary	disease=UMLS_C2239176	2026-06-23T13:42:41.932547+00:00
DISGENET_ASSOC:UlrTdp4BHkeZZb256MY1	6194	RPS6	UMLS:C2239176	C2239176	HCC	5	UlrTdp4BHkeZZb256MY1	0.75	0.48387096774193544	2	2011	2011	1.0		"[{""components"": {""biobank"": null, ""clinical"": {""count"": 1, ""sources"": [""CLINICALTRIALS""], ""weight"": 0.1}, ""curated"": {""count"": 1, ""sources"": [""RGD""], ""weight"": 0.4}, ""inferred"": {""count"": 0, ""sources"": [], ""weight"": 0.0}, ""literature"": {""publications"": 2, ""sources"": [""TEXTMINING_HUMAN"", ""TEXTMINING_MODELS""], ""weight"": 0.2}, ""models"": {""count"": 1, ""sources"": [""TEXTMINING_MODELS""], ""weight"": 0.05}}, ""total"": 0.75}]"	0	1	1	0	1	"[{""chemID"": ""CHEMBL3586404"", ""chemPrefName"": ""Onatasertib"", ""chemVocabCrossreferences"": [""CHEMBL_CHEMBL3586404"", ""DRUGBANK_DB12570""], ""numPublicationsWithChemInEvidence"": 1, ""pmidsWithChemInEvidence"": []}]"	DisGeNET	medium_confidence	score>=0.3	https://api.disgenet.com/api/v1/gda/summary	disease=UMLS_C2239176	2026-06-23T13:42:41.932547+00:00
DISGENET_ASSOC:V9Yjep4Bu8jCkiVmXhA8	1060	CENPC	UMLS:C0023890	C0023890	Cirrhosis	4	V9Yjep4Bu8jCkiVmXhA8	0.55	0.3548387096774194	1	2015	2015	1.0		"[{""components"": {""biobank"": null, ""clinical"": {""count"": 0, ""sources"": [], ""weight"": 0.0}, ""curated"": {""count"": 1, ""sources"": [""MGD_HUMAN""], ""weight"": 0.4}, ""inferred"": {""count"": 0, ""sources"": [], ""weight"": 0.0}, ""literature"": {""publications"": 1, ""sources"": [""TEXTMINING_HUMAN""], ""weight"": 0.1}, ""models"": {""count"": 1, ""sources"": [""RGD_RAT""], ""weight"": 0.05}}, ""total"": 0.55}]"	0	0	0	0	0		DisGeNET	medium_confidence	score>=0.3	https://api.disgenet.com/api/v1/gda/summary	disease=UMLS_C0023890	2026-06-23T13:42:41.932547+00:00
DISGENET_ASSOC:VFmYdp4BHkeZZb255GtI	29108	PYCARD	UMLS:C2239176	C2239176	HCC	5	VFmYdp4BHkeZZb255GtI	0.6	0.3870967741935484	2	2007	2016	1.0		"[{""components"": {""biobank"": null, ""clinical"": {""count"": 0, ""sources"": [], ""weight"": 0.0}, ""curated"": {""count"": 1, ""sources"": [""RGD""], ""weight"": 0.4}, ""inferred"": {""count"": 0, ""sources"": [], ""weight"": 0.0}, ""literature"": {""publications"": 2, ""sources"": [""TEXTMINING_HUMAN""], ""weight"": 0.2}, ""models"": {""count"": 0, ""sources"": [], ""weight"": 0.0}}, ""total"": 0.6000000000000001}]"	0	0	0	0	0		DisGeNET	medium_confidence	score>=0.3	https://api.disgenet.com/api/v1/gda/summary	disease=UMLS_C2239176	2026-06-23T13:42:41.932547+00:00
DISGENET_ASSOC:VLVbeJ4Bu8jCkiVmRE7c	5566	PRKACA	UMLS:C0400966	C0400966	NAFLD	1	VLVbeJ4Bu8jCkiVmRE7c	0.65	0.41935483870967744	4	2018	2025	1.0		"[{""components"": {""biobank"": null, ""clinical"": {""count"": 0, ""sources"": [], ""weight"": 0.0}, ""curated"": {""count"": 1, ""sources"": [""RGD""], ""weight"": 0.4}, ""inferred"": {""count"": 0, ""sources"": [], ""weight"": 0.0}, ""literature"": {""publications"": 3, ""sources"": [""TEXTMINING_HUMAN"", ""TEXTMINING_MODELS""], ""weight"": 0.2}, ""models"": {""count"": 1, ""sources"": [""TEXTMINING_MODELS""], ""weight"": 0.05}}, ""total"": 0.65}]"	0	0	1	1	0	"[{""chemID"": ""CHEMBL286494"", ""chemPrefName"": ""Hypericin"", ""chemVocabCrossreferences"": [""CHEMBL_CHEMBL286494"", ""CHEBI_5835"", ""DRUGBANK_DB13014"", ""MESH_C004965""], ""numPublicationsWithChemInEvidence"": 1, ""pmidsWithChemInEvidence"": [""31982488""]}]"	DisGeNET	medium_confidence	score>=0.3	https://api.disgenet.com/api/v1/gda/summary	disease=UMLS_C0400966	2026-06-23T13:42:41.932547+00:00
DISGENET_ASSOC:VVrTdp4BHkeZZb256Mc1	6455	SH3GL1	UMLS:C2239176	C2239176	HCC	5	VVrTdp4BHkeZZb256Mc1	0.5	0.3225806451612903	1	2021	2021	1.0		"[{""components"": {""biobank"": null, ""clinical"": {""count"": 0, ""sources"": [], ""weight"": 0.0}, ""curated"": {""count"": 1, ""sources"": [""RGD""], ""weight"": 0.4}, ""inferred"": {""count"": 0, ""sources"": [], ""weight"": 0.0}, ""literature"": {""publications"": 1, ""sources"": [""TEXTMINING_HUMAN""], ""weight"": 0.1}, ""models"": {""count"": 0, ""sources"": [], ""weight"": 0.0}}, ""total"": 0.5}]"	0	0	1	1	0	"[{""chemID"": ""CHEMBL8260"", ""chemPrefName"": ""Baicalein"", ""chemVocabCrossreferences"": [""CHEMBL_CHEMBL8260"", ""CHEBI_2979"", ""DRUGBANK_DB16101"", ""MESH_C006680"", ""PUBCHEM_5281605""], ""numPublicationsWithChemInEvidence"": 1, ""pmidsWithChemInEvidence"": [""33838155""]}]"	DisGeNET	medium_confidence	score>=0.3	https://api.disgenet.com/api/v1/gda/summary	disease=UMLS_C2239176	2026-06-23T13:42:41.932547+00:00
DISGENET_ASSOC:VXEkep4BHkeZZb25wK6C	3956	LGALS1	UMLS:C0023890	C0023890	Cirrhosis	4	VXEkep4BHkeZZb25wK6C	0.4	0.25806451612903225	1	2016	2016	1.0		"[{""components"": {""biobank"": null, ""clinical"": {""count"": 0, ""sources"": [], ""weight"": 0.0}, ""curated"": {""count"": 1, ""sources"": [""RGD""], ""weight"": 0.4}, ""inferred"": {""count"": 0, ""sources"": [], ""weight"": 0.0}, ""literature"": {""publications"": 0, ""sources"": [], ""weight"": 0.0}, ""models"": {""count"": 0, ""sources"": [], ""weight"": 0.0}}, ""total"": 0.4}]"	0	0	0	0	0		DisGeNET	medium_confidence	score>=0.3	https://api.disgenet.com/api/v1/gda/summary	disease=UMLS_C0023890	2026-06-23T13:42:41.932547+00:00
DISGENET_ASSOC:VgtieJ4BZ4eu0iZedbNc	1586	CYP17A1	UMLS:C0400966	C0400966	NAFLD	1	VgtieJ4BZ4eu0iZedbNc	0.4	0.25806451612903225	1	2005	2005	1.0		"[{""components"": {""biobank"": null, ""clinical"": {""count"": 0, ""sources"": [], ""weight"": 0.0}, ""curated"": {""count"": 1, ""sources"": [""RGD""], ""weight"": 0.4}, ""inferred"": {""count"": 0, ""sources"": [], ""weight"": 0.0}, ""literature"": {""publications"": 0, ""sources"": [], ""weight"": 0.0}, ""models"": {""count"": 0, ""sources"": [], ""weight"": 0.0}}, ""total"": 0.4}]"	0	0	0	0	0		DisGeNET	medium_confidence	score>=0.3	https://api.disgenet.com/api/v1/gda/summary	disease=UMLS_C0400966	2026-06-23T13:42:41.932547+00:00
DISGENET_ASSOC:VgtieJ4BZ4eu0iZedbRc	2350	FOLR2	UMLS:C0400966	C0400966	NAFLD	1	VgtieJ4BZ4eu0iZedbRc	0.4	0.25806451612903225	1	2019	2019	1.0		"[{""components"": {""biobank"": null, ""clinical"": {""count"": 0, ""sources"": [], ""weight"": 0.0}, ""curated"": {""count"": 1, ""sources"": [""RGD""], ""weight"": 0.4}, ""inferred"": {""count"": 0, ""sources"": [], ""weight"": 0.0}, ""literature"": {""publications"": 0, ""sources"": [], ""weight"": 0.0}, ""models"": {""count"": 0, ""sources"": [], ""weight"": 0.0}}, ""total"": 0.4}]"	0	0	0	0	0		DisGeNET	medium_confidence	score>=0.3	https://api.disgenet.com/api/v1/gda/summary	disease=UMLS_C0400966	2026-06-23T13:42:41.932547+00:00
DISGENET_ASSOC:VwCadp4BZ4eu0iZePAcc	2222	FDFT1	UMLS:C2239176	C2239176	HCC	5	VwCadp4BZ4eu0iZePAcc	0.6	0.3870967741935484	3	2011	2025	1.0		"[{""components"": {""biobank"": null, ""clinical"": {""count"": 0, ""sources"": [], ""weight"": 0.0}, ""curated"": {""count"": 1, ""sources"": [""RGD""], ""weight"": 0.4}, ""inferred"": {""count"": 0, ""sources"": [], ""weight"": 0.0}, ""literature"": {""publications"": 2, ""sources"": [""TEXTMINING_HUMAN""], ""weight"": 0.2}, ""models"": {""count"": 0, ""sources"": [], ""weight"": 0.0}}, ""total"": 0.6000000000000001}]"	0	0	1	1	0	"[{""chemID"": ""CHEMBL1258080"", ""chemPrefName"": ""BILE ACID"", ""chemVocabCrossreferences"": [""CHEMBL_CHEMBL1258080"", ""PUBCHEM_17755104""], ""numPublicationsWithChemInEvidence"": 1, ""pmidsWithChemInEvidence"": [""39899681""]}]"	DisGeNET	medium_confidence	score>=0.3	https://api.disgenet.com/api/v1/gda/summary	disease=UMLS_C2239176	2026-06-23T13:42:41.932547+00:00
DISGENET_ASSOC:VwHcdp4BZ4eu0iZezuk5	5428	POLG	UMLS:C2239176	C2239176	HCC	5	VwHcdp4BZ4eu0iZezuk5	0.55	0.3548387096774194	1	2017	2017	1.0		"[{""components"": {""biobank"": null, ""clinical"": {""count"": 0, ""sources"": [], ""weight"": 0.0}, ""curated"": {""count"": 1, ""sources"": [""MGD_HUMAN""], ""weight"": 0.4}, ""inferred"": {""count"": 0, ""sources"": [], ""weight"": 0.0}, ""literature"": {""publications"": 1, ""sources"": [""TEXTMINING_HUMAN""], ""weight"": 0.1}, ""models"": {""count"": 1, ""sources"": [""RGD_RAT""], ""weight"": 0.05}}, ""total"": 0.55}]"	2	0	0	0	0		DisGeNET	medium_confidence	score>=0.3	https://api.disgenet.com/api/v1/gda/summary	disease=UMLS_C2239176	2026-06-23T13:42:41.932547+00:00
DISGENET_ASSOC:W4jhdZ4Bu8jCkiVmGmMB	10231	RCAN2	UMLS:C3241937	C3241937	NASH	2	W4jhdZ4Bu8jCkiVmGmMB	0.4	0.25806451612903225	1	2025	2025	1.0		"[{""components"": {""biobank"": null, ""clinical"": {""count"": 0, ""sources"": [], ""weight"": 0.0}, ""curated"": {""count"": 1, ""sources"": [""RGD""], ""weight"": 0.4}, ""inferred"": {""count"": 0, ""sources"": [], ""weight"": 0.0}, ""literature"": {""publications"": 0, ""sources"": [], ""weight"": 0.0}, ""models"": {""count"": 0, ""sources"": [], ""weight"": 0.0}}, ""total"": 0.4}]"	0	0	0	0	0		DisGeNET	medium_confidence	score>=0.3	https://api.disgenet.com/api/v1/gda/summary	disease=UMLS_C3241937	2026-06-23T13:42:41.932547+00:00
DISGENET_ASSOC:WJJsdp4Bu8jCkiVmZoFn	151	ADRA2B	UMLS:C2239176	C2239176	HCC	5	WJJsdp4Bu8jCkiVmZoFn	0.4	0.25806451612903225	1	2017	2017	1.0		"[{""components"": {""biobank"": null, ""clinical"": {""count"": 0, ""sources"": [], ""weight"": 0.0}, ""curated"": {""count"": 1, ""sources"": [""RGD""], ""weight"": 0.4}, ""inferred"": {""count"": 0, ""sources"": [], ""weight"": 0.0}, ""literature"": {""publications"": 0, ""sources"": [], ""weight"": 0.0}, ""models"": {""count"": 0, ""sources"": [], ""weight"": 0.0}}, ""total"": 0.4}]"	0	0	0	0	0		DisGeNET	medium_confidence	score>=0.3	https://api.disgenet.com/api/v1/gda/summary	disease=UMLS_C2239176	2026-06-23T13:42:41.932547+00:00
DISGENET_ASSOC:WRlEep4BZ4eu0iZexgPV	7019	TFAM	UMLS:C0023890	C0023890	Cirrhosis	4	WRlEep4BZ4eu0iZexgPV	0.45	0.2903225806451613	1	2024	2024	1.0		"[{""components"": {""biobank"": null, ""clinical"": {""count"": 0, ""sources"": [], ""weight"": 0.0}, ""curated"": {""count"": 1, ""sources"": [""RGD""], ""weight"": 0.4}, ""inferred"": {""count"": 1, ""sources"": [""HPO""], ""weight"": 0.05}, ""literature"": {""publications"": 0, ""sources"": [], ""weight"": 0.0}, ""models"": {""count"": 0, ""sources"": [], ""weight"": 0.0}}, ""total"": 0.45}]"	0	0	0	0	0		DisGeNET	medium_confidence	score>=0.3	https://api.disgenet.com/api/v1/gda/summary	disease=UMLS_C0023890	2026-06-23T13:42:41.932547+00:00
DISGENET_ASSOC:WVThdZ4BHkeZZb25KHcf	5166	PDK4	UMLS:C3241937	C3241937	NASH	2	WVThdZ4BHkeZZb25KHcf	0.4	0.25806451612903225	1	2018	2018	1.0		"[{""components"": {""biobank"": null, ""clinical"": {""count"": 0, ""sources"": [], ""weight"": 0.0}, ""curated"": {""count"": 1, ""sources"": [""RGD""], ""weight"": 0.4}, ""inferred"": {""count"": 0, ""sources"": [], ""weight"": 0.0}, ""literature"": {""publications"": 0, ""sources"": [], ""weight"": 0.0}, ""models"": {""count"": 0, ""sources"": [], ""weight"": 0.0}}, ""total"": 0.4}]"	0	0	0	0	0		DisGeNET	medium_confidence	score>=0.3	https://api.disgenet.com/api/v1/gda/summary	disease=UMLS_C3241937	2026-06-23T13:42:41.932547+00:00
DISGENET_ASSOC:WVmYdp4BHkeZZb255GxI	325	APCS	UMLS:C2239176	C2239176	HCC	5	WVmYdp4BHkeZZb255GxI	0.5	0.3225806451612903	2	2009	2014	1.0		"[{""components"": {""biobank"": null, ""clinical"": {""count"": 0, ""sources"": [], ""weight"": 0.0}, ""curated"": {""count"": 1, ""sources"": [""RGD""], ""weight"": 0.4}, ""inferred"": {""count"": 0, ""sources"": [], ""weight"": 0.0}, ""literature"": {""publications"": 1, ""sources"": [""TEXTMINING_HUMAN""], ""weight"": 0.1}, ""models"": {""count"": 0, ""sources"": [], ""weight"": 0.0}}, ""total"": 0.5}]"	0	0	0	0	0		DisGeNET	medium_confidence	score>=0.3	https://api.disgenet.com/api/v1/gda/summary	disease=UMLS_C2239176	2026-06-23T13:42:41.932547+00:00
DISGENET_ASSOC:WdYjep4Bu8jCkiVmXhA8	10631	POSTN	UMLS:C0023890	C0023890	Cirrhosis	4	WdYjep4Bu8jCkiVmXhA8	0.6	0.3870967741935484	3	2011	2020	1.0		"[{""components"": {""biobank"": null, ""clinical"": {""count"": 0, ""sources"": [], ""weight"": 0.0}, ""curated"": {""count"": 1, ""sources"": [""RGD""], ""weight"": 0.4}, ""inferred"": {""count"": 0, ""sources"": [], ""weight"": 0.0}, ""literature"": {""publications"": 2, ""sources"": [""TEXTMINING_HUMAN""], ""weight"": 0.2}, ""models"": {""count"": 0, ""sources"": [], ""weight"": 0.0}}, ""total"": 0.6000000000000001}]"	0	0	0	0	0		DisGeNET	medium_confidence	score>=0.3	https://api.disgenet.com/api/v1/gda/summary	disease=UMLS_C0023890	2026-06-23T13:42:41.932547+00:00
DISGENET_ASSOC:WgCadp4BZ4eu0iZePAkd	25891	PAMR1	UMLS:C2239176	C2239176	HCC	5	WgCadp4BZ4eu0iZePAkd	0.4	0.25806451612903225	1	2017	2017	1.0		"[{""components"": {""biobank"": null, ""clinical"": {""count"": 0, ""sources"": [], ""weight"": 0.0}, ""curated"": {""count"": 1, ""sources"": [""RGD""], ""weight"": 0.4}, ""inferred"": {""count"": 0, ""sources"": [], ""weight"": 0.0}, ""literature"": {""publications"": 0, ""sources"": [], ""weight"": 0.0}, ""models"": {""count"": 0, ""sources"": [], ""weight"": 0.0}}, ""total"": 0.4}]"	0	0	0	0	0		DisGeNET	medium_confidence	score>=0.3	https://api.disgenet.com/api/v1/gda/summary	disease=UMLS_C2239176	2026-06-23T13:42:41.932547+00:00
DISGENET_ASSOC:WojhdZ4Bu8jCkiVmGmMB	10221	TRIB1	UMLS:C3241937	C3241937	NASH	2	WojhdZ4Bu8jCkiVmGmMB	0.4	0.25806451612903225	1	2022	2022	1.0		"[{""components"": {""biobank"": null, ""clinical"": {""count"": 0, ""sources"": [], ""weight"": 0.0}, ""curated"": {""count"": 1, ""sources"": [""RGD""], ""weight"": 0.4}, ""inferred"": {""count"": 0, ""sources"": [], ""weight"": 0.0}, ""literature"": {""publications"": 0, ""sources"": [], ""weight"": 0.0}, ""models"": {""count"": 0, ""sources"": [], ""weight"": 0.0}}, ""total"": 0.4}]"	0	0	0	0	0		DisGeNET	medium_confidence	score>=0.3	https://api.disgenet.com/api/v1/gda/summary	disease=UMLS_C3241937	2026-06-23T13:42:41.932547+00:00
DISGENET_ASSOC:WxlEep4BZ4eu0iZexgPV	7035	TFPI	UMLS:C0023890	C0023890	Cirrhosis	4	WxlEep4BZ4eu0iZexgPV	0.55	0.3548387096774194	1	2013	2013	0.0		"[{""components"": {""biobank"": null, ""clinical"": {""count"": 0, ""sources"": [], ""weight"": 0.0}, ""curated"": {""count"": 1, ""sources"": [""MGD_HUMAN""], ""weight"": 0.4}, ""inferred"": {""count"": 0, ""sources"": [], ""weight"": 0.0}, ""literature"": {""publications"": 1, ""sources"": [""TEXTMINING_HUMAN""], ""weight"": 0.1}, ""models"": {""count"": 1, ""sources"": [""RGD_RAT""], ""weight"": 0.05}}, ""total"": 0.55}]"	0	0	0	0	0		DisGeNET	medium_confidence	score>=0.3	https://api.disgenet.com/api/v1/gda/summary	disease=UMLS_C0023890	2026-06-23T13:42:41.932547+00:00
DISGENET_ASSOC:X3Ekep4BHkeZZb25wK6C	4015	LOX	UMLS:C0023890	C0023890	Cirrhosis	4	X3Ekep4BHkeZZb25wK6C	0.5	0.3225806451612903	1	2016	2016	1.0		"[{""components"": {""biobank"": null, ""clinical"": {""count"": 1, ""sources"": [""CLINICALTRIALS""], ""weight"": 0.1}, ""curated"": {""count"": 1, ""sources"": [""RGD""], ""weight"": 0.4}, ""inferred"": {""count"": 0, ""sources"": [], ""weight"": 0.0}, ""literature"": {""publications"": 0, ""sources"": [], ""weight"": 0.0}, ""models"": {""count"": 0, ""sources"": [], ""weight"": 0.0}}, ""total"": 0.5}]"	0	1	1	0	1	"[{""chemID"": ""CHEMBL2109667"", ""chemPrefName"": ""Simtuzumab"", ""chemVocabCrossreferences"": [""CHEMBL_CHEMBL2109667"", ""DRUGBANK_DB12152"", ""MESH_C000613471""], ""numPublicationsWithChemInEvidence"": 1, ""pmidsWithChemInEvidence"": []}]"	DisGeNET	medium_confidence	score>=0.3	https://api.disgenet.com/api/v1/gda/summary	disease=UMLS_C0023890	2026-06-23T13:42:41.932547+00:00
DISGENET_ASSOC:XHEkep4BHkeZZb25wK-C	5118	PCOLCE	UMLS:C0023890	C0023890	Cirrhosis	4	XHEkep4BHkeZZb25wK-C	0.4	0.25806451612903225	1	2016	2016	1.0		"[{""components"": {""biobank"": null, ""clinical"": {""count"": 0, ""sources"": [], ""weight"": 0.0}, ""curated"": {""count"": 1, ""sources"": [""RGD""], ""weight"": 0.4}, ""inferred"": {""count"": 0, ""sources"": [], ""weight"": 0.0}, ""literature"": {""publications"": 0, ""sources"": [], ""weight"": 0.0}, ""models"": {""count"": 0, ""sources"": [], ""weight"": 0.0}}, ""total"": 0.4}]"	0	0	0	0	0		DisGeNET	medium_confidence	score>=0.3	https://api.disgenet.com/api/v1/gda/summary	disease=UMLS_C0023890	2026-06-23T13:42:41.932547+00:00
DISGENET_ASSOC:XJzzdp4Bu8jCkiVm_xfz	79574	EPS8L3	UMLS:C2239176	C2239176	HCC	5	XJzzdp4Bu8jCkiVm_xfz	0.6	0.3870967741935484	4	2017	2024	1.0		"[{""components"": {""biobank"": null, ""clinical"": {""count"": 0, ""sources"": [], ""weight"": 0.0}, ""curated"": {""count"": 1, ""sources"": [""RGD""], ""weight"": 0.4}, ""inferred"": {""count"": 0, ""sources"": [], ""weight"": 0.0}, ""literature"": {""publications"": 3, ""sources"": [""TEXTMINING_HUMAN""], ""weight"": 0.2}, ""models"": {""count"": 0, ""sources"": [], ""weight"": 0.0}}, ""total"": 0.6000000000000001}]"	0	0	0	0	0		DisGeNET	medium_confidence	score>=0.3	https://api.disgenet.com/api/v1/gda/summary	disease=UMLS_C2239176	2026-06-23T13:42:41.932547+00:00
DISGENET_ASSOC:XRlEep4BZ4eu0iZexgTV	9043	SPAG9	UMLS:C0023890	C0023890	Cirrhosis	4	XRlEep4BZ4eu0iZexgTV	0.65	0.41935483870967744	2	2017	2017	0.5		"[{""components"": {""biobank"": null, ""clinical"": {""count"": 0, ""sources"": [], ""weight"": 0.0}, ""curated"": {""count"": 1, ""sources"": [""MGD_HUMAN""], ""weight"": 0.4}, ""inferred"": {""count"": 0, ""sources"": [], ""weight"": 0.0}, ""literature"": {""publications"": 2, ""sources"": [""TEXTMINING_HUMAN""], ""weight"": 0.2}, ""models"": {""count"": 1, ""sources"": [""RGD_RAT""], ""weight"": 0.05}}, ""total"": 0.65}]"	0	0	0	0	0		DisGeNET	medium_confidence	score>=0.3	https://api.disgenet.com/api/v1/gda/summary	disease=UMLS_C0023890	2026-06-23T13:42:41.932547+00:00
DISGENET_ASSOC:XXEkep4BHkeZZb25wKyC	196	AHR	UMLS:C0023890	C0023890	Cirrhosis	4	XXEkep4BHkeZZb25wKyC	0.5	0.3225806451612903	2	2018	2019	1.0		"[{""components"": {""biobank"": null, ""clinical"": {""count"": 0, ""sources"": [], ""weight"": 0.0}, ""curated"": {""count"": 1, ""sources"": [""RGD""], ""weight"": 0.4}, ""inferred"": {""count"": 0, ""sources"": [], ""weight"": 0.0}, ""literature"": {""publications"": 1, ""sources"": [""TEXTMINING_HUMAN""], ""weight"": 0.1}, ""models"": {""count"": 0, ""sources"": [], ""weight"": 0.0}}, ""total"": 0.5}]"	0	0	0	0	0		DisGeNET	medium_confidence	score>=0.3	https://api.disgenet.com/api/v1/gda/summary	disease=UMLS_C0023890	2026-06-23T13:42:41.932547+00:00
DISGENET_ASSOC:XZJsdp4Bu8jCkiVmZoBn	129994371	LOC129994371	UMLS:C2239176	C2239176	HCC	5	XZJsdp4Bu8jCkiVmZoBn	0.4	0.25806451612903225	0					"[{""components"": {""biobank"": null, ""clinical"": {""count"": 0, ""sources"": [], ""weight"": 0.0}, ""curated"": {""count"": 1, ""sources"": [""CLINVAR""], ""weight"": 0.4}, ""inferred"": {""count"": 0, ""sources"": [], ""weight"": 0.0}, ""literature"": {""publications"": 0, ""sources"": [], ""weight"": 0.0}, ""models"": {""count"": 0, ""sources"": [], ""weight"": 0.0}}, ""total"": 0.4}]"	0	0	0	0	0		DisGeNET	medium_confidence	score>=0.3	https://api.disgenet.com/api/v1/gda/summary	disease=UMLS_C2239176	2026-06-23T13:42:41.932547+00:00
DISGENET_ASSOC:XlThdZ4BHkeZZb25KHcf	5176	SERPINF1	UMLS:C3241937	C3241937	NASH	2	XlThdZ4BHkeZZb25KHcf	0.65	0.41935483870967744	3	2015	2018	1.0		"[{""components"": {""biobank"": null, ""clinical"": {""count"": 0, ""sources"": [], ""weight"": 0.0}, ""curated"": {""count"": 1, ""sources"": [""MGD_HUMAN""], ""weight"": 0.4}, ""inferred"": {""count"": 0, ""sources"": [], ""weight"": 0.0}, ""literature"": {""publications"": 2, ""sources"": [""TEXTMINING_HUMAN""], ""weight"": 0.2}, ""models"": {""count"": 1, ""sources"": [""RGD_RAT""], ""weight"": 0.05}}, ""total"": 0.65}]"	0	0	0	0	0		DisGeNET	medium_confidence	score>=0.3	https://api.disgenet.com/api/v1/gda/summary	disease=UMLS_C3241937	2026-06-23T13:42:41.932547+00:00
DISGENET_ASSOC:XpJsdp4Bu8jCkiVmZoBn	129997612	LOC129997612	UMLS:C2239176	C2239176	HCC	5	XpJsdp4Bu8jCkiVmZoBn	0.4	0.25806451612903225	0					"[{""components"": {""biobank"": null, ""clinical"": {""count"": 0, ""sources"": [], ""weight"": 0.0}, ""curated"": {""count"": 1, ""sources"": [""CLINVAR""], ""weight"": 0.4}, ""inferred"": {""count"": 0, ""sources"": [], ""weight"": 0.0}, ""literature"": {""publications"": 0, ""sources"": [], ""weight"": 0.0}, ""models"": {""count"": 0, ""sources"": [], ""weight"": 0.0}}, ""total"": 0.4}]"	0	0	0	0	0		DisGeNET	medium_confidence	score>=0.3	https://api.disgenet.com/api/v1/gda/summary	disease=UMLS_C2239176	2026-06-23T13:42:41.932547+00:00
DISGENET_ASSOC:XrVbeJ4Bu8jCkiVmRE7c	5578	PRKCA	UMLS:C0400966	C0400966	NAFLD	1	XrVbeJ4Bu8jCkiVmRE7c	0.65	0.41935483870967744	3	2016	2022	1.0		"[{""components"": {""biobank"": null, ""clinical"": {""count"": 0, ""sources"": [], ""weight"": 0.0}, ""curated"": {""count"": 1, ""sources"": [""RGD""], ""weight"": 0.4}, ""inferred"": {""count"": 0, ""sources"": [], ""weight"": 0.0}, ""literature"": {""publications"": 2, ""sources"": [""TEXTMINING_HUMAN"", ""TEXTMINING_MODELS""], ""weight"": 0.2}, ""models"": {""count"": 1, ""sources"": [""TEXTMINING_MODELS""], ""weight"": 0.05}}, ""total"": 0.65}]"	0	0	0	0	0		DisGeNET	medium_confidence	score>=0.3	https://api.disgenet.com/api/v1/gda/summary	disease=UMLS_C0400966	2026-06-23T13:42:41.932547+00:00
DISGENET_ASSOC:XrVbeJ4Bu8jCkiVmREzc	3717	JAK2	UMLS:C0400966	C0400966	NAFLD	1	XrVbeJ4Bu8jCkiVmREzc	0.7	0.4516129032258064	4	2008	2019	1.0		"[{""components"": {""biobank"": null, ""clinical"": {""count"": 0, ""sources"": [], ""weight"": 0.0}, ""curated"": {""count"": 1, ""sources"": [""RGD""], ""weight"": 0.4}, ""inferred"": {""count"": 0, ""sources"": [], ""weight"": 0.0}, ""literature"": {""publications"": 2, ""sources"": [""TEXTMINING_MODELS""], ""weight"": 0.2}, ""models"": {""count"": 2, ""sources"": [""TEXTMINING_MODELS"", ""RGD_RAT""], ""weight"": 0.1}}, ""total"": 0.7}]"	0	0	0	0	0		DisGeNET	medium_confidence	score>=0.3	https://api.disgenet.com/api/v1/gda/summary	disease=UMLS_C0400966	2026-06-23T13:42:41.932547+00:00
DISGENET_ASSOC:XwCadp4BZ4eu0iZePAYc	1951	CELSR3	UMLS:C2239176	C2239176	HCC	5	XwCadp4BZ4eu0iZePAYc	0.6	0.3870967741935484	4	2017	2020	1.0		"[{""components"": {""biobank"": null, ""clinical"": {""count"": 0, ""sources"": [], ""weight"": 0.0}, ""curated"": {""count"": 1, ""sources"": [""RGD""], ""weight"": 0.4}, ""inferred"": {""count"": 0, ""sources"": [], ""weight"": 0.0}, ""literature"": {""publications"": 3, ""sources"": [""TEXTMINING_HUMAN""], ""weight"": 0.2}, ""models"": {""count"": 0, ""sources"": [], ""weight"": 0.0}}, ""total"": 0.6000000000000001}]"	0	0	0	0	0		DisGeNET	medium_confidence	score>=0.3	https://api.disgenet.com/api/v1/gda/summary	disease=UMLS_C2239176	2026-06-23T13:42:41.932547+00:00
DISGENET_ASSOC:XwtieJ4BZ4eu0iZedbJc	10935	PRDX3	UMLS:C0400966	C0400966	NAFLD	1	XwtieJ4BZ4eu0iZedbJc	0.5	0.3225806451612903	1	2021	2021	1.0		"[{""components"": {""biobank"": null, ""clinical"": {""count"": 0, ""sources"": [], ""weight"": 0.0}, ""curated"": {""count"": 1, ""sources"": [""RGD""], ""weight"": 0.4}, ""inferred"": {""count"": 0, ""sources"": [], ""weight"": 0.0}, ""literature"": {""publications"": 1, ""sources"": [""TEXTMINING_HUMAN""], ""weight"": 0.1}, ""models"": {""count"": 0, ""sources"": [], ""weight"": 0.0}}, ""total"": 0.5}]"	0	0	1	1	0	"[{""chemID"": ""CHEMBL218693"", ""chemPrefName"": ""CARNOSOL"", ""chemVocabCrossreferences"": [""CHEMBL_CHEMBL218693"", ""CHEBI_3429"", ""MESH_C068623"", ""PUBCHEM_442009""], ""numPublicationsWithChemInEvidence"": 1, ""pmidsWithChemInEvidence"": [""34678374""]}]"	DisGeNET	medium_confidence	score>=0.3	https://api.disgenet.com/api/v1/gda/summary	disease=UMLS_C0400966	2026-06-23T13:42:41.932547+00:00
DISGENET_ASSOC:Y7VbeJ4Bu8jCkiVmRE7c	5580	PRKCD	UMLS:C0400966	C0400966	NAFLD	1	Y7VbeJ4Bu8jCkiVmRE7c	0.7	0.4516129032258064	4	2014	2022	1.0		"[{""components"": {""biobank"": null, ""clinical"": {""count"": 0, ""sources"": [], ""weight"": 0.0}, ""curated"": {""count"": 1, ""sources"": [""RGD""], ""weight"": 0.4}, ""inferred"": {""count"": 1, ""sources"": [""GWASCAT""], ""weight"": 0.05}, ""literature"": {""publications"": 2, ""sources"": [""TEXTMINING_HUMAN"", ""TEXTMINING_MODELS""], ""weight"": 0.2}, ""models"": {""count"": 1, ""sources"": [""TEXTMINING_MODELS""], ""weight"": 0.05}}, ""total"": 0.7}]"	1	0	0	0	0		DisGeNET	medium_confidence	score>=0.3	https://api.disgenet.com/api/v1/gda/summary	disease=UMLS_C0400966	2026-06-23T13:42:41.932547+00:00
DISGENET_ASSOC:YACadp4BZ4eu0iZePAkd	25903	OLFML2B	UMLS:C2239176	C2239176	HCC	5	YACadp4BZ4eu0iZePAkd	0.6	0.3870967741935484	4	2017	2025	1.0		"[{""components"": {""biobank"": null, ""clinical"": {""count"": 0, ""sources"": [], ""weight"": 0.0}, ""curated"": {""count"": 1, ""sources"": [""RGD""], ""weight"": 0.4}, ""inferred"": {""count"": 0, ""sources"": [], ""weight"": 0.0}, ""literature"": {""publications"": 3, ""sources"": [""TEXTMINING_HUMAN""], ""weight"": 0.2}, ""models"": {""count"": 0, ""sources"": [], ""weight"": 0.0}}, ""total"": 0.6000000000000001}]"	0	0	0	0	0		DisGeNET	medium_confidence	score>=0.3	https://api.disgenet.com/api/v1/gda/summary	disease=UMLS_C2239176	2026-06-23T13:42:41.932547+00:00
DISGENET_ASSOC:YHEkep4BHkeZZb25wK6C	4016	LOXL1	UMLS:C0023890	C0023890	Cirrhosis	4	YHEkep4BHkeZZb25wK6C	0.5	0.3225806451612903	1	2018	2018	1.0		"[{""components"": {""biobank"": null, ""clinical"": {""count"": 1, ""sources"": [""CLINICALTRIALS""], ""weight"": 0.1}, ""curated"": {""count"": 1, ""sources"": [""RGD""], ""weight"": 0.4}, ""inferred"": {""count"": 0, ""sources"": [], ""weight"": 0.0}, ""literature"": {""publications"": 0, ""sources"": [], ""weight"": 0.0}, ""models"": {""count"": 0, ""sources"": [], ""weight"": 0.0}}, ""total"": 0.5}]"	0	1	1	0	1	"[{""chemID"": ""CHEMBL2109667"", ""chemPrefName"": ""Simtuzumab"", ""chemVocabCrossreferences"": [""CHEMBL_CHEMBL2109667"", ""DRUGBANK_DB12152"", ""MESH_C000613471""], ""numPublicationsWithChemInEvidence"": 1, ""pmidsWithChemInEvidence"": []}]"	DisGeNET	medium_confidence	score>=0.3	https://api.disgenet.com/api/v1/gda/summary	disease=UMLS_C0023890	2026-06-23T13:42:41.932547+00:00
DISGENET_ASSOC:YJzzdp4Bu8jCkiVm_xby	7325	UBE2E2	UMLS:C2239176	C2239176	HCC	5	YJzzdp4Bu8jCkiVm_xby	0.4	0.25806451612903225	1	2017	2017	1.0		"[{""components"": {""biobank"": null, ""clinical"": {""count"": 0, ""sources"": [], ""weight"": 0.0}, ""curated"": {""count"": 1, ""sources"": [""RGD""], ""weight"": 0.4}, ""inferred"": {""count"": 0, ""sources"": [], ""weight"": 0.0}, ""literature"": {""publications"": 0, ""sources"": [], ""weight"": 0.0}, ""models"": {""count"": 0, ""sources"": [], ""weight"": 0.0}}, ""total"": 0.4}]"	0	0	0	0	0		DisGeNET	medium_confidence	score>=0.3	https://api.disgenet.com/api/v1/gda/summary	disease=UMLS_C2239176	2026-06-23T13:42:41.932547+00:00
DISGENET_ASSOC:YhlEep4BZ4eu0iZexgPV	7046	TGFBR1	UMLS:C0023890	C0023890	Cirrhosis	4	YhlEep4BZ4eu0iZexgPV	0.65	0.41935483870967744	3	2006	2025	1.0		"[{""components"": {""biobank"": null, ""clinical"": {""count"": 0, ""sources"": [], ""weight"": 0.0}, ""curated"": {""count"": 1, ""sources"": [""RGD""], ""weight"": 0.4}, ""inferred"": {""count"": 0, ""sources"": [], ""weight"": 0.0}, ""literature"": {""publications"": 2, ""sources"": [""TEXTMINING_MODELS""], ""weight"": 0.2}, ""models"": {""count"": 1, ""sources"": [""TEXTMINING_MODELS""], ""weight"": 0.05}}, ""total"": 0.65}]"	0	0	0	0	0		DisGeNET	medium_confidence	score>=0.3	https://api.disgenet.com/api/v1/gda/summary	disease=UMLS_C0023890	2026-06-23T13:42:41.932547+00:00
DISGENET_ASSOC:YnEkep4BHkeZZb25wK2C	2952	GSTT1	UMLS:C0023890	C0023890	Cirrhosis	4	YnEkep4BHkeZZb25wK2C	0.65	0.41935483870967744	4	2004	2021	0.75		"[{""components"": {""biobank"": null, ""clinical"": {""count"": 0, ""sources"": [], ""weight"": 0.0}, ""curated"": {""count"": 1, ""sources"": [""MGD_HUMAN""], ""weight"": 0.4}, ""inferred"": {""count"": 0, ""sources"": [], ""weight"": 0.0}, ""literature"": {""publications"": 3, ""sources"": [""TEXTMINING_HUMAN""], ""weight"": 0.2}, ""models"": {""count"": 1, ""sources"": [""RGD_RAT""], ""weight"": 0.05}}, ""total"": 0.65}]"	0	0	0	0	0		DisGeNET	medium_confidence	score>=0.3	https://api.disgenet.com/api/v1/gda/summary	disease=UMLS_C0023890	2026-06-23T13:42:41.932547+00:00
DISGENET_ASSOC:YnEkep4BHkeZZb25wKyC	2	A2M	UMLS:C0023890	C0023890	Cirrhosis	4	YnEkep4BHkeZZb25wKyC	0.5	0.3225806451612903	1	2016	2016	1.0		"[{""components"": {""biobank"": null, ""clinical"": {""count"": 1, ""sources"": [""CLINICALTRIALS""], ""weight"": 0.1}, ""curated"": {""count"": 1, ""sources"": [""RGD""], ""weight"": 0.4}, ""inferred"": {""count"": 0, ""sources"": [], ""weight"": 0.0}, ""literature"": {""publications"": 0, ""sources"": [], ""weight"": 0.0}, ""models"": {""count"": 0, ""sources"": [], ""weight"": 0.0}}, ""total"": 0.5}]"	0	4	3	0	3	"[{""chemID"": ""CHEMBL107367"", ""chemPrefName"": ""Farglitazar"", ""chemVocabCrossreferences"": [""CHEMBL_CHEMBL107367"", ""CHEBI_229920"", ""DRUGBANK_DB19311"", ""MESH_C422415"", ""PUBCHEM_170364""], ""numPublicationsWithChemInEvidence"": 1, ""pmidsWithChemInEvidence"": []}, {""chemID"": ""CHEMBL1401"", ""chemPrefName"": ""Nitazoxanide"", ""chemVocabCrossreferences"": [""CHEMBL_CHEMBL1401"", ""CHEBI_94807"", ""DRUGBANK_DB00507"", ""MESH_C041747"", ""PUBCHEM_41684""], ""numPublicationsWithChemInEvidence"": 1, ""pmidsWithChemInEvidence"": []}, {""chemID"": ""CHEMBL2109667"", ""chemPrefName"": ""Simtuzumab"", ""chemVocabCrossreferences"": [""CHEMBL_CHEMBL2109667"", ""DRUGBANK_DB12152"", ""MESH_C000613471""], ""numPublicationsWithChemInEvidence"": 1, ""pmidsWithChemInEvidence"": []}]"	DisGeNET	medium_confidence	score>=0.3	https://api.disgenet.com/api/v1/gda/summary	disease=UMLS_C0023890	2026-06-23T13:42:41.932547+00:00
DISGENET_ASSOC:YwtieJ4BZ4eu0iZedbNc	1636	ACE	UMLS:C0400966	C0400966	NAFLD	1	YwtieJ4BZ4eu0iZedbNc	0.7	0.4516129032258064	3	2011	2016	0.6666666666666666		"[{""components"": {""biobank"": null, ""clinical"": {""count"": 1, ""sources"": [""CLINICALTRIALS""], ""weight"": 0.1}, ""curated"": {""count"": 1, ""sources"": [""RGD""], ""weight"": 0.4}, ""inferred"": {""count"": 0, ""sources"": [], ""weight"": 0.0}, ""literature"": {""publications"": 2, ""sources"": [""TEXTMINING_HUMAN""], ""weight"": 0.2}, ""models"": {""count"": 0, ""sources"": [], ""weight"": 0.0}}, ""total"": 0.7}]"	0	1	0	0	0		DisGeNET	medium_confidence	score>=0.3	https://api.disgenet.com/api/v1/gda/summary	disease=UMLS_C0400966	2026-06-23T13:42:41.932547+00:00
DISGENET_ASSOC:Z5e4dp4Bu8jCkiVmYbRt	3781	KCNN2	UMLS:C2239176	C2239176	HCC	5	Z5e4dp4Bu8jCkiVmYbRt	0.5	0.3225806451612903	2	2016	2017	1.0		"[{""components"": {""biobank"": null, ""clinical"": {""count"": 0, ""sources"": [], ""weight"": 0.0}, ""curated"": {""count"": 1, ""sources"": [""RGD""], ""weight"": 0.4}, ""inferred"": {""count"": 0, ""sources"": [], ""weight"": 0.0}, ""literature"": {""publications"": 1, ""sources"": [""TEXTMINING_HUMAN""], ""weight"": 0.1}, ""models"": {""count"": 0, ""sources"": [], ""weight"": 0.0}}, ""total"": 0.5}]"	0	0	0	0	0		DisGeNET	medium_confidence	score>=0.3	https://api.disgenet.com/api/v1/gda/summary	disease=UMLS_C2239176	2026-06-23T13:42:41.932547+00:00
DISGENET_ASSOC:ZACadp4BZ4eu0iZePAgd	23397	NCAPH	UMLS:C2239176	C2239176	HCC	5	ZACadp4BZ4eu0iZePAgd	0.5	0.3225806451612903	2	2017	2019	1.0		"[{""components"": {""biobank"": null, ""clinical"": {""count"": 0, ""sources"": [], ""weight"": 0.0}, ""curated"": {""count"": 1, ""sources"": [""RGD""], ""weight"": 0.4}, ""inferred"": {""count"": 0, ""sources"": [], ""weight"": 0.0}, ""literature"": {""publications"": 1, ""sources"": [""TEXTMINING_HUMAN""], ""weight"": 0.1}, ""models"": {""count"": 0, ""sources"": [], ""weight"": 0.0}}, ""total"": 0.5}]"	0	0	0	0	0		DisGeNET	medium_confidence	score>=0.3	https://api.disgenet.com/api/v1/gda/summary	disease=UMLS_C2239176	2026-06-23T13:42:41.932547+00:00
DISGENET_ASSOC:ZACadp4BZ4eu0iZePAkd	25913	POT1	UMLS:C2239176	C2239176	HCC	5	ZACadp4BZ4eu0iZePAkd	0.5	0.3225806451612903	1	2008	2008	1.0		"[{""components"": {""biobank"": null, ""clinical"": {""count"": 0, ""sources"": [], ""weight"": 0.0}, ""curated"": {""count"": 1, ""sources"": [""MGD_HUMAN""], ""weight"": 0.4}, ""inferred"": {""count"": 0, ""sources"": [], ""weight"": 0.0}, ""literature"": {""publications"": 1, ""sources"": [""TEXTMINING_HUMAN""], ""weight"": 0.1}, ""models"": {""count"": 0, ""sources"": [], ""weight"": 0.0}}, ""total"": 0.5}]"	0	0	0	0	0		DisGeNET	medium_confidence	score>=0.3	https://api.disgenet.com/api/v1/gda/summary	disease=UMLS_C2239176	2026-06-23T13:42:41.932547+00:00
DISGENET_ASSOC:ZAMUd54BZ4eu0iZe_Rgl	9343	EFTUD2	UMLS:C2239176	C2239176	HCC	5	ZAMUd54BZ4eu0iZe_Rgl	0.65	0.41935483870967744	3	2020	2025	1.0		"[{""components"": {""biobank"": null, ""clinical"": {""count"": 0, ""sources"": [], ""weight"": 0.0}, ""curated"": {""count"": 1, ""sources"": [""MGD_HUMAN""], ""weight"": 0.4}, ""inferred"": {""count"": 0, ""sources"": [], ""weight"": 0.0}, ""literature"": {""publications"": 3, ""sources"": [""TEXTMINING_HUMAN"", ""TEXTMINING_MODELS""], ""weight"": 0.2}, ""models"": {""count"": 1, ""sources"": [""TEXTMINING_MODELS""], ""weight"": 0.05}}, ""total"": 0.65}]"	0	0	0	0	0		DisGeNET	medium_confidence	score>=0.3	https://api.disgenet.com/api/v1/gda/summary	disease=UMLS_C2239176	2026-06-23T13:42:41.932547+00:00
DISGENET_ASSOC:ZIjhdZ4Bu8jCkiVmGmQB	2147	F2	UMLS:C3241937	C3241937	NASH	2	ZIjhdZ4Bu8jCkiVmGmQB	0.55	0.3548387096774194	2	2012	2020	1.0		"[{""components"": {""biobank"": null, ""clinical"": {""count"": 0, ""sources"": [], ""weight"": 0.0}, ""curated"": {""count"": 1, ""sources"": [""RGD""], ""weight"": 0.4}, ""inferred"": {""count"": 0, ""sources"": [], ""weight"": 0.0}, ""literature"": {""publications"": 1, ""sources"": [""TEXTMINING_MODELS""], ""weight"": 0.1}, ""models"": {""count"": 1, ""sources"": [""TEXTMINING_MODELS""], ""weight"": 0.05}}, ""total"": 0.55}]"	0	0	0	0	0		DisGeNET	medium_confidence	score>=0.3	https://api.disgenet.com/api/v1/gda/summary	disease=UMLS_C3241937	2026-06-23T13:42:41.932547+00:00
DISGENET_ASSOC:ZQCadp4BZ4eu0iZePAcc	2242	FES	UMLS:C2239176	C2239176	HCC	5	ZQCadp4BZ4eu0iZePAcc	0.5	0.3225806451612903	1	2019	2019	1.0		"[{""components"": {""biobank"": null, ""clinical"": {""count"": 0, ""sources"": [], ""weight"": 0.0}, ""curated"": {""count"": 1, ""sources"": [""MGD_HUMAN""], ""weight"": 0.4}, ""inferred"": {""count"": 0, ""sources"": [], ""weight"": 0.0}, ""literature"": {""publications"": 1, ""sources"": [""TEXTMINING_HUMAN""], ""weight"": 0.1}, ""models"": {""count"": 0, ""sources"": [], ""weight"": 0.0}}, ""total"": 0.5}]"	0	0	0	0	0		DisGeNET	medium_confidence	score>=0.3	https://api.disgenet.com/api/v1/gda/summary	disease=UMLS_C2239176	2026-06-23T13:42:41.932547+00:00
DISGENET_ASSOC:ZQMUd54BZ4eu0iZe_RUk	83854	ANGPTL6	UMLS:C2239176	C2239176	HCC	5	ZQMUd54BZ4eu0iZe_RUk	0.6	0.3870967741935484	3	2017	2022	1.0		"[{""components"": {""biobank"": null, ""clinical"": {""count"": 0, ""sources"": [], ""weight"": 0.0}, ""curated"": {""count"": 1, ""sources"": [""RGD""], ""weight"": 0.4}, ""inferred"": {""count"": 0, ""sources"": [], ""weight"": 0.0}, ""literature"": {""publications"": 2, ""sources"": [""TEXTMINING_HUMAN""], ""weight"": 0.2}, ""models"": {""count"": 0, ""sources"": [], ""weight"": 0.0}}, ""total"": 0.6000000000000001}]"	1	0	0	0	0		DisGeNET	medium_confidence	score>=0.3	https://api.disgenet.com/api/v1/gda/summary	disease=UMLS_C2239176	2026-06-23T13:42:41.932547+00:00
DISGENET_ASSOC:ZRlEep4BZ4eu0iZexgTV	9104	RGN	UMLS:C0023890	C0023890	Cirrhosis	4	ZRlEep4BZ4eu0iZexgTV	0.6	0.3870967741935484	2	2014	2018	1.0		"[{""components"": {""biobank"": null, ""clinical"": {""count"": 1, ""sources"": [""CLINICALTRIALS""], ""weight"": 0.1}, ""curated"": {""count"": 1, ""sources"": [""RGD""], ""weight"": 0.4}, ""inferred"": {""count"": 0, ""sources"": [], ""weight"": 0.0}, ""literature"": {""publications"": 1, ""sources"": [""TEXTMINING_HUMAN""], ""weight"": 0.1}, ""models"": {""count"": 0, ""sources"": [], ""weight"": 0.0}}, ""total"": 0.6}]"	0	1	0	0	0		DisGeNET	medium_confidence	score>=0.3	https://api.disgenet.com/api/v1/gda/summary	disease=UMLS_C0023890	2026-06-23T13:42:41.932547+00:00
DISGENET_ASSOC:ZVThdZ4BHkeZZb25KHcf	5244	ABCB4	UMLS:C3241937	C3241937	NASH	2	ZVThdZ4BHkeZZb25KHcf	0.4	0.25806451612903225	1	2010	2010	1.0		"[{""components"": {""biobank"": null, ""clinical"": {""count"": 0, ""sources"": [], ""weight"": 0.0}, ""curated"": {""count"": 1, ""sources"": [""RGD""], ""weight"": 0.4}, ""inferred"": {""count"": 0, ""sources"": [], ""weight"": 0.0}, ""literature"": {""publications"": 0, ""sources"": [], ""weight"": 0.0}, ""models"": {""count"": 0, ""sources"": [], ""weight"": 0.0}}, ""total"": 0.4}]"	0	0	0	0	0		DisGeNET	medium_confidence	score>=0.3	https://api.disgenet.com/api/v1/gda/summary	disease=UMLS_C3241937	2026-06-23T13:42:41.932547+00:00
DISGENET_ASSOC:ZVrTdp4BHkeZZb256Mc1	64651	CSRNP1	UMLS:C2239176	C2239176	HCC	5	ZVrTdp4BHkeZZb256Mc1	0.6	0.3870967741935484	3	2017	2025	1.0		"[{""components"": {""biobank"": null, ""clinical"": {""count"": 0, ""sources"": [], ""weight"": 0.0}, ""curated"": {""count"": 1, ""sources"": [""RGD""], ""weight"": 0.4}, ""inferred"": {""count"": 0, ""sources"": [], ""weight"": 0.0}, ""literature"": {""publications"": 2, ""sources"": [""TEXTMINING_HUMAN""], ""weight"": 0.2}, ""models"": {""count"": 0, ""sources"": [], ""weight"": 0.0}}, ""total"": 0.6000000000000001}]"	0	0	0	0	0		DisGeNET	medium_confidence	score>=0.3	https://api.disgenet.com/api/v1/gda/summary	disease=UMLS_C2239176	2026-06-23T13:42:41.932547+00:00
DISGENET_ASSOC:ZXEkep4BHkeZZb25wK6C	405	ARNT	UMLS:C0023890	C0023890	Cirrhosis	4	ZXEkep4BHkeZZb25wK6C	0.4	0.25806451612903225	1	2012	2012	1.0		"[{""components"": {""biobank"": null, ""clinical"": {""count"": 0, ""sources"": [], ""weight"": 0.0}, ""curated"": {""count"": 1, ""sources"": [""RGD""], ""weight"": 0.4}, ""inferred"": {""count"": 0, ""sources"": [], ""weight"": 0.0}, ""literature"": {""publications"": 0, ""sources"": [], ""weight"": 0.0}, ""models"": {""count"": 0, ""sources"": [], ""weight"": 0.0}}, ""total"": 0.4}]"	0	0	0	0	0		DisGeNET	medium_confidence	score>=0.3	https://api.disgenet.com/api/v1/gda/summary	disease=UMLS_C0023890	2026-06-23T13:42:41.932547+00:00
DISGENET_ASSOC:ZZJsdp4Bu8jCkiVmZn5m	10894	LYVE1	UMLS:C2239176	C2239176	HCC	5	ZZJsdp4Bu8jCkiVmZn5m	0.6	0.3870967741935484	3	2013	2023	1.0		"[{""components"": {""biobank"": null, ""clinical"": {""count"": 0, ""sources"": [], ""weight"": 0.0}, ""curated"": {""count"": 1, ""sources"": [""RGD""], ""weight"": 0.4}, ""inferred"": {""count"": 0, ""sources"": [], ""weight"": 0.0}, ""literature"": {""publications"": 2, ""sources"": [""TEXTMINING_HUMAN""], ""weight"": 0.2}, ""models"": {""count"": 0, ""sources"": [], ""weight"": 0.0}}, ""total"": 0.6000000000000001}]"	0	0	0	0	0		DisGeNET	medium_confidence	score>=0.3	https://api.disgenet.com/api/v1/gda/summary	disease=UMLS_C2239176	2026-06-23T13:42:41.932547+00:00
DISGENET_ASSOC:ZZJsdp4Bu8jCkiVmZn9n	114804	RNF157	UMLS:C2239176	C2239176	HCC	5	ZZJsdp4Bu8jCkiVmZn9n	0.5	0.3225806451612903	2	2017	2025	1.0		"[{""components"": {""biobank"": null, ""clinical"": {""count"": 0, ""sources"": [], ""weight"": 0.0}, ""curated"": {""count"": 1, ""sources"": [""RGD""], ""weight"": 0.4}, ""inferred"": {""count"": 0, ""sources"": [], ""weight"": 0.0}, ""literature"": {""publications"": 1, ""sources"": [""TEXTMINING_HUMAN""], ""weight"": 0.1}, ""models"": {""count"": 0, ""sources"": [], ""weight"": 0.0}}, ""total"": 0.5}]"	0	0	0	0	0		DisGeNET	medium_confidence	score>=0.3	https://api.disgenet.com/api/v1/gda/summary	disease=UMLS_C2239176	2026-06-23T13:42:41.932547+00:00
DISGENET_ASSOC:ZZJsdp4Bu8jCkiVmZoBn	1306	COL15A1	UMLS:C2239176	C2239176	HCC	5	ZZJsdp4Bu8jCkiVmZoBn	0.6	0.3870967741935484	4	2016	2023	1.0		"[{""components"": {""biobank"": null, ""clinical"": {""count"": 0, ""sources"": [], ""weight"": 0.0}, ""curated"": {""count"": 1, ""sources"": [""RGD""], ""weight"": 0.4}, ""inferred"": {""count"": 0, ""sources"": [], ""weight"": 0.0}, ""literature"": {""publications"": 3, ""sources"": [""TEXTMINING_HUMAN""], ""weight"": 0.2}, ""models"": {""count"": 0, ""sources"": [], ""weight"": 0.0}}, ""total"": 0.6000000000000001}]"	0	0	0	0	0		DisGeNET	medium_confidence	score>=0.3	https://api.disgenet.com/api/v1/gda/summary	disease=UMLS_C2239176	2026-06-23T13:42:41.932547+00:00
DISGENET_ASSOC:ZnEkep4BHkeZZb25wKyC	203286	ANKS6	UMLS:C0023890	C0023890	Cirrhosis	4	ZnEkep4BHkeZZb25wKyC	0.4	0.25806451612903225	1	2013	2013	1.0		"[{""components"": {""biobank"": null, ""clinical"": {""count"": 0, ""sources"": [], ""weight"": 0.0}, ""curated"": {""count"": 1, ""sources"": [""RGD""], ""weight"": 0.4}, ""inferred"": {""count"": 0, ""sources"": [], ""weight"": 0.0}, ""literature"": {""publications"": 0, ""sources"": [], ""weight"": 0.0}, ""models"": {""count"": 0, ""sources"": [], ""weight"": 0.0}}, ""total"": 0.4}]"	0	0	0	0	0		DisGeNET	medium_confidence	score>=0.3	https://api.disgenet.com/api/v1/gda/summary	disease=UMLS_C0023890	2026-06-23T13:42:41.932547+00:00
DISGENET_ASSOC:ZojhdZ4Bu8jCkiVmGmQB	216	ALDH1A1	UMLS:C3241937	C3241937	NASH	2	ZojhdZ4Bu8jCkiVmGmQB	0.5	0.3225806451612903	2	2018	2018	1.0		"[{""components"": {""biobank"": null, ""clinical"": {""count"": 0, ""sources"": [], ""weight"": 0.0}, ""curated"": {""count"": 1, ""sources"": [""RGD""], ""weight"": 0.4}, ""inferred"": {""count"": 0, ""sources"": [], ""weight"": 0.0}, ""literature"": {""publications"": 1, ""sources"": [""TEXTMINING_HUMAN""], ""weight"": 0.1}, ""models"": {""count"": 0, ""sources"": [], ""weight"": 0.0}}, ""total"": 0.5}]"	0	0	1	1	0	"[{""chemID"": ""CHEMBL38"", ""chemPrefName"": ""Tretinoin"", ""chemVocabCrossreferences"": [""CHEMBL_CHEMBL38"", ""CHEBI_15367"", ""DRUGBANK_DB00755"", ""MESH_D014212"", ""PUBCHEM_444795""], ""numPublicationsWithChemInEvidence"": 1, ""pmidsWithChemInEvidence"": [""30379862""]}]"	DisGeNET	medium_confidence	score>=0.3	https://api.disgenet.com/api/v1/gda/summary	disease=UMLS_C3241937	2026-06-23T13:42:41.932547+00:00
DISGENET_ASSOC:ZwMUd54BZ4eu0iZe_Rgl	9353	SLIT2	UMLS:C2239176	C2239176	HCC	5	ZwMUd54BZ4eu0iZe_Rgl	0.6	0.3870967741935484	3	2009	2025	1.0		"[{""components"": {""biobank"": null, ""clinical"": {""count"": 0, ""sources"": [], ""weight"": 0.0}, ""curated"": {""count"": 1, ""sources"": [""RGD""], ""weight"": 0.4}, ""inferred"": {""count"": 0, ""sources"": [], ""weight"": 0.0}, ""literature"": {""publications"": 3, ""sources"": [""TEXTMINING_HUMAN""], ""weight"": 0.2}, ""models"": {""count"": 0, ""sources"": [], ""weight"": 0.0}}, ""total"": 0.6000000000000001}]"	0	0	0	0	0		DisGeNET	medium_confidence	score>=0.3	https://api.disgenet.com/api/v1/gda/summary	disease=UMLS_C2239176	2026-06-23T13:42:41.932547+00:00
DISGENET_ASSOC:ZxlEep4BZ4eu0iZexgTV	91147	TMEM67	UMLS:C0023890	C0023890	Cirrhosis	4	ZxlEep4BZ4eu0iZexgTV	0.45	0.2903225806451613	1	2009	2009	1.0		"[{""components"": {""biobank"": null, ""clinical"": {""count"": 0, ""sources"": [], ""weight"": 0.0}, ""curated"": {""count"": 1, ""sources"": [""RGD""], ""weight"": 0.4}, ""inferred"": {""count"": 1, ""sources"": [""HPO""], ""weight"": 0.05}, ""literature"": {""publications"": 0, ""sources"": [], ""weight"": 0.0}, ""models"": {""count"": 0, ""sources"": [], ""weight"": 0.0}}, ""total"": 0.45}]"	0	0	0	0	0		DisGeNET	medium_confidence	score>=0.3	https://api.disgenet.com/api/v1/gda/summary	disease=UMLS_C0023890	2026-06-23T13:42:41.932547+00:00
DISGENET_ASSOC:_BlEep4BZ4eu0iZexgPV	81622	UNC93B1	UMLS:C0023890	C0023890	Cirrhosis	4	_BlEep4BZ4eu0iZexgPV	0.4	0.25806451612903225	1	2014	2014	1.0		"[{""components"": {""biobank"": null, ""clinical"": {""count"": 0, ""sources"": [], ""weight"": 0.0}, ""curated"": {""count"": 1, ""sources"": [""RGD""], ""weight"": 0.4}, ""inferred"": {""count"": 0, ""sources"": [], ""weight"": 0.0}, ""literature"": {""publications"": 0, ""sources"": [], ""weight"": 0.0}, ""models"": {""count"": 0, ""sources"": [], ""weight"": 0.0}}, ""total"": 0.4}]"	0	0	0	0	0		DisGeNET	medium_confidence	score>=0.3	https://api.disgenet.com/api/v1/gda/summary	disease=UMLS_C0023890	2026-06-23T13:42:41.932547+00:00
DISGENET_ASSOC:_Je4dp4Bu8jCkiVmYbZt	4552	MTRR	UMLS:C2239176	C2239176	HCC	5	_Je4dp4Bu8jCkiVmYbZt	0.65	0.41935483870967744	3	2008	2016	1.0		"[{""components"": {""biobank"": null, ""clinical"": {""count"": 0, ""sources"": [], ""weight"": 0.0}, ""curated"": {""count"": 1, ""sources"": [""MGD_HUMAN""], ""weight"": 0.4}, ""inferred"": {""count"": 0, ""sources"": [], ""weight"": 0.0}, ""literature"": {""publications"": 3, ""sources"": [""TEXTMINING_HUMAN""], ""weight"": 0.2}, ""models"": {""count"": 1, ""sources"": [""RGD_RAT""], ""weight"": 0.05}}, ""total"": 0.65}]"	3	0	1	1	0	"[{""chemID"": ""CHEMBL545"", ""chemPrefName"": ""Ethanol"", ""chemVocabCrossreferences"": [""CHEMBL_CHEMBL545"", ""CHEBI_16236"", ""DRUGBANK_DB00898"", ""MESH_D000431"", ""PUBCHEM_702""], ""numPublicationsWithChemInEvidence"": 1, ""pmidsWithChemInEvidence"": [""27803768""]}]"	DisGeNET	medium_confidence	score>=0.3	https://api.disgenet.com/api/v1/gda/summary	disease=UMLS_C2239176	2026-06-23T13:42:41.932547+00:00
DISGENET_ASSOC:_WVdeJ4BHkeZZb251kIx	8614	STC2	UMLS:C0400966	C0400966	NAFLD	1	_WVdeJ4BHkeZZb251kIx	0.4	0.25806451612903225	1	2014	2014	1.0		"[{""components"": {""biobank"": null, ""clinical"": {""count"": 0, ""sources"": [], ""weight"": 0.0}, ""curated"": {""count"": 1, ""sources"": [""RGD""], ""weight"": 0.4}, ""inferred"": {""count"": 0, ""sources"": [], ""weight"": 0.0}, ""literature"": {""publications"": 0, ""sources"": [], ""weight"": 0.0}, ""models"": {""count"": 0, ""sources"": [], ""weight"": 0.0}}, ""total"": 0.4}]"	0	0	0	0	0		DisGeNET	medium_confidence	score>=0.3	https://api.disgenet.com/api/v1/gda/summary	disease=UMLS_C0400966	2026-06-23T13:42:41.932547+00:00
DISGENET_ASSOC:_YjhdZ4Bu8jCkiVmGmMB	152831	KLB	UMLS:C3241937	C3241937	NASH	2	_YjhdZ4Bu8jCkiVmGmMB	0.4	0.25806451612903225	1	2018	2018	1.0		"[{""components"": {""biobank"": null, ""clinical"": {""count"": 0, ""sources"": [], ""weight"": 0.0}, ""curated"": {""count"": 1, ""sources"": [""RGD""], ""weight"": 0.4}, ""inferred"": {""count"": 0, ""sources"": [], ""weight"": 0.0}, ""literature"": {""publications"": 0, ""sources"": [], ""weight"": 0.0}, ""models"": {""count"": 0, ""sources"": [], ""weight"": 0.0}}, ""total"": 0.4}]"	0	0	0	0	0		DisGeNET	medium_confidence	score>=0.3	https://api.disgenet.com/api/v1/gda/summary	disease=UMLS_C3241937	2026-06-23T13:42:41.932547+00:00
DISGENET_ASSOC:_Ze4dp4Bu8jCkiVmYbRt	3954	LETM1	UMLS:C2239176	C2239176	HCC	5	_Ze4dp4Bu8jCkiVmYbRt	0.4	0.25806451612903225	1	2013	2013	1.0		"[{""components"": {""biobank"": null, ""clinical"": {""count"": 0, ""sources"": [], ""weight"": 0.0}, ""curated"": {""count"": 1, ""sources"": [""RGD""], ""weight"": 0.4}, ""inferred"": {""count"": 0, ""sources"": [], ""weight"": 0.0}, ""literature"": {""publications"": 0, ""sources"": [], ""weight"": 0.0}, ""models"": {""count"": 0, ""sources"": [], ""weight"": 0.0}}, ""total"": 0.4}]"	0	0	0	0	0		DisGeNET	medium_confidence	score>=0.3	https://api.disgenet.com/api/v1/gda/summary	disease=UMLS_C2239176	2026-06-23T13:42:41.932547+00:00
DISGENET_ASSOC:a4jhdZ4Bu8jCkiVmGmUB	3357	HTR2B	UMLS:C3241937	C3241937	NASH	2	a4jhdZ4Bu8jCkiVmGmUB	0.45	0.2903225806451613	1	2020	2020	1.0		"[{""components"": {""biobank"": null, ""clinical"": {""count"": 0, ""sources"": [], ""weight"": 0.0}, ""curated"": {""count"": 1, ""sources"": [""MGD_HUMAN""], ""weight"": 0.4}, ""inferred"": {""count"": 0, ""sources"": [], ""weight"": 0.0}, ""literature"": {""publications"": 0, ""sources"": [], ""weight"": 0.0}, ""models"": {""count"": 1, ""sources"": [""RGD_RAT""], ""weight"": 0.05}}, ""total"": 0.45}]"	0	0	0	0	0		DisGeNET	medium_confidence	score>=0.3	https://api.disgenet.com/api/v1/gda/summary	disease=UMLS_C3241937	2026-06-23T13:42:41.932547+00:00
DISGENET_ASSOC:aBlEep4BZ4eu0iZexgPV	7057	THBS1	UMLS:C0023890	C0023890	Cirrhosis	4	aBlEep4BZ4eu0iZexgPV	0.65	0.41935483870967744	3	2008	2022	1.0		"[{""components"": {""biobank"": null, ""clinical"": {""count"": 0, ""sources"": [], ""weight"": 0.0}, ""curated"": {""count"": 1, ""sources"": [""RGD""], ""weight"": 0.4}, ""inferred"": {""count"": 0, ""sources"": [], ""weight"": 0.0}, ""literature"": {""publications"": 3, ""sources"": [""TEXTMINING_HUMAN"", ""TEXTMINING_MODELS""], ""weight"": 0.2}, ""models"": {""count"": 1, ""sources"": [""TEXTMINING_MODELS""], ""weight"": 0.05}}, ""total"": 0.65}]"	0	0	1	1	0	"[{""chemID"": ""CHEMBL19019"", ""chemPrefName"": ""Naltrexone"", ""chemVocabCrossreferences"": [""CHEMBL_CHEMBL19019"", ""CHEBI_7465"", ""DRUGBANK_DB00704"", ""MESH_D009271"", ""PUBCHEM_5360515""], ""numPublicationsWithChemInEvidence"": 1, ""pmidsWithChemInEvidence"": [""35487305""]}]"	DisGeNET	medium_confidence	score>=0.3	https://api.disgenet.com/api/v1/gda/summary	disease=UMLS_C0023890	2026-06-23T13:42:41.932547+00:00
DISGENET_ASSOC:aJzzdp4Bu8jCkiVm_xby	7345	UCHL1	UMLS:C2239176	C2239176	HCC	5	aJzzdp4Bu8jCkiVm_xby	0.6	0.3870967741935484	4	2008	2018	1.0		"[{""components"": {""biobank"": null, ""clinical"": {""count"": 0, ""sources"": [], ""weight"": 0.0}, ""curated"": {""count"": 1, ""sources"": [""RGD""], ""weight"": 0.4}, ""inferred"": {""count"": 0, ""sources"": [], ""weight"": 0.0}, ""literature"": {""publications"": 4, ""sources"": [""TEXTMINING_HUMAN""], ""weight"": 0.2}, ""models"": {""count"": 0, ""sources"": [], ""weight"": 0.0}}, ""total"": 0.6000000000000001}]"	0	0	0	0	0		DisGeNET	medium_confidence	score>=0.3	https://api.disgenet.com/api/v1/gda/summary	disease=UMLS_C2239176	2026-06-23T13:42:41.932547+00:00
DISGENET_ASSOC:aVmYdp4BHkeZZb255GxI	3284	HSD3B2	UMLS:C2239176	C2239176	HCC	5	aVmYdp4BHkeZZb255GxI	0.4	0.25806451612903225	1	2009	2009	1.0		"[{""components"": {""biobank"": null, ""clinical"": {""count"": 0, ""sources"": [], ""weight"": 0.0}, ""curated"": {""count"": 1, ""sources"": [""RGD""], ""weight"": 0.4}, ""inferred"": {""count"": 0, ""sources"": [], ""weight"": 0.0}, ""literature"": {""publications"": 0, ""sources"": [], ""weight"": 0.0}, ""models"": {""count"": 0, ""sources"": [], ""weight"": 0.0}}, ""total"": 0.4}]"	0	0	0	0	0		DisGeNET	medium_confidence	score>=0.3	https://api.disgenet.com/api/v1/gda/summary	disease=UMLS_C2239176	2026-06-23T13:42:41.932547+00:00
DISGENET_ASSOC:aYjhdZ4Bu8jCkiVmGmUB	335	APOA1	UMLS:C3241937	C3241937	NASH	2	aYjhdZ4Bu8jCkiVmGmUB	0.65	0.41935483870967744	2	2020	2025	1.0		"[{""components"": {""biobank"": null, ""clinical"": {""count"": 0, ""sources"": [], ""weight"": 0.0}, ""curated"": {""count"": 1, ""sources"": [""MGD_HUMAN""], ""weight"": 0.4}, ""inferred"": {""count"": 0, ""sources"": [], ""weight"": 0.0}, ""literature"": {""publications"": 2, ""sources"": [""TEXTMINING_HUMAN"", ""TEXTMINING_MODELS""], ""weight"": 0.2}, ""models"": {""count"": 1, ""sources"": [""TEXTMINING_MODELS""], ""weight"": 0.05}}, ""total"": 0.65}]"	0	0	0	0	0		DisGeNET	medium_confidence	score>=0.3	https://api.disgenet.com/api/v1/gda/summary	disease=UMLS_C3241937	2026-06-23T13:42:41.932547+00:00
DISGENET_ASSOC:aZJsdp4Bu8jCkiVmZoBn	1312	COMT	UMLS:C2239176	C2239176	HCC	5	aZJsdp4Bu8jCkiVmZoBn	0.4	0.25806451612903225	1	2004	2004	1.0		"[{""components"": {""biobank"": null, ""clinical"": {""count"": 0, ""sources"": [], ""weight"": 0.0}, ""curated"": {""count"": 1, ""sources"": [""RGD""], ""weight"": 0.4}, ""inferred"": {""count"": 0, ""sources"": [], ""weight"": 0.0}, ""literature"": {""publications"": 0, ""sources"": [], ""weight"": 0.0}, ""models"": {""count"": 0, ""sources"": [], ""weight"": 0.0}}, ""total"": 0.4}]"	0	0	0	0	0		DisGeNET	medium_confidence	score>=0.3	https://api.disgenet.com/api/v1/gda/summary	disease=UMLS_C2239176	2026-06-23T13:42:41.932547+00:00
DISGENET_ASSOC:agCadp4BZ4eu0iZePAcc	2248	FGF3	UMLS:C2239176	C2239176	HCC	5	agCadp4BZ4eu0iZePAcc	0.5	0.3225806451612903	2	2007	2015	1.0		"[{""components"": {""biobank"": null, ""clinical"": {""count"": 0, ""sources"": [], ""weight"": 0.0}, ""curated"": {""count"": 1, ""sources"": [""RGD""], ""weight"": 0.4}, ""inferred"": {""count"": 0, ""sources"": [], ""weight"": 0.0}, ""literature"": {""publications"": 1, ""sources"": [""TEXTMINING_HUMAN""], ""weight"": 0.1}, ""models"": {""count"": 0, ""sources"": [], ""weight"": 0.0}}, ""total"": 0.5}]"	0	0	0	0	0		DisGeNET	medium_confidence	score>=0.3	https://api.disgenet.com/api/v1/gda/summary	disease=UMLS_C2239176	2026-06-23T13:42:41.932547+00:00
DISGENET_ASSOC:aojhdZ4Bu8jCkiVmGmQB	217	ALDH2	UMLS:C3241937	C3241937	NASH	2	aojhdZ4Bu8jCkiVmGmQB	0.75	0.48387096774193544	4	2016	2025	1.0		"[{""components"": {""biobank"": null, ""clinical"": {""count"": 0, ""sources"": [], ""weight"": 0.0}, ""curated"": {""count"": 2, ""sources"": [""RGD"", ""MGD_HUMAN""], ""weight"": 0.45}, ""inferred"": {""count"": 0, ""sources"": [], ""weight"": 0.0}, ""literature"": {""publications"": 3, ""sources"": [""TEXTMINING_HUMAN"", ""TEXTMINING_MODELS""], ""weight"": 0.2}, ""models"": {""count"": 2, ""sources"": [""TEXTMINING_MODELS"", ""RGD_RAT""], ""weight"": 0.1}}, ""total"": 0.75}]"	1	0	1	1	0	"[{""chemID"": ""CHEMBL170365"", ""chemPrefName"": ""ACETALDEHYDE"", ""chemVocabCrossreferences"": [""CHEMBL_CHEMBL170365"", ""CHEBI_15343"", ""MESH_D000079"", ""PUBCHEM_177""], ""numPublicationsWithChemInEvidence"": 1, ""pmidsWithChemInEvidence"": [""29718361""]}]"	DisGeNET	medium_confidence	score>=0.3	https://api.disgenet.com/api/v1/gda/summary	disease=UMLS_C3241937	2026-06-23T13:42:41.932547+00:00
DISGENET_ASSOC:ape4dp4Bu8jCkiVmYbdt	4824	NKX3-1	UMLS:C2239176	C2239176	HCC	5	ape4dp4Bu8jCkiVmYbdt	0.65	0.41935483870967744	2	2017	2020	1.0		"[{""components"": {""biobank"": null, ""clinical"": {""count"": 0, ""sources"": [], ""weight"": 0.0}, ""curated"": {""count"": 1, ""sources"": [""MGD_HUMAN""], ""weight"": 0.4}, ""inferred"": {""count"": 0, ""sources"": [], ""weight"": 0.0}, ""literature"": {""publications"": 2, ""sources"": [""TEXTMINING_HUMAN""], ""weight"": 0.2}, ""models"": {""count"": 1, ""sources"": [""RGD_RAT""], ""weight"": 0.05}}, ""total"": 0.65}]"	0	0	0	0	0		DisGeNET	medium_confidence	score>=0.3	https://api.disgenet.com/api/v1/gda/summary	disease=UMLS_C2239176	2026-06-23T13:42:41.932547+00:00
DISGENET_ASSOC:awCadp4BZ4eu0iZePAcc	2249	FGF4	UMLS:C2239176	C2239176	HCC	5	awCadp4BZ4eu0iZePAcc	0.65	0.41935483870967744	4	1987	2015	1.0		"[{""components"": {""biobank"": null, ""clinical"": {""count"": 0, ""sources"": [], ""weight"": 0.0}, ""curated"": {""count"": 1, ""sources"": [""RGD""], ""weight"": 0.4}, ""inferred"": {""count"": 0, ""sources"": [], ""weight"": 0.0}, ""literature"": {""publications"": 3, ""sources"": [""TEXTMINING_HUMAN"", ""TEXTMINING_MODELS""], ""weight"": 0.2}, ""models"": {""count"": 1, ""sources"": [""TEXTMINING_MODELS""], ""weight"": 0.05}}, ""total"": 0.65}]"	0	0	0	0	0		DisGeNET	medium_confidence	score>=0.3	https://api.disgenet.com/api/v1/gda/summary	disease=UMLS_C2239176	2026-06-23T13:42:41.932547+00:00
DISGENET_ASSOC:awMUd54BZ4eu0iZe_RUk	83875	BCO2	UMLS:C2239176	C2239176	HCC	5	awMUd54BZ4eu0iZe_RUk	0.4	0.25806451612903225	1	2017	2017	1.0		"[{""components"": {""biobank"": null, ""clinical"": {""count"": 0, ""sources"": [], ""weight"": 0.0}, ""curated"": {""count"": 1, ""sources"": [""RGD""], ""weight"": 0.4}, ""inferred"": {""count"": 0, ""sources"": [], ""weight"": 0.0}, ""literature"": {""publications"": 0, ""sources"": [], ""weight"": 0.0}, ""models"": {""count"": 0, ""sources"": [], ""weight"": 0.0}}, ""total"": 0.4}]"	0	0	0	0	0		DisGeNET	medium_confidence	score>=0.3	https://api.disgenet.com/api/v1/gda/summary	disease=UMLS_C2239176	2026-06-23T13:42:41.932547+00:00
DISGENET_ASSOC:bAMUd54BZ4eu0iZe_RUk	83876	MRO	UMLS:C2239176	C2239176	HCC	5	bAMUd54BZ4eu0iZe_RUk	0.4	0.25806451612903225	1	2017	2017	1.0		"[{""components"": {""biobank"": null, ""clinical"": {""count"": 0, ""sources"": [], ""weight"": 0.0}, ""curated"": {""count"": 1, ""sources"": [""RGD""], ""weight"": 0.4}, ""inferred"": {""count"": 0, ""sources"": [], ""weight"": 0.0}, ""literature"": {""publications"": 0, ""sources"": [], ""weight"": 0.0}, ""models"": {""count"": 0, ""sources"": [], ""weight"": 0.0}}, ""total"": 0.4}]"	0	0	0	0	0		DisGeNET	medium_confidence	score>=0.3	https://api.disgenet.com/api/v1/gda/summary	disease=UMLS_C2239176	2026-06-23T13:42:41.932547+00:00
DISGENET_ASSOC:bHEkep4BHkeZZb25wK6C	4060	LUM	UMLS:C0023890	C0023890	Cirrhosis	4	bHEkep4BHkeZZb25wK6C	0.5	0.3225806451612903	2	2016	2018	0.5		"[{""components"": {""biobank"": null, ""clinical"": {""count"": 0, ""sources"": [], ""weight"": 0.0}, ""curated"": {""count"": 1, ""sources"": [""RGD""], ""weight"": 0.4}, ""inferred"": {""count"": 0, ""sources"": [], ""weight"": 0.0}, ""literature"": {""publications"": 1, ""sources"": [""TEXTMINING_HUMAN""], ""weight"": 0.1}, ""models"": {""count"": 0, ""sources"": [], ""weight"": 0.0}}, ""total"": 0.5}]"	0	0	0	0	0		DisGeNET	medium_confidence	score>=0.3	https://api.disgenet.com/api/v1/gda/summary	disease=UMLS_C0023890	2026-06-23T13:42:41.932547+00:00
DISGENET_ASSOC:bJzzdp4Bu8jCkiVm_xby	735	C9	UMLS:C2239176	C2239176	HCC	5	bJzzdp4Bu8jCkiVm_xby	0.5	0.3225806451612903	3	2009	2017	0.6666666666666666		"[{""components"": {""biobank"": null, ""clinical"": {""count"": 0, ""sources"": [], ""weight"": 0.0}, ""curated"": {""count"": 1, ""sources"": [""RGD""], ""weight"": 0.4}, ""inferred"": {""count"": 0, ""sources"": [], ""weight"": 0.0}, ""literature"": {""publications"": 1, ""sources"": [""TEXTMINING_HUMAN""], ""weight"": 0.1}, ""models"": {""count"": 0, ""sources"": [], ""weight"": 0.0}}, ""total"": 0.5}]"	1	0	0	0	0		DisGeNET	medium_confidence	score>=0.3	https://api.disgenet.com/api/v1/gda/summary	disease=UMLS_C2239176	2026-06-23T13:42:41.932547+00:00
DISGENET_ASSOC:bVwDd54BHkeZZb255yax	9920	KBTBD11	UMLS:C2239176	C2239176	HCC	5	bVwDd54BHkeZZb255yax	0.6	0.3870967741935484	3	2017	2025	1.0		"[{""components"": {""biobank"": null, ""clinical"": {""count"": 0, ""sources"": [], ""weight"": 0.0}, ""curated"": {""count"": 1, ""sources"": [""RGD""], ""weight"": 0.4}, ""inferred"": {""count"": 0, ""sources"": [], ""weight"": 0.0}, ""literature"": {""publications"": 2, ""sources"": [""TEXTMINING_HUMAN""], ""weight"": 0.2}, ""models"": {""count"": 0, ""sources"": [], ""weight"": 0.0}}, ""total"": 0.6000000000000001}]"	0	0	0	0	0		DisGeNET	medium_confidence	score>=0.3	https://api.disgenet.com/api/v1/gda/summary	disease=UMLS_C2239176	2026-06-23T13:42:41.932547+00:00
DISGENET_ASSOC:bYjhdZ4Bu8jCkiVmGmMB	10437	IFI30	UMLS:C3241937	C3241937	NASH	2	bYjhdZ4Bu8jCkiVmGmMB	0.4	0.25806451612903225	1	2022	2022	1.0		"[{""components"": {""biobank"": null, ""clinical"": {""count"": 0, ""sources"": [], ""weight"": 0.0}, ""curated"": {""count"": 1, ""sources"": [""RGD""], ""weight"": 0.4}, ""inferred"": {""count"": 0, ""sources"": [], ""weight"": 0.0}, ""literature"": {""publications"": 0, ""sources"": [], ""weight"": 0.0}, ""models"": {""count"": 0, ""sources"": [], ""weight"": 0.0}}, ""total"": 0.4}]"	0	0	0	0	0		DisGeNET	medium_confidence	score>=0.3	https://api.disgenet.com/api/v1/gda/summary	disease=UMLS_C3241937	2026-06-23T13:42:41.932547+00:00
DISGENET_ASSOC:bnEkep4BHkeZZb25wK-C	51582	AZIN1	UMLS:C0023890	C0023890	Cirrhosis	4	bnEkep4BHkeZZb25wK-C	0.65	0.41935483870967744	3	2011	2013	1.0		"[{""components"": {""biobank"": null, ""clinical"": {""count"": 0, ""sources"": [], ""weight"": 0.0}, ""curated"": {""count"": 1, ""sources"": [""MGD_HUMAN""], ""weight"": 0.4}, ""inferred"": {""count"": 0, ""sources"": [], ""weight"": 0.0}, ""literature"": {""publications"": 2, ""sources"": [""TEXTMINING_HUMAN""], ""weight"": 0.2}, ""models"": {""count"": 1, ""sources"": [""RGD_RAT""], ""weight"": 0.05}}, ""total"": 0.65}]"	1	0	0	0	0		DisGeNET	medium_confidence	score>=0.3	https://api.disgenet.com/api/v1/gda/summary	disease=UMLS_C0023890	2026-06-23T13:42:41.932547+00:00
DISGENET_ASSOC:bpJsdp4Bu8jCkiVmZoBn	131669	UROC1	UMLS:C2239176	C2239176	HCC	5	bpJsdp4Bu8jCkiVmZoBn	0.6	0.3870967741935484	3	2017	2024	1.0		"[{""components"": {""biobank"": null, ""clinical"": {""count"": 0, ""sources"": [], ""weight"": 0.0}, ""curated"": {""count"": 1, ""sources"": [""RGD""], ""weight"": 0.4}, ""inferred"": {""count"": 0, ""sources"": [], ""weight"": 0.0}, ""literature"": {""publications"": 2, ""sources"": [""TEXTMINING_HUMAN""], ""weight"": 0.2}, ""models"": {""count"": 0, ""sources"": [], ""weight"": 0.0}}, ""total"": 0.6000000000000001}]"	0	0	1	1	0	"[{""chemID"": ""CHEMBL545"", ""chemPrefName"": ""Ethanol"", ""chemVocabCrossreferences"": [""CHEMBL_CHEMBL545"", ""CHEBI_16236"", ""DRUGBANK_DB00898"", ""MESH_D000431"", ""PUBCHEM_702""], ""numPublicationsWithChemInEvidence"": 1, ""pmidsWithChemInEvidence"": [""30755830""]}]"	DisGeNET	medium_confidence	score>=0.3	https://api.disgenet.com/api/v1/gda/summary	disease=UMLS_C2239176	2026-06-23T13:42:41.932547+00:00
DISGENET_ASSOC:bwtieJ4BZ4eu0iZedbNc	1728	NQO1	UMLS:C0400966	C0400966	NAFLD	1	bwtieJ4BZ4eu0iZedbNc	0.4	0.25806451612903225	1	2018	2018	1.0		"[{""components"": {""biobank"": null, ""clinical"": {""count"": 0, ""sources"": [], ""weight"": 0.0}, ""curated"": {""count"": 1, ""sources"": [""RGD""], ""weight"": 0.4}, ""inferred"": {""count"": 0, ""sources"": [], ""weight"": 0.0}, ""literature"": {""publications"": 0, ""sources"": [], ""weight"": 0.0}, ""models"": {""count"": 0, ""sources"": [], ""weight"": 0.0}}, ""total"": 0.4}]"	0	0	0	0	0		DisGeNET	medium_confidence	score>=0.3	https://api.disgenet.com/api/v1/gda/summary	disease=UMLS_C0400966	2026-06-23T13:42:41.932547+00:00
DISGENET_ASSOC:cIjhdZ4Bu8jCkiVmGmQB	219	ALDH1B1	UMLS:C3241937	C3241937	NASH	2	cIjhdZ4Bu8jCkiVmGmQB	0.55	0.3548387096774194	2	2018	2024	1.0		"[{""components"": {""biobank"": null, ""clinical"": {""count"": 0, ""sources"": [], ""weight"": 0.0}, ""curated"": {""count"": 1, ""sources"": [""RGD""], ""weight"": 0.4}, ""inferred"": {""count"": 0, ""sources"": [], ""weight"": 0.0}, ""literature"": {""publications"": 1, ""sources"": [""TEXTMINING_MODELS""], ""weight"": 0.1}, ""models"": {""count"": 1, ""sources"": [""TEXTMINING_MODELS""], ""weight"": 0.05}}, ""total"": 0.55}]"	0	0	0	0	0		DisGeNET	medium_confidence	score>=0.3	https://api.disgenet.com/api/v1/gda/summary	disease=UMLS_C3241937	2026-06-23T13:42:41.932547+00:00
DISGENET_ASSOC:cZJsdp4Bu8jCkiVmZn9n	114990	VASN	UMLS:C2239176	C2239176	HCC	5	cZJsdp4Bu8jCkiVmZn9n	0.6	0.3870967741935484	3	2015	2023	1.0		"[{""components"": {""biobank"": null, ""clinical"": {""count"": 0, ""sources"": [], ""weight"": 0.0}, ""curated"": {""count"": 1, ""sources"": [""RGD""], ""weight"": 0.4}, ""inferred"": {""count"": 0, ""sources"": [], ""weight"": 0.0}, ""literature"": {""publications"": 3, ""sources"": [""TEXTMINING_HUMAN""], ""weight"": 0.2}, ""models"": {""count"": 0, ""sources"": [], ""weight"": 0.0}}, ""total"": 0.6000000000000001}]"	0	0	0	0	0		DisGeNET	medium_confidence	score>=0.3	https://api.disgenet.com/api/v1/gda/summary	disease=UMLS_C2239176	2026-06-23T13:42:41.932547+00:00
DISGENET_ASSOC:cwHcdp4BZ4eu0iZezug5	51582	AZIN1	UMLS:C2239176	C2239176	HCC	5	cwHcdp4BZ4eu0iZezug5	0.6	0.3870967741935484	3	2013	2023	1.0		"[{""components"": {""biobank"": null, ""clinical"": {""count"": 0, ""sources"": [], ""weight"": 0.0}, ""curated"": {""count"": 1, ""sources"": [""MGD_HUMAN""], ""weight"": 0.4}, ""inferred"": {""count"": 0, ""sources"": [], ""weight"": 0.0}, ""literature"": {""publications"": 3, ""sources"": [""TEXTMINING_HUMAN""], ""weight"": 0.2}, ""models"": {""count"": 0, ""sources"": [], ""weight"": 0.0}}, ""total"": 0.6000000000000001}]"	0	0	0	0	0		DisGeNET	medium_confidence	score>=0.3	https://api.disgenet.com/api/v1/gda/summary	disease=UMLS_C2239176	2026-06-23T13:42:41.932547+00:00
DISGENET_ASSOC:d1rTdp4BHkeZZb256MQ1	57125	PLXDC1	UMLS:C2239176	C2239176	HCC	5	d1rTdp4BHkeZZb256MQ1	0.4	0.25806451612903225	1	2017	2017	1.0		"[{""components"": {""biobank"": null, ""clinical"": {""count"": 0, ""sources"": [], ""weight"": 0.0}, ""curated"": {""count"": 1, ""sources"": [""RGD""], ""weight"": 0.4}, ""inferred"": {""count"": 0, ""sources"": [], ""weight"": 0.0}, ""literature"": {""publications"": 0, ""sources"": [], ""weight"": 0.0}, ""models"": {""count"": 0, ""sources"": [], ""weight"": 0.0}}, ""total"": 0.4}]"	0	0	0	0	0		DisGeNET	medium_confidence	score>=0.3	https://api.disgenet.com/api/v1/gda/summary	disease=UMLS_C2239176	2026-06-23T13:42:41.932547+00:00
DISGENET_ASSOC:dHEkep4BHkeZZb25wKyC	210	ALAD	UMLS:C0023890	C0023890	Cirrhosis	4	dHEkep4BHkeZZb25wKyC	0.45	0.2903225806451613	2	1983	2014	1.0		"[{""components"": {""biobank"": null, ""clinical"": {""count"": 0, ""sources"": [], ""weight"": 0.0}, ""curated"": {""count"": 1, ""sources"": [""RGD""], ""weight"": 0.4}, ""inferred"": {""count"": 0, ""sources"": [], ""weight"": 0.0}, ""literature"": {""publications"": 0, ""sources"": [], ""weight"": 0.0}, ""models"": {""count"": 1, ""sources"": [""RGD_RAT""], ""weight"": 0.05}}, ""total"": 0.45}]"	0	0	0	0	0		DisGeNET	medium_confidence	score>=0.3	https://api.disgenet.com/api/v1/gda/summary	disease=UMLS_C0023890	2026-06-23T13:42:41.932547+00:00
DISGENET_ASSOC:dZzzdp4Bu8jCkiVm_xTy	6635	SNRPE	UMLS:C2239176	C2239176	HCC	5	dZzzdp4Bu8jCkiVm_xTy	0.7	0.4516129032258064	4	2011	2024	1.0		"[{""components"": {""biobank"": null, ""clinical"": {""count"": 0, ""sources"": [], ""weight"": 0.0}, ""curated"": {""count"": 1, ""sources"": [""MGD_HUMAN""], ""weight"": 0.4}, ""inferred"": {""count"": 0, ""sources"": [], ""weight"": 0.0}, ""literature"": {""publications"": 3, ""sources"": [""TEXTMINING_HUMAN"", ""TEXTMINING_MODELS""], ""weight"": 0.2}, ""models"": {""count"": 2, ""sources"": [""TEXTMINING_MODELS"", ""RGD_RAT""], ""weight"": 0.1}}, ""total"": 0.7}]"	0	0	0	0	0		DisGeNET	medium_confidence	score>=0.3	https://api.disgenet.com/api/v1/gda/summary	disease=UMLS_C2239176	2026-06-23T13:42:41.932547+00:00
DISGENET_ASSOC:dlrTdp4BHkeZZb256MY1	6263	RYR3	UMLS:C2239176	C2239176	HCC	5	dlrTdp4BHkeZZb256MY1	0.5	0.3225806451612903	1	2015	2015	1.0		"[{""components"": {""biobank"": null, ""clinical"": {""count"": 0, ""sources"": [], ""weight"": 0.0}, ""curated"": {""count"": 1, ""sources"": [""MGD_HUMAN""], ""weight"": 0.4}, ""inferred"": {""count"": 0, ""sources"": [], ""weight"": 0.0}, ""literature"": {""publications"": 1, ""sources"": [""TEXTMINING_HUMAN""], ""weight"": 0.1}, ""models"": {""count"": 0, ""sources"": [], ""weight"": 0.0}}, ""total"": 0.5}]"	1	0	0	0	0		DisGeNET	medium_confidence	score>=0.3	https://api.disgenet.com/api/v1/gda/summary	disease=UMLS_C2239176	2026-06-23T13:42:41.932547+00:00
DISGENET_ASSOC:dnEkep4BHkeZZb25wK2C	3066	HDAC2	UMLS:C0023890	C0023890	Cirrhosis	4	dnEkep4BHkeZZb25wK2C	0.4	0.25806451612903225	1	2016	2016	1.0		"[{""components"": {""biobank"": null, ""clinical"": {""count"": 0, ""sources"": [], ""weight"": 0.0}, ""curated"": {""count"": 1, ""sources"": [""RGD""], ""weight"": 0.4}, ""inferred"": {""count"": 0, ""sources"": [], ""weight"": 0.0}, ""literature"": {""publications"": 0, ""sources"": [], ""weight"": 0.0}, ""models"": {""count"": 0, ""sources"": [], ""weight"": 0.0}}, ""total"": 0.4}]"	0	0	0	0	0		DisGeNET	medium_confidence	score>=0.3	https://api.disgenet.com/api/v1/gda/summary	disease=UMLS_C0023890	2026-06-23T13:42:41.932547+00:00
DISGENET_ASSOC:dwCadp4BZ4eu0iZePAYc	197358	NLRC3	UMLS:C2239176	C2239176	HCC	5	dwCadp4BZ4eu0iZePAYc	0.6	0.3870967741935484	2	2018	2020	1.0		"[{""components"": {""biobank"": null, ""clinical"": {""count"": 0, ""sources"": [], ""weight"": 0.0}, ""curated"": {""count"": 1, ""sources"": [""RGD""], ""weight"": 0.4}, ""inferred"": {""count"": 0, ""sources"": [], ""weight"": 0.0}, ""literature"": {""publications"": 2, ""sources"": [""TEXTMINING_HUMAN""], ""weight"": 0.2}, ""models"": {""count"": 0, ""sources"": [], ""weight"": 0.0}}, ""total"": 0.6000000000000001}]"	0	0	0	0	0		DisGeNET	medium_confidence	score>=0.3	https://api.disgenet.com/api/v1/gda/summary	disease=UMLS_C2239176	2026-06-23T13:42:41.932547+00:00
DISGENET_ASSOC:dwMUd54BZ4eu0iZe_RUk	83940	TATDN1	UMLS:C2239176	C2239176	HCC	5	dwMUd54BZ4eu0iZe_RUk	0.5	0.3225806451612903	2	2010	2019	1.0		"[{""components"": {""biobank"": null, ""clinical"": {""count"": 0, ""sources"": [], ""weight"": 0.0}, ""curated"": {""count"": 1, ""sources"": [""RGD""], ""weight"": 0.4}, ""inferred"": {""count"": 0, ""sources"": [], ""weight"": 0.0}, ""literature"": {""publications"": 1, ""sources"": [""TEXTMINING_HUMAN""], ""weight"": 0.1}, ""models"": {""count"": 0, ""sources"": [], ""weight"": 0.0}}, ""total"": 0.5}]"	0	0	0	0	0		DisGeNET	medium_confidence	score>=0.3	https://api.disgenet.com/api/v1/gda/summary	disease=UMLS_C2239176	2026-06-23T13:42:41.932547+00:00
DISGENET_ASSOC:eJzzdp4Bu8jCkiVm_xby	7372	UMPS	UMLS:C2239176	C2239176	HCC	5	eJzzdp4Bu8jCkiVm_xby	0.5	0.3225806451612903	2	2007	2022	1.0		"[{""components"": {""biobank"": null, ""clinical"": {""count"": 0, ""sources"": [], ""weight"": 0.0}, ""curated"": {""count"": 1, ""sources"": [""RGD""], ""weight"": 0.4}, ""inferred"": {""count"": 0, ""sources"": [], ""weight"": 0.0}, ""literature"": {""publications"": 1, ""sources"": [""TEXTMINING_HUMAN""], ""weight"": 0.1}, ""models"": {""count"": 0, ""sources"": [], ""weight"": 0.0}}, ""total"": 0.5}]"	0	0	2	1	0	"[{""chemID"": ""CHEMBL185"", ""chemPrefName"": ""Fluorouracil"", ""chemVocabCrossreferences"": [""CHEMBL_CHEMBL185"", ""CHEBI_46345"", ""DRUGBANK_DB00544"", ""MESH_D005472"", ""PUBCHEM_3385""], ""numPublicationsWithChemInEvidence"": 1, ""pmidsWithChemInEvidence"": [""35674867""]}, {""chemID"": ""CHEMBL214393"", ""chemPrefName"": ""Uridine monophosphate"", ""chemVocabCrossreferences"": [""CHEMBL_CHEMBL214393"", ""CHEBI_16695"", ""DRUGBANK_DB03685"", ""MESH_D011072"", ""MESH_D014542"", ""PUBCHEM_6030""], ""numPublicationsWithChemInEvidence"": 1, ""pmidsWithChemInEvidence"": [""35674867""]}]"	DisGeNET	medium_confidence	score>=0.3	https://api.disgenet.com/api/v1/gda/summary	disease=UMLS_C2239176	2026-06-23T13:42:41.932547+00:00
DISGENET_ASSOC:eRlEep4BZ4eu0iZexgPV	7098	TLR3	UMLS:C0023890	C0023890	Cirrhosis	4	eRlEep4BZ4eu0iZexgPV	0.65	0.41935483870967744	4	2015	2022	0.75		"[{""components"": {""biobank"": null, ""clinical"": {""count"": 0, ""sources"": [], ""weight"": 0.0}, ""curated"": {""count"": 1, ""sources"": [""MGD_HUMAN""], ""weight"": 0.4}, ""inferred"": {""count"": 0, ""sources"": [], ""weight"": 0.0}, ""literature"": {""publications"": 4, ""sources"": [""TEXTMINING_HUMAN""], ""weight"": 0.2}, ""models"": {""count"": 1, ""sources"": [""RGD_RAT""], ""weight"": 0.05}}, ""total"": 0.65}]"	2	0	0	0	0		DisGeNET	medium_confidence	score>=0.3	https://api.disgenet.com/api/v1/gda/summary	disease=UMLS_C0023890	2026-06-23T13:42:41.932547+00:00
DISGENET_ASSOC:egCadp4BZ4eu0iZePAcc	2271	FH	UMLS:C2239176	C2239176	HCC	5	egCadp4BZ4eu0iZePAcc	0.6	0.3870967741935484	3	2015	2023	1.0		"[{""components"": {""biobank"": null, ""clinical"": {""count"": 0, ""sources"": [], ""weight"": 0.0}, ""curated"": {""count"": 1, ""sources"": [""CLINVAR""], ""weight"": 0.4}, ""inferred"": {""count"": 0, ""sources"": [], ""weight"": 0.0}, ""literature"": {""publications"": 3, ""sources"": [""TEXTMINING_HUMAN""], ""weight"": 0.2}, ""models"": {""count"": 0, ""sources"": [], ""weight"": 0.0}}, ""total"": 0.6000000000000001}]"	1	0	0	0	0		DisGeNET	medium_confidence	score>=0.3	https://api.disgenet.com/api/v1/gda/summary	disease=UMLS_C2239176	2026-06-23T13:42:41.932547+00:00
DISGENET_ASSOC:elrTdp4BHkeZZb256MU1	5836	PYGL	UMLS:C2239176	C2239176	HCC	5	elrTdp4BHkeZZb256MU1	0.55	0.3548387096774194	2	1987	2022	1.0		"[{""components"": {""biobank"": null, ""clinical"": {""count"": 0, ""sources"": [], ""weight"": 0.0}, ""curated"": {""count"": 1, ""sources"": [""RGD""], ""weight"": 0.4}, ""inferred"": {""count"": 1, ""sources"": [""HPO""], ""weight"": 0.05}, ""literature"": {""publications"": 1, ""sources"": [""TEXTMINING_HUMAN""], ""weight"": 0.1}, ""models"": {""count"": 0, ""sources"": [], ""weight"": 0.0}}, ""total"": 0.55}]"	0	0	0	0	0		DisGeNET	medium_confidence	score>=0.3	https://api.disgenet.com/api/v1/gda/summary	disease=UMLS_C2239176	2026-06-23T13:42:41.932547+00:00
DISGENET_ASSOC:enEkep4BHkeZZb25wKyC	2149	F2R	UMLS:C0023890	C0023890	Cirrhosis	4	enEkep4BHkeZZb25wKyC	0.5	0.3225806451612903	2	2006	2010	1.0		"[{""components"": {""biobank"": null, ""clinical"": {""count"": 0, ""sources"": [], ""weight"": 0.0}, ""curated"": {""count"": 1, ""sources"": [""RGD""], ""weight"": 0.4}, ""inferred"": {""count"": 0, ""sources"": [], ""weight"": 0.0}, ""literature"": {""publications"": 1, ""sources"": [""TEXTMINING_HUMAN""], ""weight"": 0.1}, ""models"": {""count"": 0, ""sources"": [], ""weight"": 0.0}}, ""total"": 0.5}]"	0	0	0	0	0		DisGeNET	medium_confidence	score>=0.3	https://api.disgenet.com/api/v1/gda/summary	disease=UMLS_C0023890	2026-06-23T13:42:41.932547+00:00
DISGENET_ASSOC:exlEep4BZ4eu0iZexgPV	710	SERPING1	UMLS:C0023890	C0023890	Cirrhosis	4	exlEep4BZ4eu0iZexgPV	0.4	0.25806451612903225	1	2016	2016	1.0		"[{""components"": {""biobank"": null, ""clinical"": {""count"": 0, ""sources"": [], ""weight"": 0.0}, ""curated"": {""count"": 1, ""sources"": [""RGD""], ""weight"": 0.4}, ""inferred"": {""count"": 0, ""sources"": [], ""weight"": 0.0}, ""literature"": {""publications"": 0, ""sources"": [], ""weight"": 0.0}, ""models"": {""count"": 0, ""sources"": [], ""weight"": 0.0}}, ""total"": 0.4}]"	0	0	0	0	0		DisGeNET	medium_confidence	score>=0.3	https://api.disgenet.com/api/v1/gda/summary	disease=UMLS_C0023890	2026-06-23T13:42:41.932547+00:00
DISGENET_ASSOC:f5e4dp4Bu8jCkiVmYbRt	3813	KIR3DS1	UMLS:C2239176	C2239176	HCC	5	f5e4dp4Bu8jCkiVmYbRt	0.6	0.3870967741935484	2	2005	2015	1.0		"[{""components"": {""biobank"": null, ""clinical"": {""count"": 0, ""sources"": [], ""weight"": 0.0}, ""curated"": {""count"": 1, ""sources"": [""MGD_HUMAN""], ""weight"": 0.4}, ""inferred"": {""count"": 0, ""sources"": [], ""weight"": 0.0}, ""literature"": {""publications"": 2, ""sources"": [""TEXTMINING_HUMAN""], ""weight"": 0.2}, ""models"": {""count"": 0, ""sources"": [], ""weight"": 0.0}}, ""total"": 0.6000000000000001}]"	0	0	0	0	0		DisGeNET	medium_confidence	score>=0.3	https://api.disgenet.com/api/v1/gda/summary	disease=UMLS_C2239176	2026-06-23T13:42:41.932547+00:00
DISGENET_ASSOC:fHEkep4BHkeZZb25wKyC	2152	F3	UMLS:C0023890	C0023890	Cirrhosis	4	fHEkep4BHkeZZb25wKyC	0.55	0.3548387096774194	3	1999	2010	1.0		"[{""components"": {""biobank"": null, ""clinical"": {""count"": 0, ""sources"": [], ""weight"": 0.0}, ""curated"": {""count"": 1, ""sources"": [""RGD""], ""weight"": 0.4}, ""inferred"": {""count"": 0, ""sources"": [], ""weight"": 0.0}, ""literature"": {""publications"": 1, ""sources"": [""TEXTMINING_HUMAN""], ""weight"": 0.1}, ""models"": {""count"": 1, ""sources"": [""RGD_RAT""], ""weight"": 0.05}}, ""total"": 0.55}]"	0	0	0	0	0		DisGeNET	medium_confidence	score>=0.3	https://api.disgenet.com/api/v1/gda/summary	disease=UMLS_C0023890	2026-06-23T13:42:41.932547+00:00
DISGENET_ASSOC:fJzzdp4Bu8jCkiVm_xXy	7011	TEP1	UMLS:C2239176	C2239176	HCC	5	fJzzdp4Bu8jCkiVm_xXy	0.65	0.41935483870967744	3	2014	2016	0.6666666666666666		"[{""components"": {""biobank"": null, ""clinical"": {""count"": 0, ""sources"": [], ""weight"": 0.0}, ""curated"": {""count"": 1, ""sources"": [""MGD_HUMAN""], ""weight"": 0.4}, ""inferred"": {""count"": 0, ""sources"": [], ""weight"": 0.0}, ""literature"": {""publications"": 2, ""sources"": [""TEXTMINING_HUMAN""], ""weight"": 0.2}, ""models"": {""count"": 1, ""sources"": [""RGD_RAT""], ""weight"": 0.05}}, ""total"": 0.65}]"	1	0	0	0	0		DisGeNET	medium_confidence	score>=0.3	https://api.disgenet.com/api/v1/gda/summary	disease=UMLS_C2239176	2026-06-23T13:42:41.932547+00:00
DISGENET_ASSOC:fhlEep4BZ4eu0iZexgTW	928	CD9	UMLS:C0023890	C0023890	Cirrhosis	4	fhlEep4BZ4eu0iZexgTW	0.4	0.25806451612903225	1	2016	2016	1.0		"[{""components"": {""biobank"": null, ""clinical"": {""count"": 0, ""sources"": [], ""weight"": 0.0}, ""curated"": {""count"": 1, ""sources"": [""RGD""], ""weight"": 0.4}, ""inferred"": {""count"": 0, ""sources"": [], ""weight"": 0.0}, ""literature"": {""publications"": 0, ""sources"": [], ""weight"": 0.0}, ""models"": {""count"": 0, ""sources"": [], ""weight"": 0.0}}, ""total"": 0.4}]"	0	0	0	0	0		DisGeNET	medium_confidence	score>=0.3	https://api.disgenet.com/api/v1/gda/summary	disease=UMLS_C0023890	2026-06-23T13:42:41.932547+00:00
DISGENET_ASSOC:g3Ekep4BHkeZZb25wK6C	406945	MIR153-2	UMLS:C0023890	C0023890	Cirrhosis	4	g3Ekep4BHkeZZb25wK6C	0.4	0.25806451612903225	1	2012	2012	1.0		"[{""components"": {""biobank"": null, ""clinical"": {""count"": 0, ""sources"": [], ""weight"": 0.0}, ""curated"": {""count"": 1, ""sources"": [""RGD""], ""weight"": 0.4}, ""inferred"": {""count"": 0, ""sources"": [], ""weight"": 0.0}, ""literature"": {""publications"": 0, ""sources"": [], ""weight"": 0.0}, ""models"": {""count"": 0, ""sources"": [], ""weight"": 0.0}}, ""total"": 0.4}]"	0	0	0	0	0		DisGeNET	medium_confidence	score>=0.3	https://api.disgenet.com/api/v1/gda/summary	disease=UMLS_C0023890	2026-06-23T13:42:41.932547+00:00
DISGENET_ASSOC:g5Jsdp4Bu8jCkiVmZn5m	10961	ERP29	UMLS:C2239176	C2239176	HCC	5	g5Jsdp4Bu8jCkiVmZn5m	0.4	0.25806451612903225	1	2010	2010	1.0		"[{""components"": {""biobank"": null, ""clinical"": {""count"": 0, ""sources"": [], ""weight"": 0.0}, ""curated"": {""count"": 1, ""sources"": [""RGD""], ""weight"": 0.4}, ""inferred"": {""count"": 0, ""sources"": [], ""weight"": 0.0}, ""literature"": {""publications"": 0, ""sources"": [], ""weight"": 0.0}, ""models"": {""count"": 0, ""sources"": [], ""weight"": 0.0}}, ""total"": 0.4}]"	0	0	0	0	0		DisGeNET	medium_confidence	score>=0.3	https://api.disgenet.com/api/v1/gda/summary	disease=UMLS_C2239176	2026-06-23T13:42:41.932547+00:00
DISGENET_ASSOC:gLVbeJ4Bu8jCkiVmREvc	2938	GSTA1	UMLS:C0400966	C0400966	NAFLD	1	gLVbeJ4Bu8jCkiVmREvc	0.6	0.3870967741935484	2	2013	2024	1.0		"[{""components"": {""biobank"": null, ""clinical"": {""count"": 0, ""sources"": [], ""weight"": 0.0}, ""curated"": {""count"": 1, ""sources"": [""RGD""], ""weight"": 0.4}, ""inferred"": {""count"": 0, ""sources"": [], ""weight"": 0.0}, ""literature"": {""publications"": 2, ""sources"": [""TEXTMINING_HUMAN""], ""weight"": 0.2}, ""models"": {""count"": 0, ""sources"": [], ""weight"": 0.0}}, ""total"": 0.6000000000000001}]"	0	0	0	0	0		DisGeNET	medium_confidence	score>=0.3	https://api.disgenet.com/api/v1/gda/summary	disease=UMLS_C0400966	2026-06-23T13:42:41.932547+00:00
DISGENET_ASSOC:gRlEep4BZ4eu0iZexgPV	713	C1QB	UMLS:C0023890	C0023890	Cirrhosis	4	gRlEep4BZ4eu0iZexgPV	0.5	0.3225806451612903	2	2016	2024	0.5		"[{""components"": {""biobank"": null, ""clinical"": {""count"": 0, ""sources"": [], ""weight"": 0.0}, ""curated"": {""count"": 1, ""sources"": [""RGD""], ""weight"": 0.4}, ""inferred"": {""count"": 0, ""sources"": [], ""weight"": 0.0}, ""literature"": {""publications"": 1, ""sources"": [""TEXTMINING_HUMAN""], ""weight"": 0.1}, ""models"": {""count"": 0, ""sources"": [], ""weight"": 0.0}}, ""total"": 0.5}]"	0	0	0	0	0		DisGeNET	medium_confidence	score>=0.3	https://api.disgenet.com/api/v1/gda/summary	disease=UMLS_C0023890	2026-06-23T13:42:41.932547+00:00
DISGENET_ASSOC:gVThdZ4BHkeZZb25KHkg	949	SCARB1	UMLS:C3241937	C3241937	NASH	2	gVThdZ4BHkeZZb25KHkg	0.4	0.25806451612903225	1	2013	2013	1.0		"[{""components"": {""biobank"": null, ""clinical"": {""count"": 0, ""sources"": [], ""weight"": 0.0}, ""curated"": {""count"": 1, ""sources"": [""RGD""], ""weight"": 0.4}, ""inferred"": {""count"": 0, ""sources"": [], ""weight"": 0.0}, ""literature"": {""publications"": 0, ""sources"": [], ""weight"": 0.0}, ""models"": {""count"": 0, ""sources"": [], ""weight"": 0.0}}, ""total"": 0.4}]"	0	0	0	0	0		DisGeNET	medium_confidence	score>=0.3	https://api.disgenet.com/api/v1/gda/summary	disease=UMLS_C3241937	2026-06-23T13:42:41.932547+00:00
DISGENET_ASSOC:gojhdZ4Bu8jCkiVmGmQB	22837	COBLL1	UMLS:C3241937	C3241937	NASH	2	gojhdZ4Bu8jCkiVmGmQB	0.4	0.25806451612903225	1	2022	2022	1.0		"[{""components"": {""biobank"": null, ""clinical"": {""count"": 0, ""sources"": [], ""weight"": 0.0}, ""curated"": {""count"": 1, ""sources"": [""RGD""], ""weight"": 0.4}, ""inferred"": {""count"": 0, ""sources"": [], ""weight"": 0.0}, ""literature"": {""publications"": 0, ""sources"": [], ""weight"": 0.0}, ""models"": {""count"": 0, ""sources"": [], ""weight"": 0.0}}, ""total"": 0.4}]"	0	0	0	0	0		DisGeNET	medium_confidence	score>=0.3	https://api.disgenet.com/api/v1/gda/summary	disease=UMLS_C3241937	2026-06-23T13:42:41.932547+00:00
DISGENET_ASSOC:gpe4dp4Bu8jCkiVmYbVt	406922	MIR133A1	UMLS:C2239176	C2239176	HCC	5	gpe4dp4Bu8jCkiVmYbVt	0.45	0.2903225806451613	1	2018	2018	1.0		"[{""components"": {""biobank"": null, ""clinical"": {""count"": 0, ""sources"": [], ""weight"": 0.0}, ""curated"": {""count"": 1, ""sources"": [""MGD_HUMAN""], ""weight"": 0.4}, ""inferred"": {""count"": 0, ""sources"": [], ""weight"": 0.0}, ""literature"": {""publications"": 0, ""sources"": [], ""weight"": 0.0}, ""models"": {""count"": 1, ""sources"": [""RGD_RAT""], ""weight"": 0.05}}, ""total"": 0.45}]"	0	0	0	0	0		DisGeNET	medium_confidence	score>=0.3	https://api.disgenet.com/api/v1/gda/summary	disease=UMLS_C2239176	2026-06-23T13:42:41.932547+00:00
DISGENET_ASSOC:grVbeJ4Bu8jCkiVmREvc	2950	GSTP1	UMLS:C0400966	C0400966	NAFLD	1	grVbeJ4Bu8jCkiVmREvc	0.6	0.3870967741935484	4	2011	2022	0.75		"[{""components"": {""biobank"": null, ""clinical"": {""count"": 0, ""sources"": [], ""weight"": 0.0}, ""curated"": {""count"": 1, ""sources"": [""RGD""], ""weight"": 0.4}, ""inferred"": {""count"": 0, ""sources"": [], ""weight"": 0.0}, ""literature"": {""publications"": 4, ""sources"": [""TEXTMINING_HUMAN""], ""weight"": 0.2}, ""models"": {""count"": 0, ""sources"": [], ""weight"": 0.0}}, ""total"": 0.6000000000000001}]"	0	0	0	0	0		DisGeNET	medium_confidence	score>=0.3	https://api.disgenet.com/api/v1/gda/summary	disease=UMLS_C0400966	2026-06-23T13:42:41.932547+00:00
DISGENET_ASSOC:gxlEep4BZ4eu0iZexgPV	7133	TNFRSF1B	UMLS:C0023890	C0023890	Cirrhosis	4	gxlEep4BZ4eu0iZexgPV	0.5	0.3225806451612903	1	2010	2010	1.0		"[{""components"": {""biobank"": null, ""clinical"": {""count"": 1, ""sources"": [""CLINICALTRIALS""], ""weight"": 0.1}, ""curated"": {""count"": 1, ""sources"": [""RGD""], ""weight"": 0.4}, ""inferred"": {""count"": 0, ""sources"": [], ""weight"": 0.0}, ""literature"": {""publications"": 0, ""sources"": [], ""weight"": 0.0}, ""models"": {""count"": 0, ""sources"": [], ""weight"": 0.0}}, ""total"": 0.5}]"	0	1	0	0	0		DisGeNET	medium_confidence	score>=0.3	https://api.disgenet.com/api/v1/gda/summary	disease=UMLS_C0023890	2026-06-23T13:42:41.932547+00:00
DISGENET_ASSOC:h3Ekep4BHkeZZb25wK2C	3113	HLA-DPA1	UMLS:C0023890	C0023890	Cirrhosis	4	h3Ekep4BHkeZZb25wK2C	0.5	0.3225806451612903	1	2016	2016	0.0		"[{""components"": {""biobank"": null, ""clinical"": {""count"": 0, ""sources"": [], ""weight"": 0.0}, ""curated"": {""count"": 1, ""sources"": [""MGD_HUMAN""], ""weight"": 0.4}, ""inferred"": {""count"": 0, ""sources"": [], ""weight"": 0.0}, ""literature"": {""publications"": 1, ""sources"": [""TEXTMINING_HUMAN""], ""weight"": 0.1}, ""models"": {""count"": 0, ""sources"": [], ""weight"": 0.0}}, ""total"": 0.5}]"	2	0	0	0	0		DisGeNET	medium_confidence	score>=0.3	https://api.disgenet.com/api/v1/gda/summary	disease=UMLS_C0023890	2026-06-23T13:42:41.932547+00:00
DISGENET_ASSOC:h4jhdZ4Bu8jCkiVmGmUB	350	APOH	UMLS:C3241937	C3241937	NASH	2	h4jhdZ4Bu8jCkiVmGmUB	0.55	0.3548387096774194	2	2022	2024	1.0		"[{""components"": {""biobank"": null, ""clinical"": {""count"": 0, ""sources"": [], ""weight"": 0.0}, ""curated"": {""count"": 1, ""sources"": [""RGD""], ""weight"": 0.4}, ""inferred"": {""count"": 0, ""sources"": [], ""weight"": 0.0}, ""literature"": {""publications"": 1, ""sources"": [""TEXTMINING_MODELS""], ""weight"": 0.1}, ""models"": {""count"": 1, ""sources"": [""TEXTMINING_MODELS""], ""weight"": 0.05}}, ""total"": 0.55}]"	0	0	0	0	0		DisGeNET	medium_confidence	score>=0.3	https://api.disgenet.com/api/v1/gda/summary	disease=UMLS_C3241937	2026-06-23T13:42:41.932547+00:00
DISGENET_ASSOC:hAMUd54BZ4eu0iZe_RYl	85416	ZIC5	UMLS:C2239176	C2239176	HCC	5	hAMUd54BZ4eu0iZe_RYl	0.6	0.3870967741935484	3	2017	2022	1.0		"[{""components"": {""biobank"": null, ""clinical"": {""count"": 0, ""sources"": [], ""weight"": 0.0}, ""curated"": {""count"": 1, ""sources"": [""RGD""], ""weight"": 0.4}, ""inferred"": {""count"": 0, ""sources"": [], ""weight"": 0.0}, ""literature"": {""publications"": 2, ""sources"": [""TEXTMINING_HUMAN""], ""weight"": 0.2}, ""models"": {""count"": 0, ""sources"": [], ""weight"": 0.0}}, ""total"": 0.6000000000000001}]"	0	0	0	0	0		DisGeNET	medium_confidence	score>=0.3	https://api.disgenet.com/api/v1/gda/summary	disease=UMLS_C2239176	2026-06-23T13:42:41.932547+00:00
DISGENET_ASSOC:hZzzdp4Bu8jCkiVm_xfz	79742	DIPK2B	UMLS:C2239176	C2239176	HCC	5	hZzzdp4Bu8jCkiVm_xfz	0.4	0.25806451612903225	1	2017	2017	1.0		"[{""components"": {""biobank"": null, ""clinical"": {""count"": 0, ""sources"": [], ""weight"": 0.0}, ""curated"": {""count"": 1, ""sources"": [""RGD""], ""weight"": 0.4}, ""inferred"": {""count"": 0, ""sources"": [], ""weight"": 0.0}, ""literature"": {""publications"": 0, ""sources"": [], ""weight"": 0.0}, ""models"": {""count"": 0, ""sources"": [], ""weight"": 0.0}}, ""total"": 0.4}]"	0	0	0	0	0		DisGeNET	medium_confidence	score>=0.3	https://api.disgenet.com/api/v1/gda/summary	disease=UMLS_C2239176	2026-06-23T13:42:41.932547+00:00
DISGENET_ASSOC:hxlEep4BZ4eu0iZexgTW	9376	SLC22A8	UMLS:C0023890	C0023890	Cirrhosis	4	hxlEep4BZ4eu0iZexgTW	0.4	0.25806451612903225	1	2014	2014	1.0		"[{""components"": {""biobank"": null, ""clinical"": {""count"": 0, ""sources"": [], ""weight"": 0.0}, ""curated"": {""count"": 1, ""sources"": [""RGD""], ""weight"": 0.4}, ""inferred"": {""count"": 0, ""sources"": [], ""weight"": 0.0}, ""literature"": {""publications"": 0, ""sources"": [], ""weight"": 0.0}, ""models"": {""count"": 0, ""sources"": [], ""weight"": 0.0}}, ""total"": 0.4}]"	0	0	0	0	0		DisGeNET	medium_confidence	score>=0.3	https://api.disgenet.com/api/v1/gda/summary	disease=UMLS_C0023890	2026-06-23T13:42:41.932547+00:00
DISGENET_ASSOC:iACadp4BZ4eu0iZePAYc	2	A2M	UMLS:C2239176	C2239176	HCC	5	iACadp4BZ4eu0iZePAYc	0.65	0.41935483870967744	3	1991	2004	0.6666666666666666		"[{""components"": {""biobank"": null, ""clinical"": {""count"": 0, ""sources"": [], ""weight"": 0.0}, ""curated"": {""count"": 1, ""sources"": [""RGD""], ""weight"": 0.4}, ""inferred"": {""count"": 0, ""sources"": [], ""weight"": 0.0}, ""literature"": {""publications"": 2, ""sources"": [""TEXTMINING_HUMAN""], ""weight"": 0.2}, ""models"": {""count"": 1, ""sources"": [""RGD_RAT""], ""weight"": 0.05}}, ""total"": 0.65}]"	0	0	0	0	0		DisGeNET	medium_confidence	score>=0.3	https://api.disgenet.com/api/v1/gda/summary	disease=UMLS_C2239176	2026-06-23T13:42:41.932547+00:00
DISGENET_ASSOC:iAMUd54BZ4eu0iZe_RYl	85445	CNTNAP4	UMLS:C2239176	C2239176	HCC	5	iAMUd54BZ4eu0iZe_RYl	0.4	0.25806451612903225	1	2017	2017	1.0		"[{""components"": {""biobank"": null, ""clinical"": {""count"": 0, ""sources"": [], ""weight"": 0.0}, ""curated"": {""count"": 1, ""sources"": [""RGD""], ""weight"": 0.4}, ""inferred"": {""count"": 0, ""sources"": [], ""weight"": 0.0}, ""literature"": {""publications"": 0, ""sources"": [], ""weight"": 0.0}, ""models"": {""count"": 0, ""sources"": [], ""weight"": 0.0}}, ""total"": 0.4}]"	0	0	0	0	0		DisGeNET	medium_confidence	score>=0.3	https://api.disgenet.com/api/v1/gda/summary	disease=UMLS_C2239176	2026-06-23T13:42:41.932547+00:00
DISGENET_ASSOC:iLVbeJ4Bu8jCkiVmRE3c	5055	SERPINB2	UMLS:C0400966	C0400966	NAFLD	1	iLVbeJ4Bu8jCkiVmRE3c	0.4	0.25806451612903225	1	2011	2011	1.0		"[{""components"": {""biobank"": null, ""clinical"": {""count"": 0, ""sources"": [], ""weight"": 0.0}, ""curated"": {""count"": 1, ""sources"": [""RGD""], ""weight"": 0.4}, ""inferred"": {""count"": 0, ""sources"": [], ""weight"": 0.0}, ""literature"": {""publications"": 0, ""sources"": [], ""weight"": 0.0}, ""models"": {""count"": 0, ""sources"": [], ""weight"": 0.0}}, ""total"": 0.4}]"	0	0	0	0	0		DisGeNET	medium_confidence	score>=0.3	https://api.disgenet.com/api/v1/gda/summary	disease=UMLS_C0400966	2026-06-23T13:42:41.932547+00:00
DISGENET_ASSOC:ibVbeJ4Bu8jCkiVmRE3c	506	ATP5F1B	UMLS:C0400966	C0400966	NAFLD	1	ibVbeJ4Bu8jCkiVmRE3c	0.4	0.25806451612903225	1	2015	2015	1.0		"[{""components"": {""biobank"": null, ""clinical"": {""count"": 0, ""sources"": [], ""weight"": 0.0}, ""curated"": {""count"": 1, ""sources"": [""RGD""], ""weight"": 0.4}, ""inferred"": {""count"": 0, ""sources"": [], ""weight"": 0.0}, ""literature"": {""publications"": 0, ""sources"": [], ""weight"": 0.0}, ""models"": {""count"": 0, ""sources"": [], ""weight"": 0.0}}, ""total"": 0.4}]"	0	0	0	0	0		DisGeNET	medium_confidence	score>=0.3	https://api.disgenet.com/api/v1/gda/summary	disease=UMLS_C0400966	2026-06-23T13:42:41.932547+00:00
DISGENET_ASSOC:ilmYdp4BHkeZZb255GpI	2781	GNAZ	UMLS:C2239176	C2239176	HCC	5	ilmYdp4BHkeZZb255GpI	0.6	0.3870967741935484	4	2017	2025	1.0		"[{""components"": {""biobank"": null, ""clinical"": {""count"": 0, ""sources"": [], ""weight"": 0.0}, ""curated"": {""count"": 1, ""sources"": [""RGD""], ""weight"": 0.4}, ""inferred"": {""count"": 0, ""sources"": [], ""weight"": 0.0}, ""literature"": {""publications"": 3, ""sources"": [""TEXTMINING_HUMAN""], ""weight"": 0.2}, ""models"": {""count"": 0, ""sources"": [], ""weight"": 0.0}}, ""total"": 0.6000000000000001}]"	0	0	0	0	0		DisGeNET	medium_confidence	score>=0.3	https://api.disgenet.com/api/v1/gda/summary	disease=UMLS_C2239176	2026-06-23T13:42:41.932547+00:00
DISGENET_ASSOC:inEkep4BHkeZZb25wK2C	3119	HLA-DQB1	UMLS:C0023890	C0023890	Cirrhosis	4	inEkep4BHkeZZb25wK2C	0.65	0.41935483870967744	3	2001	2023	1.0		"[{""components"": {""biobank"": null, ""clinical"": {""count"": 0, ""sources"": [], ""weight"": 0.0}, ""curated"": {""count"": 1, ""sources"": [""MGD_HUMAN""], ""weight"": 0.4}, ""inferred"": {""count"": 0, ""sources"": [], ""weight"": 0.0}, ""literature"": {""publications"": 2, ""sources"": [""TEXTMINING_HUMAN""], ""weight"": 0.2}, ""models"": {""count"": 1, ""sources"": [""RGD_RAT""], ""weight"": 0.05}}, ""total"": 0.65}]"	0	0	0	0	0		DisGeNET	medium_confidence	score>=0.3	https://api.disgenet.com/api/v1/gda/summary	disease=UMLS_C0023890	2026-06-23T13:42:41.932547+00:00
DISGENET_ASSOC:j3Ekep4BHkeZZb25wKyC	2200	FBN1	UMLS:C0023890	C0023890	Cirrhosis	4	j3Ekep4BHkeZZb25wKyC	0.55	0.3548387096774194	3	2004	2025	1.0		"[{""components"": {""biobank"": null, ""clinical"": {""count"": 0, ""sources"": [], ""weight"": 0.0}, ""curated"": {""count"": 1, ""sources"": [""RGD""], ""weight"": 0.4}, ""inferred"": {""count"": 0, ""sources"": [], ""weight"": 0.0}, ""literature"": {""publications"": 1, ""sources"": [""TEXTMINING_HUMAN""], ""weight"": 0.1}, ""models"": {""count"": 1, ""sources"": [""RGD_RAT""], ""weight"": 0.05}}, ""total"": 0.55}]"	0	0	0	0	0		DisGeNET	medium_confidence	score>=0.3	https://api.disgenet.com/api/v1/gda/summary	disease=UMLS_C0023890	2026-06-23T13:42:41.932547+00:00
DISGENET_ASSOC:jFrTdp4BHkeZZb256MU1	5858	PZP	UMLS:C2239176	C2239176	HCC	5	jFrTdp4BHkeZZb256MU1	0.6	0.3870967741935484	3	2017	2023	1.0		"[{""components"": {""biobank"": null, ""clinical"": {""count"": 0, ""sources"": [], ""weight"": 0.0}, ""curated"": {""count"": 1, ""sources"": [""RGD""], ""weight"": 0.4}, ""inferred"": {""count"": 0, ""sources"": [], ""weight"": 0.0}, ""literature"": {""publications"": 2, ""sources"": [""TEXTMINING_HUMAN""], ""weight"": 0.2}, ""models"": {""count"": 0, ""sources"": [], ""weight"": 0.0}}, ""total"": 0.6000000000000001}]"	0	0	0	0	0		DisGeNET	medium_confidence	score>=0.3	https://api.disgenet.com/api/v1/gda/summary	disease=UMLS_C2239176	2026-06-23T13:42:41.932547+00:00
DISGENET_ASSOC:jIjhdZ4Bu8jCkiVmGmUB	3552	IL1A	UMLS:C3241937	C3241937	NASH	2	jIjhdZ4Bu8jCkiVmGmUB	0.5	0.3225806451612903	1	2011	2011	1.0		"[{""components"": {""biobank"": null, ""clinical"": {""count"": 0, ""sources"": [], ""weight"": 0.0}, ""curated"": {""count"": 1, ""sources"": [""RGD""], ""weight"": 0.4}, ""inferred"": {""count"": 0, ""sources"": [], ""weight"": 0.0}, ""literature"": {""publications"": 1, ""sources"": [""TEXTMINING_HUMAN""], ""weight"": 0.1}, ""models"": {""count"": 0, ""sources"": [], ""weight"": 0.0}}, ""total"": 0.5}]"	0	0	0	0	0		DisGeNET	medium_confidence	score>=0.3	https://api.disgenet.com/api/v1/gda/summary	disease=UMLS_C3241937	2026-06-23T13:42:41.932547+00:00
DISGENET_ASSOC:jQHcdp4BZ4eu0iZezuo6	55379	LRRC59	UMLS:C2239176	C2239176	HCC	5	jQHcdp4BZ4eu0iZezuo6	0.5	0.3225806451612903	2	2019	2024	1.0		"[{""components"": {""biobank"": null, ""clinical"": {""count"": 0, ""sources"": [], ""weight"": 0.0}, ""curated"": {""count"": 1, ""sources"": [""RGD""], ""weight"": 0.4}, ""inferred"": {""count"": 0, ""sources"": [], ""weight"": 0.0}, ""literature"": {""publications"": 1, ""sources"": [""TEXTMINING_HUMAN""], ""weight"": 0.1}, ""models"": {""count"": 0, ""sources"": [], ""weight"": 0.0}}, ""total"": 0.5}]"	0	0	0	0	0		DisGeNET	medium_confidence	score>=0.3	https://api.disgenet.com/api/v1/gda/summary	disease=UMLS_C2239176	2026-06-23T13:42:41.932547+00:00
DISGENET_ASSOC:jQMUd54BZ4eu0iZe_Rcl	90381	TICRR	UMLS:C2239176	C2239176	HCC	5	jQMUd54BZ4eu0iZe_Rcl	0.6	0.3870967741935484	3	2017	2024	1.0		"[{""components"": {""biobank"": null, ""clinical"": {""count"": 0, ""sources"": [], ""weight"": 0.0}, ""curated"": {""count"": 1, ""sources"": [""RGD""], ""weight"": 0.4}, ""inferred"": {""count"": 0, ""sources"": [], ""weight"": 0.0}, ""literature"": {""publications"": 2, ""sources"": [""TEXTMINING_HUMAN""], ""weight"": 0.2}, ""models"": {""count"": 0, ""sources"": [], ""weight"": 0.0}}, ""total"": 0.6000000000000001}]"	0	0	0	0	0		DisGeNET	medium_confidence	score>=0.3	https://api.disgenet.com/api/v1/gda/summary	disease=UMLS_C2239176	2026-06-23T13:42:41.932547+00:00
DISGENET_ASSOC:jYjhdZ4Bu8jCkiVmGmQB	2316	FLNA	UMLS:C3241937	C3241937	NASH	2	jYjhdZ4Bu8jCkiVmGmQB	0.65	0.41935483870967744	2	2023	2023	1.0		"[{""components"": {""biobank"": null, ""clinical"": {""count"": 0, ""sources"": [], ""weight"": 0.0}, ""curated"": {""count"": 1, ""sources"": [""RGD""], ""weight"": 0.4}, ""inferred"": {""count"": 0, ""sources"": [], ""weight"": 0.0}, ""literature"": {""publications"": 2, ""sources"": [""TEXTMINING_MODELS""], ""weight"": 0.2}, ""models"": {""count"": 1, ""sources"": [""TEXTMINING_MODELS""], ""weight"": 0.05}}, ""total"": 0.65}]"	0	0	1	1	0	"[{""chemID"": ""CHEMBL1909078"", ""chemPrefName"": ""Sodium arsenite"", ""chemVocabCrossreferences"": [""CHEMBL_CHEMBL1909078"", ""CHEBI_29678"", ""DRUGBANK_DB18508"", ""MESH_C017947"", ""PUBCHEM_443495""], ""numPublicationsWithChemInEvidence"": 1, ""pmidsWithChemInEvidence"": [""37740811""]}]"	DisGeNET	medium_confidence	score>=0.3	https://api.disgenet.com/api/v1/gda/summary	disease=UMLS_C3241937	2026-06-23T13:42:41.932547+00:00
DISGENET_ASSOC:jwMUd54BZ4eu0iZe_RUk	8407	TAGLN2	UMLS:C2239176	C2239176	HCC	5	jwMUd54BZ4eu0iZe_RUk	0.6	0.3870967741935484	4	2005	2020	1.0		"[{""components"": {""biobank"": null, ""clinical"": {""count"": 0, ""sources"": [], ""weight"": 0.0}, ""curated"": {""count"": 1, ""sources"": [""RGD""], ""weight"": 0.4}, ""inferred"": {""count"": 0, ""sources"": [], ""weight"": 0.0}, ""literature"": {""publications"": 4, ""sources"": [""TEXTMINING_HUMAN""], ""weight"": 0.2}, ""models"": {""count"": 0, ""sources"": [], ""weight"": 0.0}}, ""total"": 0.6000000000000001}]"	0	0	0	0	0		DisGeNET	medium_confidence	score>=0.3	https://api.disgenet.com/api/v1/gda/summary	disease=UMLS_C2239176	2026-06-23T13:42:41.932547+00:00
DISGENET_ASSOC:k4jhdZ4Bu8jCkiVmGmUB	3565	IL4	UMLS:C3241937	C3241937	NASH	2	k4jhdZ4Bu8jCkiVmGmUB	0.5	0.3225806451612903	1	2011	2011	1.0		"[{""components"": {""biobank"": null, ""clinical"": {""count"": 0, ""sources"": [], ""weight"": 0.0}, ""curated"": {""count"": 1, ""sources"": [""RGD""], ""weight"": 0.4}, ""inferred"": {""count"": 0, ""sources"": [], ""weight"": 0.0}, ""literature"": {""publications"": 1, ""sources"": [""TEXTMINING_HUMAN""], ""weight"": 0.1}, ""models"": {""count"": 0, ""sources"": [], ""weight"": 0.0}}, ""total"": 0.5}]"	0	0	0	0	0		DisGeNET	medium_confidence	score>=0.3	https://api.disgenet.com/api/v1/gda/summary	disease=UMLS_C3241937	2026-06-23T13:42:41.932547+00:00
DISGENET_ASSOC:k9Yjep4Bu8jCkiVmXhA8	1131	CHRM3	UMLS:C0023890	C0023890	Cirrhosis	4	k9Yjep4Bu8jCkiVmXhA8	0.5	0.3225806451612903	2	1998	2010	1.0		"[{""components"": {""biobank"": null, ""clinical"": {""count"": 0, ""sources"": [], ""weight"": 0.0}, ""curated"": {""count"": 1, ""sources"": [""RGD""], ""weight"": 0.4}, ""inferred"": {""count"": 0, ""sources"": [], ""weight"": 0.0}, ""literature"": {""publications"": 1, ""sources"": [""TEXTMINING_HUMAN""], ""weight"": 0.1}, ""models"": {""count"": 0, ""sources"": [], ""weight"": 0.0}}, ""total"": 0.5}]"	0	0	0	0	0		DisGeNET	medium_confidence	score>=0.3	https://api.disgenet.com/api/v1/gda/summary	disease=UMLS_C0023890	2026-06-23T13:42:41.932547+00:00
DISGENET_ASSOC:kJe4dp4Bu8jCkiVmYbZt	4353	MPO	UMLS:C2239176	C2239176	HCC	5	kJe4dp4Bu8jCkiVmYbZt	0.75	0.48387096774193544	4	2009	2025	0.75		"[{""components"": {""biobank"": null, ""clinical"": {""count"": 0, ""sources"": [], ""weight"": 0.0}, ""curated"": {""count"": 2, ""sources"": [""RGD"", ""MGD_HUMAN""], ""weight"": 0.45}, ""inferred"": {""count"": 0, ""sources"": [], ""weight"": 0.0}, ""literature"": {""publications"": 4, ""sources"": [""TEXTMINING_HUMAN"", ""TEXTMINING_MODELS""], ""weight"": 0.2}, ""models"": {""count"": 2, ""sources"": [""TEXTMINING_MODELS"", ""RGD_RAT""], ""weight"": 0.1}}, ""total"": 0.75}]"	0	0	3	2	0	"[{""chemID"": ""CHEMBL1616046"", ""chemPrefName"": ""Hypochlorous acid"", ""chemVocabCrossreferences"": [""CHEMBL_CHEMBL1616046"", ""CHEBI_24757"", ""DRUGBANK_DB14135"", ""MESH_D006997"", ""PUBCHEM_24341""], ""numPublicationsWithChemInEvidence"": 1, ""pmidsWithChemInEvidence"": [""22985908""]}, {""chemID"": ""CHEMBL164290"", ""chemPrefName"": ""N-NITROSODIETHYLAMINE"", ""chemVocabCrossreferences"": [""CHEMBL_CHEMBL164290"", ""CHEBI_34873"", ""MESH_D004052"", ""PUBCHEM_5921""], ""numPublicationsWithChemInEvidence"": 1, ""pmidsWithChemInEvidence"": [""40743299""]}, {""chemID"": ""CHEMBL44814"", ""chemPrefName"": ""CARBON TETRACHLORIDE"", ""chemVocabCrossreferences"": [""CHEMBL_CHEMBL44814"", ""CHEBI_27385"", ""MESH_D002251"", ""PUBCHEM_5943""], ""numPublicationsWithChemInEvidence"": 1, ""pmidsWithChemInEvidence"": [""40743299""]}]"	DisGeNET	medium_confidence	score>=0.3	https://api.disgenet.com/api/v1/gda/summary	disease=UMLS_C2239176	2026-06-23T13:42:41.932547+00:00
DISGENET_ASSOC:kQMUd54BZ4eu0iZe_RYl	85480	TSLP	UMLS:C2239176	C2239176	HCC	5	kQMUd54BZ4eu0iZe_RYl	0.5	0.3225806451612903	2	2017	2019	1.0		"[{""components"": {""biobank"": null, ""clinical"": {""count"": 0, ""sources"": [], ""weight"": 0.0}, ""curated"": {""count"": 1, ""sources"": [""RGD""], ""weight"": 0.4}, ""inferred"": {""count"": 0, ""sources"": [], ""weight"": 0.0}, ""literature"": {""publications"": 1, ""sources"": [""TEXTMINING_HUMAN""], ""weight"": 0.1}, ""models"": {""count"": 0, ""sources"": [], ""weight"": 0.0}}, ""total"": 0.5}]"	0	0	0	0	0		DisGeNET	medium_confidence	score>=0.3	https://api.disgenet.com/api/v1/gda/summary	disease=UMLS_C2239176	2026-06-23T13:42:41.932547+00:00
DISGENET_ASSOC:khlEep4BZ4eu0iZexgLV	59	ACTA2	UMLS:C0023890	C0023890	Cirrhosis	4	khlEep4BZ4eu0iZexgLV	0.5	0.3225806451612903	4	2014	2020	1.0		"[{""components"": {""biobank"": null, ""clinical"": {""count"": 1, ""sources"": [""CLINICALTRIALS""], ""weight"": 0.1}, ""curated"": {""count"": 1, ""sources"": [""RGD""], ""weight"": 0.4}, ""inferred"": {""count"": 0, ""sources"": [], ""weight"": 0.0}, ""literature"": {""publications"": 0, ""sources"": [], ""weight"": 0.0}, ""models"": {""count"": 0, ""sources"": [], ""weight"": 0.0}}, ""total"": 0.5}]"	1	5	4	0	4	"[{""chemID"": ""CHEMBL107367"", ""chemPrefName"": ""Farglitazar"", ""chemVocabCrossreferences"": [""CHEMBL_CHEMBL107367"", ""CHEBI_229920"", ""DRUGBANK_DB19311"", ""MESH_C422415"", ""PUBCHEM_170364""], ""numPublicationsWithChemInEvidence"": 1, ""pmidsWithChemInEvidence"": []}, {""chemID"": ""CHEMBL1079742"", ""chemPrefName"": ""ERLOTINIB HYDROCHLORIDE"", ""chemVocabCrossreferences"": [""CHEMBL_CHEMBL1079742"", ""CHEBI_53509"", ""MESH_D000069347"", ""PUBCHEM_139074663"", ""PUBCHEM_44263854"", ""PUBCHEM_176871""], ""numPublicationsWithChemInEvidence"": 1, ""pmidsWithChemInEvidence"": []}, {""chemID"": ""CHEMBL2109667"", ""chemPrefName"": ""Simtuzumab"", ""chemVocabCrossreferences"": [""CHEMBL_CHEMBL2109667"", ""DRUGBANK_DB12152"", ""MESH_C000613471""], ""numPublicationsWithChemInEvidence"": 1, ""pmidsWithChemInEvidence"": []}, {""chemID"": ""CHEMBL413"", ""chemPrefName"": ""Sirolimus"", ""chemVocabCrossreferences"": [""CHEMBL_CHEMBL413"", ""CHEBI_9168"", ""DRUGBANK_DB00877"", ""MESH_D020123"", ""PUBCHEM_5284616""], ""numPublicationsWithChemInEvidence"": 1, ""pmidsWithChemInEvidence"": []}]"	DisGeNET	medium_confidence	score>=0.3	https://api.disgenet.com/api/v1/gda/summary	disease=UMLS_C0023890	2026-06-23T13:42:41.932547+00:00
DISGENET_ASSOC:kojhdZ4Bu8jCkiVmGmUB	3562	IL3	UMLS:C3241937	C3241937	NASH	2	kojhdZ4Bu8jCkiVmGmUB	0.5	0.3225806451612903	1	2011	2011	1.0		"[{""components"": {""biobank"": null, ""clinical"": {""count"": 0, ""sources"": [], ""weight"": 0.0}, ""curated"": {""count"": 1, ""sources"": [""RGD""], ""weight"": 0.4}, ""inferred"": {""count"": 0, ""sources"": [], ""weight"": 0.0}, ""literature"": {""publications"": 1, ""sources"": [""TEXTMINING_HUMAN""], ""weight"": 0.1}, ""models"": {""count"": 0, ""sources"": [], ""weight"": 0.0}}, ""total"": 0.5}]"	0	0	0	0	0		DisGeNET	medium_confidence	score>=0.3	https://api.disgenet.com/api/v1/gda/summary	disease=UMLS_C3241937	2026-06-23T13:42:41.932547+00:00
DISGENET_ASSOC:l2VdeJ4BHkeZZb251kMx	949	SCARB1	UMLS:C0400966	C0400966	NAFLD	1	l2VdeJ4BHkeZZb251kMx	0.7	0.4516129032258064	3	2013	2026	0.6666666666666666		"[{""components"": {""biobank"": null, ""clinical"": {""count"": 0, ""sources"": [], ""weight"": 0.0}, ""curated"": {""count"": 1, ""sources"": [""RGD""], ""weight"": 0.4}, ""inferred"": {""count"": 1, ""sources"": [""GWASCAT""], ""weight"": 0.05}, ""literature"": {""publications"": 2, ""sources"": [""TEXTMINING_HUMAN"", ""TEXTMINING_MODELS""], ""weight"": 0.2}, ""models"": {""count"": 1, ""sources"": [""TEXTMINING_MODELS""], ""weight"": 0.05}}, ""total"": 0.7}]"	2	0	1	1	0	"[{""chemID"": ""CHEMBL165"", ""chemPrefName"": ""Resveratrol"", ""chemVocabCrossreferences"": [""CHEMBL_CHEMBL165"", ""CHEBI_45713"", ""DRUGBANK_DB02709"", ""MESH_D000077185"", ""PUBCHEM_445154""], ""numPublicationsWithChemInEvidence"": 1, ""pmidsWithChemInEvidence"": [""23127599""]}]"	DisGeNET	medium_confidence	score>=0.3	https://api.disgenet.com/api/v1/gda/summary	disease=UMLS_C0400966	2026-06-23T13:42:41.932547+00:00
DISGENET_ASSOC:l5Jsdp4Bu8jCkiVmZoFn	1555	CYP2B6	UMLS:C2239176	C2239176	HCC	5	l5Jsdp4Bu8jCkiVmZoFn	0.75	0.48387096774193544	4	1993	2022	0.75		"[{""components"": {""biobank"": null, ""clinical"": {""count"": 1, ""sources"": [""CLINICALTRIALS""], ""weight"": 0.1}, ""curated"": {""count"": 1, ""sources"": [""RGD""], ""weight"": 0.4}, ""inferred"": {""count"": 0, ""sources"": [], ""weight"": 0.0}, ""literature"": {""publications"": 3, ""sources"": [""TEXTMINING_HUMAN"", ""TEXTMINING_MODELS""], ""weight"": 0.2}, ""models"": {""count"": 1, ""sources"": [""TEXTMINING_MODELS""], ""weight"": 0.05}}, ""total"": 0.75}]"	0	3	3	0	3	"[{""chemID"": ""CHEMBL1623"", ""chemPrefName"": ""Meclizine"", ""chemVocabCrossreferences"": [""CHEMBL_CHEMBL1623"", ""CHEBI_6709"", ""DRUGBANK_DB00737"", ""MESH_D008468"", ""PUBCHEM_4034""], ""numPublicationsWithChemInEvidence"": 1, ""pmidsWithChemInEvidence"": []}, {""chemID"": ""CHEMBL53463"", ""chemPrefName"": ""Doxorubicin"", ""chemVocabCrossreferences"": [""CHEMBL_CHEMBL53463"", ""CHEBI_28748"", ""DRUGBANK_DB00997"", ""MESH_D004317"", ""PUBCHEM_31703""], ""numPublicationsWithChemInEvidence"": 1, ""pmidsWithChemInEvidence"": []}, {""chemID"": ""CHEMBL894"", ""chemPrefName"": ""Bupropion"", ""chemVocabCrossreferences"": [""CHEMBL_CHEMBL894"", ""CHEBI_3219"", ""DRUGBANK_DB01156"", ""MESH_D016642"", ""PUBCHEM_444""], ""numPublicationsWithChemInEvidence"": 1, ""pmidsWithChemInEvidence"": []}]"	DisGeNET	medium_confidence	score>=0.3	https://api.disgenet.com/api/v1/gda/summary	disease=UMLS_C2239176	2026-06-23T13:42:41.932547+00:00
DISGENET_ASSOC:lAtieJ4BZ4eu0iZedbNc	191	AHCY	UMLS:C0400966	C0400966	NAFLD	1	lAtieJ4BZ4eu0iZedbNc	0.4	0.25806451612903225	1	2018	2018	1.0		"[{""components"": {""biobank"": null, ""clinical"": {""count"": 0, ""sources"": [], ""weight"": 0.0}, ""curated"": {""count"": 1, ""sources"": [""RGD""], ""weight"": 0.4}, ""inferred"": {""count"": 0, ""sources"": [], ""weight"": 0.0}, ""literature"": {""publications"": 0, ""sources"": [], ""weight"": 0.0}, ""models"": {""count"": 0, ""sources"": [], ""weight"": 0.0}}, ""total"": 0.4}]"	0	0	0	0	0		DisGeNET	medium_confidence	score>=0.3	https://api.disgenet.com/api/v1/gda/summary	disease=UMLS_C0400966	2026-06-23T13:42:41.932547+00:00
DISGENET_ASSOC:lBlEep4BZ4eu0iZexgPV	727	C5	UMLS:C0023890	C0023890	Cirrhosis	4	lBlEep4BZ4eu0iZexgPV	0.4	0.25806451612903225	0					"[{""components"": {""biobank"": null, ""clinical"": {""count"": 0, ""sources"": [], ""weight"": 0.0}, ""curated"": {""count"": 1, ""sources"": [""MGD_HUMAN""], ""weight"": 0.4}, ""inferred"": {""count"": 0, ""sources"": [], ""weight"": 0.0}, ""literature"": {""publications"": 0, ""sources"": [], ""weight"": 0.0}, ""models"": {""count"": 0, ""sources"": [], ""weight"": 0.0}}, ""total"": 0.4}]"	0	0	0	0	0		DisGeNET	medium_confidence	score>=0.3	https://api.disgenet.com/api/v1/gda/summary	disease=UMLS_C0023890	2026-06-23T13:42:41.932547+00:00
DISGENET_ASSOC:lFThdZ4BHkeZZb25KHgg	7038	TG	UMLS:C3241937	C3241937	NASH	2	lFThdZ4BHkeZZb25KHgg	0.4	0.25806451612903225	0					"[{""components"": {""biobank"": null, ""clinical"": {""count"": 0, ""sources"": [], ""weight"": 0.0}, ""curated"": {""count"": 1, ""sources"": [""MGD_HUMAN""], ""weight"": 0.4}, ""inferred"": {""count"": 0, ""sources"": [], ""weight"": 0.0}, ""literature"": {""publications"": 0, ""sources"": [], ""weight"": 0.0}, ""models"": {""count"": 0, ""sources"": [], ""weight"": 0.0}}, ""total"": 0.4}]"	0	0	0	0	0		DisGeNET	medium_confidence	score>=0.3	https://api.disgenet.com/api/v1/gda/summary	disease=UMLS_C3241937	2026-06-23T13:42:41.932547+00:00
DISGENET_ASSOC:lIjhdZ4Bu8jCkiVmGmMB	10935	PRDX3	UMLS:C3241937	C3241937	NASH	2	lIjhdZ4Bu8jCkiVmGmMB	0.4	0.25806451612903225	1	2021	2021	1.0		"[{""components"": {""biobank"": null, ""clinical"": {""count"": 0, ""sources"": [], ""weight"": 0.0}, ""curated"": {""count"": 1, ""sources"": [""RGD""], ""weight"": 0.4}, ""inferred"": {""count"": 0, ""sources"": [], ""weight"": 0.0}, ""literature"": {""publications"": 0, ""sources"": [], ""weight"": 0.0}, ""models"": {""count"": 0, ""sources"": [], ""weight"": 0.0}}, ""total"": 0.4}]"	0	0	0	0	0		DisGeNET	medium_confidence	score>=0.3	https://api.disgenet.com/api/v1/gda/summary	disease=UMLS_C3241937	2026-06-23T13:42:41.932547+00:00
DISGENET_ASSOC:lbVbeJ4Bu8jCkiVmREzc	3976	LIF	UMLS:C0400966	C0400966	NAFLD	1	lbVbeJ4Bu8jCkiVmREzc	0.65	0.41935483870967744	4	2011	2024	1.0		"[{""components"": {""biobank"": null, ""clinical"": {""count"": 0, ""sources"": [], ""weight"": 0.0}, ""curated"": {""count"": 1, ""sources"": [""RGD""], ""weight"": 0.4}, ""inferred"": {""count"": 0, ""sources"": [], ""weight"": 0.0}, ""literature"": {""publications"": 3, ""sources"": [""TEXTMINING_HUMAN"", ""TEXTMINING_MODELS""], ""weight"": 0.2}, ""models"": {""count"": 1, ""sources"": [""TEXTMINING_MODELS""], ""weight"": 0.05}}, ""total"": 0.65}]"	0	0	0	0	0		DisGeNET	medium_confidence	score>=0.3	https://api.disgenet.com/api/v1/gda/summary	disease=UMLS_C0400966	2026-06-23T13:42:41.932547+00:00
DISGENET_ASSOC:lwMUd54BZ4eu0iZe_RUk	84107	ZIC4	UMLS:C2239176	C2239176	HCC	5	lwMUd54BZ4eu0iZe_RUk	0.65	0.41935483870967744	3	2017	2020	1.0		"[{""components"": {""biobank"": null, ""clinical"": {""count"": 0, ""sources"": [], ""weight"": 0.0}, ""curated"": {""count"": 1, ""sources"": [""RGD""], ""weight"": 0.4}, ""inferred"": {""count"": 0, ""sources"": [], ""weight"": 0.0}, ""literature"": {""publications"": 2, ""sources"": [""TEXTMINING_HUMAN"", ""TEXTMINING_MODELS""], ""weight"": 0.2}, ""models"": {""count"": 1, ""sources"": [""TEXTMINING_MODELS""], ""weight"": 0.05}}, ""total"": 0.65}]"	0	0	0	0	0		DisGeNET	medium_confidence	score>=0.3	https://api.disgenet.com/api/v1/gda/summary	disease=UMLS_C2239176	2026-06-23T13:42:41.932547+00:00
DISGENET_ASSOC:lxlEep4BZ4eu0iZexgTW	9474	ATG5	UMLS:C0023890	C0023890	Cirrhosis	4	lxlEep4BZ4eu0iZexgTW	0.65	0.41935483870967744	3	2014	2022	1.0		"[{""components"": {""biobank"": null, ""clinical"": {""count"": 0, ""sources"": [], ""weight"": 0.0}, ""curated"": {""count"": 1, ""sources"": [""RGD""], ""weight"": 0.4}, ""inferred"": {""count"": 0, ""sources"": [], ""weight"": 0.0}, ""literature"": {""publications"": 2, ""sources"": [""TEXTMINING_HUMAN"", ""TEXTMINING_MODELS""], ""weight"": 0.2}, ""models"": {""count"": 1, ""sources"": [""TEXTMINING_MODELS""], ""weight"": 0.05}}, ""total"": 0.65}]"	1	0	0	0	0		DisGeNET	medium_confidence	score>=0.3	https://api.disgenet.com/api/v1/gda/summary	disease=UMLS_C0023890	2026-06-23T13:42:41.932547+00:00
DISGENET_ASSOC:mJJsdp4Bu8jCkiVmZn5m	10990	LILRB5	UMLS:C2239176	C2239176	HCC	5	mJJsdp4Bu8jCkiVmZn5m	0.4	0.25806451612903225	1	2017	2017	1.0		"[{""components"": {""biobank"": null, ""clinical"": {""count"": 0, ""sources"": [], ""weight"": 0.0}, ""curated"": {""count"": 1, ""sources"": [""RGD""], ""weight"": 0.4}, ""inferred"": {""count"": 0, ""sources"": [], ""weight"": 0.0}, ""literature"": {""publications"": 0, ""sources"": [], ""weight"": 0.0}, ""models"": {""count"": 0, ""sources"": [], ""weight"": 0.0}}, ""total"": 0.4}]"	0	0	0	0	0		DisGeNET	medium_confidence	score>=0.3	https://api.disgenet.com/api/v1/gda/summary	disease=UMLS_C2239176	2026-06-23T13:42:41.932547+00:00
DISGENET_ASSOC:mdYjep4Bu8jCkiVmXhA8	11343	MGLL	UMLS:C0023890	C0023890	Cirrhosis	4	mdYjep4Bu8jCkiVmXhA8	0.4	0.25806451612903225	1	2019	2019	1.0		"[{""components"": {""biobank"": null, ""clinical"": {""count"": 0, ""sources"": [], ""weight"": 0.0}, ""curated"": {""count"": 1, ""sources"": [""RGD""], ""weight"": 0.4}, ""inferred"": {""count"": 0, ""sources"": [], ""weight"": 0.0}, ""literature"": {""publications"": 0, ""sources"": [], ""weight"": 0.0}, ""models"": {""count"": 0, ""sources"": [], ""weight"": 0.0}}, ""total"": 0.4}]"	0	0	0	0	0		DisGeNET	medium_confidence	score>=0.3	https://api.disgenet.com/api/v1/gda/summary	disease=UMLS_C0023890	2026-06-23T13:42:41.932547+00:00
DISGENET_ASSOC:mnEkep4BHkeZZb25wKyC	2252	FGF7	UMLS:C0023890	C0023890	Cirrhosis	4	mnEkep4BHkeZZb25wKyC	0.65	0.41935483870967744	3	2007	2016	1.0		"[{""components"": {""biobank"": null, ""clinical"": {""count"": 0, ""sources"": [], ""weight"": 0.0}, ""curated"": {""count"": 1, ""sources"": [""RGD""], ""weight"": 0.4}, ""inferred"": {""count"": 0, ""sources"": [], ""weight"": 0.0}, ""literature"": {""publications"": 2, ""sources"": [""TEXTMINING_HUMAN"", ""TEXTMINING_MODELS""], ""weight"": 0.2}, ""models"": {""count"": 1, ""sources"": [""TEXTMINING_MODELS""], ""weight"": 0.05}}, ""total"": 0.65}]"	0	0	0	0	0		DisGeNET	medium_confidence	score>=0.3	https://api.disgenet.com/api/v1/gda/summary	disease=UMLS_C0023890	2026-06-23T13:42:41.932547+00:00
DISGENET_ASSOC:mw7geJ4BZ4eu0iZebfWA	5154	PDGFA	UMLS:C0239946	C0239946	Fibrosis	3	mw7geJ4BZ4eu0iZebfWA	0.65	0.41935483870967744	2	2008	2025	1.0		"[{""components"": {""biobank"": null, ""clinical"": {""count"": 0, ""sources"": [], ""weight"": 0.0}, ""curated"": {""count"": 1, ""sources"": [""CLINVAR""], ""weight"": 0.4}, ""inferred"": {""count"": 0, ""sources"": [], ""weight"": 0.0}, ""literature"": {""publications"": 2, ""sources"": [""TEXTMINING_HUMAN"", ""TEXTMINING_MODELS""], ""weight"": 0.2}, ""models"": {""count"": 1, ""sources"": [""TEXTMINING_MODELS""], ""weight"": 0.05}}, ""total"": 0.65}]"	1	0	0	0	0		DisGeNET	medium_confidence	score>=0.3	https://api.disgenet.com/api/v1/gda/summary	disease=UMLS_C0239946	2026-06-23T13:42:41.932547+00:00
DISGENET_ASSOC:mwCadp4BZ4eu0iZePAUc	1621	DBH	UMLS:C2239176	C2239176	HCC	5	mwCadp4BZ4eu0iZePAUc	0.4	0.25806451612903225	1	2017	2017	1.0		"[{""components"": {""biobank"": null, ""clinical"": {""count"": 0, ""sources"": [], ""weight"": 0.0}, ""curated"": {""count"": 1, ""sources"": [""RGD""], ""weight"": 0.4}, ""inferred"": {""count"": 0, ""sources"": [], ""weight"": 0.0}, ""literature"": {""publications"": 0, ""sources"": [], ""weight"": 0.0}, ""models"": {""count"": 0, ""sources"": [], ""weight"": 0.0}}, ""total"": 0.4}]"	0	0	0	0	0		DisGeNET	medium_confidence	score>=0.3	https://api.disgenet.com/api/v1/gda/summary	disease=UMLS_C2239176	2026-06-23T13:42:41.932547+00:00
DISGENET_ASSOC:n1ThdZ4BHkeZZb25KHcf	5551	PRF1	UMLS:C3241937	C3241937	NASH	2	n1ThdZ4BHkeZZb25KHcf	0.6	0.3870967741935484	3	2014	2024	1.0		"[{""components"": {""biobank"": null, ""clinical"": {""count"": 0, ""sources"": [], ""weight"": 0.0}, ""curated"": {""count"": 1, ""sources"": [""RGD""], ""weight"": 0.4}, ""inferred"": {""count"": 0, ""sources"": [], ""weight"": 0.0}, ""literature"": {""publications"": 2, ""sources"": [""TEXTMINING_HUMAN""], ""weight"": 0.2}, ""models"": {""count"": 0, ""sources"": [], ""weight"": 0.0}}, ""total"": 0.6000000000000001}]"	0	0	0	0	0		DisGeNET	medium_confidence	score>=0.3	https://api.disgenet.com/api/v1/gda/summary	disease=UMLS_C3241937	2026-06-23T13:42:41.932547+00:00
DISGENET_ASSOC:n5e4dp4Bu8jCkiVmYbRt	387103	CENPW	UMLS:C2239176	C2239176	HCC	5	n5e4dp4Bu8jCkiVmYbRt	0.6	0.3870967741935484	4	2017	2025	1.0		"[{""components"": {""biobank"": null, ""clinical"": {""count"": 0, ""sources"": [], ""weight"": 0.0}, ""curated"": {""count"": 1, ""sources"": [""RGD""], ""weight"": 0.4}, ""inferred"": {""count"": 0, ""sources"": [], ""weight"": 0.0}, ""literature"": {""publications"": 3, ""sources"": [""TEXTMINING_HUMAN""], ""weight"": 0.2}, ""models"": {""count"": 0, ""sources"": [], ""weight"": 0.0}}, ""total"": 0.6000000000000001}]"	0	0	0	0	0		DisGeNET	medium_confidence	score>=0.3	https://api.disgenet.com/api/v1/gda/summary	disease=UMLS_C2239176	2026-06-23T13:42:41.932547+00:00
DISGENET_ASSOC:nWVdeJ4BHkeZZb251kAw	57591	MRTFA	UMLS:C0400966	C0400966	NAFLD	1	nWVdeJ4BHkeZZb251kAw	0.4	0.25806451612903225	1	2021	2021	1.0		"[{""components"": {""biobank"": null, ""clinical"": {""count"": 0, ""sources"": [], ""weight"": 0.0}, ""curated"": {""count"": 1, ""sources"": [""RGD""], ""weight"": 0.4}, ""inferred"": {""count"": 0, ""sources"": [], ""weight"": 0.0}, ""literature"": {""publications"": 0, ""sources"": [], ""weight"": 0.0}, ""models"": {""count"": 0, ""sources"": [], ""weight"": 0.0}}, ""total"": 0.4}]"	0	0	0	0	0		DisGeNET	medium_confidence	score>=0.3	https://api.disgenet.com/api/v1/gda/summary	disease=UMLS_C0400966	2026-06-23T13:42:41.932547+00:00
DISGENET_ASSOC:nXEkep4BHkeZZb25wKyC	2263	FGFR2	UMLS:C0023890	C0023890	Cirrhosis	4	nXEkep4BHkeZZb25wKyC	0.6	0.3870967741935484	3	2007	2022	1.0		"[{""components"": {""biobank"": null, ""clinical"": {""count"": 0, ""sources"": [], ""weight"": 0.0}, ""curated"": {""count"": 1, ""sources"": [""RGD""], ""weight"": 0.4}, ""inferred"": {""count"": 0, ""sources"": [], ""weight"": 0.0}, ""literature"": {""publications"": 2, ""sources"": [""TEXTMINING_HUMAN""], ""weight"": 0.2}, ""models"": {""count"": 0, ""sources"": [], ""weight"": 0.0}}, ""total"": 0.6000000000000001}]"	0	0	0	0	0		DisGeNET	medium_confidence	score>=0.3	https://api.disgenet.com/api/v1/gda/summary	disease=UMLS_C0023890	2026-06-23T13:42:41.932547+00:00
DISGENET_ASSOC:nZzzdp4Bu8jCkiVm_xXy	7053	TGM3	UMLS:C2239176	C2239176	HCC	5	nZzzdp4Bu8jCkiVm_xXy	0.6	0.3870967741935484	3	2017	2022	1.0		"[{""components"": {""biobank"": null, ""clinical"": {""count"": 0, ""sources"": [], ""weight"": 0.0}, ""curated"": {""count"": 1, ""sources"": [""RGD""], ""weight"": 0.4}, ""inferred"": {""count"": 0, ""sources"": [], ""weight"": 0.0}, ""literature"": {""publications"": 2, ""sources"": [""TEXTMINING_HUMAN""], ""weight"": 0.2}, ""models"": {""count"": 0, ""sources"": [], ""weight"": 0.0}}, ""total"": 0.6000000000000001}]"	0	0	0	0	0		DisGeNET	medium_confidence	score>=0.3	https://api.disgenet.com/api/v1/gda/summary	disease=UMLS_C2239176	2026-06-23T13:42:41.932547+00:00
DISGENET_ASSOC:nnEkep4BHkeZZb25wKyC	2264	FGFR4	UMLS:C0023890	C0023890	Cirrhosis	4	nnEkep4BHkeZZb25wKyC	0.65	0.41935483870967744	3	2012	2016	1.0		"[{""components"": {""biobank"": null, ""clinical"": {""count"": 0, ""sources"": [], ""weight"": 0.0}, ""curated"": {""count"": 1, ""sources"": [""MGD_HUMAN""], ""weight"": 0.4}, ""inferred"": {""count"": 0, ""sources"": [], ""weight"": 0.0}, ""literature"": {""publications"": 3, ""sources"": [""TEXTMINING_HUMAN""], ""weight"": 0.2}, ""models"": {""count"": 1, ""sources"": [""RGD_RAT""], ""weight"": 0.05}}, ""total"": 0.65}]"	1	0	0	0	0		DisGeNET	medium_confidence	score>=0.3	https://api.disgenet.com/api/v1/gda/summary	disease=UMLS_C0023890	2026-06-23T13:42:41.932547+00:00
DISGENET_ASSOC:npzzdp4Bu8jCkiVm_xXy	7054	TH	UMLS:C2239176	C2239176	HCC	5	npzzdp4Bu8jCkiVm_xXy	0.6	0.3870967741935484	4	2010	2024	1.0		"[{""components"": {""biobank"": null, ""clinical"": {""count"": 0, ""sources"": [], ""weight"": 0.0}, ""curated"": {""count"": 1, ""sources"": [""RGD""], ""weight"": 0.4}, ""inferred"": {""count"": 0, ""sources"": [], ""weight"": 0.0}, ""literature"": {""publications"": 3, ""sources"": [""TEXTMINING_HUMAN""], ""weight"": 0.2}, ""models"": {""count"": 0, ""sources"": [], ""weight"": 0.0}}, ""total"": 0.6000000000000001}]"	0	0	0	0	0		DisGeNET	medium_confidence	score>=0.3	https://api.disgenet.com/api/v1/gda/summary	disease=UMLS_C2239176	2026-06-23T13:42:41.932547+00:00
DISGENET_ASSOC:o1rTdp4BHkeZZb256MU1	5893	RAD52	UMLS:C2239176	C2239176	HCC	5	o1rTdp4BHkeZZb256MU1	0.65	0.41935483870967744	3	2015	2025	1.0		"[{""components"": {""biobank"": null, ""clinical"": {""count"": 0, ""sources"": [], ""weight"": 0.0}, ""curated"": {""count"": 1, ""sources"": [""MGD_HUMAN""], ""weight"": 0.4}, ""inferred"": {""count"": 0, ""sources"": [], ""weight"": 0.0}, ""literature"": {""publications"": 3, ""sources"": [""TEXTMINING_HUMAN""], ""weight"": 0.2}, ""models"": {""count"": 1, ""sources"": [""RGD_RAT""], ""weight"": 0.05}}, ""total"": 0.65}]"	1	0	0	0	0		DisGeNET	medium_confidence	score>=0.3	https://api.disgenet.com/api/v1/gda/summary	disease=UMLS_C2239176	2026-06-23T13:42:41.932547+00:00
DISGENET_ASSOC:o3Ekep4BHkeZZb25wKyC	22846	VASH1	UMLS:C0023890	C0023890	Cirrhosis	4	o3Ekep4BHkeZZb25wKyC	0.6	0.3870967741935484	1	2014	2014	1.0		"[{""components"": {""biobank"": null, ""clinical"": {""count"": 0, ""sources"": [], ""weight"": 0.0}, ""curated"": {""count"": 1, ""sources"": [""MGD_HUMAN""], ""weight"": 0.4}, ""inferred"": {""count"": 0, ""sources"": [], ""weight"": 0.0}, ""literature"": {""publications"": 1, ""sources"": [""TEXTMINING_MODELS""], ""weight"": 0.1}, ""models"": {""count"": 2, ""sources"": [""TEXTMINING_MODELS"", ""RGD_RAT""], ""weight"": 0.1}}, ""total"": 0.6}]"	0	0	0	0	0		DisGeNET	medium_confidence	score>=0.3	https://api.disgenet.com/api/v1/gda/summary	disease=UMLS_C0023890	2026-06-23T13:42:41.932547+00:00
DISGENET_ASSOC:o4jhdZ4Bu8jCkiVmGmQB	2350	FOLR2	UMLS:C3241937	C3241937	NASH	2	o4jhdZ4Bu8jCkiVmGmQB	0.55	0.3548387096774194	1	2019	2019	1.0		"[{""components"": {""biobank"": null, ""clinical"": {""count"": 0, ""sources"": [], ""weight"": 0.0}, ""curated"": {""count"": 1, ""sources"": [""RGD""], ""weight"": 0.4}, ""inferred"": {""count"": 0, ""sources"": [], ""weight"": 0.0}, ""literature"": {""publications"": 1, ""sources"": [""TEXTMINING_MODELS""], ""weight"": 0.1}, ""models"": {""count"": 1, ""sources"": [""TEXTMINING_MODELS""], ""weight"": 0.05}}, ""total"": 0.55}]"	0	0	0	0	0		DisGeNET	medium_confidence	score>=0.3	https://api.disgenet.com/api/v1/gda/summary	disease=UMLS_C3241937	2026-06-23T13:42:41.932547+00:00
DISGENET_ASSOC:oQCadp4BZ4eu0iZePAcc	22897	CEP164	UMLS:C2239176	C2239176	HCC	5	oQCadp4BZ4eu0iZePAcc	0.55	0.3548387096774194	1	2012	2012	1.0		"[{""components"": {""biobank"": null, ""clinical"": {""count"": 0, ""sources"": [], ""weight"": 0.0}, ""curated"": {""count"": 1, ""sources"": [""MGD_HUMAN""], ""weight"": 0.4}, ""inferred"": {""count"": 0, ""sources"": [], ""weight"": 0.0}, ""literature"": {""publications"": 1, ""sources"": [""TEXTMINING_HUMAN""], ""weight"": 0.1}, ""models"": {""count"": 1, ""sources"": [""RGD_RAT""], ""weight"": 0.05}}, ""total"": 0.55}]"	0	0	0	0	0		DisGeNET	medium_confidence	score>=0.3	https://api.disgenet.com/api/v1/gda/summary	disease=UMLS_C2239176	2026-06-23T13:42:41.932547+00:00
DISGENET_ASSOC:oRlEep4BZ4eu0iZexgTW	9547	CXCL14	UMLS:C0023890	C0023890	Cirrhosis	4	oRlEep4BZ4eu0iZexgTW	0.4	0.25806451612903225	1	2021	2021	1.0		"[{""components"": {""biobank"": null, ""clinical"": {""count"": 0, ""sources"": [], ""weight"": 0.0}, ""curated"": {""count"": 1, ""sources"": [""RGD""], ""weight"": 0.4}, ""inferred"": {""count"": 0, ""sources"": [], ""weight"": 0.0}, ""literature"": {""publications"": 0, ""sources"": [], ""weight"": 0.0}, ""models"": {""count"": 0, ""sources"": [], ""weight"": 0.0}}, ""total"": 0.4}]"	0	0	0	0	0		DisGeNET	medium_confidence	score>=0.3	https://api.disgenet.com/api/v1/gda/summary	disease=UMLS_C0023890	2026-06-23T13:42:41.932547+00:00
DISGENET_ASSOC:onEkep4BHkeZZb25wK-C	5352	PLOD2	UMLS:C0023890	C0023890	Cirrhosis	4	onEkep4BHkeZZb25wK-C	0.4	0.25806451612903225	1	2016	2016	1.0		"[{""components"": {""biobank"": null, ""clinical"": {""count"": 0, ""sources"": [], ""weight"": 0.0}, ""curated"": {""count"": 1, ""sources"": [""RGD""], ""weight"": 0.4}, ""inferred"": {""count"": 0, ""sources"": [], ""weight"": 0.0}, ""literature"": {""publications"": 0, ""sources"": [], ""weight"": 0.0}, ""models"": {""count"": 0, ""sources"": [], ""weight"": 0.0}}, ""total"": 0.4}]"	0	0	0	0	0		DisGeNET	medium_confidence	score>=0.3	https://api.disgenet.com/api/v1/gda/summary	disease=UMLS_C0023890	2026-06-23T13:42:41.932547+00:00
DISGENET_ASSOC:p1ThdZ4BHkeZZb25KHcf	5578	PRKCA	UMLS:C3241937	C3241937	NASH	2	p1ThdZ4BHkeZZb25KHcf	0.4	0.25806451612903225	1	2018	2018	1.0		"[{""components"": {""biobank"": null, ""clinical"": {""count"": 0, ""sources"": [], ""weight"": 0.0}, ""curated"": {""count"": 1, ""sources"": [""RGD""], ""weight"": 0.4}, ""inferred"": {""count"": 0, ""sources"": [], ""weight"": 0.0}, ""literature"": {""publications"": 0, ""sources"": [], ""weight"": 0.0}, ""models"": {""count"": 0, ""sources"": [], ""weight"": 0.0}}, ""total"": 0.4}]"	0	0	0	0	0		DisGeNET	medium_confidence	score>=0.3	https://api.disgenet.com/api/v1/gda/summary	disease=UMLS_C3241937	2026-06-23T13:42:41.932547+00:00
DISGENET_ASSOC:pFThdZ4BHkeZZb25KHcf	5566	PRKACA	UMLS:C3241937	C3241937	NASH	2	pFThdZ4BHkeZZb25KHcf	0.4	0.25806451612903225	1	2018	2018	1.0		"[{""components"": {""biobank"": null, ""clinical"": {""count"": 0, ""sources"": [], ""weight"": 0.0}, ""curated"": {""count"": 1, ""sources"": [""RGD""], ""weight"": 0.4}, ""inferred"": {""count"": 0, ""sources"": [], ""weight"": 0.0}, ""literature"": {""publications"": 0, ""sources"": [], ""weight"": 0.0}, ""models"": {""count"": 0, ""sources"": [], ""weight"": 0.0}}, ""total"": 0.4}]"	0	0	0	0	0		DisGeNET	medium_confidence	score>=0.3	https://api.disgenet.com/api/v1/gda/summary	disease=UMLS_C3241937	2026-06-23T13:42:41.932547+00:00
DISGENET_ASSOC:pFmYdp4BHkeZZb255GpI	282618	IFNL1	UMLS:C2239176	C2239176	HCC	5	pFmYdp4BHkeZZb255GpI	0.6	0.3870967741935484	3	2014	2020	0.6666666666666666		"[{""components"": {""biobank"": null, ""clinical"": {""count"": 0, ""sources"": [], ""weight"": 0.0}, ""curated"": {""count"": 1, ""sources"": [""MGD_HUMAN""], ""weight"": 0.4}, ""inferred"": {""count"": 0, ""sources"": [], ""weight"": 0.0}, ""literature"": {""publications"": 3, ""sources"": [""TEXTMINING_HUMAN""], ""weight"": 0.2}, ""models"": {""count"": 0, ""sources"": [], ""weight"": 0.0}}, ""total"": 0.6000000000000001}]"	0	0	0	0	0		DisGeNET	medium_confidence	score>=0.3	https://api.disgenet.com/api/v1/gda/summary	disease=UMLS_C2239176	2026-06-23T13:42:41.932547+00:00
DISGENET_ASSOC:phlEep4BZ4eu0iZexgLV	5972	REN	UMLS:C0023890	C0023890	Cirrhosis	4	phlEep4BZ4eu0iZexgLV	0.7	0.4516129032258064	4	2005	2022	1.0		"[{""components"": {""biobank"": null, ""clinical"": {""count"": 1, ""sources"": [""CLINICALTRIALS""], ""weight"": 0.1}, ""curated"": {""count"": 1, ""sources"": [""RGD""], ""weight"": 0.4}, ""inferred"": {""count"": 0, ""sources"": [], ""weight"": 0.0}, ""literature"": {""publications"": 3, ""sources"": [""TEXTMINING_HUMAN""], ""weight"": 0.2}, ""models"": {""count"": 0, ""sources"": [], ""weight"": 0.0}}, ""total"": 0.7}]"	0	10	4	1	4	"[{""chemID"": ""CHEMBL1201212"", ""chemPrefName"": ""Midodrine"", ""chemVocabCrossreferences"": [""CHEMBL_CHEMBL1201212"", ""CHEBI_6933"", ""DRUGBANK_DB00211"", ""MESH_D008879"", ""PUBCHEM_4195""], ""numPublicationsWithChemInEvidence"": 2, ""pmidsWithChemInEvidence"": []}, {""chemID"": ""CHEMBL2103920"", ""chemPrefName"": ""Ularitide"", ""chemVocabCrossreferences"": [""CHEMBL_CHEMBL2103920"", ""DRUGBANK_DB05034"", ""MESH_C056452"", ""PUBCHEM_16132416""], ""numPublicationsWithChemInEvidence"": 1, ""pmidsWithChemInEvidence"": []}, {""chemID"": ""CHEMBL344159"", ""chemPrefName"": ""TOLVAPTAN"", ""chemVocabCrossreferences"": [""CHEMBL_CHEMBL344159"", ""CHEBI_231425"", ""MESH_D000077602"", ""PUBCHEM_216237""], ""numPublicationsWithChemInEvidence"": 1, ""pmidsWithChemInEvidence"": [""34348262""]}, {""chemID"": ""CHEMBL471737"", ""chemPrefName"": ""Ivabradine"", ""chemVocabCrossreferences"": [""CHEMBL_CHEMBL471737"", ""CHEBI_85966"", ""DRUGBANK_DB09083"", ""MESH_D000077550"", ""PUBCHEM_132999""], ""numPublicationsWithChemInEvidence"": 1, ""pmidsWithChemInEvidence"": []}]"	DisGeNET	medium_confidence	score>=0.3	https://api.disgenet.com/api/v1/gda/summary	disease=UMLS_C0023890	2026-06-23T13:42:41.932547+00:00
DISGENET_ASSOC:pmVdeJ4BHkeZZb251kAw	57761	TRIB3	UMLS:C0400966	C0400966	NAFLD	1	pmVdeJ4BHkeZZb251kAw	0.55	0.3548387096774194	2	2018	2024	1.0		"[{""components"": {""biobank"": null, ""clinical"": {""count"": 0, ""sources"": [], ""weight"": 0.0}, ""curated"": {""count"": 1, ""sources"": [""RGD""], ""weight"": 0.4}, ""inferred"": {""count"": 0, ""sources"": [], ""weight"": 0.0}, ""literature"": {""publications"": 1, ""sources"": [""TEXTMINING_MODELS""], ""weight"": 0.1}, ""models"": {""count"": 1, ""sources"": [""TEXTMINING_MODELS""], ""weight"": 0.05}}, ""total"": 0.55}]"	1	0	0	0	0		DisGeNET	medium_confidence	score>=0.3	https://api.disgenet.com/api/v1/gda/summary	disease=UMLS_C0400966	2026-06-23T13:42:41.932547+00:00
DISGENET_ASSOC:pwHcdp4BZ4eu0iZezug5	51719	CAB39	UMLS:C2239176	C2239176	HCC	5	pwHcdp4BZ4eu0iZezug5	0.65	0.41935483870967744	2	2017	2020	1.0		"[{""components"": {""biobank"": null, ""clinical"": {""count"": 0, ""sources"": [], ""weight"": 0.0}, ""curated"": {""count"": 1, ""sources"": [""MGD_HUMAN""], ""weight"": 0.4}, ""inferred"": {""count"": 0, ""sources"": [], ""weight"": 0.0}, ""literature"": {""publications"": 2, ""sources"": [""TEXTMINING_HUMAN""], ""weight"": 0.2}, ""models"": {""count"": 1, ""sources"": [""RGD_RAT""], ""weight"": 0.05}}, ""total"": 0.65}]"	0	0	1	1	0	"[{""chemID"": ""CHEMBL438960"", ""chemPrefName"": ""Gln-Gln"", ""chemVocabCrossreferences"": [""CHEMBL_CHEMBL438960"", ""CHEBI_73846"", ""PUBCHEM_7010588"", ""PUBCHEM_7010587""], ""numPublicationsWithChemInEvidence"": 1, ""pmidsWithChemInEvidence"": [""33262952""]}]"	DisGeNET	medium_confidence	score>=0.3	https://api.disgenet.com/api/v1/gda/summary	disease=UMLS_C2239176	2026-06-23T13:42:41.932547+00:00
DISGENET_ASSOC:q3Ekep4BHkeZZb25wK6C	407030	MIR30B	UMLS:C0023890	C0023890	Cirrhosis	4	q3Ekep4BHkeZZb25wK6C	0.4	0.25806451612903225	1	2012	2012	1.0		"[{""components"": {""biobank"": null, ""clinical"": {""count"": 0, ""sources"": [], ""weight"": 0.0}, ""curated"": {""count"": 1, ""sources"": [""RGD""], ""weight"": 0.4}, ""inferred"": {""count"": 0, ""sources"": [], ""weight"": 0.0}, ""literature"": {""publications"": 0, ""sources"": [], ""weight"": 0.0}, ""models"": {""count"": 0, ""sources"": [], ""weight"": 0.0}}, ""total"": 0.4}]"	0	0	0	0	0		DisGeNET	medium_confidence	score>=0.3	https://api.disgenet.com/api/v1/gda/summary	disease=UMLS_C0023890	2026-06-23T13:42:41.932547+00:00
DISGENET_ASSOC:qJe4dp4Bu8jCkiVmYbRt	387775	SLC22A10	UMLS:C2239176	C2239176	HCC	5	qJe4dp4Bu8jCkiVmYbRt	0.5	0.3225806451612903	3	2017	2019	1.0		"[{""components"": {""biobank"": null, ""clinical"": {""count"": 0, ""sources"": [], ""weight"": 0.0}, ""curated"": {""count"": 1, ""sources"": [""RGD""], ""weight"": 0.4}, ""inferred"": {""count"": 0, ""sources"": [], ""weight"": 0.0}, ""literature"": {""publications"": 1, ""sources"": [""TEXTMINING_HUMAN""], ""weight"": 0.1}, ""models"": {""count"": 0, ""sources"": [], ""weight"": 0.0}}, ""total"": 0.5}]"	0	0	1	1	0	"[{""chemID"": ""CHEMBL545"", ""chemPrefName"": ""Ethanol"", ""chemVocabCrossreferences"": [""CHEMBL_CHEMBL545"", ""CHEBI_16236"", ""DRUGBANK_DB00898"", ""MESH_D000431"", ""PUBCHEM_702""], ""numPublicationsWithChemInEvidence"": 1, ""pmidsWithChemInEvidence"": [""30755830""]}]"	DisGeNET	medium_confidence	score>=0.3	https://api.disgenet.com/api/v1/gda/summary	disease=UMLS_C2239176	2026-06-23T13:42:41.932547+00:00
DISGENET_ASSOC:qVThdZ4BHkeZZb25KHcf	5580	PRKCD	UMLS:C3241937	C3241937	NASH	2	qVThdZ4BHkeZZb25KHcf	0.55	0.3548387096774194	2	2018	2021	1.0		"[{""components"": {""biobank"": null, ""clinical"": {""count"": 0, ""sources"": [], ""weight"": 0.0}, ""curated"": {""count"": 1, ""sources"": [""RGD""], ""weight"": 0.4}, ""inferred"": {""count"": 0, ""sources"": [], ""weight"": 0.0}, ""literature"": {""publications"": 1, ""sources"": [""TEXTMINING_MODELS""], ""weight"": 0.1}, ""models"": {""count"": 1, ""sources"": [""TEXTMINING_MODELS""], ""weight"": 0.05}}, ""total"": 0.55}]"	0	0	0	0	0		DisGeNET	medium_confidence	score>=0.3	https://api.disgenet.com/api/v1/gda/summary	disease=UMLS_C3241937	2026-06-23T13:42:41.932547+00:00
DISGENET_ASSOC:qXEkep4BHkeZZb25wK2C	3291	HSD11B2	UMLS:C0023890	C0023890	Cirrhosis	4	qXEkep4BHkeZZb25wK2C	0.5	0.3225806451612903	2	2003	2004	1.0		"[{""components"": {""biobank"": null, ""clinical"": {""count"": 0, ""sources"": [], ""weight"": 0.0}, ""curated"": {""count"": 1, ""sources"": [""RGD""], ""weight"": 0.4}, ""inferred"": {""count"": 0, ""sources"": [], ""weight"": 0.0}, ""literature"": {""publications"": 1, ""sources"": [""TEXTMINING_HUMAN""], ""weight"": 0.1}, ""models"": {""count"": 0, ""sources"": [], ""weight"": 0.0}}, ""total"": 0.5}]"	0	0	1	1	0	"[{""chemID"": ""CHEMBL1922673"", ""chemPrefName"": ""FIBOFLAPON SODIUM"", ""chemVocabCrossreferences"": [""CHEMBL_CHEMBL1922673"", ""PUBCHEM_44473150""], ""numPublicationsWithChemInEvidence"": 1, ""pmidsWithChemInEvidence"": [""12788832""]}]"	DisGeNET	medium_confidence	score>=0.3	https://api.disgenet.com/api/v1/gda/summary	disease=UMLS_C0023890	2026-06-23T13:42:41.932547+00:00
DISGENET_ASSOC:qhlEep4BZ4eu0iZexgTW	9645	MICAL2	UMLS:C0023890	C0023890	Cirrhosis	4	qhlEep4BZ4eu0iZexgTW	0.4	0.25806451612903225	1	2020	2020	1.0		"[{""components"": {""biobank"": null, ""clinical"": {""count"": 0, ""sources"": [], ""weight"": 0.0}, ""curated"": {""count"": 1, ""sources"": [""RGD""], ""weight"": 0.4}, ""inferred"": {""count"": 0, ""sources"": [], ""weight"": 0.0}, ""literature"": {""publications"": 0, ""sources"": [], ""weight"": 0.0}, ""models"": {""count"": 0, ""sources"": [], ""weight"": 0.0}}, ""total"": 0.4}]"	0	0	0	0	0		DisGeNET	medium_confidence	score>=0.3	https://api.disgenet.com/api/v1/gda/summary	disease=UMLS_C0023890	2026-06-23T13:42:41.932547+00:00
DISGENET_ASSOC:qlThdZ4BHkeZZb25KHcf	5581	PRKCE	UMLS:C3241937	C3241937	NASH	2	qlThdZ4BHkeZZb25KHcf	0.4	0.25806451612903225	1	2018	2018	1.0		"[{""components"": {""biobank"": null, ""clinical"": {""count"": 0, ""sources"": [], ""weight"": 0.0}, ""curated"": {""count"": 1, ""sources"": [""RGD""], ""weight"": 0.4}, ""inferred"": {""count"": 0, ""sources"": [], ""weight"": 0.0}, ""literature"": {""publications"": 0, ""sources"": [], ""weight"": 0.0}, ""models"": {""count"": 0, ""sources"": [], ""weight"": 0.0}}, ""total"": 0.4}]"	0	0	0	0	0		DisGeNET	medium_confidence	score>=0.3	https://api.disgenet.com/api/v1/gda/summary	disease=UMLS_C3241937	2026-06-23T13:42:41.932547+00:00
DISGENET_ASSOC:qlrTdp4BHkeZZb256MQ1	57393	CLTRN	UMLS:C2239176	C2239176	HCC	5	qlrTdp4BHkeZZb256MQ1	0.5	0.3225806451612903	2	2017	2021	1.0		"[{""components"": {""biobank"": null, ""clinical"": {""count"": 0, ""sources"": [], ""weight"": 0.0}, ""curated"": {""count"": 1, ""sources"": [""RGD""], ""weight"": 0.4}, ""inferred"": {""count"": 0, ""sources"": [], ""weight"": 0.0}, ""literature"": {""publications"": 1, ""sources"": [""TEXTMINING_HUMAN""], ""weight"": 0.1}, ""models"": {""count"": 0, ""sources"": [], ""weight"": 0.0}}, ""total"": 0.5}]"	0	0	0	0	0		DisGeNET	medium_confidence	score>=0.3	https://api.disgenet.com/api/v1/gda/summary	disease=UMLS_C2239176	2026-06-23T13:42:41.932547+00:00
DISGENET_ASSOC:rFThdZ4BHkeZZb25KHgg	7133	TNFRSF1B	UMLS:C3241937	C3241937	NASH	2	rFThdZ4BHkeZZb25KHgg	0.4	0.25806451612903225	1	2010	2010	1.0		"[{""components"": {""biobank"": null, ""clinical"": {""count"": 0, ""sources"": [], ""weight"": 0.0}, ""curated"": {""count"": 1, ""sources"": [""RGD""], ""weight"": 0.4}, ""inferred"": {""count"": 0, ""sources"": [], ""weight"": 0.0}, ""literature"": {""publications"": 0, ""sources"": [], ""weight"": 0.0}, ""models"": {""count"": 0, ""sources"": [], ""weight"": 0.0}}, ""total"": 0.4}]"	0	0	0	0	0		DisGeNET	medium_confidence	score>=0.3	https://api.disgenet.com/api/v1/gda/summary	disease=UMLS_C3241937	2026-06-23T13:42:41.932547+00:00
DISGENET_ASSOC:rFmYdp4BHkeZZb255GxI	339390	CLEC4G	UMLS:C2239176	C2239176	HCC	5	rFmYdp4BHkeZZb255GxI	0.6	0.3870967741935484	4	2017	2025	0.75		"[{""components"": {""biobank"": null, ""clinical"": {""count"": 0, ""sources"": [], ""weight"": 0.0}, ""curated"": {""count"": 1, ""sources"": [""RGD""], ""weight"": 0.4}, ""inferred"": {""count"": 0, ""sources"": [], ""weight"": 0.0}, ""literature"": {""publications"": 3, ""sources"": [""TEXTMINING_HUMAN""], ""weight"": 0.2}, ""models"": {""count"": 0, ""sources"": [], ""weight"": 0.0}}, ""total"": 0.6000000000000001}]"	0	0	1	1	0	"[{""chemID"": ""CHEMBL1289601"", ""chemPrefName"": ""Lenvatinib"", ""chemVocabCrossreferences"": [""CHEMBL_CHEMBL1289601"", ""CHEBI_85994"", ""DRUGBANK_DB09078"", ""MESH_C531958"", ""PUBCHEM_9823820""], ""numPublicationsWithChemInEvidence"": 1, ""pmidsWithChemInEvidence"": [""41395114""]}]"	DisGeNET	medium_confidence	score>=0.3	https://api.disgenet.com/api/v1/gda/summary	disease=UMLS_C2239176	2026-06-23T13:42:41.932547+00:00
DISGENET_ASSOC:rHEkep4BHkeZZb25wK6C	407031	MIR30C1	UMLS:C0023890	C0023890	Cirrhosis	4	rHEkep4BHkeZZb25wK6C	0.4	0.25806451612903225	1	2012	2012	1.0		"[{""components"": {""biobank"": null, ""clinical"": {""count"": 0, ""sources"": [], ""weight"": 0.0}, ""curated"": {""count"": 1, ""sources"": [""RGD""], ""weight"": 0.4}, ""inferred"": {""count"": 0, ""sources"": [], ""weight"": 0.0}, ""literature"": {""publications"": 0, ""sources"": [], ""weight"": 0.0}, ""models"": {""count"": 0, ""sources"": [], ""weight"": 0.0}}, ""total"": 0.4}]"	0	0	0	0	0		DisGeNET	medium_confidence	score>=0.3	https://api.disgenet.com/api/v1/gda/summary	disease=UMLS_C0023890	2026-06-23T13:42:41.932547+00:00
DISGENET_ASSOC:rJJsdp4Bu8jCkiVmZn9n	117145	THEM4	UMLS:C2239176	C2239176	HCC	5	rJJsdp4Bu8jCkiVmZn9n	0.55	0.3548387096774194	1	2013	2013	1.0		"[{""components"": {""biobank"": null, ""clinical"": {""count"": 0, ""sources"": [], ""weight"": 0.0}, ""curated"": {""count"": 1, ""sources"": [""RGD""], ""weight"": 0.4}, ""inferred"": {""count"": 0, ""sources"": [], ""weight"": 0.0}, ""literature"": {""publications"": 1, ""sources"": [""TEXTMINING_MODELS""], ""weight"": 0.1}, ""models"": {""count"": 1, ""sources"": [""TEXTMINING_MODELS""], ""weight"": 0.05}}, ""total"": 0.55}]"	0	0	0	0	0		DisGeNET	medium_confidence	score>=0.3	https://api.disgenet.com/api/v1/gda/summary	disease=UMLS_C2239176	2026-06-23T13:42:41.932547+00:00
DISGENET_ASSOC:rQHcdp4BZ4eu0iZezuo6	55576	STAB2	UMLS:C2239176	C2239176	HCC	5	rQHcdp4BZ4eu0iZezuo6	0.65	0.41935483870967744	3	2013	2024	1.0		"[{""components"": {""biobank"": null, ""clinical"": {""count"": 0, ""sources"": [], ""weight"": 0.0}, ""curated"": {""count"": 1, ""sources"": [""RGD""], ""weight"": 0.4}, ""inferred"": {""count"": 0, ""sources"": [], ""weight"": 0.0}, ""literature"": {""publications"": 2, ""sources"": [""TEXTMINING_HUMAN"", ""TEXTMINING_MODELS""], ""weight"": 0.2}, ""models"": {""count"": 1, ""sources"": [""TEXTMINING_MODELS""], ""weight"": 0.05}}, ""total"": 0.65}]"	0	0	0	0	0		DisGeNET	medium_confidence	score>=0.3	https://api.disgenet.com/api/v1/gda/summary	disease=UMLS_C2239176	2026-06-23T13:42:41.932547+00:00
DISGENET_ASSOC:rVThdZ4BHkeZZb25KHgg	714	C1QC	UMLS:C3241937	C3241937	NASH	2	rVThdZ4BHkeZZb25KHgg	0.4	0.25806451612903225	1	2022	2022	1.0		"[{""components"": {""biobank"": null, ""clinical"": {""count"": 0, ""sources"": [], ""weight"": 0.0}, ""curated"": {""count"": 1, ""sources"": [""RGD""], ""weight"": 0.4}, ""inferred"": {""count"": 0, ""sources"": [], ""weight"": 0.0}, ""literature"": {""publications"": 0, ""sources"": [], ""weight"": 0.0}, ""models"": {""count"": 0, ""sources"": [], ""weight"": 0.0}}, ""total"": 0.4}]"	0	0	0	0	0		DisGeNET	medium_confidence	score>=0.3	https://api.disgenet.com/api/v1/gda/summary	disease=UMLS_C3241937	2026-06-23T13:42:41.932547+00:00
DISGENET_ASSOC:rVrTdp4BHkeZZb256Mc1	65010	SLC26A6	UMLS:C2239176	C2239176	HCC	5	rVrTdp4BHkeZZb256Mc1	0.6	0.3870967741935484	4	2017	2026	1.0		"[{""components"": {""biobank"": null, ""clinical"": {""count"": 0, ""sources"": [], ""weight"": 0.0}, ""curated"": {""count"": 1, ""sources"": [""RGD""], ""weight"": 0.4}, ""inferred"": {""count"": 0, ""sources"": [], ""weight"": 0.0}, ""literature"": {""publications"": 3, ""sources"": [""TEXTMINING_HUMAN""], ""weight"": 0.2}, ""models"": {""count"": 0, ""sources"": [], ""weight"": 0.0}}, ""total"": 0.6000000000000001}]"	0	0	0	0	0		DisGeNET	medium_confidence	score>=0.3	https://api.disgenet.com/api/v1/gda/summary	disease=UMLS_C2239176	2026-06-23T13:42:41.932547+00:00
DISGENET_ASSOC:rXEkep4BHkeZZb25wK6C	407032	MIR30C2	UMLS:C0023890	C0023890	Cirrhosis	4	rXEkep4BHkeZZb25wK6C	0.4	0.25806451612903225	1	2012	2012	1.0		"[{""components"": {""biobank"": null, ""clinical"": {""count"": 0, ""sources"": [], ""weight"": 0.0}, ""curated"": {""count"": 1, ""sources"": [""RGD""], ""weight"": 0.4}, ""inferred"": {""count"": 0, ""sources"": [], ""weight"": 0.0}, ""literature"": {""publications"": 0, ""sources"": [], ""weight"": 0.0}, ""models"": {""count"": 0, ""sources"": [], ""weight"": 0.0}}, ""total"": 0.4}]"	0	0	0	0	0		DisGeNET	medium_confidence	score>=0.3	https://api.disgenet.com/api/v1/gda/summary	disease=UMLS_C0023890	2026-06-23T13:42:41.932547+00:00
DISGENET_ASSOC:rwMUd54BZ4eu0iZe_Rcl	9077	DIRAS3	UMLS:C2239176	C2239176	HCC	5	rwMUd54BZ4eu0iZe_Rcl	0.5	0.3225806451612903	2	2009	2017	1.0		"[{""components"": {""biobank"": null, ""clinical"": {""count"": 0, ""sources"": [], ""weight"": 0.0}, ""curated"": {""count"": 1, ""sources"": [""RGD""], ""weight"": 0.4}, ""inferred"": {""count"": 0, ""sources"": [], ""weight"": 0.0}, ""literature"": {""publications"": 1, ""sources"": [""TEXTMINING_HUMAN""], ""weight"": 0.1}, ""models"": {""count"": 0, ""sources"": [], ""weight"": 0.0}}, ""total"": 0.5}]"	0	0	0	0	0		DisGeNET	medium_confidence	score>=0.3	https://api.disgenet.com/api/v1/gda/summary	disease=UMLS_C2239176	2026-06-23T13:42:41.932547+00:00
DISGENET_ASSOC:s9Yjep4Bu8jCkiVmXhA8	120227	CYP2R1	UMLS:C0023890	C0023890	Cirrhosis	4	s9Yjep4Bu8jCkiVmXhA8	0.4	0.25806451612903225	1	2014	2014	1.0		"[{""components"": {""biobank"": null, ""clinical"": {""count"": 0, ""sources"": [], ""weight"": 0.0}, ""curated"": {""count"": 1, ""sources"": [""RGD""], ""weight"": 0.4}, ""inferred"": {""count"": 0, ""sources"": [], ""weight"": 0.0}, ""literature"": {""publications"": 0, ""sources"": [], ""weight"": 0.0}, ""models"": {""count"": 0, ""sources"": [], ""weight"": 0.0}}, ""total"": 0.4}]"	0	0	0	0	0		DisGeNET	medium_confidence	score>=0.3	https://api.disgenet.com/api/v1/gda/summary	disease=UMLS_C0023890	2026-06-23T13:42:41.932547+00:00
DISGENET_ASSOC:sRlEep4BZ4eu0iZexgPV	7423	VEGFB	UMLS:C0023890	C0023890	Cirrhosis	4	sRlEep4BZ4eu0iZexgPV	0.4	0.25806451612903225	1	2025	2025	1.0		"[{""components"": {""biobank"": null, ""clinical"": {""count"": 0, ""sources"": [], ""weight"": 0.0}, ""curated"": {""count"": 1, ""sources"": [""RGD""], ""weight"": 0.4}, ""inferred"": {""count"": 0, ""sources"": [], ""weight"": 0.0}, ""literature"": {""publications"": 0, ""sources"": [], ""weight"": 0.0}, ""models"": {""count"": 0, ""sources"": [], ""weight"": 0.0}}, ""total"": 0.4}]"	0	0	0	0	0		DisGeNET	medium_confidence	score>=0.3	https://api.disgenet.com/api/v1/gda/summary	disease=UMLS_C0023890	2026-06-23T13:42:41.932547+00:00
DISGENET_ASSOC:sXEkep4BHkeZZb25wKyC	2309	FOXO3	UMLS:C0023890	C0023890	Cirrhosis	4	sXEkep4BHkeZZb25wKyC	0.55	0.3548387096774194	2	2016	2021	1.0		"[{""components"": {""biobank"": null, ""clinical"": {""count"": 0, ""sources"": [], ""weight"": 0.0}, ""curated"": {""count"": 1, ""sources"": [""RGD""], ""weight"": 0.4}, ""inferred"": {""count"": 0, ""sources"": [], ""weight"": 0.0}, ""literature"": {""publications"": 1, ""sources"": [""TEXTMINING_MODELS""], ""weight"": 0.1}, ""models"": {""count"": 1, ""sources"": [""TEXTMINING_MODELS""], ""weight"": 0.05}}, ""total"": 0.55}]"	0	0	0	0	0		DisGeNET	medium_confidence	score>=0.3	https://api.disgenet.com/api/v1/gda/summary	disease=UMLS_C0023890	2026-06-23T13:42:41.932547+00:00
DISGENET_ASSOC:sgCadp4BZ4eu0iZePAcc	22937	SCAP	UMLS:C2239176	C2239176	HCC	5	sgCadp4BZ4eu0iZePAcc	0.65	0.41935483870967744	4	2004	2026	1.0		"[{""components"": {""biobank"": null, ""clinical"": {""count"": 0, ""sources"": [], ""weight"": 0.0}, ""curated"": {""count"": 1, ""sources"": [""RGD""], ""weight"": 0.4}, ""inferred"": {""count"": 0, ""sources"": [], ""weight"": 0.0}, ""literature"": {""publications"": 3, ""sources"": [""TEXTMINING_MODELS""], ""weight"": 0.2}, ""models"": {""count"": 1, ""sources"": [""TEXTMINING_MODELS""], ""weight"": 0.05}}, ""total"": 0.65}]"	0	0	1	1	0	"[{""chemID"": ""CHEMBL1336"", ""chemPrefName"": ""Sorafenib"", ""chemVocabCrossreferences"": [""CHEMBL_CHEMBL1336"", ""CHEBI_50924"", ""DRUGBANK_DB00398"", ""MESH_D000077157"", ""PUBCHEM_216239""], ""numPublicationsWithChemInEvidence"": 1, ""pmidsWithChemInEvidence"": [""35354475""]}]"	DisGeNET	medium_confidence	score>=0.3	https://api.disgenet.com/api/v1/gda/summary	disease=UMLS_C2239176	2026-06-23T13:42:41.932547+00:00
DISGENET_ASSOC:sgMUd54BZ4eu0iZe_RUk	84231	TRAF7	UMLS:C2239176	C2239176	HCC	5	sgMUd54BZ4eu0iZe_RUk	0.65	0.41935483870967744	3	2020	2025	1.0		"[{""components"": {""biobank"": null, ""clinical"": {""count"": 0, ""sources"": [], ""weight"": 0.0}, ""curated"": {""count"": 1, ""sources"": [""MGD_HUMAN""], ""weight"": 0.4}, ""inferred"": {""count"": 0, ""sources"": [], ""weight"": 0.0}, ""literature"": {""publications"": 2, ""sources"": [""TEXTMINING_HUMAN""], ""weight"": 0.2}, ""models"": {""count"": 1, ""sources"": [""RGD_RAT""], ""weight"": 0.05}}, ""total"": 0.65}]"	0	0	0	0	0		DisGeNET	medium_confidence	score>=0.3	https://api.disgenet.com/api/v1/gda/summary	disease=UMLS_C2239176	2026-06-23T13:42:41.932547+00:00
DISGENET_ASSOC:t3Ekep4BHkeZZb25wKyC	2321	FLT1	UMLS:C0023890	C0023890	Cirrhosis	4	t3Ekep4BHkeZZb25wKyC	0.65	0.41935483870967744	3	2002	2021	1.0		"[{""components"": {""biobank"": null, ""clinical"": {""count"": 0, ""sources"": [], ""weight"": 0.0}, ""curated"": {""count"": 1, ""sources"": [""RGD""], ""weight"": 0.4}, ""inferred"": {""count"": 0, ""sources"": [], ""weight"": 0.0}, ""literature"": {""publications"": 2, ""sources"": [""TEXTMINING_HUMAN""], ""weight"": 0.2}, ""models"": {""count"": 1, ""sources"": [""RGD_RAT""], ""weight"": 0.05}}, ""total"": 0.65}]"	0	0	0	0	0		DisGeNET	medium_confidence	score>=0.3	https://api.disgenet.com/api/v1/gda/summary	disease=UMLS_C0023890	2026-06-23T13:42:41.932547+00:00
DISGENET_ASSOC:tACadp4BZ4eu0iZePAUc	1646	AKR1C2	UMLS:C2239176	C2239176	HCC	5	tACadp4BZ4eu0iZePAUc	0.5	0.3225806451612903	2	2010	2024	1.0		"[{""components"": {""biobank"": null, ""clinical"": {""count"": 0, ""sources"": [], ""weight"": 0.0}, ""curated"": {""count"": 1, ""sources"": [""RGD""], ""weight"": 0.4}, ""inferred"": {""count"": 0, ""sources"": [], ""weight"": 0.0}, ""literature"": {""publications"": 1, ""sources"": [""TEXTMINING_HUMAN""], ""weight"": 0.1}, ""models"": {""count"": 0, ""sources"": [], ""weight"": 0.0}}, ""total"": 0.5}]"	0	0	1	1	0	"[{""chemID"": ""CHEMBL1336"", ""chemPrefName"": ""Sorafenib"", ""chemVocabCrossreferences"": [""CHEMBL_CHEMBL1336"", ""CHEBI_50924"", ""DRUGBANK_DB00398"", ""MESH_D000077157"", ""PUBCHEM_216239""], ""numPublicationsWithChemInEvidence"": 1, ""pmidsWithChemInEvidence"": [""38463802""]}]"	DisGeNET	medium_confidence	score>=0.3	https://api.disgenet.com/api/v1/gda/summary	disease=UMLS_C2239176	2026-06-23T13:42:41.932547+00:00
DISGENET_ASSOC:tAMUd54BZ4eu0iZe_RYl	8621	CDK13	UMLS:C2239176	C2239176	HCC	5	tAMUd54BZ4eu0iZe_RYl	0.65	0.41935483870967744	4	2012	2021	1.0		"[{""components"": {""biobank"": null, ""clinical"": {""count"": 0, ""sources"": [], ""weight"": 0.0}, ""curated"": {""count"": 1, ""sources"": [""MGD_HUMAN""], ""weight"": 0.4}, ""inferred"": {""count"": 0, ""sources"": [], ""weight"": 0.0}, ""literature"": {""publications"": 4, ""sources"": [""TEXTMINING_HUMAN"", ""TEXTMINING_MODELS""], ""weight"": 0.2}, ""models"": {""count"": 1, ""sources"": [""TEXTMINING_MODELS""], ""weight"": 0.05}}, ""total"": 0.65}]"	0	0	0	0	0		DisGeNET	medium_confidence	score>=0.3	https://api.disgenet.com/api/v1/gda/summary	disease=UMLS_C2239176	2026-06-23T13:42:41.932547+00:00
DISGENET_ASSOC:tJJsdp4Bu8jCkiVmZoFn	1586	CYP17A1	UMLS:C2239176	C2239176	HCC	5	tJJsdp4Bu8jCkiVmZoFn	0.65	0.41935483870967744	4	2003	2017	1.0		"[{""components"": {""biobank"": null, ""clinical"": {""count"": 0, ""sources"": [], ""weight"": 0.0}, ""curated"": {""count"": 1, ""sources"": [""RGD""], ""weight"": 0.4}, ""inferred"": {""count"": 0, ""sources"": [], ""weight"": 0.0}, ""literature"": {""publications"": 3, ""sources"": [""TEXTMINING_HUMAN"", ""TEXTMINING_MODELS""], ""weight"": 0.2}, ""models"": {""count"": 1, ""sources"": [""TEXTMINING_MODELS""], ""weight"": 0.05}}, ""total"": 0.65}]"	1	0	0	0	0		DisGeNET	medium_confidence	score>=0.3	https://api.disgenet.com/api/v1/gda/summary	disease=UMLS_C2239176	2026-06-23T13:42:41.932547+00:00
DISGENET_ASSOC:tRlEep4BZ4eu0iZexgPV	7448	VTN	UMLS:C0023890	C0023890	Cirrhosis	4	tRlEep4BZ4eu0iZexgPV	0.55	0.3548387096774194	2	2016	2019	0.5		"[{""components"": {""biobank"": null, ""clinical"": {""count"": 0, ""sources"": [], ""weight"": 0.0}, ""curated"": {""count"": 1, ""sources"": [""RGD""], ""weight"": 0.4}, ""inferred"": {""count"": 0, ""sources"": [], ""weight"": 0.0}, ""literature"": {""publications"": 1, ""sources"": [""TEXTMINING_MODELS""], ""weight"": 0.1}, ""models"": {""count"": 1, ""sources"": [""TEXTMINING_MODELS""], ""weight"": 0.05}}, ""total"": 0.55}]"	0	0	1	1	0	"[{""chemID"": ""CHEMBL44814"", ""chemPrefName"": ""CARBON TETRACHLORIDE"", ""chemVocabCrossreferences"": [""CHEMBL_CHEMBL44814"", ""CHEBI_27385"", ""MESH_D002251"", ""PUBCHEM_5943""], ""numPublicationsWithChemInEvidence"": 1, ""pmidsWithChemInEvidence"": [""30984549""]}]"	DisGeNET	medium_confidence	score>=0.3	https://api.disgenet.com/api/v1/gda/summary	disease=UMLS_C0023890	2026-06-23T13:42:41.932547+00:00
DISGENET_ASSOC:tXEkep4BHkeZZb25wK6C	408	ARRB1	UMLS:C0023890	C0023890	Cirrhosis	4	tXEkep4BHkeZZb25wK6C	0.4	0.25806451612903225	1	2016	2016	1.0		"[{""components"": {""biobank"": null, ""clinical"": {""count"": 0, ""sources"": [], ""weight"": 0.0}, ""curated"": {""count"": 1, ""sources"": [""RGD""], ""weight"": 0.4}, ""inferred"": {""count"": 0, ""sources"": [], ""weight"": 0.0}, ""literature"": {""publications"": 0, ""sources"": [], ""weight"": 0.0}, ""models"": {""count"": 0, ""sources"": [], ""weight"": 0.0}}, ""total"": 0.4}]"	0	0	0	0	0		DisGeNET	medium_confidence	score>=0.3	https://api.disgenet.com/api/v1/gda/summary	disease=UMLS_C0023890	2026-06-23T13:42:41.932547+00:00
DISGENET_ASSOC:tYjhdZ4Bu8jCkiVmGmQB	2494	NR5A2	UMLS:C3241937	C3241937	NASH	2	tYjhdZ4Bu8jCkiVmGmQB	0.65	0.41935483870967744	3	2017	2024	1.0		"[{""components"": {""biobank"": null, ""clinical"": {""count"": 0, ""sources"": [], ""weight"": 0.0}, ""curated"": {""count"": 1, ""sources"": [""RGD""], ""weight"": 0.4}, ""inferred"": {""count"": 0, ""sources"": [], ""weight"": 0.0}, ""literature"": {""publications"": 2, ""sources"": [""TEXTMINING_MODELS""], ""weight"": 0.2}, ""models"": {""count"": 1, ""sources"": [""TEXTMINING_MODELS""], ""weight"": 0.05}}, ""total"": 0.65}]"	0	0	0	0	0		DisGeNET	medium_confidence	score>=0.3	https://api.disgenet.com/api/v1/gda/summary	disease=UMLS_C3241937	2026-06-23T13:42:41.932547+00:00
DISGENET_ASSOC:tpJsdp4Bu8jCkiVmZn9n	118	ADD1	UMLS:C2239176	C2239176	HCC	5	tpJsdp4Bu8jCkiVmZn9n	0.4	0.25806451612903225	1	2009	2009	1.0		"[{""components"": {""biobank"": null, ""clinical"": {""count"": 0, ""sources"": [], ""weight"": 0.0}, ""curated"": {""count"": 1, ""sources"": [""RGD""], ""weight"": 0.4}, ""inferred"": {""count"": 0, ""sources"": [], ""weight"": 0.0}, ""literature"": {""publications"": 0, ""sources"": [], ""weight"": 0.0}, ""models"": {""count"": 0, ""sources"": [], ""weight"": 0.0}}, ""total"": 0.4}]"	0	0	0	0	0		DisGeNET	medium_confidence	score>=0.3	https://api.disgenet.com/api/v1/gda/summary	disease=UMLS_C2239176	2026-06-23T13:42:41.932547+00:00
DISGENET_ASSOC:uHEkep4BHkeZZb25wK6C	4088	SMAD3	UMLS:C0023890	C0023890	Cirrhosis	4	uHEkep4BHkeZZb25wK6C	0.6	0.3870967741935484	3	2011	2014	1.0		"[{""components"": {""biobank"": null, ""clinical"": {""count"": 0, ""sources"": [], ""weight"": 0.0}, ""curated"": {""count"": 1, ""sources"": [""RGD""], ""weight"": 0.4}, ""inferred"": {""count"": 0, ""sources"": [], ""weight"": 0.0}, ""literature"": {""publications"": 2, ""sources"": [""TEXTMINING_HUMAN""], ""weight"": 0.2}, ""models"": {""count"": 0, ""sources"": [], ""weight"": 0.0}}, ""total"": 0.6000000000000001}]"	0	0	0	0	0		DisGeNET	medium_confidence	score>=0.3	https://api.disgenet.com/api/v1/gda/summary	disease=UMLS_C0023890	2026-06-23T13:42:41.932547+00:00
DISGENET_ASSOC:uJJsdp4Bu8jCkiVmZn5n	11063	SOX30	UMLS:C2239176	C2239176	HCC	5	uJJsdp4Bu8jCkiVmZn5n	0.5	0.3225806451612903	1	2019	2019	1.0		"[{""components"": {""biobank"": null, ""clinical"": {""count"": 0, ""sources"": [], ""weight"": 0.0}, ""curated"": {""count"": 1, ""sources"": [""MGD_HUMAN""], ""weight"": 0.4}, ""inferred"": {""count"": 0, ""sources"": [], ""weight"": 0.0}, ""literature"": {""publications"": 1, ""sources"": [""TEXTMINING_HUMAN""], ""weight"": 0.1}, ""models"": {""count"": 0, ""sources"": [], ""weight"": 0.0}}, ""total"": 0.5}]"	0	0	0	0	0		DisGeNET	medium_confidence	score>=0.3	https://api.disgenet.com/api/v1/gda/summary	disease=UMLS_C2239176	2026-06-23T13:42:41.932547+00:00
DISGENET_ASSOC:uJJsdp4Bu8jCkiVmZoBn	139420	PPP4R3C	UMLS:C2239176	C2239176	HCC	5	uJJsdp4Bu8jCkiVmZoBn	0.4	0.25806451612903225	1	2017	2017	1.0		"[{""components"": {""biobank"": null, ""clinical"": {""count"": 0, ""sources"": [], ""weight"": 0.0}, ""curated"": {""count"": 1, ""sources"": [""RGD""], ""weight"": 0.4}, ""inferred"": {""count"": 0, ""sources"": [], ""weight"": 0.0}, ""literature"": {""publications"": 0, ""sources"": [], ""weight"": 0.0}, ""models"": {""count"": 0, ""sources"": [], ""weight"": 0.0}}, ""total"": 0.4}]"	0	0	0	0	0		DisGeNET	medium_confidence	score>=0.3	https://api.disgenet.com/api/v1/gda/summary	disease=UMLS_C2239176	2026-06-23T13:42:41.932547+00:00
DISGENET_ASSOC:uJe4dp4Bu8jCkiVmYbZt	442896	MIR302D	UMLS:C2239176	C2239176	HCC	5	uJe4dp4Bu8jCkiVmYbZt	0.5	0.3225806451612903	1	2017	2017	1.0		"[{""components"": {""biobank"": null, ""clinical"": {""count"": 0, ""sources"": [], ""weight"": 0.0}, ""curated"": {""count"": 1, ""sources"": [""MGD_HUMAN""], ""weight"": 0.4}, ""inferred"": {""count"": 0, ""sources"": [], ""weight"": 0.0}, ""literature"": {""publications"": 1, ""sources"": [""TEXTMINING_HUMAN""], ""weight"": 0.1}, ""models"": {""count"": 0, ""sources"": [], ""weight"": 0.0}}, ""total"": 0.5}]"	0	0	0	0	0		DisGeNET	medium_confidence	score>=0.3	https://api.disgenet.com/api/v1/gda/summary	disease=UMLS_C2239176	2026-06-23T13:42:41.932547+00:00
DISGENET_ASSOC:unEkep4BHkeZZb25wK6C	409	ARRB2	UMLS:C0023890	C0023890	Cirrhosis	4	unEkep4BHkeZZb25wK6C	0.7	0.4516129032258064	4	2007	2024	1.0		"[{""components"": {""biobank"": null, ""clinical"": {""count"": 0, ""sources"": [], ""weight"": 0.0}, ""curated"": {""count"": 1, ""sources"": [""RGD""], ""weight"": 0.4}, ""inferred"": {""count"": 0, ""sources"": [], ""weight"": 0.0}, ""literature"": {""publications"": 3, ""sources"": [""TEXTMINING_HUMAN"", ""TEXTMINING_MODELS""], ""weight"": 0.2}, ""models"": {""count"": 2, ""sources"": [""TEXTMINING_MODELS"", ""RGD_RAT""], ""weight"": 0.1}}, ""total"": 0.7}]"	0	0	0	0	0		DisGeNET	medium_confidence	score>=0.3	https://api.disgenet.com/api/v1/gda/summary	disease=UMLS_C0023890	2026-06-23T13:42:41.932547+00:00
DISGENET_ASSOC:v1mYdp4BHkeZZb255GpI	283600	SLC25A47	UMLS:C2239176	C2239176	HCC	5	v1mYdp4BHkeZZb255GpI	0.6	0.3870967741935484	3	2004	2018	1.0		"[{""components"": {""biobank"": null, ""clinical"": {""count"": 0, ""sources"": [], ""weight"": 0.0}, ""curated"": {""count"": 1, ""sources"": [""RGD""], ""weight"": 0.4}, ""inferred"": {""count"": 0, ""sources"": [], ""weight"": 0.0}, ""literature"": {""publications"": 2, ""sources"": [""TEXTMINING_HUMAN""], ""weight"": 0.2}, ""models"": {""count"": 0, ""sources"": [], ""weight"": 0.0}}, ""total"": 0.6000000000000001}]"	0	0	0	0	0		DisGeNET	medium_confidence	score>=0.3	https://api.disgenet.com/api/v1/gda/summary	disease=UMLS_C2239176	2026-06-23T13:42:41.932547+00:00
DISGENET_ASSOC:vJzzdp4Bu8jCkiVm_xfz	79968	WDR76	UMLS:C2239176	C2239176	HCC	5	vJzzdp4Bu8jCkiVm_xfz	0.6	0.3870967741935484	3	2017	2023	1.0		"[{""components"": {""biobank"": null, ""clinical"": {""count"": 0, ""sources"": [], ""weight"": 0.0}, ""curated"": {""count"": 1, ""sources"": [""RGD""], ""weight"": 0.4}, ""inferred"": {""count"": 0, ""sources"": [], ""weight"": 0.0}, ""literature"": {""publications"": 2, ""sources"": [""TEXTMINING_HUMAN""], ""weight"": 0.2}, ""models"": {""count"": 0, ""sources"": [], ""weight"": 0.0}}, ""total"": 0.6000000000000001}]"	0	0	0	0	0		DisGeNET	medium_confidence	score>=0.3	https://api.disgenet.com/api/v1/gda/summary	disease=UMLS_C2239176	2026-06-23T13:42:41.932547+00:00
DISGENET_ASSOC:vXEkep4BHkeZZb25wK-D	54822	TRPM7	UMLS:C0023890	C0023890	Cirrhosis	4	vXEkep4BHkeZZb25wK-D	0.4	0.25806451612903225	1	2014	2014	1.0		"[{""components"": {""biobank"": null, ""clinical"": {""count"": 0, ""sources"": [], ""weight"": 0.0}, ""curated"": {""count"": 1, ""sources"": [""RGD""], ""weight"": 0.4}, ""inferred"": {""count"": 0, ""sources"": [], ""weight"": 0.0}, ""literature"": {""publications"": 0, ""sources"": [], ""weight"": 0.0}, ""models"": {""count"": 0, ""sources"": [], ""weight"": 0.0}}, ""total"": 0.4}]"	0	0	0	0	0		DisGeNET	medium_confidence	score>=0.3	https://api.disgenet.com/api/v1/gda/summary	disease=UMLS_C0023890	2026-06-23T13:42:41.932547+00:00
DISGENET_ASSOC:vlmYdp4BHkeZZb255GxI	340152	ZC3H12D	UMLS:C2239176	C2239176	HCC	5	vlmYdp4BHkeZZb255GxI	0.5	0.3225806451612903	1	2022	2022	1.0		"[{""components"": {""biobank"": null, ""clinical"": {""count"": 0, ""sources"": [], ""weight"": 0.0}, ""curated"": {""count"": 1, ""sources"": [""RGD""], ""weight"": 0.4}, ""inferred"": {""count"": 0, ""sources"": [], ""weight"": 0.0}, ""literature"": {""publications"": 1, ""sources"": [""TEXTMINING_HUMAN""], ""weight"": 0.1}, ""models"": {""count"": 0, ""sources"": [], ""weight"": 0.0}}, ""total"": 0.5}]"	0	0	0	0	0		DisGeNET	medium_confidence	score>=0.3	https://api.disgenet.com/api/v1/gda/summary	disease=UMLS_C2239176	2026-06-23T13:42:41.932547+00:00
DISGENET_ASSOC:w3Ekep4BHkeZZb25wK-D	55000	TUG1	UMLS:C0023890	C0023890	Cirrhosis	4	w3Ekep4BHkeZZb25wK-D	0.4	0.25806451612903225	1	2023	2023	1.0		"[{""components"": {""biobank"": null, ""clinical"": {""count"": 0, ""sources"": [], ""weight"": 0.0}, ""curated"": {""count"": 1, ""sources"": [""RGD""], ""weight"": 0.4}, ""inferred"": {""count"": 0, ""sources"": [], ""weight"": 0.0}, ""literature"": {""publications"": 0, ""sources"": [], ""weight"": 0.0}, ""models"": {""count"": 0, ""sources"": [], ""weight"": 0.0}}, ""total"": 0.4}]"	0	0	0	0	0		DisGeNET	medium_confidence	score>=0.3	https://api.disgenet.com/api/v1/gda/summary	disease=UMLS_C0023890	2026-06-23T13:42:41.932547+00:00
DISGENET_ASSOC:wHEkep4BHkeZZb25wK-D	54914	FOCAD	UMLS:C0023890	C0023890	Cirrhosis	4	wHEkep4BHkeZZb25wK-D	0.6	0.3870967741935484	2	2022	2025	1.0		"[{""components"": {""biobank"": null, ""clinical"": {""count"": 0, ""sources"": [], ""weight"": 0.0}, ""curated"": {""count"": 1, ""sources"": [""RGD""], ""weight"": 0.4}, ""inferred"": {""count"": 0, ""sources"": [], ""weight"": 0.0}, ""literature"": {""publications"": 2, ""sources"": [""TEXTMINING_HUMAN""], ""weight"": 0.2}, ""models"": {""count"": 0, ""sources"": [], ""weight"": 0.0}}, ""total"": 0.6000000000000001}]"	0	0	0	0	0		DisGeNET	medium_confidence	score>=0.3	https://api.disgenet.com/api/v1/gda/summary	disease=UMLS_C0023890	2026-06-23T13:42:41.932547+00:00
DISGENET_ASSOC:wpJsdp4Bu8jCkiVmZn5n	110806263	LOC110806263	UMLS:C2239176	C2239176	HCC	5	wpJsdp4Bu8jCkiVmZn5n	0.6	0.3870967741935484	3	2017	2021	1.0		"[{""components"": {""biobank"": null, ""clinical"": {""count"": 0, ""sources"": [], ""weight"": 0.0}, ""curated"": {""count"": 1, ""sources"": [""CLINVAR""], ""weight"": 0.4}, ""inferred"": {""count"": 0, ""sources"": [], ""weight"": 0.0}, ""literature"": {""publications"": 2, ""sources"": [""TEXTMINING_HUMAN""], ""weight"": 0.2}, ""models"": {""count"": 0, ""sources"": [], ""weight"": 0.0}}, ""total"": 0.6000000000000001}]"	0	0	0	0	0		DisGeNET	medium_confidence	score>=0.3	https://api.disgenet.com/api/v1/gda/summary	disease=UMLS_C2239176	2026-06-23T13:42:41.932547+00:00
DISGENET_ASSOC:xGVdeJ4BHkeZZb251kAw	5897	RAG2	UMLS:C0400966	C0400966	NAFLD	1	xGVdeJ4BHkeZZb251kAw	0.4	0.25806451612903225	1	2014	2014	1.0		"[{""components"": {""biobank"": null, ""clinical"": {""count"": 0, ""sources"": [], ""weight"": 0.0}, ""curated"": {""count"": 1, ""sources"": [""RGD""], ""weight"": 0.4}, ""inferred"": {""count"": 0, ""sources"": [], ""weight"": 0.0}, ""literature"": {""publications"": 0, ""sources"": [], ""weight"": 0.0}, ""models"": {""count"": 0, ""sources"": [], ""weight"": 0.0}}, ""total"": 0.4}]"	0	0	0	0	0		DisGeNET	medium_confidence	score>=0.3	https://api.disgenet.com/api/v1/gda/summary	disease=UMLS_C0400966	2026-06-23T13:42:41.932547+00:00
DISGENET_ASSOC:xNYjep4Bu8jCkiVmXhA8	1268	CNR1	UMLS:C0023890	C0023890	Cirrhosis	4	xNYjep4Bu8jCkiVmXhA8	0.4	0.25806451612903225	2	2001	2011	1.0		"[{""components"": {""biobank"": null, ""clinical"": {""count"": 0, ""sources"": [], ""weight"": 0.0}, ""curated"": {""count"": 1, ""sources"": [""RGD""], ""weight"": 0.4}, ""inferred"": {""count"": 0, ""sources"": [], ""weight"": 0.0}, ""literature"": {""publications"": 0, ""sources"": [], ""weight"": 0.0}, ""models"": {""count"": 0, ""sources"": [], ""weight"": 0.0}}, ""total"": 0.4}]"	0	0	0	0	0		DisGeNET	medium_confidence	score>=0.3	https://api.disgenet.com/api/v1/gda/summary	disease=UMLS_C0023890	2026-06-23T13:42:41.932547+00:00
DISGENET_ASSOC:xQHcdp4BZ4eu0iZezug5	5199	CFP	UMLS:C2239176	C2239176	HCC	5	xQHcdp4BZ4eu0iZezug5	0.6	0.3870967741935484	3	2017	2024	1.0		"[{""components"": {""biobank"": null, ""clinical"": {""count"": 0, ""sources"": [], ""weight"": 0.0}, ""curated"": {""count"": 1, ""sources"": [""RGD""], ""weight"": 0.4}, ""inferred"": {""count"": 0, ""sources"": [], ""weight"": 0.0}, ""literature"": {""publications"": 2, ""sources"": [""TEXTMINING_HUMAN""], ""weight"": 0.2}, ""models"": {""count"": 0, ""sources"": [], ""weight"": 0.0}}, ""total"": 0.6000000000000001}]"	0	0	0	0	0		DisGeNET	medium_confidence	score>=0.3	https://api.disgenet.com/api/v1/gda/summary	disease=UMLS_C2239176	2026-06-23T13:42:41.932547+00:00
DISGENET_ASSOC:xdYjep4Bu8jCkiVmXhA8	1269	CNR2	UMLS:C0023890	C0023890	Cirrhosis	4	xdYjep4Bu8jCkiVmXhA8	0.65	0.41935483870967744	3	2001	2006	1.0		"[{""components"": {""biobank"": null, ""clinical"": {""count"": 0, ""sources"": [], ""weight"": 0.0}, ""curated"": {""count"": 1, ""sources"": [""RGD""], ""weight"": 0.4}, ""inferred"": {""count"": 0, ""sources"": [], ""weight"": 0.0}, ""literature"": {""publications"": 2, ""sources"": [""TEXTMINING_HUMAN"", ""TEXTMINING_MODELS""], ""weight"": 0.2}, ""models"": {""count"": 1, ""sources"": [""TEXTMINING_MODELS""], ""weight"": 0.05}}, ""total"": 0.65}]"	0	0	1	1	0	"[{""chemID"": ""CHEMBL15848"", ""chemPrefName"": ""ANANDAMIDE"", ""chemVocabCrossreferences"": [""CHEMBL_CHEMBL15848"", ""CHEBI_2700"", ""MESH_C078814"", ""PUBCHEM_5281969""], ""numPublicationsWithChemInEvidence"": 1, ""pmidsWithChemInEvidence"": [""11433348""]}]"	DisGeNET	medium_confidence	score>=0.3	https://api.disgenet.com/api/v1/gda/summary	disease=UMLS_C0023890	2026-06-23T13:42:41.932547+00:00
DISGENET_ASSOC:xgCadp4BZ4eu0iZePAcc	22994	CEP131	UMLS:C2239176	C2239176	HCC	5	xgCadp4BZ4eu0iZePAcc	0.6	0.3870967741935484	3	2017	2020	1.0		"[{""components"": {""biobank"": null, ""clinical"": {""count"": 0, ""sources"": [], ""weight"": 0.0}, ""curated"": {""count"": 1, ""sources"": [""RGD""], ""weight"": 0.4}, ""inferred"": {""count"": 0, ""sources"": [], ""weight"": 0.0}, ""literature"": {""publications"": 2, ""sources"": [""TEXTMINING_HUMAN""], ""weight"": 0.2}, ""models"": {""count"": 0, ""sources"": [], ""weight"": 0.0}}, ""total"": 0.6000000000000001}]"	0	0	0	0	0		DisGeNET	medium_confidence	score>=0.3	https://api.disgenet.com/api/v1/gda/summary	disease=UMLS_C2239176	2026-06-23T13:42:41.932547+00:00
DISGENET_ASSOC:xgtieJ4BZ4eu0iZedbJc	1244	ABCC2	UMLS:C0400966	C0400966	NAFLD	1	xgtieJ4BZ4eu0iZedbJc	0.65	0.41935483870967744	4	2009	2025	1.0		"[{""components"": {""biobank"": null, ""clinical"": {""count"": 0, ""sources"": [], ""weight"": 0.0}, ""curated"": {""count"": 2, ""sources"": [""RGD"", ""MGD_HUMAN""], ""weight"": 0.45}, ""inferred"": {""count"": 0, ""sources"": [], ""weight"": 0.0}, ""literature"": {""publications"": 3, ""sources"": [""TEXTMINING_HUMAN""], ""weight"": 0.2}, ""models"": {""count"": 0, ""sources"": [], ""weight"": 0.0}}, ""total"": 0.65}]"	2	0	0	0	0		DisGeNET	medium_confidence	score>=0.3	https://api.disgenet.com/api/v1/gda/summary	disease=UMLS_C0400966	2026-06-23T13:42:41.932547+00:00
DISGENET_ASSOC:y5e4dp4Bu8jCkiVmYbRt	389558	FAM180A	UMLS:C2239176	C2239176	HCC	5	y5e4dp4Bu8jCkiVmYbRt	0.4	0.25806451612903225	1	2017	2017	1.0		"[{""components"": {""biobank"": null, ""clinical"": {""count"": 0, ""sources"": [], ""weight"": 0.0}, ""curated"": {""count"": 1, ""sources"": [""RGD""], ""weight"": 0.4}, ""inferred"": {""count"": 0, ""sources"": [], ""weight"": 0.0}, ""literature"": {""publications"": 0, ""sources"": [], ""weight"": 0.0}, ""models"": {""count"": 0, ""sources"": [], ""weight"": 0.0}}, ""total"": 0.4}]"	0	0	0	0	0		DisGeNET	medium_confidence	score>=0.3	https://api.disgenet.com/api/v1/gda/summary	disease=UMLS_C2239176	2026-06-23T13:42:41.932547+00:00
DISGENET_ASSOC:yHEkep4BHkeZZb25wK2C	3439	IFNA1	UMLS:C0023890	C0023890	Cirrhosis	4	yHEkep4BHkeZZb25wK2C	0.6	0.3870967741935484	3	1992	2008	1.0		"[{""components"": {""biobank"": null, ""clinical"": {""count"": 0, ""sources"": [], ""weight"": 0.0}, ""curated"": {""count"": 1, ""sources"": [""RGD""], ""weight"": 0.4}, ""inferred"": {""count"": 0, ""sources"": [], ""weight"": 0.0}, ""literature"": {""publications"": 2, ""sources"": [""TEXTMINING_HUMAN""], ""weight"": 0.2}, ""models"": {""count"": 0, ""sources"": [], ""weight"": 0.0}}, ""total"": 0.6000000000000001}]"	0	0	0	0	0		DisGeNET	medium_confidence	score>=0.3	https://api.disgenet.com/api/v1/gda/summary	disease=UMLS_C0023890	2026-06-23T13:42:41.932547+00:00
DISGENET_ASSOC:yJzzdp4Bu8jCkiVm_xfz	80028	FBXL18	UMLS:C2239176	C2239176	HCC	5	yJzzdp4Bu8jCkiVm_xfz	0.4	0.25806451612903225	1	2017	2017	1.0		"[{""components"": {""biobank"": null, ""clinical"": {""count"": 0, ""sources"": [], ""weight"": 0.0}, ""curated"": {""count"": 1, ""sources"": [""RGD""], ""weight"": 0.4}, ""inferred"": {""count"": 0, ""sources"": [], ""weight"": 0.0}, ""literature"": {""publications"": 0, ""sources"": [], ""weight"": 0.0}, ""models"": {""count"": 0, ""sources"": [], ""weight"": 0.0}}, ""total"": 0.4}]"	0	0	0	0	0		DisGeNET	medium_confidence	score>=0.3	https://api.disgenet.com/api/v1/gda/summary	disease=UMLS_C2239176	2026-06-23T13:42:41.932547+00:00
DISGENET_ASSOC:yXEkep4BHkeZZb25wK2C	3440	IFNA2	UMLS:C0023890	C0023890	Cirrhosis	4	yXEkep4BHkeZZb25wK2C	0.4	0.25806451612903225	0					"[{""components"": {""biobank"": null, ""clinical"": {""count"": 0, ""sources"": [], ""weight"": 0.0}, ""curated"": {""count"": 1, ""sources"": [""MGD_HUMAN""], ""weight"": 0.4}, ""inferred"": {""count"": 0, ""sources"": [], ""weight"": 0.0}, ""literature"": {""publications"": 0, ""sources"": [], ""weight"": 0.0}, ""models"": {""count"": 0, ""sources"": [], ""weight"": 0.0}}, ""total"": 0.4}]"	0	0	0	0	0		DisGeNET	medium_confidence	score>=0.3	https://api.disgenet.com/api/v1/gda/summary	disease=UMLS_C0023890	2026-06-23T13:42:41.932547+00:00
DISGENET_ASSOC:ydYjep4Bu8jCkiVmXhA8	1278	COL1A2	UMLS:C0023890	C0023890	Cirrhosis	4	ydYjep4Bu8jCkiVmXhA8	0.5	0.3225806451612903	2	2016	2025	1.0		"[{""components"": {""biobank"": null, ""clinical"": {""count"": 0, ""sources"": [], ""weight"": 0.0}, ""curated"": {""count"": 1, ""sources"": [""RGD""], ""weight"": 0.4}, ""inferred"": {""count"": 0, ""sources"": [], ""weight"": 0.0}, ""literature"": {""publications"": 1, ""sources"": [""TEXTMINING_HUMAN""], ""weight"": 0.1}, ""models"": {""count"": 0, ""sources"": [], ""weight"": 0.0}}, ""total"": 0.5}]"	0	0	0	0	0		DisGeNET	medium_confidence	score>=0.3	https://api.disgenet.com/api/v1/gda/summary	disease=UMLS_C0023890	2026-06-23T13:42:41.932547+00:00
DISGENET_ASSOC:ylThdZ4BHkeZZb25KHgg	7436	VLDLR	UMLS:C3241937	C3241937	NASH	2	ylThdZ4BHkeZZb25KHgg	0.4	0.25806451612903225	1	2018	2018	1.0		"[{""components"": {""biobank"": null, ""clinical"": {""count"": 0, ""sources"": [], ""weight"": 0.0}, ""curated"": {""count"": 1, ""sources"": [""RGD""], ""weight"": 0.4}, ""inferred"": {""count"": 0, ""sources"": [], ""weight"": 0.0}, ""literature"": {""publications"": 0, ""sources"": [], ""weight"": 0.0}, ""models"": {""count"": 0, ""sources"": [], ""weight"": 0.0}}, ""total"": 0.4}]"	0	0	0	0	0		DisGeNET	medium_confidence	score>=0.3	https://api.disgenet.com/api/v1/gda/summary	disease=UMLS_C3241937	2026-06-23T13:42:41.932547+00:00
DISGENET_ASSOC:yojhdZ4Bu8jCkiVmGmMB	1244	ABCC2	UMLS:C3241937	C3241937	NASH	2	yojhdZ4Bu8jCkiVmGmMB	0.55	0.3548387096774194	2	2017	2018	1.0		"[{""components"": {""biobank"": null, ""clinical"": {""count"": 0, ""sources"": [], ""weight"": 0.0}, ""curated"": {""count"": 2, ""sources"": [""RGD"", ""MGD_HUMAN""], ""weight"": 0.45}, ""inferred"": {""count"": 0, ""sources"": [], ""weight"": 0.0}, ""literature"": {""publications"": 1, ""sources"": [""TEXTMINING_HUMAN""], ""weight"": 0.1}, ""models"": {""count"": 0, ""sources"": [], ""weight"": 0.0}}, ""total"": 0.55}]"	0	0	0	0	0		DisGeNET	medium_confidence	score>=0.3	https://api.disgenet.com/api/v1/gda/summary	disease=UMLS_C3241937	2026-06-23T13:42:41.932547+00:00
DISGENET_ASSOC:ytYjep4Bu8jCkiVmXhA8	1281	COL3A1	UMLS:C0023890	C0023890	Cirrhosis	4	ytYjep4Bu8jCkiVmXhA8	0.55	0.3548387096774194	6	1989	2025	1.0		"[{""components"": {""biobank"": null, ""clinical"": {""count"": 0, ""sources"": [], ""weight"": 0.0}, ""curated"": {""count"": 1, ""sources"": [""RGD""], ""weight"": 0.4}, ""inferred"": {""count"": 0, ""sources"": [], ""weight"": 0.0}, ""literature"": {""publications"": 1, ""sources"": [""TEXTMINING_MODELS""], ""weight"": 0.1}, ""models"": {""count"": 1, ""sources"": [""TEXTMINING_MODELS""], ""weight"": 0.05}}, ""total"": 0.55}]"	1	0	1	1	0	"[{""chemID"": ""CHEMBL2074977"", ""chemPrefName"": ""Cadmium"", ""chemVocabCrossreferences"": [""CHEMBL_CHEMBL2074977"", ""CHEBI_37249"", ""CHEBI_22977"", ""DRUGBANK_DB14085"", ""MESH_D002104"", ""PUBCHEM_23973""], ""numPublicationsWithChemInEvidence"": 1, ""pmidsWithChemInEvidence"": [""40451025""]}]"	DisGeNET	medium_confidence	score>=0.3	https://api.disgenet.com/api/v1/gda/summary	disease=UMLS_C0023890	2026-06-23T13:42:41.932547+00:00
DISGENET_ASSOC:zRlEep4BZ4eu0iZexgLV	6352	CCL5	UMLS:C0023890	C0023890	Cirrhosis	4	zRlEep4BZ4eu0iZexgLV	0.75	0.48387096774193544	3	2009	2024	1.0		"[{""components"": {""biobank"": null, ""clinical"": {""count"": 1, ""sources"": [""CLINICALTRIALS""], ""weight"": 0.1}, ""curated"": {""count"": 1, ""sources"": [""MGD_HUMAN""], ""weight"": 0.4}, ""inferred"": {""count"": 0, ""sources"": [], ""weight"": 0.0}, ""literature"": {""publications"": 3, ""sources"": [""TEXTMINING_HUMAN"", ""TEXTMINING_MODELS""], ""weight"": 0.2}, ""models"": {""count"": 1, ""sources"": [""TEXTMINING_MODELS""], ""weight"": 0.05}}, ""total"": 0.75}]"	0	1	0	0	0		DisGeNET	medium_confidence	score>=0.3	https://api.disgenet.com/api/v1/gda/summary	disease=UMLS_C0023890	2026-06-23T13:42:41.932547+00:00
DISGENET_ASSOC:zZe4dp4Bu8jCkiVmYbdt	4998	ORC1	UMLS:C2239176	C2239176	HCC	5	zZe4dp4Bu8jCkiVmYbdt	0.4	0.25806451612903225	1	2017	2017	1.0		"[{""components"": {""biobank"": null, ""clinical"": {""count"": 0, ""sources"": [], ""weight"": 0.0}, ""curated"": {""count"": 1, ""sources"": [""RGD""], ""weight"": 0.4}, ""inferred"": {""count"": 0, ""sources"": [], ""weight"": 0.0}, ""literature"": {""publications"": 0, ""sources"": [], ""weight"": 0.0}, ""models"": {""count"": 0, ""sources"": [], ""weight"": 0.0}}, ""total"": 0.4}]"	0	0	0	0	0		DisGeNET	medium_confidence	score>=0.3	https://api.disgenet.com/api/v1/gda/summary	disease=UMLS_C2239176	2026-06-23T13:42:41.932547+00:00
DISGENET_ASSOC:zgMUd54BZ4eu0iZe_RQk	81037	CLPTM1L	UMLS:C2239176	C2239176	HCC	5	zgMUd54BZ4eu0iZe_RQk	0.45	0.2903225806451613	1	2014	2014	1.0		"[{""components"": {""biobank"": null, ""clinical"": {""count"": 0, ""sources"": [], ""weight"": 0.0}, ""curated"": {""count"": 1, ""sources"": [""MGD_HUMAN""], ""weight"": 0.4}, ""inferred"": {""count"": 0, ""sources"": [], ""weight"": 0.0}, ""literature"": {""publications"": 0, ""sources"": [], ""weight"": 0.0}, ""models"": {""count"": 1, ""sources"": [""RGD_RAT""], ""weight"": 0.05}}, ""total"": 0.45}]"	1	0	0	0	0		DisGeNET	medium_confidence	score>=0.3	https://api.disgenet.com/api/v1/gda/summary	disease=UMLS_C2239176	2026-06-23T13:42:41.932547+00:00
DISGENET_ASSOC:zpe4dp4Bu8jCkiVmYbdt	50	ACO2	UMLS:C2239176	C2239176	HCC	5	zpe4dp4Bu8jCkiVmYbdt	0.6	0.3870967741935484	4	2005	2025	1.0		"[{""components"": {""biobank"": null, ""clinical"": {""count"": 0, ""sources"": [], ""weight"": 0.0}, ""curated"": {""count"": 1, ""sources"": [""RGD""], ""weight"": 0.4}, ""inferred"": {""count"": 0, ""sources"": [], ""weight"": 0.0}, ""literature"": {""publications"": 3, ""sources"": [""TEXTMINING_HUMAN""], ""weight"": 0.2}, ""models"": {""count"": 0, ""sources"": [], ""weight"": 0.0}}, ""total"": 0.6000000000000001}]"	0	0	1	1	0	"[{""chemID"": ""CHEMBL169046"", ""chemPrefName"": ""25-Hydroxycholesterol"", ""chemVocabCrossreferences"": [""CHEMBL_CHEMBL169046"", ""CHEBI_42977"", ""DRUGBANK_DB04705"", ""MESH_C007997"", ""PUBCHEM_65094""], ""numPublicationsWithChemInEvidence"": 1, ""pmidsWithChemInEvidence"": [""16201454""]}]"	DisGeNET	medium_confidence	score>=0.3	https://api.disgenet.com/api/v1/gda/summary	disease=UMLS_C2239176	2026-06-23T13:42:41.932547+00:00
DISGENET_ASSOC:zrVbeJ4Bu8jCkiVmRE3c	5166	PDK4	UMLS:C0400966	C0400966	NAFLD	1	zrVbeJ4Bu8jCkiVmRE3c	0.5	0.3225806451612903	2	2018	2018	1.0		"[{""components"": {""biobank"": null, ""clinical"": {""count"": 0, ""sources"": [], ""weight"": 0.0}, ""curated"": {""count"": 1, ""sources"": [""RGD""], ""weight"": 0.4}, ""inferred"": {""count"": 0, ""sources"": [], ""weight"": 0.0}, ""literature"": {""publications"": 1, ""sources"": [""TEXTMINING_HUMAN""], ""weight"": 0.1}, ""models"": {""count"": 0, ""sources"": [], ""weight"": 0.0}}, ""total"": 0.5}]"	0	0	0	0	0		DisGeNET	medium_confidence	score>=0.3	https://api.disgenet.com/api/v1/gda/summary	disease=UMLS_C0400966	2026-06-23T13:42:41.932547+00:00
DISGENET_ASSOC:ztYjep4Bu8jCkiVmXhA8	1290	COL5A2	UMLS:C0023890	C0023890	Cirrhosis	4	ztYjep4Bu8jCkiVmXhA8	0.4	0.25806451612903225	1	2016	2016	1.0		"[{""components"": {""biobank"": null, ""clinical"": {""count"": 0, ""sources"": [], ""weight"": 0.0}, ""curated"": {""count"": 1, ""sources"": [""RGD""], ""weight"": 0.4}, ""inferred"": {""count"": 0, ""sources"": [], ""weight"": 0.0}, ""literature"": {""publications"": 0, ""sources"": [], ""weight"": 0.0}, ""models"": {""count"": 0, ""sources"": [], ""weight"": 0.0}}, ""total"": 0.4}]"	0	0	0	0	0		DisGeNET	medium_confidence	score>=0.3	https://api.disgenet.com/api/v1/gda/summary	disease=UMLS_C0023890	2026-06-23T13:42:41.932547+00:00
