relationship_id	gene_id	gene_symbol	kegg_gene_id	pathway_id	kegg_pathway_id	source
KEGG_PARTICIPATION:100507436|hsa04650	100507436	MICA	hsa:100507436	KEGG:hsa04650	hsa04650	KEGG
KEGG_PARTICIPATION:100507436|hsa05167	100507436	MICA	hsa:100507436	KEGG:hsa05167	hsa05167	KEGG
KEGG_PARTICIPATION:10056|hsa00970	10056	FARSB	hsa:10056	KEGG:hsa00970	hsa00970	KEGG
KEGG_PARTICIPATION:100616173|hsa05206	100616173	MIR203B	hsa:100616173	KEGG:hsa05206	hsa05206	KEGG
KEGG_PARTICIPATION:10111|hsa03440	10111	RAD50	hsa:10111	KEGG:hsa03440	hsa03440	KEGG
KEGG_PARTICIPATION:10111|hsa03450	10111	RAD50	hsa:10111	KEGG:hsa03450	hsa03450	KEGG
KEGG_PARTICIPATION:10111|hsa04218	10111	RAD50	hsa:10111	KEGG:hsa04218	hsa04218	KEGG
KEGG_PARTICIPATION:10112|hsa04814	10112	KIF20A	hsa:10112	KEGG:hsa04814	hsa04814	KEGG
KEGG_PARTICIPATION:1012|hsa04519	1012	CDH13	hsa:1012	KEGG:hsa04519	hsa04519	KEGG
KEGG_PARTICIPATION:1019|hsa01522	1019	CDK4	hsa:1019	KEGG:hsa01522	hsa01522	KEGG
KEGG_PARTICIPATION:1019|hsa04110	1019	CDK4	hsa:1019	KEGG:hsa04110	hsa04110	KEGG
KEGG_PARTICIPATION:1019|hsa04115	1019	CDK4	hsa:1019	KEGG:hsa04115	hsa04115	KEGG
KEGG_PARTICIPATION:1019|hsa04151	1019	CDK4	hsa:1019	KEGG:hsa04151	hsa04151	KEGG
KEGG_PARTICIPATION:1019|hsa04218	1019	CDK4	hsa:1019	KEGG:hsa04218	hsa04218	KEGG
KEGG_PARTICIPATION:1019|hsa04530	1019	CDK4	hsa:1019	KEGG:hsa04530	hsa04530	KEGG
KEGG_PARTICIPATION:1019|hsa04660	1019	CDK4	hsa:1019	KEGG:hsa04660	hsa04660	KEGG
KEGG_PARTICIPATION:1019|hsa04933	1019	CDK4	hsa:1019	KEGG:hsa04933	hsa04933	KEGG
KEGG_PARTICIPATION:1019|hsa04934	1019	CDK4	hsa:1019	KEGG:hsa04934	hsa04934	KEGG
KEGG_PARTICIPATION:1019|hsa05160	1019	CDK4	hsa:1019	KEGG:hsa05160	hsa05160	KEGG
KEGG_PARTICIPATION:1019|hsa05162	1019	CDK4	hsa:1019	KEGG:hsa05162	hsa05162	KEGG
KEGG_PARTICIPATION:1019|hsa05163	1019	CDK4	hsa:1019	KEGG:hsa05163	hsa05163	KEGG
KEGG_PARTICIPATION:1019|hsa05164	1019	CDK4	hsa:1019	KEGG:hsa05164	hsa05164	KEGG
KEGG_PARTICIPATION:1019|hsa05165	1019	CDK4	hsa:1019	KEGG:hsa05165	hsa05165	KEGG
KEGG_PARTICIPATION:1019|hsa05166	1019	CDK4	hsa:1019	KEGG:hsa05166	hsa05166	KEGG
KEGG_PARTICIPATION:1019|hsa05167	1019	CDK4	hsa:1019	KEGG:hsa05167	hsa05167	KEGG
KEGG_PARTICIPATION:1019|hsa05169	1019	CDK4	hsa:1019	KEGG:hsa05169	hsa05169	KEGG
KEGG_PARTICIPATION:1019|hsa05200	1019	CDK4	hsa:1019	KEGG:hsa05200	hsa05200	KEGG
KEGG_PARTICIPATION:1019|hsa05203	1019	CDK4	hsa:1019	KEGG:hsa05203	hsa05203	KEGG
KEGG_PARTICIPATION:1019|hsa05212	1019	CDK4	hsa:1019	KEGG:hsa05212	hsa05212	KEGG
KEGG_PARTICIPATION:1019|hsa05214	1019	CDK4	hsa:1019	KEGG:hsa05214	hsa05214	KEGG
KEGG_PARTICIPATION:1019|hsa05218	1019	CDK4	hsa:1019	KEGG:hsa05218	hsa05218	KEGG
KEGG_PARTICIPATION:1019|hsa05219	1019	CDK4	hsa:1019	KEGG:hsa05219	hsa05219	KEGG
KEGG_PARTICIPATION:1019|hsa05220	1019	CDK4	hsa:1019	KEGG:hsa05220	hsa05220	KEGG
KEGG_PARTICIPATION:1019|hsa05222	1019	CDK4	hsa:1019	KEGG:hsa05222	hsa05222	KEGG
KEGG_PARTICIPATION:1019|hsa05223	1019	CDK4	hsa:1019	KEGG:hsa05223	hsa05223	KEGG
KEGG_PARTICIPATION:1019|hsa05224	1019	CDK4	hsa:1019	KEGG:hsa05224	hsa05224	KEGG
KEGG_PARTICIPATION:1019|hsa05225	1019	CDK4	hsa:1019	KEGG:hsa05225	hsa05225	KEGG
KEGG_PARTICIPATION:10231|hsa04919	10231	RCAN2	hsa:10231	KEGG:hsa04919	hsa04919	KEGG
KEGG_PARTICIPATION:10262|hsa03040	10262	SF3B4	hsa:10262	KEGG:hsa03040	hsa03040	KEGG
KEGG_PARTICIPATION:1027|hsa01522	1027	CDKN1B	hsa:1027	KEGG:hsa01522	hsa01522	KEGG
KEGG_PARTICIPATION:1027|hsa04012	1027	CDKN1B	hsa:1027	KEGG:hsa04012	hsa04012	KEGG
KEGG_PARTICIPATION:1027|hsa04066	1027	CDKN1B	hsa:1027	KEGG:hsa04066	hsa04066	KEGG
KEGG_PARTICIPATION:1027|hsa04068	1027	CDKN1B	hsa:1027	KEGG:hsa04068	hsa04068	KEGG
KEGG_PARTICIPATION:1027|hsa04110	1027	CDKN1B	hsa:1027	KEGG:hsa04110	hsa04110	KEGG
KEGG_PARTICIPATION:1027|hsa04151	1027	CDKN1B	hsa:1027	KEGG:hsa04151	hsa04151	KEGG
KEGG_PARTICIPATION:1027|hsa04933	1027	CDKN1B	hsa:1027	KEGG:hsa04933	hsa04933	KEGG
KEGG_PARTICIPATION:1027|hsa04934	1027	CDKN1B	hsa:1027	KEGG:hsa04934	hsa04934	KEGG
KEGG_PARTICIPATION:1027|hsa05162	1027	CDKN1B	hsa:1027	KEGG:hsa05162	hsa05162	KEGG
KEGG_PARTICIPATION:1027|hsa05165	1027	CDKN1B	hsa:1027	KEGG:hsa05165	hsa05165	KEGG
KEGG_PARTICIPATION:1027|hsa05169	1027	CDKN1B	hsa:1027	KEGG:hsa05169	hsa05169	KEGG
KEGG_PARTICIPATION:1027|hsa05200	1027	CDKN1B	hsa:1027	KEGG:hsa05200	hsa05200	KEGG
KEGG_PARTICIPATION:1027|hsa05202	1027	CDKN1B	hsa:1027	KEGG:hsa05202	hsa05202	KEGG
KEGG_PARTICIPATION:1027|hsa05203	1027	CDKN1B	hsa:1027	KEGG:hsa05203	hsa05203	KEGG
KEGG_PARTICIPATION:1027|hsa05206	1027	CDKN1B	hsa:1027	KEGG:hsa05206	hsa05206	KEGG
KEGG_PARTICIPATION:1027|hsa05215	1027	CDKN1B	hsa:1027	KEGG:hsa05215	hsa05215	KEGG
KEGG_PARTICIPATION:1027|hsa05220	1027	CDKN1B	hsa:1027	KEGG:hsa05220	hsa05220	KEGG
KEGG_PARTICIPATION:1027|hsa05222	1027	CDKN1B	hsa:1027	KEGG:hsa05222	hsa05222	KEGG
KEGG_PARTICIPATION:1027|hsa05226	1027	CDKN1B	hsa:1027	KEGG:hsa05226	hsa05226	KEGG
KEGG_PARTICIPATION:1029|hsa01522	1029	CDKN2A	hsa:1029	KEGG:hsa01522	hsa01522	KEGG
KEGG_PARTICIPATION:1029|hsa01524	1029	CDKN2A	hsa:1029	KEGG:hsa01524	hsa01524	KEGG
KEGG_PARTICIPATION:1029|hsa04110	1029	CDKN2A	hsa:1029	KEGG:hsa04110	hsa04110	KEGG
KEGG_PARTICIPATION:1029|hsa04115	1029	CDKN2A	hsa:1029	KEGG:hsa04115	hsa04115	KEGG
KEGG_PARTICIPATION:1029|hsa04218	1029	CDKN2A	hsa:1029	KEGG:hsa04218	hsa04218	KEGG
KEGG_PARTICIPATION:1029|hsa04934	1029	CDKN2A	hsa:1029	KEGG:hsa04934	hsa04934	KEGG
KEGG_PARTICIPATION:1029|hsa05163	1029	CDKN2A	hsa:1029	KEGG:hsa05163	hsa05163	KEGG
KEGG_PARTICIPATION:1029|hsa05166	1029	CDKN2A	hsa:1029	KEGG:hsa05166	hsa05166	KEGG
KEGG_PARTICIPATION:1029|hsa05200	1029	CDKN2A	hsa:1029	KEGG:hsa05200	hsa05200	KEGG
KEGG_PARTICIPATION:1029|hsa05203	1029	CDKN2A	hsa:1029	KEGG:hsa05203	hsa05203	KEGG
KEGG_PARTICIPATION:1029|hsa05206	1029	CDKN2A	hsa:1029	KEGG:hsa05206	hsa05206	KEGG
KEGG_PARTICIPATION:1029|hsa05212	1029	CDKN2A	hsa:1029	KEGG:hsa05212	hsa05212	KEGG
KEGG_PARTICIPATION:1029|hsa05214	1029	CDKN2A	hsa:1029	KEGG:hsa05214	hsa05214	KEGG
KEGG_PARTICIPATION:1029|hsa05218	1029	CDKN2A	hsa:1029	KEGG:hsa05218	hsa05218	KEGG
KEGG_PARTICIPATION:1029|hsa05219	1029	CDKN2A	hsa:1029	KEGG:hsa05219	hsa05219	KEGG
KEGG_PARTICIPATION:1029|hsa05220	1029	CDKN2A	hsa:1029	KEGG:hsa05220	hsa05220	KEGG
KEGG_PARTICIPATION:1029|hsa05223	1029	CDKN2A	hsa:1029	KEGG:hsa05223	hsa05223	KEGG
KEGG_PARTICIPATION:1029|hsa05225	1029	CDKN2A	hsa:1029	KEGG:hsa05225	hsa05225	KEGG
KEGG_PARTICIPATION:1030|hsa04068	1030	CDKN2B	hsa:1030	KEGG:hsa04068	hsa04068	KEGG
KEGG_PARTICIPATION:1030|hsa04110	1030	CDKN2B	hsa:1030	KEGG:hsa04110	hsa04110	KEGG
KEGG_PARTICIPATION:1030|hsa04218	1030	CDKN2B	hsa:1030	KEGG:hsa04218	hsa04218	KEGG
KEGG_PARTICIPATION:1030|hsa04350	1030	CDKN2B	hsa:1030	KEGG:hsa04350	hsa04350	KEGG
KEGG_PARTICIPATION:1030|hsa04934	1030	CDKN2B	hsa:1030	KEGG:hsa04934	hsa04934	KEGG
KEGG_PARTICIPATION:1030|hsa05166	1030	CDKN2B	hsa:1030	KEGG:hsa05166	hsa05166	KEGG
KEGG_PARTICIPATION:1030|hsa05200	1030	CDKN2B	hsa:1030	KEGG:hsa05200	hsa05200	KEGG
KEGG_PARTICIPATION:1030|hsa05203	1030	CDKN2B	hsa:1030	KEGG:hsa05203	hsa05203	KEGG
KEGG_PARTICIPATION:1030|hsa05222	1030	CDKN2B	hsa:1030	KEGG:hsa05222	hsa05222	KEGG
KEGG_PARTICIPATION:1030|hsa05226	1030	CDKN2B	hsa:1030	KEGG:hsa05226	hsa05226	KEGG
KEGG_PARTICIPATION:1031|hsa01522	1031	CDKN2C	hsa:1031	KEGG:hsa01522	hsa01522	KEGG
KEGG_PARTICIPATION:1031|hsa04110	1031	CDKN2C	hsa:1031	KEGG:hsa04110	hsa04110	KEGG
KEGG_PARTICIPATION:1031|hsa04934	1031	CDKN2C	hsa:1031	KEGG:hsa04934	hsa04934	KEGG
KEGG_PARTICIPATION:1031|hsa05166	1031	CDKN2C	hsa:1031	KEGG:hsa05166	hsa05166	KEGG
KEGG_PARTICIPATION:1031|hsa05202	1031	CDKN2C	hsa:1031	KEGG:hsa05202	hsa05202	KEGG
KEGG_PARTICIPATION:10327|hsa00010	10327	AKR1A1	hsa:10327	KEGG:hsa00010	hsa00010	KEGG
KEGG_PARTICIPATION:10327|hsa00040	10327	AKR1A1	hsa:10327	KEGG:hsa00040	hsa00040	KEGG
KEGG_PARTICIPATION:10327|hsa00053	10327	AKR1A1	hsa:10327	KEGG:hsa00053	hsa00053	KEGG
KEGG_PARTICIPATION:10327|hsa00561	10327	AKR1A1	hsa:10327	KEGG:hsa00561	hsa00561	KEGG
KEGG_PARTICIPATION:10327|hsa00620	10327	AKR1A1	hsa:10327	KEGG:hsa00620	hsa00620	KEGG
KEGG_PARTICIPATION:10327|hsa01100	10327	AKR1A1	hsa:10327	KEGG:hsa01100	hsa01100	KEGG
KEGG_PARTICIPATION:10327|hsa01240	10327	AKR1A1	hsa:10327	KEGG:hsa01240	hsa01240	KEGG
KEGG_PARTICIPATION:10327|hsa05208	10327	AKR1A1	hsa:10327	KEGG:hsa05208	hsa05208	KEGG
KEGG_PARTICIPATION:10332|hsa03260	10332	CLEC4M	hsa:10332	KEGG:hsa03260	hsa03260	KEGG
KEGG_PARTICIPATION:10332|hsa03264	10332	CLEC4M	hsa:10332	KEGG:hsa03264	hsa03264	KEGG
KEGG_PARTICIPATION:10332|hsa03265	10332	CLEC4M	hsa:10332	KEGG:hsa03265	hsa03265	KEGG
KEGG_PARTICIPATION:10332|hsa03273	10332	CLEC4M	hsa:10332	KEGG:hsa03273	hsa03273	KEGG
KEGG_PARTICIPATION:10332|hsa04145	10332	CLEC4M	hsa:10332	KEGG:hsa04145	hsa04145	KEGG
KEGG_PARTICIPATION:10332|hsa04517	10332	CLEC4M	hsa:10332	KEGG:hsa04517	hsa04517	KEGG
KEGG_PARTICIPATION:10332|hsa04625	10332	CLEC4M	hsa:10332	KEGG:hsa04625	hsa04625	KEGG
KEGG_PARTICIPATION:10332|hsa05152	10332	CLEC4M	hsa:10332	KEGG:hsa05152	hsa05152	KEGG
KEGG_PARTICIPATION:10332|hsa05162	10332	CLEC4M	hsa:10332	KEGG:hsa05162	hsa05162	KEGG
KEGG_PARTICIPATION:103|hsa04622	103	ADAR	hsa:103	KEGG:hsa04622	hsa04622	KEGG
KEGG_PARTICIPATION:103|hsa04623	103	ADAR	hsa:103	KEGG:hsa04623	hsa04623	KEGG
KEGG_PARTICIPATION:103|hsa05162	103	ADAR	hsa:103	KEGG:hsa05162	hsa05162	KEGG
KEGG_PARTICIPATION:103|hsa05164	103	ADAR	hsa:103	KEGG:hsa05164	hsa05164	KEGG
KEGG_PARTICIPATION:103|hsa05171	103	ADAR	hsa:103	KEGG:hsa05171	hsa05171	KEGG
KEGG_PARTICIPATION:10400|hsa00564	10400	PEMT	hsa:10400	KEGG:hsa00564	hsa00564	KEGG
KEGG_PARTICIPATION:10400|hsa01100	10400	PEMT	hsa:10400	KEGG:hsa01100	hsa01100	KEGG
KEGG_PARTICIPATION:10403|hsa04110	10403	NDC80	hsa:10403	KEGG:hsa04110	hsa04110	KEGG
KEGG_PARTICIPATION:10413|hsa04390	10413	YAP1	hsa:10413	KEGG:hsa04390	hsa04390	KEGG
KEGG_PARTICIPATION:10413|hsa04392	10413	YAP1	hsa:10413	KEGG:hsa04392	hsa04392	KEGG
KEGG_PARTICIPATION:10413|hsa04519	10413	YAP1	hsa:10413	KEGG:hsa04519	hsa04519	KEGG
KEGG_PARTICIPATION:10437|hsa04612	10437	IFI30	hsa:10437	KEGG:hsa04612	hsa04612	KEGG
KEGG_PARTICIPATION:10468|hsa04350	10468	FST	hsa:10468	KEGG:hsa04350	hsa04350	KEGG
KEGG_PARTICIPATION:10476|hsa00190	10476	ATP5PD	hsa:10476	KEGG:hsa00190	hsa00190	KEGG
KEGG_PARTICIPATION:10476|hsa01100	10476	ATP5PD	hsa:10476	KEGG:hsa01100	hsa01100	KEGG
KEGG_PARTICIPATION:10476|hsa04714	10476	ATP5PD	hsa:10476	KEGG:hsa04714	hsa04714	KEGG
KEGG_PARTICIPATION:10476|hsa05010	10476	ATP5PD	hsa:10476	KEGG:hsa05010	hsa05010	KEGG
KEGG_PARTICIPATION:10476|hsa05012	10476	ATP5PD	hsa:10476	KEGG:hsa05012	hsa05012	KEGG
KEGG_PARTICIPATION:10476|hsa05014	10476	ATP5PD	hsa:10476	KEGG:hsa05014	hsa05014	KEGG
KEGG_PARTICIPATION:10476|hsa05016	10476	ATP5PD	hsa:10476	KEGG:hsa05016	hsa05016	KEGG
KEGG_PARTICIPATION:10476|hsa05020	10476	ATP5PD	hsa:10476	KEGG:hsa05020	hsa05020	KEGG
KEGG_PARTICIPATION:10476|hsa05022	10476	ATP5PD	hsa:10476	KEGG:hsa05022	hsa05022	KEGG
KEGG_PARTICIPATION:10476|hsa05208	10476	ATP5PD	hsa:10476	KEGG:hsa05208	hsa05208	KEGG
KEGG_PARTICIPATION:10476|hsa05415	10476	ATP5PD	hsa:10476	KEGG:hsa05415	hsa05415	KEGG
KEGG_PARTICIPATION:1050|hsa04932	1050	CEBPA	hsa:1050	KEGG:hsa04932	hsa04932	KEGG
KEGG_PARTICIPATION:1050|hsa05200	1050	CEBPA	hsa:1050	KEGG:hsa05200	hsa05200	KEGG
KEGG_PARTICIPATION:1050|hsa05202	1050	CEBPA	hsa:1050	KEGG:hsa05202	hsa05202	KEGG
KEGG_PARTICIPATION:1050|hsa05221	1050	CEBPA	hsa:1050	KEGG:hsa05221	hsa05221	KEGG
KEGG_PARTICIPATION:1051|hsa04148	1051	CEBPB	hsa:1051	KEGG:hsa04148	hsa04148	KEGG
KEGG_PARTICIPATION:1051|hsa04657	1051	CEBPB	hsa:1051	KEGG:hsa04657	hsa04657	KEGG
KEGG_PARTICIPATION:1051|hsa04668	1051	CEBPB	hsa:1051	KEGG:hsa04668	hsa04668	KEGG
KEGG_PARTICIPATION:1051|hsa05152	1051	CEBPB	hsa:1051	KEGG:hsa05152	hsa05152	KEGG
KEGG_PARTICIPATION:1051|hsa05202	1051	CEBPB	hsa:1051	KEGG:hsa05202	hsa05202	KEGG
KEGG_PARTICIPATION:10533|hsa04136	10533	ATG7	hsa:10533	KEGG:hsa04136	hsa04136	KEGG
KEGG_PARTICIPATION:10533|hsa04140	10533	ATG7	hsa:10533	KEGG:hsa04140	hsa04140	KEGG
KEGG_PARTICIPATION:10533|hsa04145	10533	ATG7	hsa:10533	KEGG:hsa04145	hsa04145	KEGG
KEGG_PARTICIPATION:10533|hsa04216	10533	ATG7	hsa:10533	KEGG:hsa04216	hsa04216	KEGG
KEGG_PARTICIPATION:10533|hsa04613	10533	ATG7	hsa:10533	KEGG:hsa04613	hsa04613	KEGG
KEGG_PARTICIPATION:1062|hsa04814	1062	CENPE	hsa:1062	KEGG:hsa04814	hsa04814	KEGG
KEGG_PARTICIPATION:10642|hsa05206	10642	IGF2BP1	hsa:10642	KEGG:hsa05206	hsa05206	KEGG
KEGG_PARTICIPATION:10788|hsa04810	10788	IQGAP2	hsa:10788	KEGG:hsa04810	hsa04810	KEGG
KEGG_PARTICIPATION:10855|hsa00531	10855	HPSE	hsa:10855	KEGG:hsa00531	hsa00531	KEGG
KEGG_PARTICIPATION:10855|hsa01100	10855	HPSE	hsa:10855	KEGG:hsa01100	hsa01100	KEGG
KEGG_PARTICIPATION:10855|hsa05205	10855	HPSE	hsa:10855	KEGG:hsa05205	hsa05205	KEGG
KEGG_PARTICIPATION:10891|hsa04152	10891	PPARGC1A	hsa:10891	KEGG:hsa04152	hsa04152	KEGG
KEGG_PARTICIPATION:10891|hsa04211	10891	PPARGC1A	hsa:10891	KEGG:hsa04211	hsa04211	KEGG
KEGG_PARTICIPATION:10891|hsa04371	10891	PPARGC1A	hsa:10891	KEGG:hsa04371	hsa04371	KEGG
KEGG_PARTICIPATION:10891|hsa04714	10891	PPARGC1A	hsa:10891	KEGG:hsa04714	hsa04714	KEGG
KEGG_PARTICIPATION:10891|hsa04910	10891	PPARGC1A	hsa:10891	KEGG:hsa04910	hsa04910	KEGG
KEGG_PARTICIPATION:10891|hsa04920	10891	PPARGC1A	hsa:10891	KEGG:hsa04920	hsa04920	KEGG
KEGG_PARTICIPATION:10891|hsa04922	10891	PPARGC1A	hsa:10891	KEGG:hsa04922	hsa04922	KEGG
KEGG_PARTICIPATION:10891|hsa04931	10891	PPARGC1A	hsa:10891	KEGG:hsa04931	hsa04931	KEGG
KEGG_PARTICIPATION:10891|hsa04936	10891	PPARGC1A	hsa:10891	KEGG:hsa04936	hsa04936	KEGG
KEGG_PARTICIPATION:10891|hsa05016	10891	PPARGC1A	hsa:10891	KEGG:hsa05016	hsa05016	KEGG
KEGG_PARTICIPATION:10961|hsa04141	10961	ERP29	hsa:10961	KEGG:hsa04141	hsa04141	KEGG
KEGG_PARTICIPATION:10990|hsa04380	10990	LILRB5	hsa:10990	KEGG:hsa04380	hsa04380	KEGG
KEGG_PARTICIPATION:10990|hsa04662	10990	LILRB5	hsa:10990	KEGG:hsa04662	hsa04662	KEGG
KEGG_PARTICIPATION:10|hsa00232	10	NAT2	hsa:10	KEGG:hsa00232	hsa00232	KEGG
KEGG_PARTICIPATION:10|hsa00983	10	NAT2	hsa:10	KEGG:hsa00983	hsa00983	KEGG
KEGG_PARTICIPATION:10|hsa01100	10	NAT2	hsa:10	KEGG:hsa01100	hsa01100	KEGG
KEGG_PARTICIPATION:10|hsa05204	10	NAT2	hsa:10	KEGG:hsa05204	hsa05204	KEGG
KEGG_PARTICIPATION:11004|hsa04814	11004	KIF2C	hsa:11004	KEGG:hsa04814	hsa04814	KEGG
KEGG_PARTICIPATION:11065|hsa04120	11065	UBE2C	hsa:11065	KEGG:hsa04120	hsa04120	KEGG
KEGG_PARTICIPATION:11093|hsa04611	11093	ADAMTS13	hsa:11093	KEGG:hsa04611	hsa04611	KEGG
KEGG_PARTICIPATION:11185|hsa00380	11185	INMT	hsa:11185	KEGG:hsa00380	hsa00380	KEGG
KEGG_PARTICIPATION:11185|hsa00450	11185	INMT	hsa:11185	KEGG:hsa00450	hsa00450	KEGG
KEGG_PARTICIPATION:11185|hsa01100	11185	INMT	hsa:11185	KEGG:hsa01100	hsa01100	KEGG
KEGG_PARTICIPATION:113130|hsa04110	113130	CDCA5	hsa:113130	KEGG:hsa04110	hsa04110	KEGG
KEGG_PARTICIPATION:113130|hsa05206	113130	CDCA5	hsa:113130	KEGG:hsa05206	hsa05206	KEGG
KEGG_PARTICIPATION:11315|hsa05012	11315	PARK7	hsa:11315	KEGG:hsa05012	hsa05012	KEGG
KEGG_PARTICIPATION:11315|hsa05022	11315	PARK7	hsa:11315	KEGG:hsa05022	hsa05022	KEGG
KEGG_PARTICIPATION:1131|hsa04020	1131	CHRM3	hsa:1131	KEGG:hsa04020	hsa04020	KEGG
KEGG_PARTICIPATION:1131|hsa04080	1131	CHRM3	hsa:1131	KEGG:hsa04080	hsa04080	KEGG
KEGG_PARTICIPATION:1131|hsa04082	1131	CHRM3	hsa:1131	KEGG:hsa04082	hsa04082	KEGG
KEGG_PARTICIPATION:1131|hsa04725	1131	CHRM3	hsa:1131	KEGG:hsa04725	hsa04725	KEGG
KEGG_PARTICIPATION:1131|hsa04742	1131	CHRM3	hsa:1131	KEGG:hsa04742	hsa04742	KEGG
KEGG_PARTICIPATION:1131|hsa04810	1131	CHRM3	hsa:1131	KEGG:hsa04810	hsa04810	KEGG
KEGG_PARTICIPATION:1131|hsa04911	1131	CHRM3	hsa:1131	KEGG:hsa04911	hsa04911	KEGG
KEGG_PARTICIPATION:1131|hsa04970	1131	CHRM3	hsa:1131	KEGG:hsa04970	hsa04970	KEGG
KEGG_PARTICIPATION:1131|hsa04971	1131	CHRM3	hsa:1131	KEGG:hsa04971	hsa04971	KEGG
KEGG_PARTICIPATION:1131|hsa04972	1131	CHRM3	hsa:1131	KEGG:hsa04972	hsa04972	KEGG
KEGG_PARTICIPATION:1131|hsa05010	1131	CHRM3	hsa:1131	KEGG:hsa05010	hsa05010	KEGG
KEGG_PARTICIPATION:1131|hsa05022	1131	CHRM3	hsa:1131	KEGG:hsa05022	hsa05022	KEGG
KEGG_PARTICIPATION:11326|hsa04610	11326	VSIG4	hsa:11326	KEGG:hsa04610	hsa04610	KEGG
KEGG_PARTICIPATION:11343|hsa00561	11343	MGLL	hsa:11343	KEGG:hsa00561	hsa00561	KEGG
KEGG_PARTICIPATION:11343|hsa01100	11343	MGLL	hsa:11343	KEGG:hsa01100	hsa01100	KEGG
KEGG_PARTICIPATION:11343|hsa04714	11343	MGLL	hsa:11343	KEGG:hsa04714	hsa04714	KEGG
KEGG_PARTICIPATION:11343|hsa04723	11343	MGLL	hsa:11343	KEGG:hsa04723	hsa04723	KEGG
KEGG_PARTICIPATION:11343|hsa04923	11343	MGLL	hsa:11343	KEGG:hsa04923	hsa04923	KEGG
KEGG_PARTICIPATION:114548|hsa04217	114548	NLRP3	hsa:114548	KEGG:hsa04217	hsa04217	KEGG
KEGG_PARTICIPATION:114548|hsa04621	114548	NLRP3	hsa:114548	KEGG:hsa04621	hsa04621	KEGG
KEGG_PARTICIPATION:114548|hsa04623	114548	NLRP3	hsa:114548	KEGG:hsa04623	hsa04623	KEGG
KEGG_PARTICIPATION:114548|hsa04625	114548	NLRP3	hsa:114548	KEGG:hsa04625	hsa04625	KEGG
KEGG_PARTICIPATION:114548|hsa05130	114548	NLRP3	hsa:114548	KEGG:hsa05130	hsa05130	KEGG
KEGG_PARTICIPATION:114548|hsa05131	114548	NLRP3	hsa:114548	KEGG:hsa05131	hsa05131	KEGG
KEGG_PARTICIPATION:114548|hsa05132	114548	NLRP3	hsa:114548	KEGG:hsa05132	hsa05132	KEGG
KEGG_PARTICIPATION:114548|hsa05133	114548	NLRP3	hsa:114548	KEGG:hsa05133	hsa05133	KEGG
KEGG_PARTICIPATION:114548|hsa05135	114548	NLRP3	hsa:114548	KEGG:hsa05135	hsa05135	KEGG
KEGG_PARTICIPATION:114548|hsa05164	114548	NLRP3	hsa:114548	KEGG:hsa05164	hsa05164	KEGG
KEGG_PARTICIPATION:114548|hsa05171	114548	NLRP3	hsa:114548	KEGG:hsa05171	hsa05171	KEGG
KEGG_PARTICIPATION:114548|hsa05417	114548	NLRP3	hsa:114548	KEGG:hsa05417	hsa05417	KEGG
KEGG_PARTICIPATION:117145|hsa00062	117145	THEM4	hsa:117145	KEGG:hsa00062	hsa00062	KEGG
KEGG_PARTICIPATION:117145|hsa01100	117145	THEM4	hsa:117145	KEGG:hsa01100	hsa01100	KEGG
KEGG_PARTICIPATION:117145|hsa04151	117145	THEM4	hsa:117145	KEGG:hsa04151	hsa04151	KEGG
KEGG_PARTICIPATION:120227|hsa00100	120227	CYP2R1	hsa:120227	KEGG:hsa00100	hsa00100	KEGG
KEGG_PARTICIPATION:120227|hsa01100	120227	CYP2R1	hsa:120227	KEGG:hsa01100	hsa01100	KEGG
KEGG_PARTICIPATION:1230|hsa04060	1230	CCR1	hsa:1230	KEGG:hsa04060	hsa04060	KEGG
KEGG_PARTICIPATION:1230|hsa04061	1230	CCR1	hsa:1230	KEGG:hsa04061	hsa04061	KEGG
KEGG_PARTICIPATION:1230|hsa04062	1230	CCR1	hsa:1230	KEGG:hsa04062	hsa04062	KEGG
KEGG_PARTICIPATION:1230|hsa05163	1230	CCR1	hsa:1230	KEGG:hsa05163	hsa05163	KEGG
KEGG_PARTICIPATION:1230|hsa05167	1230	CCR1	hsa:1230	KEGG:hsa05167	hsa05167	KEGG
KEGG_PARTICIPATION:1244|hsa01523	1244	ABCC2	hsa:1244	KEGG:hsa01523	hsa01523	KEGG
KEGG_PARTICIPATION:1244|hsa01524	1244	ABCC2	hsa:1244	KEGG:hsa01524	hsa01524	KEGG
KEGG_PARTICIPATION:1244|hsa02010	1244	ABCC2	hsa:1244	KEGG:hsa02010	hsa02010	KEGG
KEGG_PARTICIPATION:1244|hsa04976	1244	ABCC2	hsa:1244	KEGG:hsa04976	hsa04976	KEGG
KEGG_PARTICIPATION:1244|hsa04981	1244	ABCC2	hsa:1244	KEGG:hsa04981	hsa04981	KEGG
KEGG_PARTICIPATION:1268|hsa04015	1268	CNR1	hsa:1268	KEGG:hsa04015	hsa04015	KEGG
KEGG_PARTICIPATION:1268|hsa04080	1268	CNR1	hsa:1268	KEGG:hsa04080	hsa04080	KEGG
KEGG_PARTICIPATION:1268|hsa04714	1268	CNR1	hsa:1268	KEGG:hsa04714	hsa04714	KEGG
KEGG_PARTICIPATION:1268|hsa04723	1268	CNR1	hsa:1268	KEGG:hsa04723	hsa04723	KEGG
KEGG_PARTICIPATION:1269|hsa04080	1269	CNR2	hsa:1269	KEGG:hsa04080	hsa04080	KEGG
KEGG_PARTICIPATION:1277|hsa04151	1277	COL1A1	hsa:1277	KEGG:hsa04151	hsa04151	KEGG
KEGG_PARTICIPATION:1277|hsa04510	1277	COL1A1	hsa:1277	KEGG:hsa04510	hsa04510	KEGG
KEGG_PARTICIPATION:1277|hsa04512	1277	COL1A1	hsa:1277	KEGG:hsa04512	hsa04512	KEGG
KEGG_PARTICIPATION:1277|hsa04518	1277	COL1A1	hsa:1277	KEGG:hsa04518	hsa04518	KEGG
KEGG_PARTICIPATION:1277|hsa04611	1277	COL1A1	hsa:1277	KEGG:hsa04611	hsa04611	KEGG
KEGG_PARTICIPATION:1277|hsa04820	1277	COL1A1	hsa:1277	KEGG:hsa04820	hsa04820	KEGG
KEGG_PARTICIPATION:1277|hsa04926	1277	COL1A1	hsa:1277	KEGG:hsa04926	hsa04926	KEGG
KEGG_PARTICIPATION:1277|hsa04933	1277	COL1A1	hsa:1277	KEGG:hsa04933	hsa04933	KEGG
KEGG_PARTICIPATION:1277|hsa04974	1277	COL1A1	hsa:1277	KEGG:hsa04974	hsa04974	KEGG
KEGG_PARTICIPATION:1277|hsa05146	1277	COL1A1	hsa:1277	KEGG:hsa05146	hsa05146	KEGG
KEGG_PARTICIPATION:1277|hsa05165	1277	COL1A1	hsa:1277	KEGG:hsa05165	hsa05165	KEGG
KEGG_PARTICIPATION:1277|hsa05205	1277	COL1A1	hsa:1277	KEGG:hsa05205	hsa05205	KEGG
KEGG_PARTICIPATION:1277|hsa05415	1277	COL1A1	hsa:1277	KEGG:hsa05415	hsa05415	KEGG
KEGG_PARTICIPATION:1278|hsa04151	1278	COL1A2	hsa:1278	KEGG:hsa04151	hsa04151	KEGG
KEGG_PARTICIPATION:1278|hsa04510	1278	COL1A2	hsa:1278	KEGG:hsa04510	hsa04510	KEGG
KEGG_PARTICIPATION:1278|hsa04512	1278	COL1A2	hsa:1278	KEGG:hsa04512	hsa04512	KEGG
KEGG_PARTICIPATION:1278|hsa04518	1278	COL1A2	hsa:1278	KEGG:hsa04518	hsa04518	KEGG
KEGG_PARTICIPATION:1278|hsa04611	1278	COL1A2	hsa:1278	KEGG:hsa04611	hsa04611	KEGG
KEGG_PARTICIPATION:1278|hsa04820	1278	COL1A2	hsa:1278	KEGG:hsa04820	hsa04820	KEGG
KEGG_PARTICIPATION:1278|hsa04926	1278	COL1A2	hsa:1278	KEGG:hsa04926	hsa04926	KEGG
KEGG_PARTICIPATION:1278|hsa04933	1278	COL1A2	hsa:1278	KEGG:hsa04933	hsa04933	KEGG
KEGG_PARTICIPATION:1278|hsa04974	1278	COL1A2	hsa:1278	KEGG:hsa04974	hsa04974	KEGG
KEGG_PARTICIPATION:1278|hsa05146	1278	COL1A2	hsa:1278	KEGG:hsa05146	hsa05146	KEGG
KEGG_PARTICIPATION:1278|hsa05165	1278	COL1A2	hsa:1278	KEGG:hsa05165	hsa05165	KEGG
KEGG_PARTICIPATION:1278|hsa05205	1278	COL1A2	hsa:1278	KEGG:hsa05205	hsa05205	KEGG
KEGG_PARTICIPATION:1278|hsa05415	1278	COL1A2	hsa:1278	KEGG:hsa05415	hsa05415	KEGG
KEGG_PARTICIPATION:127|hsa00010	127	ADH4	hsa:127	KEGG:hsa00010	hsa00010	KEGG
KEGG_PARTICIPATION:127|hsa00071	127	ADH4	hsa:127	KEGG:hsa00071	hsa00071	KEGG
KEGG_PARTICIPATION:127|hsa00350	127	ADH4	hsa:127	KEGG:hsa00350	hsa00350	KEGG
KEGG_PARTICIPATION:127|hsa00620	127	ADH4	hsa:127	KEGG:hsa00620	hsa00620	KEGG
KEGG_PARTICIPATION:127|hsa00830	127	ADH4	hsa:127	KEGG:hsa00830	hsa00830	KEGG
KEGG_PARTICIPATION:127|hsa00980	127	ADH4	hsa:127	KEGG:hsa00980	hsa00980	KEGG
KEGG_PARTICIPATION:127|hsa00982	127	ADH4	hsa:127	KEGG:hsa00982	hsa00982	KEGG
KEGG_PARTICIPATION:127|hsa01100	127	ADH4	hsa:127	KEGG:hsa01100	hsa01100	KEGG
KEGG_PARTICIPATION:127|hsa04936	127	ADH4	hsa:127	KEGG:hsa04936	hsa04936	KEGG
KEGG_PARTICIPATION:1281|hsa04611	1281	COL3A1	hsa:1281	KEGG:hsa04611	hsa04611	KEGG
KEGG_PARTICIPATION:1281|hsa04820	1281	COL3A1	hsa:1281	KEGG:hsa04820	hsa04820	KEGG
KEGG_PARTICIPATION:1281|hsa04926	1281	COL3A1	hsa:1281	KEGG:hsa04926	hsa04926	KEGG
KEGG_PARTICIPATION:1281|hsa04933	1281	COL3A1	hsa:1281	KEGG:hsa04933	hsa04933	KEGG
KEGG_PARTICIPATION:1281|hsa04974	1281	COL3A1	hsa:1281	KEGG:hsa04974	hsa04974	KEGG
KEGG_PARTICIPATION:1281|hsa05146	1281	COL3A1	hsa:1281	KEGG:hsa05146	hsa05146	KEGG
KEGG_PARTICIPATION:1281|hsa05415	1281	COL3A1	hsa:1281	KEGG:hsa05415	hsa05415	KEGG
KEGG_PARTICIPATION:128239|hsa04810	128239	IQGAP3	hsa:128239	KEGG:hsa04810	hsa04810	KEGG
KEGG_PARTICIPATION:1290|hsa04820	1290	COL5A2	hsa:1290	KEGG:hsa04820	hsa04820	KEGG
KEGG_PARTICIPATION:1290|hsa04974	1290	COL5A2	hsa:1290	KEGG:hsa04974	hsa04974	KEGG
KEGG_PARTICIPATION:1306|hsa04974	1306	COL15A1	hsa:1306	KEGG:hsa04974	hsa04974	KEGG
KEGG_PARTICIPATION:1312|hsa00140	1312	COMT	hsa:1312	KEGG:hsa00140	hsa00140	KEGG
KEGG_PARTICIPATION:1312|hsa00350	1312	COMT	hsa:1312	KEGG:hsa00350	hsa00350	KEGG
KEGG_PARTICIPATION:1312|hsa01100	1312	COMT	hsa:1312	KEGG:hsa01100	hsa01100	KEGG
KEGG_PARTICIPATION:1312|hsa04728	1312	COMT	hsa:1312	KEGG:hsa04728	hsa04728	KEGG
KEGG_PARTICIPATION:131669|hsa00340	131669	UROC1	hsa:131669	KEGG:hsa00340	hsa00340	KEGG
KEGG_PARTICIPATION:131669|hsa01100	131669	UROC1	hsa:131669	KEGG:hsa01100	hsa01100	KEGG
KEGG_PARTICIPATION:1356|hsa00860	1356	CP	hsa:1356	KEGG:hsa00860	hsa00860	KEGG
KEGG_PARTICIPATION:1356|hsa04216	1356	CP	hsa:1356	KEGG:hsa04216	hsa04216	KEGG
KEGG_PARTICIPATION:1374|hsa00071	1374	CPT1A	hsa:1374	KEGG:hsa00071	hsa00071	KEGG
KEGG_PARTICIPATION:1374|hsa01212	1374	CPT1A	hsa:1374	KEGG:hsa01212	hsa01212	KEGG
KEGG_PARTICIPATION:1374|hsa03320	1374	CPT1A	hsa:1374	KEGG:hsa03320	hsa03320	KEGG
KEGG_PARTICIPATION:1374|hsa04148	1374	CPT1A	hsa:1374	KEGG:hsa04148	hsa04148	KEGG
KEGG_PARTICIPATION:1374|hsa04152	1374	CPT1A	hsa:1374	KEGG:hsa04152	hsa04152	KEGG
KEGG_PARTICIPATION:1374|hsa04714	1374	CPT1A	hsa:1374	KEGG:hsa04714	hsa04714	KEGG
KEGG_PARTICIPATION:1374|hsa04920	1374	CPT1A	hsa:1374	KEGG:hsa04920	hsa04920	KEGG
KEGG_PARTICIPATION:1374|hsa04922	1374	CPT1A	hsa:1374	KEGG:hsa04922	hsa04922	KEGG
KEGG_PARTICIPATION:1374|hsa04931	1374	CPT1A	hsa:1374	KEGG:hsa04931	hsa04931	KEGG
KEGG_PARTICIPATION:1374|hsa04936	1374	CPT1A	hsa:1374	KEGG:hsa04936	hsa04936	KEGG
KEGG_PARTICIPATION:139420|hsa04922	139420	PPP4R3C	hsa:139420	KEGG:hsa04922	hsa04922	KEGG
KEGG_PARTICIPATION:142|hsa03410	142	PARP1	hsa:142	KEGG:hsa03410	hsa03410	KEGG
KEGG_PARTICIPATION:142|hsa04064	142	PARP1	hsa:142	KEGG:hsa04064	hsa04064	KEGG
KEGG_PARTICIPATION:142|hsa04210	142	PARP1	hsa:142	KEGG:hsa04210	hsa04210	KEGG
KEGG_PARTICIPATION:142|hsa04217	142	PARP1	hsa:142	KEGG:hsa04217	hsa04217	KEGG
KEGG_PARTICIPATION:142|hsa05415	142	PARP1	hsa:142	KEGG:hsa05415	hsa05415	KEGG
KEGG_PARTICIPATION:1436|hsa04010	1436	CSF1R	hsa:1436	KEGG:hsa04010	hsa04010	KEGG
KEGG_PARTICIPATION:1436|hsa04014	1436	CSF1R	hsa:1436	KEGG:hsa04014	hsa04014	KEGG
KEGG_PARTICIPATION:1436|hsa04015	1436	CSF1R	hsa:1436	KEGG:hsa04015	hsa04015	KEGG
KEGG_PARTICIPATION:1436|hsa04060	1436	CSF1R	hsa:1436	KEGG:hsa04060	hsa04060	KEGG
KEGG_PARTICIPATION:1436|hsa04061	1436	CSF1R	hsa:1436	KEGG:hsa04061	hsa04061	KEGG
KEGG_PARTICIPATION:1436|hsa04151	1436	CSF1R	hsa:1436	KEGG:hsa04151	hsa04151	KEGG
KEGG_PARTICIPATION:1436|hsa04380	1436	CSF1R	hsa:1436	KEGG:hsa04380	hsa04380	KEGG
KEGG_PARTICIPATION:1436|hsa04640	1436	CSF1R	hsa:1436	KEGG:hsa04640	hsa04640	KEGG
KEGG_PARTICIPATION:1436|hsa05200	1436	CSF1R	hsa:1436	KEGG:hsa05200	hsa05200	KEGG
KEGG_PARTICIPATION:1436|hsa05202	1436	CSF1R	hsa:1436	KEGG:hsa05202	hsa05202	KEGG
KEGG_PARTICIPATION:1436|hsa05221	1436	CSF1R	hsa:1436	KEGG:hsa05221	hsa05221	KEGG
KEGG_PARTICIPATION:1437|hsa04060	1437	CSF2	hsa:1437	KEGG:hsa04060	hsa04060	KEGG
KEGG_PARTICIPATION:1437|hsa04630	1437	CSF2	hsa:1437	KEGG:hsa04630	hsa04630	KEGG
KEGG_PARTICIPATION:1437|hsa04640	1437	CSF2	hsa:1437	KEGG:hsa04640	hsa04640	KEGG
KEGG_PARTICIPATION:1437|hsa04650	1437	CSF2	hsa:1437	KEGG:hsa04650	hsa04650	KEGG
KEGG_PARTICIPATION:1437|hsa04657	1437	CSF2	hsa:1437	KEGG:hsa04657	hsa04657	KEGG
KEGG_PARTICIPATION:1437|hsa04660	1437	CSF2	hsa:1437	KEGG:hsa04660	hsa04660	KEGG
KEGG_PARTICIPATION:1437|hsa04664	1437	CSF2	hsa:1437	KEGG:hsa04664	hsa04664	KEGG
KEGG_PARTICIPATION:1437|hsa04668	1437	CSF2	hsa:1437	KEGG:hsa04668	hsa04668	KEGG
KEGG_PARTICIPATION:1437|hsa05131	1437	CSF2	hsa:1437	KEGG:hsa05131	hsa05131	KEGG
KEGG_PARTICIPATION:1437|hsa05146	1437	CSF2	hsa:1437	KEGG:hsa05146	hsa05146	KEGG
KEGG_PARTICIPATION:1437|hsa05166	1437	CSF2	hsa:1437	KEGG:hsa05166	hsa05166	KEGG
KEGG_PARTICIPATION:1437|hsa05167	1437	CSF2	hsa:1437	KEGG:hsa05167	hsa05167	KEGG
KEGG_PARTICIPATION:1437|hsa05171	1437	CSF2	hsa:1437	KEGG:hsa05171	hsa05171	KEGG
KEGG_PARTICIPATION:1437|hsa05202	1437	CSF2	hsa:1437	KEGG:hsa05202	hsa05202	KEGG
KEGG_PARTICIPATION:1437|hsa05221	1437	CSF2	hsa:1437	KEGG:hsa05221	hsa05221	KEGG
KEGG_PARTICIPATION:1437|hsa05323	1437	CSF2	hsa:1437	KEGG:hsa05323	hsa05323	KEGG
KEGG_PARTICIPATION:146909|hsa04814	146909	KIF18B	hsa:146909	KEGG:hsa04814	hsa04814	KEGG
KEGG_PARTICIPATION:148|hsa04020	148	ADRA1A	hsa:148	KEGG:hsa04020	hsa04020	KEGG
KEGG_PARTICIPATION:148|hsa04022	148	ADRA1A	hsa:148	KEGG:hsa04022	hsa04022	KEGG
KEGG_PARTICIPATION:148|hsa04080	148	ADRA1A	hsa:148	KEGG:hsa04080	hsa04080	KEGG
KEGG_PARTICIPATION:148|hsa04081	148	ADRA1A	hsa:148	KEGG:hsa04081	hsa04081	KEGG
KEGG_PARTICIPATION:148|hsa04082	148	ADRA1A	hsa:148	KEGG:hsa04082	hsa04082	KEGG
KEGG_PARTICIPATION:148|hsa04152	148	ADRA1A	hsa:148	KEGG:hsa04152	hsa04152	KEGG
KEGG_PARTICIPATION:148|hsa04261	148	ADRA1A	hsa:148	KEGG:hsa04261	hsa04261	KEGG
KEGG_PARTICIPATION:148|hsa04270	148	ADRA1A	hsa:148	KEGG:hsa04270	hsa04270	KEGG
KEGG_PARTICIPATION:148|hsa04970	148	ADRA1A	hsa:148	KEGG:hsa04970	hsa04970	KEGG
KEGG_PARTICIPATION:1490|hsa04371	1490	CCN2	hsa:1490	KEGG:hsa04371	hsa04371	KEGG
KEGG_PARTICIPATION:1490|hsa04390	1490	CCN2	hsa:1490	KEGG:hsa04390	hsa04390	KEGG
KEGG_PARTICIPATION:1493|hsa04514	1493	CTLA4	hsa:1493	KEGG:hsa04514	hsa04514	KEGG
KEGG_PARTICIPATION:1493|hsa04660	1493	CTLA4	hsa:1493	KEGG:hsa04660	hsa04660	KEGG
KEGG_PARTICIPATION:1493|hsa05320	1493	CTLA4	hsa:1493	KEGG:hsa05320	hsa05320	KEGG
KEGG_PARTICIPATION:1493|hsa05323	1493	CTLA4	hsa:1493	KEGG:hsa05323	hsa05323	KEGG
KEGG_PARTICIPATION:1499|hsa04015	1499	CTNNB1	hsa:1499	KEGG:hsa04015	hsa04015	KEGG
KEGG_PARTICIPATION:1499|hsa04310	1499	CTNNB1	hsa:1499	KEGG:hsa04310	hsa04310	KEGG
KEGG_PARTICIPATION:1499|hsa04390	1499	CTNNB1	hsa:1499	KEGG:hsa04390	hsa04390	KEGG
KEGG_PARTICIPATION:1499|hsa04510	1499	CTNNB1	hsa:1499	KEGG:hsa04510	hsa04510	KEGG
KEGG_PARTICIPATION:1499|hsa04517	1499	CTNNB1	hsa:1499	KEGG:hsa04517	hsa04517	KEGG
KEGG_PARTICIPATION:1499|hsa04518	1499	CTNNB1	hsa:1499	KEGG:hsa04518	hsa04518	KEGG
KEGG_PARTICIPATION:1499|hsa04519	1499	CTNNB1	hsa:1499	KEGG:hsa04519	hsa04519	KEGG
KEGG_PARTICIPATION:1499|hsa04520	1499	CTNNB1	hsa:1499	KEGG:hsa04520	hsa04520	KEGG
KEGG_PARTICIPATION:1499|hsa04550	1499	CTNNB1	hsa:1499	KEGG:hsa04550	hsa04550	KEGG
KEGG_PARTICIPATION:1499|hsa04670	1499	CTNNB1	hsa:1499	KEGG:hsa04670	hsa04670	KEGG
KEGG_PARTICIPATION:1499|hsa04916	1499	CTNNB1	hsa:1499	KEGG:hsa04916	hsa04916	KEGG
KEGG_PARTICIPATION:1499|hsa04919	1499	CTNNB1	hsa:1499	KEGG:hsa04919	hsa04919	KEGG
KEGG_PARTICIPATION:1499|hsa04934	1499	CTNNB1	hsa:1499	KEGG:hsa04934	hsa04934	KEGG
KEGG_PARTICIPATION:1499|hsa04936	1499	CTNNB1	hsa:1499	KEGG:hsa04936	hsa04936	KEGG
KEGG_PARTICIPATION:1499|hsa05010	1499	CTNNB1	hsa:1499	KEGG:hsa05010	hsa05010	KEGG
KEGG_PARTICIPATION:1499|hsa05022	1499	CTNNB1	hsa:1499	KEGG:hsa05022	hsa05022	KEGG
KEGG_PARTICIPATION:1499|hsa05100	1499	CTNNB1	hsa:1499	KEGG:hsa05100	hsa05100	KEGG
KEGG_PARTICIPATION:1499|hsa05132	1499	CTNNB1	hsa:1499	KEGG:hsa05132	hsa05132	KEGG
KEGG_PARTICIPATION:1499|hsa05160	1499	CTNNB1	hsa:1499	KEGG:hsa05160	hsa05160	KEGG
KEGG_PARTICIPATION:1499|hsa05163	1499	CTNNB1	hsa:1499	KEGG:hsa05163	hsa05163	KEGG
KEGG_PARTICIPATION:1499|hsa05165	1499	CTNNB1	hsa:1499	KEGG:hsa05165	hsa05165	KEGG
KEGG_PARTICIPATION:1499|hsa05167	1499	CTNNB1	hsa:1499	KEGG:hsa05167	hsa05167	KEGG
KEGG_PARTICIPATION:1499|hsa05200	1499	CTNNB1	hsa:1499	KEGG:hsa05200	hsa05200	KEGG
KEGG_PARTICIPATION:1499|hsa05205	1499	CTNNB1	hsa:1499	KEGG:hsa05205	hsa05205	KEGG
KEGG_PARTICIPATION:1499|hsa05210	1499	CTNNB1	hsa:1499	KEGG:hsa05210	hsa05210	KEGG
KEGG_PARTICIPATION:1499|hsa05213	1499	CTNNB1	hsa:1499	KEGG:hsa05213	hsa05213	KEGG
KEGG_PARTICIPATION:1499|hsa05215	1499	CTNNB1	hsa:1499	KEGG:hsa05215	hsa05215	KEGG
KEGG_PARTICIPATION:1499|hsa05216	1499	CTNNB1	hsa:1499	KEGG:hsa05216	hsa05216	KEGG
KEGG_PARTICIPATION:1499|hsa05217	1499	CTNNB1	hsa:1499	KEGG:hsa05217	hsa05217	KEGG
KEGG_PARTICIPATION:1499|hsa05224	1499	CTNNB1	hsa:1499	KEGG:hsa05224	hsa05224	KEGG
KEGG_PARTICIPATION:1499|hsa05225	1499	CTNNB1	hsa:1499	KEGG:hsa05225	hsa05225	KEGG
KEGG_PARTICIPATION:1499|hsa05226	1499	CTNNB1	hsa:1499	KEGG:hsa05226	hsa05226	KEGG
KEGG_PARTICIPATION:1499|hsa05412	1499	CTNNB1	hsa:1499	KEGG:hsa05412	hsa05412	KEGG
KEGG_PARTICIPATION:1499|hsa05418	1499	CTNNB1	hsa:1499	KEGG:hsa05418	hsa05418	KEGG
KEGG_PARTICIPATION:1509|hsa04071	1509	CTSD	hsa:1509	KEGG:hsa04071	hsa04071	KEGG
KEGG_PARTICIPATION:1509|hsa04140	1509	CTSD	hsa:1509	KEGG:hsa04140	hsa04140	KEGG
KEGG_PARTICIPATION:1509|hsa04142	1509	CTSD	hsa:1509	KEGG:hsa04142	hsa04142	KEGG
KEGG_PARTICIPATION:1509|hsa04145	1509	CTSD	hsa:1509	KEGG:hsa04145	hsa04145	KEGG
KEGG_PARTICIPATION:1509|hsa04210	1509	CTSD	hsa:1509	KEGG:hsa04210	hsa04210	KEGG
KEGG_PARTICIPATION:1509|hsa04915	1509	CTSD	hsa:1509	KEGG:hsa04915	hsa04915	KEGG
KEGG_PARTICIPATION:1509|hsa05152	1509	CTSD	hsa:1509	KEGG:hsa05152	hsa05152	KEGG
KEGG_PARTICIPATION:1509|hsa05415	1509	CTSD	hsa:1509	KEGG:hsa05415	hsa05415	KEGG
KEGG_PARTICIPATION:151|hsa04022	151	ADRA2B	hsa:151	KEGG:hsa04022	hsa04022	KEGG
KEGG_PARTICIPATION:151|hsa04080	151	ADRA2B	hsa:151	KEGG:hsa04080	hsa04080	KEGG
KEGG_PARTICIPATION:151|hsa04081	151	ADRA2B	hsa:151	KEGG:hsa04081	hsa04081	KEGG
KEGG_PARTICIPATION:151|hsa04082	151	ADRA2B	hsa:151	KEGG:hsa04082	hsa04082	KEGG
KEGG_PARTICIPATION:152831|hsa04714	152831	KLB	hsa:152831	KEGG:hsa04714	hsa04714	KEGG
KEGG_PARTICIPATION:1535|hsa04145	1535	CYBA	hsa:1535	KEGG:hsa04145	hsa04145	KEGG
KEGG_PARTICIPATION:1535|hsa04380	1535	CYBA	hsa:1535	KEGG:hsa04380	hsa04380	KEGG
KEGG_PARTICIPATION:1535|hsa04613	1535	CYBA	hsa:1535	KEGG:hsa04613	hsa04613	KEGG
KEGG_PARTICIPATION:1535|hsa04621	1535	CYBA	hsa:1535	KEGG:hsa04621	hsa04621	KEGG
KEGG_PARTICIPATION:1535|hsa04670	1535	CYBA	hsa:1535	KEGG:hsa04670	hsa04670	KEGG
KEGG_PARTICIPATION:1535|hsa05020	1535	CYBA	hsa:1535	KEGG:hsa05020	hsa05020	KEGG
KEGG_PARTICIPATION:1535|hsa05140	1535	CYBA	hsa:1535	KEGG:hsa05140	hsa05140	KEGG
KEGG_PARTICIPATION:1535|hsa05208	1535	CYBA	hsa:1535	KEGG:hsa05208	hsa05208	KEGG
KEGG_PARTICIPATION:1535|hsa05415	1535	CYBA	hsa:1535	KEGG:hsa05415	hsa05415	KEGG
KEGG_PARTICIPATION:1535|hsa05417	1535	CYBA	hsa:1535	KEGG:hsa05417	hsa05417	KEGG
KEGG_PARTICIPATION:1535|hsa05418	1535	CYBA	hsa:1535	KEGG:hsa05418	hsa05418	KEGG
KEGG_PARTICIPATION:1540|hsa04064	1540	CYLD	hsa:1540	KEGG:hsa04064	hsa04064	KEGG
KEGG_PARTICIPATION:1540|hsa04217	1540	CYLD	hsa:1540	KEGG:hsa04217	hsa04217	KEGG
KEGG_PARTICIPATION:1540|hsa04380	1540	CYLD	hsa:1540	KEGG:hsa04380	hsa04380	KEGG
KEGG_PARTICIPATION:1540|hsa04622	1540	CYLD	hsa:1540	KEGG:hsa04622	hsa04622	KEGG
KEGG_PARTICIPATION:1540|hsa04625	1540	CYLD	hsa:1540	KEGG:hsa04625	hsa04625	KEGG
KEGG_PARTICIPATION:1540|hsa04668	1540	CYLD	hsa:1540	KEGG:hsa04668	hsa04668	KEGG
KEGG_PARTICIPATION:1543|hsa00140	1543	CYP1A1	hsa:1543	KEGG:hsa00140	hsa00140	KEGG
KEGG_PARTICIPATION:1543|hsa00380	1543	CYP1A1	hsa:1543	KEGG:hsa00380	hsa00380	KEGG
KEGG_PARTICIPATION:1543|hsa00830	1543	CYP1A1	hsa:1543	KEGG:hsa00830	hsa00830	KEGG
KEGG_PARTICIPATION:1543|hsa00980	1543	CYP1A1	hsa:1543	KEGG:hsa00980	hsa00980	KEGG
KEGG_PARTICIPATION:1543|hsa01100	1543	CYP1A1	hsa:1543	KEGG:hsa01100	hsa01100	KEGG
KEGG_PARTICIPATION:1543|hsa04913	1543	CYP1A1	hsa:1543	KEGG:hsa04913	hsa04913	KEGG
KEGG_PARTICIPATION:1543|hsa05204	1543	CYP1A1	hsa:1543	KEGG:hsa05204	hsa05204	KEGG
KEGG_PARTICIPATION:1543|hsa05207	1543	CYP1A1	hsa:1543	KEGG:hsa05207	hsa05207	KEGG
KEGG_PARTICIPATION:1543|hsa05208	1543	CYP1A1	hsa:1543	KEGG:hsa05208	hsa05208	KEGG
KEGG_PARTICIPATION:1543|hsa05417	1543	CYP1A1	hsa:1543	KEGG:hsa05417	hsa05417	KEGG
KEGG_PARTICIPATION:1544|hsa00140	1544	CYP1A2	hsa:1544	KEGG:hsa00140	hsa00140	KEGG
KEGG_PARTICIPATION:1544|hsa00232	1544	CYP1A2	hsa:1544	KEGG:hsa00232	hsa00232	KEGG
KEGG_PARTICIPATION:1544|hsa00380	1544	CYP1A2	hsa:1544	KEGG:hsa00380	hsa00380	KEGG
KEGG_PARTICIPATION:1544|hsa00591	1544	CYP1A2	hsa:1544	KEGG:hsa00591	hsa00591	KEGG
KEGG_PARTICIPATION:1544|hsa00830	1544	CYP1A2	hsa:1544	KEGG:hsa00830	hsa00830	KEGG
KEGG_PARTICIPATION:1544|hsa00980	1544	CYP1A2	hsa:1544	KEGG:hsa00980	hsa00980	KEGG
KEGG_PARTICIPATION:1544|hsa00982	1544	CYP1A2	hsa:1544	KEGG:hsa00982	hsa00982	KEGG
KEGG_PARTICIPATION:1544|hsa01100	1544	CYP1A2	hsa:1544	KEGG:hsa01100	hsa01100	KEGG
KEGG_PARTICIPATION:1544|hsa05204	1544	CYP1A2	hsa:1544	KEGG:hsa05204	hsa05204	KEGG
KEGG_PARTICIPATION:1544|hsa05207	1544	CYP1A2	hsa:1544	KEGG:hsa05207	hsa05207	KEGG
KEGG_PARTICIPATION:1544|hsa05208	1544	CYP1A2	hsa:1544	KEGG:hsa05208	hsa05208	KEGG
KEGG_PARTICIPATION:1555|hsa00590	1555	CYP2B6	hsa:1555	KEGG:hsa00590	hsa00590	KEGG
KEGG_PARTICIPATION:1555|hsa00830	1555	CYP2B6	hsa:1555	KEGG:hsa00830	hsa00830	KEGG
KEGG_PARTICIPATION:1555|hsa00980	1555	CYP2B6	hsa:1555	KEGG:hsa00980	hsa00980	KEGG
KEGG_PARTICIPATION:1555|hsa00982	1555	CYP2B6	hsa:1555	KEGG:hsa00982	hsa00982	KEGG
KEGG_PARTICIPATION:1555|hsa01100	1555	CYP2B6	hsa:1555	KEGG:hsa01100	hsa01100	KEGG
KEGG_PARTICIPATION:1555|hsa05207	1555	CYP2B6	hsa:1555	KEGG:hsa05207	hsa05207	KEGG
KEGG_PARTICIPATION:1555|hsa05417	1555	CYP2B6	hsa:1555	KEGG:hsa05417	hsa05417	KEGG
KEGG_PARTICIPATION:1557|hsa00590	1557	CYP2C19	hsa:1557	KEGG:hsa00590	hsa00590	KEGG
KEGG_PARTICIPATION:1557|hsa00591	1557	CYP2C19	hsa:1557	KEGG:hsa00591	hsa00591	KEGG
KEGG_PARTICIPATION:1557|hsa00982	1557	CYP2C19	hsa:1557	KEGG:hsa00982	hsa00982	KEGG
KEGG_PARTICIPATION:1557|hsa01100	1557	CYP2C19	hsa:1557	KEGG:hsa01100	hsa01100	KEGG
KEGG_PARTICIPATION:1557|hsa04726	1557	CYP2C19	hsa:1557	KEGG:hsa04726	hsa04726	KEGG
KEGG_PARTICIPATION:1557|hsa05204	1557	CYP2C19	hsa:1557	KEGG:hsa05204	hsa05204	KEGG
KEGG_PARTICIPATION:1558|hsa00590	1558	CYP2C8	hsa:1558	KEGG:hsa00590	hsa00590	KEGG
KEGG_PARTICIPATION:1558|hsa00591	1558	CYP2C8	hsa:1558	KEGG:hsa00591	hsa00591	KEGG
KEGG_PARTICIPATION:1558|hsa00830	1558	CYP2C8	hsa:1558	KEGG:hsa00830	hsa00830	KEGG
KEGG_PARTICIPATION:1558|hsa00982	1558	CYP2C8	hsa:1558	KEGG:hsa00982	hsa00982	KEGG
KEGG_PARTICIPATION:1558|hsa01100	1558	CYP2C8	hsa:1558	KEGG:hsa01100	hsa01100	KEGG
KEGG_PARTICIPATION:1558|hsa04726	1558	CYP2C8	hsa:1558	KEGG:hsa04726	hsa04726	KEGG
KEGG_PARTICIPATION:1558|hsa05204	1558	CYP2C8	hsa:1558	KEGG:hsa05204	hsa05204	KEGG
KEGG_PARTICIPATION:1558|hsa05417	1558	CYP2C8	hsa:1558	KEGG:hsa05417	hsa05417	KEGG
KEGG_PARTICIPATION:155|hsa04020	155	ADRB3	hsa:155	KEGG:hsa04020	hsa04020	KEGG
KEGG_PARTICIPATION:155|hsa04022	155	ADRB3	hsa:155	KEGG:hsa04022	hsa04022	KEGG
KEGG_PARTICIPATION:155|hsa04080	155	ADRB3	hsa:155	KEGG:hsa04080	hsa04080	KEGG
KEGG_PARTICIPATION:155|hsa04081	155	ADRB3	hsa:155	KEGG:hsa04081	hsa04081	KEGG
KEGG_PARTICIPATION:155|hsa04714	155	ADRB3	hsa:155	KEGG:hsa04714	hsa04714	KEGG
KEGG_PARTICIPATION:155|hsa04923	155	ADRB3	hsa:155	KEGG:hsa04923	hsa04923	KEGG
KEGG_PARTICIPATION:155|hsa04924	155	ADRB3	hsa:155	KEGG:hsa04924	hsa04924	KEGG
KEGG_PARTICIPATION:155|hsa04970	155	ADRB3	hsa:155	KEGG:hsa04970	hsa04970	KEGG
KEGG_PARTICIPATION:155|hsa05207	155	ADRB3	hsa:155	KEGG:hsa05207	hsa05207	KEGG
KEGG_PARTICIPATION:1571|hsa00140	1571	CYP2E1	hsa:1571	KEGG:hsa00140	hsa00140	KEGG
KEGG_PARTICIPATION:1571|hsa00590	1571	CYP2E1	hsa:1571	KEGG:hsa00590	hsa00590	KEGG
KEGG_PARTICIPATION:1571|hsa00591	1571	CYP2E1	hsa:1571	KEGG:hsa00591	hsa00591	KEGG
KEGG_PARTICIPATION:1571|hsa00980	1571	CYP2E1	hsa:1571	KEGG:hsa00980	hsa00980	KEGG
KEGG_PARTICIPATION:1571|hsa00982	1571	CYP2E1	hsa:1571	KEGG:hsa00982	hsa00982	KEGG
KEGG_PARTICIPATION:1571|hsa00983	1571	CYP2E1	hsa:1571	KEGG:hsa00983	hsa00983	KEGG
KEGG_PARTICIPATION:1571|hsa01100	1571	CYP2E1	hsa:1571	KEGG:hsa01100	hsa01100	KEGG
KEGG_PARTICIPATION:1571|hsa04932	1571	CYP2E1	hsa:1571	KEGG:hsa04932	hsa04932	KEGG
KEGG_PARTICIPATION:1571|hsa04936	1571	CYP2E1	hsa:1571	KEGG:hsa04936	hsa04936	KEGG
KEGG_PARTICIPATION:1571|hsa05204	1571	CYP2E1	hsa:1571	KEGG:hsa05204	hsa05204	KEGG
KEGG_PARTICIPATION:1571|hsa05208	1571	CYP2E1	hsa:1571	KEGG:hsa05208	hsa05208	KEGG
KEGG_PARTICIPATION:1586|hsa00140	1586	CYP17A1	hsa:1586	KEGG:hsa00140	hsa00140	KEGG
KEGG_PARTICIPATION:1586|hsa01100	1586	CYP17A1	hsa:1586	KEGG:hsa01100	hsa01100	KEGG
KEGG_PARTICIPATION:1586|hsa04913	1586	CYP17A1	hsa:1586	KEGG:hsa04913	hsa04913	KEGG
KEGG_PARTICIPATION:1586|hsa04917	1586	CYP17A1	hsa:1586	KEGG:hsa04917	hsa04917	KEGG
KEGG_PARTICIPATION:1586|hsa04927	1586	CYP17A1	hsa:1586	KEGG:hsa04927	hsa04927	KEGG
KEGG_PARTICIPATION:1586|hsa04934	1586	CYP17A1	hsa:1586	KEGG:hsa04934	hsa04934	KEGG
KEGG_PARTICIPATION:1593|hsa00120	1593	CYP27A1	hsa:1593	KEGG:hsa00120	hsa00120	KEGG
KEGG_PARTICIPATION:1593|hsa01100	1593	CYP27A1	hsa:1593	KEGG:hsa01100	hsa01100	KEGG
KEGG_PARTICIPATION:1593|hsa03320	1593	CYP27A1	hsa:1593	KEGG:hsa03320	hsa03320	KEGG
KEGG_PARTICIPATION:1593|hsa04979	1593	CYP27A1	hsa:1593	KEGG:hsa04979	hsa04979	KEGG
KEGG_PARTICIPATION:1621|hsa00350	1621	DBH	hsa:1621	KEGG:hsa00350	hsa00350	KEGG
KEGG_PARTICIPATION:1621|hsa01100	1621	DBH	hsa:1621	KEGG:hsa01100	hsa01100	KEGG
KEGG_PARTICIPATION:1634|hsa04350	1634	DCN	hsa:1634	KEGG:hsa04350	hsa04350	KEGG
KEGG_PARTICIPATION:1634|hsa04820	1634	DCN	hsa:1634	KEGG:hsa04820	hsa04820	KEGG
KEGG_PARTICIPATION:1634|hsa05205	1634	DCN	hsa:1634	KEGG:hsa05205	hsa05205	KEGG
KEGG_PARTICIPATION:1636|hsa04614	1636	ACE	hsa:1636	KEGG:hsa04614	hsa04614	KEGG
KEGG_PARTICIPATION:1636|hsa04924	1636	ACE	hsa:1636	KEGG:hsa04924	hsa04924	KEGG
KEGG_PARTICIPATION:1636|hsa05142	1636	ACE	hsa:1636	KEGG:hsa05142	hsa05142	KEGG
KEGG_PARTICIPATION:1636|hsa05171	1636	ACE	hsa:1636	KEGG:hsa05171	hsa05171	KEGG
KEGG_PARTICIPATION:1636|hsa05410	1636	ACE	hsa:1636	KEGG:hsa05410	hsa05410	KEGG
KEGG_PARTICIPATION:1636|hsa05415	1636	ACE	hsa:1636	KEGG:hsa05415	hsa05415	KEGG
KEGG_PARTICIPATION:1646|hsa00140	1646	AKR1C2	hsa:1646	KEGG:hsa00140	hsa00140	KEGG
KEGG_PARTICIPATION:1646|hsa01100	1646	AKR1C2	hsa:1646	KEGG:hsa01100	hsa01100	KEGG
KEGG_PARTICIPATION:1646|hsa05204	1646	AKR1C2	hsa:1646	KEGG:hsa05204	hsa05204	KEGG
KEGG_PARTICIPATION:1646|hsa05208	1646	AKR1C2	hsa:1646	KEGG:hsa05208	hsa05208	KEGG
KEGG_PARTICIPATION:169355|hsa00380	169355	IDO2	hsa:169355	KEGG:hsa00380	hsa00380	KEGG
KEGG_PARTICIPATION:169355|hsa01100	169355	IDO2	hsa:169355	KEGG:hsa01100	hsa01100	KEGG
KEGG_PARTICIPATION:169355|hsa01240	169355	IDO2	hsa:169355	KEGG:hsa01240	hsa01240	KEGG
KEGG_PARTICIPATION:169355|hsa05143	169355	IDO2	hsa:169355	KEGG:hsa05143	hsa05143	KEGG
KEGG_PARTICIPATION:170712|hsa00190	170712	COX7B2	hsa:170712	KEGG:hsa00190	hsa00190	KEGG
KEGG_PARTICIPATION:170712|hsa01100	170712	COX7B2	hsa:170712	KEGG:hsa01100	hsa01100	KEGG
KEGG_PARTICIPATION:170712|hsa04260	170712	COX7B2	hsa:170712	KEGG:hsa04260	hsa04260	KEGG
KEGG_PARTICIPATION:170712|hsa04714	170712	COX7B2	hsa:170712	KEGG:hsa04714	hsa04714	KEGG
KEGG_PARTICIPATION:170712|hsa04932	170712	COX7B2	hsa:170712	KEGG:hsa04932	hsa04932	KEGG
KEGG_PARTICIPATION:170712|hsa05010	170712	COX7B2	hsa:170712	KEGG:hsa05010	hsa05010	KEGG
KEGG_PARTICIPATION:170712|hsa05012	170712	COX7B2	hsa:170712	KEGG:hsa05012	hsa05012	KEGG
KEGG_PARTICIPATION:170712|hsa05014	170712	COX7B2	hsa:170712	KEGG:hsa05014	hsa05014	KEGG
KEGG_PARTICIPATION:170712|hsa05016	170712	COX7B2	hsa:170712	KEGG:hsa05016	hsa05016	KEGG
KEGG_PARTICIPATION:170712|hsa05020	170712	COX7B2	hsa:170712	KEGG:hsa05020	hsa05020	KEGG
KEGG_PARTICIPATION:170712|hsa05022	170712	COX7B2	hsa:170712	KEGG:hsa05022	hsa05022	KEGG
KEGG_PARTICIPATION:170712|hsa05208	170712	COX7B2	hsa:170712	KEGG:hsa05208	hsa05208	KEGG
KEGG_PARTICIPATION:170712|hsa05415	170712	COX7B2	hsa:170712	KEGG:hsa05415	hsa05415	KEGG
KEGG_PARTICIPATION:1717|hsa00100	1717	DHCR7	hsa:1717	KEGG:hsa00100	hsa00100	KEGG
KEGG_PARTICIPATION:1717|hsa01100	1717	DHCR7	hsa:1717	KEGG:hsa01100	hsa01100	KEGG
KEGG_PARTICIPATION:1728|hsa00130	1728	NQO1	hsa:1728	KEGG:hsa00130	hsa00130	KEGG
KEGG_PARTICIPATION:1728|hsa01100	1728	NQO1	hsa:1728	KEGG:hsa01100	hsa01100	KEGG
KEGG_PARTICIPATION:1728|hsa01240	1728	NQO1	hsa:1728	KEGG:hsa01240	hsa01240	KEGG
KEGG_PARTICIPATION:1728|hsa05200	1728	NQO1	hsa:1728	KEGG:hsa05200	hsa05200	KEGG
KEGG_PARTICIPATION:1728|hsa05208	1728	NQO1	hsa:1728	KEGG:hsa05208	hsa05208	KEGG
KEGG_PARTICIPATION:1728|hsa05225	1728	NQO1	hsa:1728	KEGG:hsa05225	hsa05225	KEGG
KEGG_PARTICIPATION:1728|hsa05418	1728	NQO1	hsa:1728	KEGG:hsa05418	hsa05418	KEGG
KEGG_PARTICIPATION:174|hsa04390	174	AFP	hsa:174	KEGG:hsa04390	hsa04390	KEGG
KEGG_PARTICIPATION:1806|hsa00240	1806	DPYD	hsa:1806	KEGG:hsa00240	hsa00240	KEGG
KEGG_PARTICIPATION:1806|hsa00410	1806	DPYD	hsa:1806	KEGG:hsa00410	hsa00410	KEGG
KEGG_PARTICIPATION:1806|hsa00770	1806	DPYD	hsa:1806	KEGG:hsa00770	hsa00770	KEGG
KEGG_PARTICIPATION:1806|hsa00983	1806	DPYD	hsa:1806	KEGG:hsa00983	hsa00983	KEGG
KEGG_PARTICIPATION:1806|hsa01100	1806	DPYD	hsa:1806	KEGG:hsa01100	hsa01100	KEGG
KEGG_PARTICIPATION:1815|hsa04080	1815	DRD4	hsa:1815	KEGG:hsa04080	hsa04080	KEGG
KEGG_PARTICIPATION:1815|hsa04081	1815	DRD4	hsa:1815	KEGG:hsa04081	hsa04081	KEGG
KEGG_PARTICIPATION:1815|hsa04082	1815	DRD4	hsa:1815	KEGG:hsa04082	hsa04082	KEGG
KEGG_PARTICIPATION:1815|hsa04728	1815	DRD4	hsa:1815	KEGG:hsa04728	hsa04728	KEGG
KEGG_PARTICIPATION:1827|hsa04919	1827	RCAN1	hsa:1827	KEGG:hsa04919	hsa04919	KEGG
KEGG_PARTICIPATION:1827|hsa04921	1827	RCAN1	hsa:1827	KEGG:hsa04921	hsa04921	KEGG
KEGG_PARTICIPATION:1827|hsa05167	1827	RCAN1	hsa:1827	KEGG:hsa05167	hsa05167	KEGG
KEGG_PARTICIPATION:183|hsa04072	183	AGT	hsa:183	KEGG:hsa04072	hsa04072	KEGG
KEGG_PARTICIPATION:183|hsa04080	183	AGT	hsa:183	KEGG:hsa04080	hsa04080	KEGG
KEGG_PARTICIPATION:183|hsa04081	183	AGT	hsa:183	KEGG:hsa04081	hsa04081	KEGG
KEGG_PARTICIPATION:183|hsa04261	183	AGT	hsa:183	KEGG:hsa04261	hsa04261	KEGG
KEGG_PARTICIPATION:183|hsa04270	183	AGT	hsa:183	KEGG:hsa04270	hsa04270	KEGG
KEGG_PARTICIPATION:183|hsa04614	183	AGT	hsa:183	KEGG:hsa04614	hsa04614	KEGG
KEGG_PARTICIPATION:183|hsa04924	183	AGT	hsa:183	KEGG:hsa04924	hsa04924	KEGG
KEGG_PARTICIPATION:183|hsa04925	183	AGT	hsa:183	KEGG:hsa04925	hsa04925	KEGG
KEGG_PARTICIPATION:183|hsa04927	183	AGT	hsa:183	KEGG:hsa04927	hsa04927	KEGG
KEGG_PARTICIPATION:183|hsa04931	183	AGT	hsa:183	KEGG:hsa04931	hsa04931	KEGG
KEGG_PARTICIPATION:183|hsa04933	183	AGT	hsa:183	KEGG:hsa04933	hsa04933	KEGG
KEGG_PARTICIPATION:183|hsa04934	183	AGT	hsa:183	KEGG:hsa04934	hsa04934	KEGG
KEGG_PARTICIPATION:183|hsa05200	183	AGT	hsa:183	KEGG:hsa05200	hsa05200	KEGG
KEGG_PARTICIPATION:183|hsa05410	183	AGT	hsa:183	KEGG:hsa05410	hsa05410	KEGG
KEGG_PARTICIPATION:183|hsa05414	183	AGT	hsa:183	KEGG:hsa05414	hsa05414	KEGG
KEGG_PARTICIPATION:183|hsa05415	183	AGT	hsa:183	KEGG:hsa05415	hsa05415	KEGG
KEGG_PARTICIPATION:1869|hsa01522	1869	E2F1	hsa:1869	KEGG:hsa01522	hsa01522	KEGG
KEGG_PARTICIPATION:1869|hsa04110	1869	E2F1	hsa:1869	KEGG:hsa04110	hsa04110	KEGG
KEGG_PARTICIPATION:1869|hsa04137	1869	E2F1	hsa:1869	KEGG:hsa04137	hsa04137	KEGG
KEGG_PARTICIPATION:1869|hsa04218	1869	E2F1	hsa:1869	KEGG:hsa04218	hsa04218	KEGG
KEGG_PARTICIPATION:1869|hsa04934	1869	E2F1	hsa:1869	KEGG:hsa04934	hsa04934	KEGG
KEGG_PARTICIPATION:1869|hsa05160	1869	E2F1	hsa:1869	KEGG:hsa05160	hsa05160	KEGG
KEGG_PARTICIPATION:1869|hsa05161	1869	E2F1	hsa:1869	KEGG:hsa05161	hsa05161	KEGG
KEGG_PARTICIPATION:1869|hsa05163	1869	E2F1	hsa:1869	KEGG:hsa05163	hsa05163	KEGG
KEGG_PARTICIPATION:1869|hsa05165	1869	E2F1	hsa:1869	KEGG:hsa05165	hsa05165	KEGG
KEGG_PARTICIPATION:1869|hsa05166	1869	E2F1	hsa:1869	KEGG:hsa05166	hsa05166	KEGG
KEGG_PARTICIPATION:1869|hsa05167	1869	E2F1	hsa:1869	KEGG:hsa05167	hsa05167	KEGG
KEGG_PARTICIPATION:1869|hsa05169	1869	E2F1	hsa:1869	KEGG:hsa05169	hsa05169	KEGG
KEGG_PARTICIPATION:1869|hsa05200	1869	E2F1	hsa:1869	KEGG:hsa05200	hsa05200	KEGG
KEGG_PARTICIPATION:1869|hsa05206	1869	E2F1	hsa:1869	KEGG:hsa05206	hsa05206	KEGG
KEGG_PARTICIPATION:1869|hsa05207	1869	E2F1	hsa:1869	KEGG:hsa05207	hsa05207	KEGG
KEGG_PARTICIPATION:1869|hsa05212	1869	E2F1	hsa:1869	KEGG:hsa05212	hsa05212	KEGG
KEGG_PARTICIPATION:1869|hsa05214	1869	E2F1	hsa:1869	KEGG:hsa05214	hsa05214	KEGG
KEGG_PARTICIPATION:1869|hsa05215	1869	E2F1	hsa:1869	KEGG:hsa05215	hsa05215	KEGG
KEGG_PARTICIPATION:1869|hsa05218	1869	E2F1	hsa:1869	KEGG:hsa05218	hsa05218	KEGG
KEGG_PARTICIPATION:1869|hsa05219	1869	E2F1	hsa:1869	KEGG:hsa05219	hsa05219	KEGG
KEGG_PARTICIPATION:1869|hsa05220	1869	E2F1	hsa:1869	KEGG:hsa05220	hsa05220	KEGG
KEGG_PARTICIPATION:1869|hsa05222	1869	E2F1	hsa:1869	KEGG:hsa05222	hsa05222	KEGG
KEGG_PARTICIPATION:1869|hsa05223	1869	E2F1	hsa:1869	KEGG:hsa05223	hsa05223	KEGG
KEGG_PARTICIPATION:1869|hsa05224	1869	E2F1	hsa:1869	KEGG:hsa05224	hsa05224	KEGG
KEGG_PARTICIPATION:1869|hsa05225	1869	E2F1	hsa:1869	KEGG:hsa05225	hsa05225	KEGG
KEGG_PARTICIPATION:1869|hsa05226	1869	E2F1	hsa:1869	KEGG:hsa05226	hsa05226	KEGG
KEGG_PARTICIPATION:191|hsa00270	191	AHCY	hsa:191	KEGG:hsa00270	hsa00270	KEGG
KEGG_PARTICIPATION:191|hsa00670	191	AHCY	hsa:191	KEGG:hsa00670	hsa00670	KEGG
KEGG_PARTICIPATION:191|hsa01100	191	AHCY	hsa:191	KEGG:hsa01100	hsa01100	KEGG
KEGG_PARTICIPATION:1950|hsa01521	1950	EGF	hsa:1950	KEGG:hsa01521	hsa01521	KEGG
KEGG_PARTICIPATION:1950|hsa04010	1950	EGF	hsa:1950	KEGG:hsa04010	hsa04010	KEGG
KEGG_PARTICIPATION:1950|hsa04012	1950	EGF	hsa:1950	KEGG:hsa04012	hsa04012	KEGG
KEGG_PARTICIPATION:1950|hsa04014	1950	EGF	hsa:1950	KEGG:hsa04014	hsa04014	KEGG
KEGG_PARTICIPATION:1950|hsa04015	1950	EGF	hsa:1950	KEGG:hsa04015	hsa04015	KEGG
KEGG_PARTICIPATION:1950|hsa04020	1950	EGF	hsa:1950	KEGG:hsa04020	hsa04020	KEGG
KEGG_PARTICIPATION:1950|hsa04066	1950	EGF	hsa:1950	KEGG:hsa04066	hsa04066	KEGG
KEGG_PARTICIPATION:1950|hsa04068	1950	EGF	hsa:1950	KEGG:hsa04068	hsa04068	KEGG
KEGG_PARTICIPATION:1950|hsa04072	1950	EGF	hsa:1950	KEGG:hsa04072	hsa04072	KEGG
KEGG_PARTICIPATION:1950|hsa04151	1950	EGF	hsa:1950	KEGG:hsa04151	hsa04151	KEGG
KEGG_PARTICIPATION:1950|hsa04510	1950	EGF	hsa:1950	KEGG:hsa04510	hsa04510	KEGG
KEGG_PARTICIPATION:1950|hsa04518	1950	EGF	hsa:1950	KEGG:hsa04518	hsa04518	KEGG
KEGG_PARTICIPATION:1950|hsa04540	1950	EGF	hsa:1950	KEGG:hsa04540	hsa04540	KEGG
KEGG_PARTICIPATION:1950|hsa04630	1950	EGF	hsa:1950	KEGG:hsa04630	hsa04630	KEGG
KEGG_PARTICIPATION:1950|hsa04810	1950	EGF	hsa:1950	KEGG:hsa04810	hsa04810	KEGG
KEGG_PARTICIPATION:1950|hsa05160	1950	EGF	hsa:1950	KEGG:hsa05160	hsa05160	KEGG
KEGG_PARTICIPATION:1950|hsa05165	1950	EGF	hsa:1950	KEGG:hsa05165	hsa05165	KEGG
KEGG_PARTICIPATION:1950|hsa05200	1950	EGF	hsa:1950	KEGG:hsa05200	hsa05200	KEGG
KEGG_PARTICIPATION:1950|hsa05207	1950	EGF	hsa:1950	KEGG:hsa05207	hsa05207	KEGG
KEGG_PARTICIPATION:1950|hsa05208	1950	EGF	hsa:1950	KEGG:hsa05208	hsa05208	KEGG
KEGG_PARTICIPATION:1950|hsa05210	1950	EGF	hsa:1950	KEGG:hsa05210	hsa05210	KEGG
KEGG_PARTICIPATION:1950|hsa05212	1950	EGF	hsa:1950	KEGG:hsa05212	hsa05212	KEGG
KEGG_PARTICIPATION:1950|hsa05213	1950	EGF	hsa:1950	KEGG:hsa05213	hsa05213	KEGG
KEGG_PARTICIPATION:1950|hsa05214	1950	EGF	hsa:1950	KEGG:hsa05214	hsa05214	KEGG
KEGG_PARTICIPATION:1950|hsa05215	1950	EGF	hsa:1950	KEGG:hsa05215	hsa05215	KEGG
KEGG_PARTICIPATION:1950|hsa05218	1950	EGF	hsa:1950	KEGG:hsa05218	hsa05218	KEGG
KEGG_PARTICIPATION:1950|hsa05219	1950	EGF	hsa:1950	KEGG:hsa05219	hsa05219	KEGG
KEGG_PARTICIPATION:1950|hsa05223	1950	EGF	hsa:1950	KEGG:hsa05223	hsa05223	KEGG
KEGG_PARTICIPATION:1950|hsa05224	1950	EGF	hsa:1950	KEGG:hsa05224	hsa05224	KEGG
KEGG_PARTICIPATION:1950|hsa05226	1950	EGF	hsa:1950	KEGG:hsa05226	hsa05226	KEGG
KEGG_PARTICIPATION:1950|hsa05231	1950	EGF	hsa:1950	KEGG:hsa05231	hsa05231	KEGG
KEGG_PARTICIPATION:1950|hsa05235	1950	EGF	hsa:1950	KEGG:hsa05235	hsa05235	KEGG
KEGG_PARTICIPATION:1951|hsa04310	1951	CELSR3	hsa:1951	KEGG:hsa04310	hsa04310	KEGG
KEGG_PARTICIPATION:1951|hsa04519	1951	CELSR3	hsa:1951	KEGG:hsa04519	hsa04519	KEGG
KEGG_PARTICIPATION:1956|hsa01521	1956	EGFR	hsa:1956	KEGG:hsa01521	hsa01521	KEGG
KEGG_PARTICIPATION:1956|hsa01522	1956	EGFR	hsa:1956	KEGG:hsa01522	hsa01522	KEGG
KEGG_PARTICIPATION:1956|hsa03272	1956	EGFR	hsa:1956	KEGG:hsa03272	hsa03272	KEGG
KEGG_PARTICIPATION:1956|hsa04010	1956	EGFR	hsa:1956	KEGG:hsa04010	hsa04010	KEGG
KEGG_PARTICIPATION:1956|hsa04012	1956	EGFR	hsa:1956	KEGG:hsa04012	hsa04012	KEGG
KEGG_PARTICIPATION:1956|hsa04014	1956	EGFR	hsa:1956	KEGG:hsa04014	hsa04014	KEGG
KEGG_PARTICIPATION:1956|hsa04015	1956	EGFR	hsa:1956	KEGG:hsa04015	hsa04015	KEGG
KEGG_PARTICIPATION:1956|hsa04020	1956	EGFR	hsa:1956	KEGG:hsa04020	hsa04020	KEGG
KEGG_PARTICIPATION:1956|hsa04066	1956	EGFR	hsa:1956	KEGG:hsa04066	hsa04066	KEGG
KEGG_PARTICIPATION:1956|hsa04068	1956	EGFR	hsa:1956	KEGG:hsa04068	hsa04068	KEGG
KEGG_PARTICIPATION:1956|hsa04072	1956	EGFR	hsa:1956	KEGG:hsa04072	hsa04072	KEGG
KEGG_PARTICIPATION:1956|hsa04144	1956	EGFR	hsa:1956	KEGG:hsa04144	hsa04144	KEGG
KEGG_PARTICIPATION:1956|hsa04151	1956	EGFR	hsa:1956	KEGG:hsa04151	hsa04151	KEGG
KEGG_PARTICIPATION:1956|hsa04510	1956	EGFR	hsa:1956	KEGG:hsa04510	hsa04510	KEGG
KEGG_PARTICIPATION:1956|hsa04518	1956	EGFR	hsa:1956	KEGG:hsa04518	hsa04518	KEGG
KEGG_PARTICIPATION:1956|hsa04519	1956	EGFR	hsa:1956	KEGG:hsa04519	hsa04519	KEGG
KEGG_PARTICIPATION:1956|hsa04520	1956	EGFR	hsa:1956	KEGG:hsa04520	hsa04520	KEGG
KEGG_PARTICIPATION:1956|hsa04540	1956	EGFR	hsa:1956	KEGG:hsa04540	hsa04540	KEGG
KEGG_PARTICIPATION:1956|hsa04630	1956	EGFR	hsa:1956	KEGG:hsa04630	hsa04630	KEGG
KEGG_PARTICIPATION:1956|hsa04810	1956	EGFR	hsa:1956	KEGG:hsa04810	hsa04810	KEGG
KEGG_PARTICIPATION:1956|hsa04912	1956	EGFR	hsa:1956	KEGG:hsa04912	hsa04912	KEGG
KEGG_PARTICIPATION:1956|hsa04915	1956	EGFR	hsa:1956	KEGG:hsa04915	hsa04915	KEGG
KEGG_PARTICIPATION:1956|hsa04921	1956	EGFR	hsa:1956	KEGG:hsa04921	hsa04921	KEGG
KEGG_PARTICIPATION:1956|hsa04926	1956	EGFR	hsa:1956	KEGG:hsa04926	hsa04926	KEGG
KEGG_PARTICIPATION:1956|hsa04928	1956	EGFR	hsa:1956	KEGG:hsa04928	hsa04928	KEGG
KEGG_PARTICIPATION:1956|hsa04934	1956	EGFR	hsa:1956	KEGG:hsa04934	hsa04934	KEGG
KEGG_PARTICIPATION:1956|hsa05120	1956	EGFR	hsa:1956	KEGG:hsa05120	hsa05120	KEGG
KEGG_PARTICIPATION:1956|hsa05131	1956	EGFR	hsa:1956	KEGG:hsa05131	hsa05131	KEGG
KEGG_PARTICIPATION:1956|hsa05160	1956	EGFR	hsa:1956	KEGG:hsa05160	hsa05160	KEGG
KEGG_PARTICIPATION:1956|hsa05163	1956	EGFR	hsa:1956	KEGG:hsa05163	hsa05163	KEGG
KEGG_PARTICIPATION:1956|hsa05165	1956	EGFR	hsa:1956	KEGG:hsa05165	hsa05165	KEGG
KEGG_PARTICIPATION:1956|hsa05171	1956	EGFR	hsa:1956	KEGG:hsa05171	hsa05171	KEGG
KEGG_PARTICIPATION:1956|hsa05200	1956	EGFR	hsa:1956	KEGG:hsa05200	hsa05200	KEGG
KEGG_PARTICIPATION:1956|hsa05205	1956	EGFR	hsa:1956	KEGG:hsa05205	hsa05205	KEGG
KEGG_PARTICIPATION:1956|hsa05206	1956	EGFR	hsa:1956	KEGG:hsa05206	hsa05206	KEGG
KEGG_PARTICIPATION:1956|hsa05207	1956	EGFR	hsa:1956	KEGG:hsa05207	hsa05207	KEGG
KEGG_PARTICIPATION:1956|hsa05208	1956	EGFR	hsa:1956	KEGG:hsa05208	hsa05208	KEGG
KEGG_PARTICIPATION:1956|hsa05210	1956	EGFR	hsa:1956	KEGG:hsa05210	hsa05210	KEGG
KEGG_PARTICIPATION:1956|hsa05212	1956	EGFR	hsa:1956	KEGG:hsa05212	hsa05212	KEGG
KEGG_PARTICIPATION:1956|hsa05213	1956	EGFR	hsa:1956	KEGG:hsa05213	hsa05213	KEGG
KEGG_PARTICIPATION:1956|hsa05214	1956	EGFR	hsa:1956	KEGG:hsa05214	hsa05214	KEGG
KEGG_PARTICIPATION:1956|hsa05215	1956	EGFR	hsa:1956	KEGG:hsa05215	hsa05215	KEGG
KEGG_PARTICIPATION:1956|hsa05218	1956	EGFR	hsa:1956	KEGG:hsa05218	hsa05218	KEGG
KEGG_PARTICIPATION:1956|hsa05219	1956	EGFR	hsa:1956	KEGG:hsa05219	hsa05219	KEGG
KEGG_PARTICIPATION:1956|hsa05223	1956	EGFR	hsa:1956	KEGG:hsa05223	hsa05223	KEGG
KEGG_PARTICIPATION:1956|hsa05224	1956	EGFR	hsa:1956	KEGG:hsa05224	hsa05224	KEGG
KEGG_PARTICIPATION:1956|hsa05225	1956	EGFR	hsa:1956	KEGG:hsa05225	hsa05225	KEGG
KEGG_PARTICIPATION:1956|hsa05226	1956	EGFR	hsa:1956	KEGG:hsa05226	hsa05226	KEGG
KEGG_PARTICIPATION:1956|hsa05230	1956	EGFR	hsa:1956	KEGG:hsa05230	hsa05230	KEGG
KEGG_PARTICIPATION:1956|hsa05231	1956	EGFR	hsa:1956	KEGG:hsa05231	hsa05231	KEGG
KEGG_PARTICIPATION:1956|hsa05235	1956	EGFR	hsa:1956	KEGG:hsa05235	hsa05235	KEGG
KEGG_PARTICIPATION:1958|hsa04371	1958	EGR1	hsa:1958	KEGG:hsa04371	hsa04371	KEGG
KEGG_PARTICIPATION:1958|hsa04912	1958	EGR1	hsa:1958	KEGG:hsa04912	hsa04912	KEGG
KEGG_PARTICIPATION:1958|hsa04928	1958	EGR1	hsa:1958	KEGG:hsa04928	hsa04928	KEGG
KEGG_PARTICIPATION:1958|hsa04933	1958	EGR1	hsa:1958	KEGG:hsa04933	hsa04933	KEGG
KEGG_PARTICIPATION:1958|hsa05020	1958	EGR1	hsa:1958	KEGG:hsa05020	hsa05020	KEGG
KEGG_PARTICIPATION:1958|hsa05166	1958	EGR1	hsa:1958	KEGG:hsa05166	hsa05166	KEGG
KEGG_PARTICIPATION:1959|hsa04625	1959	EGR2	hsa:1959	KEGG:hsa04625	hsa04625	KEGG
KEGG_PARTICIPATION:1959|hsa05161	1959	EGR2	hsa:1959	KEGG:hsa05161	hsa05161	KEGG
KEGG_PARTICIPATION:1959|hsa05166	1959	EGR2	hsa:1959	KEGG:hsa05166	hsa05166	KEGG
KEGG_PARTICIPATION:1959|hsa05203	1959	EGR2	hsa:1959	KEGG:hsa05203	hsa05203	KEGG
KEGG_PARTICIPATION:196528|hsa03082	196528	ARID2	hsa:196528	KEGG:hsa03082	hsa03082	KEGG
KEGG_PARTICIPATION:196528|hsa05225	196528	ARID2	hsa:196528	KEGG:hsa05225	hsa05225	KEGG
KEGG_PARTICIPATION:196|hsa04659	196	AHR	hsa:196	KEGG:hsa04659	hsa04659	KEGG
KEGG_PARTICIPATION:196|hsa04934	196	AHR	hsa:196	KEGG:hsa04934	hsa04934	KEGG
KEGG_PARTICIPATION:196|hsa05207	196	AHR	hsa:196	KEGG:hsa05207	hsa05207	KEGG
KEGG_PARTICIPATION:196|hsa05208	196	AHR	hsa:196	KEGG:hsa05208	hsa05208	KEGG
KEGG_PARTICIPATION:2023|hsa00010	2023	ENO1	hsa:2023	KEGG:hsa00010	hsa00010	KEGG
KEGG_PARTICIPATION:2023|hsa01100	2023	ENO1	hsa:2023	KEGG:hsa01100	hsa01100	KEGG
KEGG_PARTICIPATION:2023|hsa01200	2023	ENO1	hsa:2023	KEGG:hsa01200	hsa01200	KEGG
KEGG_PARTICIPATION:2023|hsa01230	2023	ENO1	hsa:2023	KEGG:hsa01230	hsa01230	KEGG
KEGG_PARTICIPATION:2023|hsa03018	2023	ENO1	hsa:2023	KEGG:hsa03018	hsa03018	KEGG
KEGG_PARTICIPATION:2023|hsa04066	2023	ENO1	hsa:2023	KEGG:hsa04066	hsa04066	KEGG
KEGG_PARTICIPATION:2023|hsa04820	2023	ENO1	hsa:2023	KEGG:hsa04820	hsa04820	KEGG
KEGG_PARTICIPATION:2034|hsa04066	2034	EPAS1	hsa:2034	KEGG:hsa04066	hsa04066	KEGG
KEGG_PARTICIPATION:2034|hsa05200	2034	EPAS1	hsa:2034	KEGG:hsa05200	hsa05200	KEGG
KEGG_PARTICIPATION:2034|hsa05211	2034	EPAS1	hsa:2034	KEGG:hsa05211	hsa05211	KEGG
KEGG_PARTICIPATION:2052|hsa00980	2052	EPHX1	hsa:2052	KEGG:hsa00980	hsa00980	KEGG
KEGG_PARTICIPATION:2052|hsa04976	2052	EPHX1	hsa:2052	KEGG:hsa04976	hsa04976	KEGG
KEGG_PARTICIPATION:2052|hsa05204	2052	EPHX1	hsa:2052	KEGG:hsa05204	hsa05204	KEGG
KEGG_PARTICIPATION:2052|hsa05207	2052	EPHX1	hsa:2052	KEGG:hsa05207	hsa05207	KEGG
KEGG_PARTICIPATION:2052|hsa05208	2052	EPHX1	hsa:2052	KEGG:hsa05208	hsa05208	KEGG
KEGG_PARTICIPATION:2056|hsa04060	2056	EPO	hsa:2056	KEGG:hsa04060	hsa04060	KEGG
KEGG_PARTICIPATION:2056|hsa04066	2056	EPO	hsa:2056	KEGG:hsa04066	hsa04066	KEGG
KEGG_PARTICIPATION:2056|hsa04081	2056	EPO	hsa:2056	KEGG:hsa04081	hsa04081	KEGG
KEGG_PARTICIPATION:2056|hsa04148	2056	EPO	hsa:2056	KEGG:hsa04148	hsa04148	KEGG
KEGG_PARTICIPATION:2056|hsa04151	2056	EPO	hsa:2056	KEGG:hsa04151	hsa04151	KEGG
KEGG_PARTICIPATION:2056|hsa04630	2056	EPO	hsa:2056	KEGG:hsa04630	hsa04630	KEGG
KEGG_PARTICIPATION:2056|hsa04640	2056	EPO	hsa:2056	KEGG:hsa04640	hsa04640	KEGG
KEGG_PARTICIPATION:2056|hsa05200	2056	EPO	hsa:2056	KEGG:hsa05200	hsa05200	KEGG
KEGG_PARTICIPATION:2066|hsa04010	2066	ERBB4	hsa:2066	KEGG:hsa04010	hsa04010	KEGG
KEGG_PARTICIPATION:2066|hsa04012	2066	ERBB4	hsa:2066	KEGG:hsa04012	hsa04012	KEGG
KEGG_PARTICIPATION:2066|hsa04020	2066	ERBB4	hsa:2066	KEGG:hsa04020	hsa04020	KEGG
KEGG_PARTICIPATION:2066|hsa04151	2066	ERBB4	hsa:2066	KEGG:hsa04151	hsa04151	KEGG
KEGG_PARTICIPATION:2066|hsa05014	2066	ERBB4	hsa:2066	KEGG:hsa05014	hsa05014	KEGG
KEGG_PARTICIPATION:2066|hsa05205	2066	ERBB4	hsa:2066	KEGG:hsa05205	hsa05205	KEGG
KEGG_PARTICIPATION:2068|hsa03022	2068	ERCC2	hsa:2068	KEGG:hsa03022	hsa03022	KEGG
KEGG_PARTICIPATION:2068|hsa03420	2068	ERCC2	hsa:2068	KEGG:hsa03420	hsa03420	KEGG
KEGG_PARTICIPATION:2069|hsa04010	2069	EREG	hsa:2069	KEGG:hsa04010	hsa04010	KEGG
KEGG_PARTICIPATION:2069|hsa04012	2069	EREG	hsa:2069	KEGG:hsa04012	hsa04012	KEGG
KEGG_PARTICIPATION:2069|hsa04151	2069	EREG	hsa:2069	KEGG:hsa04151	hsa04151	KEGG
KEGG_PARTICIPATION:2069|hsa05210	2069	EREG	hsa:2069	KEGG:hsa05210	hsa05210	KEGG
KEGG_PARTICIPATION:207|hsa01521	207	AKT1	hsa:207	KEGG:hsa01521	hsa01521	KEGG
KEGG_PARTICIPATION:207|hsa01522	207	AKT1	hsa:207	KEGG:hsa01522	hsa01522	KEGG
KEGG_PARTICIPATION:207|hsa01524	207	AKT1	hsa:207	KEGG:hsa01524	hsa01524	KEGG
KEGG_PARTICIPATION:207|hsa04010	207	AKT1	hsa:207	KEGG:hsa04010	hsa04010	KEGG
KEGG_PARTICIPATION:207|hsa04012	207	AKT1	hsa:207	KEGG:hsa04012	hsa04012	KEGG
KEGG_PARTICIPATION:207|hsa04014	207	AKT1	hsa:207	KEGG:hsa04014	hsa04014	KEGG
KEGG_PARTICIPATION:207|hsa04015	207	AKT1	hsa:207	KEGG:hsa04015	hsa04015	KEGG
KEGG_PARTICIPATION:207|hsa04022	207	AKT1	hsa:207	KEGG:hsa04022	hsa04022	KEGG
KEGG_PARTICIPATION:207|hsa04024	207	AKT1	hsa:207	KEGG:hsa04024	hsa04024	KEGG
KEGG_PARTICIPATION:207|hsa04062	207	AKT1	hsa:207	KEGG:hsa04062	hsa04062	KEGG
KEGG_PARTICIPATION:207|hsa04066	207	AKT1	hsa:207	KEGG:hsa04066	hsa04066	KEGG
KEGG_PARTICIPATION:207|hsa04068	207	AKT1	hsa:207	KEGG:hsa04068	hsa04068	KEGG
KEGG_PARTICIPATION:207|hsa04071	207	AKT1	hsa:207	KEGG:hsa04071	hsa04071	KEGG
KEGG_PARTICIPATION:207|hsa04072	207	AKT1	hsa:207	KEGG:hsa04072	hsa04072	KEGG
KEGG_PARTICIPATION:207|hsa04140	207	AKT1	hsa:207	KEGG:hsa04140	hsa04140	KEGG
KEGG_PARTICIPATION:207|hsa04150	207	AKT1	hsa:207	KEGG:hsa04150	hsa04150	KEGG
KEGG_PARTICIPATION:207|hsa04151	207	AKT1	hsa:207	KEGG:hsa04151	hsa04151	KEGG
KEGG_PARTICIPATION:207|hsa04152	207	AKT1	hsa:207	KEGG:hsa04152	hsa04152	KEGG
KEGG_PARTICIPATION:207|hsa04210	207	AKT1	hsa:207	KEGG:hsa04210	hsa04210	KEGG
KEGG_PARTICIPATION:207|hsa04211	207	AKT1	hsa:207	KEGG:hsa04211	hsa04211	KEGG
KEGG_PARTICIPATION:207|hsa04213	207	AKT1	hsa:207	KEGG:hsa04213	hsa04213	KEGG
KEGG_PARTICIPATION:207|hsa04218	207	AKT1	hsa:207	KEGG:hsa04218	hsa04218	KEGG
KEGG_PARTICIPATION:207|hsa04261	207	AKT1	hsa:207	KEGG:hsa04261	hsa04261	KEGG
KEGG_PARTICIPATION:207|hsa04370	207	AKT1	hsa:207	KEGG:hsa04370	hsa04370	KEGG
KEGG_PARTICIPATION:207|hsa04371	207	AKT1	hsa:207	KEGG:hsa04371	hsa04371	KEGG
KEGG_PARTICIPATION:207|hsa04380	207	AKT1	hsa:207	KEGG:hsa04380	hsa04380	KEGG
KEGG_PARTICIPATION:207|hsa04510	207	AKT1	hsa:207	KEGG:hsa04510	hsa04510	KEGG
KEGG_PARTICIPATION:207|hsa04517	207	AKT1	hsa:207	KEGG:hsa04517	hsa04517	KEGG
KEGG_PARTICIPATION:207|hsa04518	207	AKT1	hsa:207	KEGG:hsa04518	hsa04518	KEGG
KEGG_PARTICIPATION:207|hsa04550	207	AKT1	hsa:207	KEGG:hsa04550	hsa04550	KEGG
KEGG_PARTICIPATION:207|hsa04611	207	AKT1	hsa:207	KEGG:hsa04611	hsa04611	KEGG
KEGG_PARTICIPATION:207|hsa04613	207	AKT1	hsa:207	KEGG:hsa04613	hsa04613	KEGG
KEGG_PARTICIPATION:207|hsa04620	207	AKT1	hsa:207	KEGG:hsa04620	hsa04620	KEGG
KEGG_PARTICIPATION:207|hsa04625	207	AKT1	hsa:207	KEGG:hsa04625	hsa04625	KEGG
KEGG_PARTICIPATION:207|hsa04630	207	AKT1	hsa:207	KEGG:hsa04630	hsa04630	KEGG
KEGG_PARTICIPATION:207|hsa04660	207	AKT1	hsa:207	KEGG:hsa04660	hsa04660	KEGG
KEGG_PARTICIPATION:207|hsa04662	207	AKT1	hsa:207	KEGG:hsa04662	hsa04662	KEGG
KEGG_PARTICIPATION:207|hsa04664	207	AKT1	hsa:207	KEGG:hsa04664	hsa04664	KEGG
KEGG_PARTICIPATION:207|hsa04666	207	AKT1	hsa:207	KEGG:hsa04666	hsa04666	KEGG
KEGG_PARTICIPATION:207|hsa04668	207	AKT1	hsa:207	KEGG:hsa04668	hsa04668	KEGG
KEGG_PARTICIPATION:207|hsa04722	207	AKT1	hsa:207	KEGG:hsa04722	hsa04722	KEGG
KEGG_PARTICIPATION:207|hsa04725	207	AKT1	hsa:207	KEGG:hsa04725	hsa04725	KEGG
KEGG_PARTICIPATION:207|hsa04728	207	AKT1	hsa:207	KEGG:hsa04728	hsa04728	KEGG
KEGG_PARTICIPATION:207|hsa04810	207	AKT1	hsa:207	KEGG:hsa04810	hsa04810	KEGG
KEGG_PARTICIPATION:207|hsa04910	207	AKT1	hsa:207	KEGG:hsa04910	hsa04910	KEGG
KEGG_PARTICIPATION:207|hsa04914	207	AKT1	hsa:207	KEGG:hsa04914	hsa04914	KEGG
KEGG_PARTICIPATION:207|hsa04915	207	AKT1	hsa:207	KEGG:hsa04915	hsa04915	KEGG
KEGG_PARTICIPATION:207|hsa04917	207	AKT1	hsa:207	KEGG:hsa04917	hsa04917	KEGG
KEGG_PARTICIPATION:207|hsa04919	207	AKT1	hsa:207	KEGG:hsa04919	hsa04919	KEGG
KEGG_PARTICIPATION:207|hsa04920	207	AKT1	hsa:207	KEGG:hsa04920	hsa04920	KEGG
KEGG_PARTICIPATION:207|hsa04922	207	AKT1	hsa:207	KEGG:hsa04922	hsa04922	KEGG
KEGG_PARTICIPATION:207|hsa04923	207	AKT1	hsa:207	KEGG:hsa04923	hsa04923	KEGG
KEGG_PARTICIPATION:207|hsa04926	207	AKT1	hsa:207	KEGG:hsa04926	hsa04926	KEGG
KEGG_PARTICIPATION:207|hsa04929	207	AKT1	hsa:207	KEGG:hsa04929	hsa04929	KEGG
KEGG_PARTICIPATION:207|hsa04931	207	AKT1	hsa:207	KEGG:hsa04931	hsa04931	KEGG
KEGG_PARTICIPATION:207|hsa04932	207	AKT1	hsa:207	KEGG:hsa04932	hsa04932	KEGG
KEGG_PARTICIPATION:207|hsa04933	207	AKT1	hsa:207	KEGG:hsa04933	hsa04933	KEGG
KEGG_PARTICIPATION:207|hsa04935	207	AKT1	hsa:207	KEGG:hsa04935	hsa04935	KEGG
KEGG_PARTICIPATION:207|hsa04936	207	AKT1	hsa:207	KEGG:hsa04936	hsa04936	KEGG
KEGG_PARTICIPATION:207|hsa04973	207	AKT1	hsa:207	KEGG:hsa04973	hsa04973	KEGG
KEGG_PARTICIPATION:207|hsa05010	207	AKT1	hsa:207	KEGG:hsa05010	hsa05010	KEGG
KEGG_PARTICIPATION:207|hsa05017	207	AKT1	hsa:207	KEGG:hsa05017	hsa05017	KEGG
KEGG_PARTICIPATION:207|hsa05131	207	AKT1	hsa:207	KEGG:hsa05131	hsa05131	KEGG
KEGG_PARTICIPATION:207|hsa05132	207	AKT1	hsa:207	KEGG:hsa05132	hsa05132	KEGG
KEGG_PARTICIPATION:207|hsa05135	207	AKT1	hsa:207	KEGG:hsa05135	hsa05135	KEGG
KEGG_PARTICIPATION:207|hsa05142	207	AKT1	hsa:207	KEGG:hsa05142	hsa05142	KEGG
KEGG_PARTICIPATION:207|hsa05145	207	AKT1	hsa:207	KEGG:hsa05145	hsa05145	KEGG
KEGG_PARTICIPATION:207|hsa05152	207	AKT1	hsa:207	KEGG:hsa05152	hsa05152	KEGG
KEGG_PARTICIPATION:207|hsa05160	207	AKT1	hsa:207	KEGG:hsa05160	hsa05160	KEGG
KEGG_PARTICIPATION:207|hsa05161	207	AKT1	hsa:207	KEGG:hsa05161	hsa05161	KEGG
KEGG_PARTICIPATION:207|hsa05162	207	AKT1	hsa:207	KEGG:hsa05162	hsa05162	KEGG
KEGG_PARTICIPATION:207|hsa05163	207	AKT1	hsa:207	KEGG:hsa05163	hsa05163	KEGG
KEGG_PARTICIPATION:207|hsa05164	207	AKT1	hsa:207	KEGG:hsa05164	hsa05164	KEGG
KEGG_PARTICIPATION:207|hsa05165	207	AKT1	hsa:207	KEGG:hsa05165	hsa05165	KEGG
KEGG_PARTICIPATION:207|hsa05166	207	AKT1	hsa:207	KEGG:hsa05166	hsa05166	KEGG
KEGG_PARTICIPATION:207|hsa05167	207	AKT1	hsa:207	KEGG:hsa05167	hsa05167	KEGG
KEGG_PARTICIPATION:207|hsa05168	207	AKT1	hsa:207	KEGG:hsa05168	hsa05168	KEGG
KEGG_PARTICIPATION:207|hsa05169	207	AKT1	hsa:207	KEGG:hsa05169	hsa05169	KEGG
KEGG_PARTICIPATION:207|hsa05170	207	AKT1	hsa:207	KEGG:hsa05170	hsa05170	KEGG
KEGG_PARTICIPATION:207|hsa05200	207	AKT1	hsa:207	KEGG:hsa05200	hsa05200	KEGG
KEGG_PARTICIPATION:207|hsa05205	207	AKT1	hsa:207	KEGG:hsa05205	hsa05205	KEGG
KEGG_PARTICIPATION:207|hsa05207	207	AKT1	hsa:207	KEGG:hsa05207	hsa05207	KEGG
KEGG_PARTICIPATION:207|hsa05208	207	AKT1	hsa:207	KEGG:hsa05208	hsa05208	KEGG
KEGG_PARTICIPATION:207|hsa05210	207	AKT1	hsa:207	KEGG:hsa05210	hsa05210	KEGG
KEGG_PARTICIPATION:207|hsa05211	207	AKT1	hsa:207	KEGG:hsa05211	hsa05211	KEGG
KEGG_PARTICIPATION:207|hsa05212	207	AKT1	hsa:207	KEGG:hsa05212	hsa05212	KEGG
KEGG_PARTICIPATION:207|hsa05213	207	AKT1	hsa:207	KEGG:hsa05213	hsa05213	KEGG
KEGG_PARTICIPATION:207|hsa05214	207	AKT1	hsa:207	KEGG:hsa05214	hsa05214	KEGG
KEGG_PARTICIPATION:207|hsa05215	207	AKT1	hsa:207	KEGG:hsa05215	hsa05215	KEGG
KEGG_PARTICIPATION:207|hsa05218	207	AKT1	hsa:207	KEGG:hsa05218	hsa05218	KEGG
KEGG_PARTICIPATION:207|hsa05220	207	AKT1	hsa:207	KEGG:hsa05220	hsa05220	KEGG
KEGG_PARTICIPATION:207|hsa05221	207	AKT1	hsa:207	KEGG:hsa05221	hsa05221	KEGG
KEGG_PARTICIPATION:207|hsa05222	207	AKT1	hsa:207	KEGG:hsa05222	hsa05222	KEGG
KEGG_PARTICIPATION:207|hsa05223	207	AKT1	hsa:207	KEGG:hsa05223	hsa05223	KEGG
KEGG_PARTICIPATION:207|hsa05224	207	AKT1	hsa:207	KEGG:hsa05224	hsa05224	KEGG
KEGG_PARTICIPATION:207|hsa05225	207	AKT1	hsa:207	KEGG:hsa05225	hsa05225	KEGG
KEGG_PARTICIPATION:207|hsa05226	207	AKT1	hsa:207	KEGG:hsa05226	hsa05226	KEGG
KEGG_PARTICIPATION:207|hsa05230	207	AKT1	hsa:207	KEGG:hsa05230	hsa05230	KEGG
KEGG_PARTICIPATION:207|hsa05231	207	AKT1	hsa:207	KEGG:hsa05231	hsa05231	KEGG
KEGG_PARTICIPATION:207|hsa05235	207	AKT1	hsa:207	KEGG:hsa05235	hsa05235	KEGG
KEGG_PARTICIPATION:207|hsa05415	207	AKT1	hsa:207	KEGG:hsa05415	hsa05415	KEGG
KEGG_PARTICIPATION:207|hsa05417	207	AKT1	hsa:207	KEGG:hsa05417	hsa05417	KEGG
KEGG_PARTICIPATION:207|hsa05418	207	AKT1	hsa:207	KEGG:hsa05418	hsa05418	KEGG
KEGG_PARTICIPATION:2081|hsa04140	2081	ERN1	hsa:2081	KEGG:hsa04140	hsa04140	KEGG
KEGG_PARTICIPATION:2081|hsa04141	2081	ERN1	hsa:2081	KEGG:hsa04141	hsa04141	KEGG
KEGG_PARTICIPATION:2081|hsa04210	2081	ERN1	hsa:2081	KEGG:hsa04210	hsa04210	KEGG
KEGG_PARTICIPATION:2081|hsa04932	2081	ERN1	hsa:2081	KEGG:hsa04932	hsa04932	KEGG
KEGG_PARTICIPATION:2081|hsa05010	2081	ERN1	hsa:2081	KEGG:hsa05010	hsa05010	KEGG
KEGG_PARTICIPATION:2081|hsa05012	2081	ERN1	hsa:2081	KEGG:hsa05012	hsa05012	KEGG
KEGG_PARTICIPATION:2081|hsa05014	2081	ERN1	hsa:2081	KEGG:hsa05014	hsa05014	KEGG
KEGG_PARTICIPATION:2081|hsa05016	2081	ERN1	hsa:2081	KEGG:hsa05016	hsa05016	KEGG
KEGG_PARTICIPATION:2081|hsa05017	2081	ERN1	hsa:2081	KEGG:hsa05017	hsa05017	KEGG
KEGG_PARTICIPATION:2081|hsa05022	2081	ERN1	hsa:2081	KEGG:hsa05022	hsa05022	KEGG
KEGG_PARTICIPATION:2081|hsa05417	2081	ERN1	hsa:2081	KEGG:hsa05417	hsa05417	KEGG
KEGG_PARTICIPATION:2099|hsa01522	2099	ESR1	hsa:2099	KEGG:hsa01522	hsa01522	KEGG
KEGG_PARTICIPATION:2099|hsa04081	2099	ESR1	hsa:2099	KEGG:hsa04081	hsa04081	KEGG
KEGG_PARTICIPATION:2099|hsa04915	2099	ESR1	hsa:2099	KEGG:hsa04915	hsa04915	KEGG
KEGG_PARTICIPATION:2099|hsa04917	2099	ESR1	hsa:2099	KEGG:hsa04917	hsa04917	KEGG
KEGG_PARTICIPATION:2099|hsa04919	2099	ESR1	hsa:2099	KEGG:hsa04919	hsa04919	KEGG
KEGG_PARTICIPATION:2099|hsa04961	2099	ESR1	hsa:2099	KEGG:hsa04961	hsa04961	KEGG
KEGG_PARTICIPATION:2099|hsa05200	2099	ESR1	hsa:2099	KEGG:hsa05200	hsa05200	KEGG
KEGG_PARTICIPATION:2099|hsa05205	2099	ESR1	hsa:2099	KEGG:hsa05205	hsa05205	KEGG
KEGG_PARTICIPATION:2099|hsa05207	2099	ESR1	hsa:2099	KEGG:hsa05207	hsa05207	KEGG
KEGG_PARTICIPATION:2099|hsa05224	2099	ESR1	hsa:2099	KEGG:hsa05224	hsa05224	KEGG
KEGG_PARTICIPATION:210|hsa00860	210	ALAD	hsa:210	KEGG:hsa00860	hsa00860	KEGG
KEGG_PARTICIPATION:210|hsa01100	210	ALAD	hsa:210	KEGG:hsa01100	hsa01100	KEGG
KEGG_PARTICIPATION:210|hsa01240	210	ALAD	hsa:210	KEGG:hsa01240	hsa01240	KEGG
KEGG_PARTICIPATION:213|hsa04145	213	ALB	hsa:213	KEGG:hsa04145	hsa04145	KEGG
KEGG_PARTICIPATION:213|hsa04918	213	ALB	hsa:213	KEGG:hsa04918	hsa04918	KEGG
KEGG_PARTICIPATION:2146|hsa00310	2146	EZH2	hsa:2146	KEGG:hsa00310	hsa00310	KEGG
KEGG_PARTICIPATION:2146|hsa01100	2146	EZH2	hsa:2146	KEGG:hsa01100	hsa01100	KEGG
KEGG_PARTICIPATION:2146|hsa03083	2146	EZH2	hsa:2146	KEGG:hsa03083	hsa03083	KEGG
KEGG_PARTICIPATION:2146|hsa05206	2146	EZH2	hsa:2146	KEGG:hsa05206	hsa05206	KEGG
KEGG_PARTICIPATION:2147|hsa04072	2147	F2	hsa:2147	KEGG:hsa04072	hsa04072	KEGG
KEGG_PARTICIPATION:2147|hsa04080	2147	F2	hsa:2147	KEGG:hsa04080	hsa04080	KEGG
KEGG_PARTICIPATION:2147|hsa04610	2147	F2	hsa:2147	KEGG:hsa04610	hsa04610	KEGG
KEGG_PARTICIPATION:2147|hsa04611	2147	F2	hsa:2147	KEGG:hsa04611	hsa04611	KEGG
KEGG_PARTICIPATION:2147|hsa04810	2147	F2	hsa:2147	KEGG:hsa04810	hsa04810	KEGG
KEGG_PARTICIPATION:2147|hsa05130	2147	F2	hsa:2147	KEGG:hsa05130	hsa05130	KEGG
KEGG_PARTICIPATION:2147|hsa05171	2147	F2	hsa:2147	KEGG:hsa05171	hsa05171	KEGG
KEGG_PARTICIPATION:2147|hsa05200	2147	F2	hsa:2147	KEGG:hsa05200	hsa05200	KEGG
KEGG_PARTICIPATION:2149|hsa04015	2149	F2R	hsa:2149	KEGG:hsa04015	hsa04015	KEGG
KEGG_PARTICIPATION:2149|hsa04020	2149	F2R	hsa:2149	KEGG:hsa04020	hsa04020	KEGG
KEGG_PARTICIPATION:2149|hsa04024	2149	F2R	hsa:2149	KEGG:hsa04024	hsa04024	KEGG
KEGG_PARTICIPATION:2149|hsa04072	2149	F2R	hsa:2149	KEGG:hsa04072	hsa04072	KEGG
KEGG_PARTICIPATION:2149|hsa04080	2149	F2R	hsa:2149	KEGG:hsa04080	hsa04080	KEGG
KEGG_PARTICIPATION:2149|hsa04151	2149	F2R	hsa:2149	KEGG:hsa04151	hsa04151	KEGG
KEGG_PARTICIPATION:2149|hsa04610	2149	F2R	hsa:2149	KEGG:hsa04610	hsa04610	KEGG
KEGG_PARTICIPATION:2149|hsa04611	2149	F2R	hsa:2149	KEGG:hsa04611	hsa04611	KEGG
KEGG_PARTICIPATION:2149|hsa04810	2149	F2R	hsa:2149	KEGG:hsa04810	hsa04810	KEGG
KEGG_PARTICIPATION:2149|hsa05130	2149	F2R	hsa:2149	KEGG:hsa05130	hsa05130	KEGG
KEGG_PARTICIPATION:2149|hsa05200	2149	F2R	hsa:2149	KEGG:hsa05200	hsa05200	KEGG
KEGG_PARTICIPATION:2152|hsa04610	2152	F3	hsa:2152	KEGG:hsa04610	hsa04610	KEGG
KEGG_PARTICIPATION:2152|hsa04933	2152	F3	hsa:2152	KEGG:hsa04933	hsa04933	KEGG
KEGG_PARTICIPATION:2153|hsa04610	2153	F5	hsa:2153	KEGG:hsa04610	hsa04610	KEGG
KEGG_PARTICIPATION:216|hsa00830	216	ALDH1A1	hsa:216	KEGG:hsa00830	hsa00830	KEGG
KEGG_PARTICIPATION:216|hsa01100	216	ALDH1A1	hsa:216	KEGG:hsa01100	hsa01100	KEGG
KEGG_PARTICIPATION:2171|hsa03320	2171	FABP5	hsa:2171	KEGG:hsa03320	hsa03320	KEGG
KEGG_PARTICIPATION:2177|hsa03460	2177	FANCD2	hsa:2177	KEGG:hsa03460	hsa03460	KEGG
KEGG_PARTICIPATION:217|hsa00010	217	ALDH2	hsa:217	KEGG:hsa00010	hsa00010	KEGG
KEGG_PARTICIPATION:217|hsa00053	217	ALDH2	hsa:217	KEGG:hsa00053	hsa00053	KEGG
KEGG_PARTICIPATION:217|hsa00071	217	ALDH2	hsa:217	KEGG:hsa00071	hsa00071	KEGG
KEGG_PARTICIPATION:217|hsa00280	217	ALDH2	hsa:217	KEGG:hsa00280	hsa00280	KEGG
KEGG_PARTICIPATION:217|hsa00310	217	ALDH2	hsa:217	KEGG:hsa00310	hsa00310	KEGG
KEGG_PARTICIPATION:217|hsa00330	217	ALDH2	hsa:217	KEGG:hsa00330	hsa00330	KEGG
KEGG_PARTICIPATION:217|hsa00340	217	ALDH2	hsa:217	KEGG:hsa00340	hsa00340	KEGG
KEGG_PARTICIPATION:217|hsa00380	217	ALDH2	hsa:217	KEGG:hsa00380	hsa00380	KEGG
KEGG_PARTICIPATION:217|hsa00410	217	ALDH2	hsa:217	KEGG:hsa00410	hsa00410	KEGG
KEGG_PARTICIPATION:217|hsa00561	217	ALDH2	hsa:217	KEGG:hsa00561	hsa00561	KEGG
KEGG_PARTICIPATION:217|hsa00620	217	ALDH2	hsa:217	KEGG:hsa00620	hsa00620	KEGG
KEGG_PARTICIPATION:217|hsa00770	217	ALDH2	hsa:217	KEGG:hsa00770	hsa00770	KEGG
KEGG_PARTICIPATION:217|hsa01100	217	ALDH2	hsa:217	KEGG:hsa01100	hsa01100	KEGG
KEGG_PARTICIPATION:217|hsa01240	217	ALDH2	hsa:217	KEGG:hsa01240	hsa01240	KEGG
KEGG_PARTICIPATION:217|hsa04936	217	ALDH2	hsa:217	KEGG:hsa04936	hsa04936	KEGG
KEGG_PARTICIPATION:2182|hsa00061	2182	ACSL4	hsa:2182	KEGG:hsa00061	hsa00061	KEGG
KEGG_PARTICIPATION:2182|hsa00071	2182	ACSL4	hsa:2182	KEGG:hsa00071	hsa00071	KEGG
KEGG_PARTICIPATION:2182|hsa01100	2182	ACSL4	hsa:2182	KEGG:hsa01100	hsa01100	KEGG
KEGG_PARTICIPATION:2182|hsa01212	2182	ACSL4	hsa:2182	KEGG:hsa01212	hsa01212	KEGG
KEGG_PARTICIPATION:2182|hsa03320	2182	ACSL4	hsa:2182	KEGG:hsa03320	hsa03320	KEGG
KEGG_PARTICIPATION:2182|hsa04146	2182	ACSL4	hsa:2182	KEGG:hsa04146	hsa04146	KEGG
KEGG_PARTICIPATION:2182|hsa04216	2182	ACSL4	hsa:2182	KEGG:hsa04216	hsa04216	KEGG
KEGG_PARTICIPATION:2182|hsa04714	2182	ACSL4	hsa:2182	KEGG:hsa04714	hsa04714	KEGG
KEGG_PARTICIPATION:2182|hsa04920	2182	ACSL4	hsa:2182	KEGG:hsa04920	hsa04920	KEGG
KEGG_PARTICIPATION:2194|hsa00061	2194	FASN	hsa:2194	KEGG:hsa00061	hsa00061	KEGG
KEGG_PARTICIPATION:2194|hsa01100	2194	FASN	hsa:2194	KEGG:hsa01100	hsa01100	KEGG
KEGG_PARTICIPATION:2194|hsa01212	2194	FASN	hsa:2194	KEGG:hsa01212	hsa01212	KEGG
KEGG_PARTICIPATION:2194|hsa04152	2194	FASN	hsa:2194	KEGG:hsa04152	hsa04152	KEGG
KEGG_PARTICIPATION:2194|hsa04910	2194	FASN	hsa:2194	KEGG:hsa04910	hsa04910	KEGG
KEGG_PARTICIPATION:2194|hsa04936	2194	FASN	hsa:2194	KEGG:hsa04936	hsa04936	KEGG
KEGG_PARTICIPATION:219|hsa00010	219	ALDH1B1	hsa:219	KEGG:hsa00010	hsa00010	KEGG
KEGG_PARTICIPATION:219|hsa00053	219	ALDH1B1	hsa:219	KEGG:hsa00053	hsa00053	KEGG
KEGG_PARTICIPATION:219|hsa00071	219	ALDH1B1	hsa:219	KEGG:hsa00071	hsa00071	KEGG
KEGG_PARTICIPATION:219|hsa00280	219	ALDH1B1	hsa:219	KEGG:hsa00280	hsa00280	KEGG
KEGG_PARTICIPATION:219|hsa00310	219	ALDH1B1	hsa:219	KEGG:hsa00310	hsa00310	KEGG
KEGG_PARTICIPATION:219|hsa00330	219	ALDH1B1	hsa:219	KEGG:hsa00330	hsa00330	KEGG
KEGG_PARTICIPATION:219|hsa00340	219	ALDH1B1	hsa:219	KEGG:hsa00340	hsa00340	KEGG
KEGG_PARTICIPATION:219|hsa00380	219	ALDH1B1	hsa:219	KEGG:hsa00380	hsa00380	KEGG
KEGG_PARTICIPATION:219|hsa00410	219	ALDH1B1	hsa:219	KEGG:hsa00410	hsa00410	KEGG
KEGG_PARTICIPATION:219|hsa00561	219	ALDH1B1	hsa:219	KEGG:hsa00561	hsa00561	KEGG
KEGG_PARTICIPATION:219|hsa00620	219	ALDH1B1	hsa:219	KEGG:hsa00620	hsa00620	KEGG
KEGG_PARTICIPATION:219|hsa00770	219	ALDH1B1	hsa:219	KEGG:hsa00770	hsa00770	KEGG
KEGG_PARTICIPATION:219|hsa01100	219	ALDH1B1	hsa:219	KEGG:hsa01100	hsa01100	KEGG
KEGG_PARTICIPATION:219|hsa01240	219	ALDH1B1	hsa:219	KEGG:hsa01240	hsa01240	KEGG
KEGG_PARTICIPATION:219|hsa04936	219	ALDH1B1	hsa:219	KEGG:hsa04936	hsa04936	KEGG
KEGG_PARTICIPATION:2200|hsa04350	2200	FBN1	hsa:2200	KEGG:hsa04350	hsa04350	KEGG
KEGG_PARTICIPATION:2200|hsa04518	2200	FBN1	hsa:2200	KEGG:hsa04518	hsa04518	KEGG
KEGG_PARTICIPATION:2200|hsa04820	2200	FBN1	hsa:2200	KEGG:hsa04820	hsa04820	KEGG
KEGG_PARTICIPATION:2203|hsa00010	2203	FBP1	hsa:2203	KEGG:hsa00010	hsa00010	KEGG
KEGG_PARTICIPATION:2203|hsa00030	2203	FBP1	hsa:2203	KEGG:hsa00030	hsa00030	KEGG
KEGG_PARTICIPATION:2203|hsa00051	2203	FBP1	hsa:2203	KEGG:hsa00051	hsa00051	KEGG
KEGG_PARTICIPATION:2203|hsa01100	2203	FBP1	hsa:2203	KEGG:hsa01100	hsa01100	KEGG
KEGG_PARTICIPATION:2203|hsa01200	2203	FBP1	hsa:2203	KEGG:hsa01200	hsa01200	KEGG
KEGG_PARTICIPATION:2203|hsa04152	2203	FBP1	hsa:2203	KEGG:hsa04152	hsa04152	KEGG
KEGG_PARTICIPATION:2203|hsa04910	2203	FBP1	hsa:2203	KEGG:hsa04910	hsa04910	KEGG
KEGG_PARTICIPATION:2203|hsa04922	2203	FBP1	hsa:2203	KEGG:hsa04922	hsa04922	KEGG
KEGG_PARTICIPATION:2222|hsa00100	2222	FDFT1	hsa:2222	KEGG:hsa00100	hsa00100	KEGG
KEGG_PARTICIPATION:2222|hsa01100	2222	FDFT1	hsa:2222	KEGG:hsa01100	hsa01100	KEGG
KEGG_PARTICIPATION:2242|hsa04360	2242	FES	hsa:2242	KEGG:hsa04360	hsa04360	KEGG
KEGG_PARTICIPATION:2247|hsa01521	2247	FGF2	hsa:2247	KEGG:hsa01521	hsa01521	KEGG
KEGG_PARTICIPATION:2247|hsa04010	2247	FGF2	hsa:2247	KEGG:hsa04010	hsa04010	KEGG
KEGG_PARTICIPATION:2247|hsa04014	2247	FGF2	hsa:2247	KEGG:hsa04014	hsa04014	KEGG
KEGG_PARTICIPATION:2247|hsa04015	2247	FGF2	hsa:2247	KEGG:hsa04015	hsa04015	KEGG
KEGG_PARTICIPATION:2247|hsa04020	2247	FGF2	hsa:2247	KEGG:hsa04020	hsa04020	KEGG
KEGG_PARTICIPATION:2247|hsa04151	2247	FGF2	hsa:2247	KEGG:hsa04151	hsa04151	KEGG
KEGG_PARTICIPATION:2247|hsa04550	2247	FGF2	hsa:2247	KEGG:hsa04550	hsa04550	KEGG
KEGG_PARTICIPATION:2247|hsa04810	2247	FGF2	hsa:2247	KEGG:hsa04810	hsa04810	KEGG
KEGG_PARTICIPATION:2247|hsa05167	2247	FGF2	hsa:2247	KEGG:hsa05167	hsa05167	KEGG
KEGG_PARTICIPATION:2247|hsa05200	2247	FGF2	hsa:2247	KEGG:hsa05200	hsa05200	KEGG
KEGG_PARTICIPATION:2247|hsa05205	2247	FGF2	hsa:2247	KEGG:hsa05205	hsa05205	KEGG
KEGG_PARTICIPATION:2247|hsa05207	2247	FGF2	hsa:2247	KEGG:hsa05207	hsa05207	KEGG
KEGG_PARTICIPATION:2247|hsa05218	2247	FGF2	hsa:2247	KEGG:hsa05218	hsa05218	KEGG
KEGG_PARTICIPATION:2247|hsa05224	2247	FGF2	hsa:2247	KEGG:hsa05224	hsa05224	KEGG
KEGG_PARTICIPATION:2247|hsa05226	2247	FGF2	hsa:2247	KEGG:hsa05226	hsa05226	KEGG
KEGG_PARTICIPATION:2248|hsa04010	2248	FGF3	hsa:2248	KEGG:hsa04010	hsa04010	KEGG
KEGG_PARTICIPATION:2248|hsa04014	2248	FGF3	hsa:2248	KEGG:hsa04014	hsa04014	KEGG
KEGG_PARTICIPATION:2248|hsa04015	2248	FGF3	hsa:2248	KEGG:hsa04015	hsa04015	KEGG
KEGG_PARTICIPATION:2248|hsa04020	2248	FGF3	hsa:2248	KEGG:hsa04020	hsa04020	KEGG
KEGG_PARTICIPATION:2248|hsa04151	2248	FGF3	hsa:2248	KEGG:hsa04151	hsa04151	KEGG
KEGG_PARTICIPATION:2248|hsa04810	2248	FGF3	hsa:2248	KEGG:hsa04810	hsa04810	KEGG
KEGG_PARTICIPATION:2248|hsa05200	2248	FGF3	hsa:2248	KEGG:hsa05200	hsa05200	KEGG
KEGG_PARTICIPATION:2248|hsa05207	2248	FGF3	hsa:2248	KEGG:hsa05207	hsa05207	KEGG
KEGG_PARTICIPATION:2248|hsa05218	2248	FGF3	hsa:2248	KEGG:hsa05218	hsa05218	KEGG
KEGG_PARTICIPATION:2248|hsa05224	2248	FGF3	hsa:2248	KEGG:hsa05224	hsa05224	KEGG
KEGG_PARTICIPATION:2248|hsa05226	2248	FGF3	hsa:2248	KEGG:hsa05226	hsa05226	KEGG
KEGG_PARTICIPATION:2249|hsa04010	2249	FGF4	hsa:2249	KEGG:hsa04010	hsa04010	KEGG
KEGG_PARTICIPATION:2249|hsa04014	2249	FGF4	hsa:2249	KEGG:hsa04014	hsa04014	KEGG
KEGG_PARTICIPATION:2249|hsa04015	2249	FGF4	hsa:2249	KEGG:hsa04015	hsa04015	KEGG
KEGG_PARTICIPATION:2249|hsa04020	2249	FGF4	hsa:2249	KEGG:hsa04020	hsa04020	KEGG
KEGG_PARTICIPATION:2249|hsa04151	2249	FGF4	hsa:2249	KEGG:hsa04151	hsa04151	KEGG
KEGG_PARTICIPATION:2249|hsa04810	2249	FGF4	hsa:2249	KEGG:hsa04810	hsa04810	KEGG
KEGG_PARTICIPATION:2249|hsa05200	2249	FGF4	hsa:2249	KEGG:hsa05200	hsa05200	KEGG
KEGG_PARTICIPATION:2249|hsa05207	2249	FGF4	hsa:2249	KEGG:hsa05207	hsa05207	KEGG
KEGG_PARTICIPATION:2249|hsa05218	2249	FGF4	hsa:2249	KEGG:hsa05218	hsa05218	KEGG
KEGG_PARTICIPATION:2249|hsa05224	2249	FGF4	hsa:2249	KEGG:hsa05224	hsa05224	KEGG
KEGG_PARTICIPATION:2249|hsa05226	2249	FGF4	hsa:2249	KEGG:hsa05226	hsa05226	KEGG
KEGG_PARTICIPATION:2252|hsa04010	2252	FGF7	hsa:2252	KEGG:hsa04010	hsa04010	KEGG
KEGG_PARTICIPATION:2252|hsa04014	2252	FGF7	hsa:2252	KEGG:hsa04014	hsa04014	KEGG
KEGG_PARTICIPATION:2252|hsa04015	2252	FGF7	hsa:2252	KEGG:hsa04015	hsa04015	KEGG
KEGG_PARTICIPATION:2252|hsa04020	2252	FGF7	hsa:2252	KEGG:hsa04020	hsa04020	KEGG
KEGG_PARTICIPATION:2252|hsa04151	2252	FGF7	hsa:2252	KEGG:hsa04151	hsa04151	KEGG
KEGG_PARTICIPATION:2252|hsa04810	2252	FGF7	hsa:2252	KEGG:hsa04810	hsa04810	KEGG
KEGG_PARTICIPATION:2252|hsa05200	2252	FGF7	hsa:2252	KEGG:hsa05200	hsa05200	KEGG
KEGG_PARTICIPATION:2252|hsa05207	2252	FGF7	hsa:2252	KEGG:hsa05207	hsa05207	KEGG
KEGG_PARTICIPATION:2252|hsa05218	2252	FGF7	hsa:2252	KEGG:hsa05218	hsa05218	KEGG
KEGG_PARTICIPATION:2252|hsa05224	2252	FGF7	hsa:2252	KEGG:hsa05224	hsa05224	KEGG
KEGG_PARTICIPATION:2252|hsa05226	2252	FGF7	hsa:2252	KEGG:hsa05226	hsa05226	KEGG
KEGG_PARTICIPATION:2260|hsa04010	2260	FGFR1	hsa:2260	KEGG:hsa04010	hsa04010	KEGG
KEGG_PARTICIPATION:2260|hsa04014	2260	FGFR1	hsa:2260	KEGG:hsa04014	hsa04014	KEGG
KEGG_PARTICIPATION:2260|hsa04015	2260	FGFR1	hsa:2260	KEGG:hsa04015	hsa04015	KEGG
KEGG_PARTICIPATION:2260|hsa04020	2260	FGFR1	hsa:2260	KEGG:hsa04020	hsa04020	KEGG
KEGG_PARTICIPATION:2260|hsa04151	2260	FGFR1	hsa:2260	KEGG:hsa04151	hsa04151	KEGG
KEGG_PARTICIPATION:2260|hsa04517	2260	FGFR1	hsa:2260	KEGG:hsa04517	hsa04517	KEGG
KEGG_PARTICIPATION:2260|hsa04519	2260	FGFR1	hsa:2260	KEGG:hsa04519	hsa04519	KEGG
KEGG_PARTICIPATION:2260|hsa04520	2260	FGFR1	hsa:2260	KEGG:hsa04520	hsa04520	KEGG
KEGG_PARTICIPATION:2260|hsa04550	2260	FGFR1	hsa:2260	KEGG:hsa04550	hsa04550	KEGG
KEGG_PARTICIPATION:2260|hsa04714	2260	FGFR1	hsa:2260	KEGG:hsa04714	hsa04714	KEGG
KEGG_PARTICIPATION:2260|hsa04810	2260	FGFR1	hsa:2260	KEGG:hsa04810	hsa04810	KEGG
KEGG_PARTICIPATION:2260|hsa04928	2260	FGFR1	hsa:2260	KEGG:hsa04928	hsa04928	KEGG
KEGG_PARTICIPATION:2260|hsa05200	2260	FGFR1	hsa:2260	KEGG:hsa05200	hsa05200	KEGG
KEGG_PARTICIPATION:2260|hsa05205	2260	FGFR1	hsa:2260	KEGG:hsa05205	hsa05205	KEGG
KEGG_PARTICIPATION:2260|hsa05215	2260	FGFR1	hsa:2260	KEGG:hsa05215	hsa05215	KEGG
KEGG_PARTICIPATION:2260|hsa05218	2260	FGFR1	hsa:2260	KEGG:hsa05218	hsa05218	KEGG
KEGG_PARTICIPATION:2260|hsa05224	2260	FGFR1	hsa:2260	KEGG:hsa05224	hsa05224	KEGG
KEGG_PARTICIPATION:2260|hsa05230	2260	FGFR1	hsa:2260	KEGG:hsa05230	hsa05230	KEGG
KEGG_PARTICIPATION:2263|hsa01521	2263	FGFR2	hsa:2263	KEGG:hsa01521	hsa01521	KEGG
KEGG_PARTICIPATION:2263|hsa04010	2263	FGFR2	hsa:2263	KEGG:hsa04010	hsa04010	KEGG
KEGG_PARTICIPATION:2263|hsa04014	2263	FGFR2	hsa:2263	KEGG:hsa04014	hsa04014	KEGG
KEGG_PARTICIPATION:2263|hsa04015	2263	FGFR2	hsa:2263	KEGG:hsa04015	hsa04015	KEGG
KEGG_PARTICIPATION:2263|hsa04020	2263	FGFR2	hsa:2263	KEGG:hsa04020	hsa04020	KEGG
KEGG_PARTICIPATION:2263|hsa04144	2263	FGFR2	hsa:2263	KEGG:hsa04144	hsa04144	KEGG
KEGG_PARTICIPATION:2263|hsa04151	2263	FGFR2	hsa:2263	KEGG:hsa04151	hsa04151	KEGG
KEGG_PARTICIPATION:2263|hsa04550	2263	FGFR2	hsa:2263	KEGG:hsa04550	hsa04550	KEGG
KEGG_PARTICIPATION:2263|hsa04810	2263	FGFR2	hsa:2263	KEGG:hsa04810	hsa04810	KEGG
KEGG_PARTICIPATION:2263|hsa05200	2263	FGFR2	hsa:2263	KEGG:hsa05200	hsa05200	KEGG
KEGG_PARTICIPATION:2263|hsa05215	2263	FGFR2	hsa:2263	KEGG:hsa05215	hsa05215	KEGG
KEGG_PARTICIPATION:2263|hsa05226	2263	FGFR2	hsa:2263	KEGG:hsa05226	hsa05226	KEGG
KEGG_PARTICIPATION:2263|hsa05230	2263	FGFR2	hsa:2263	KEGG:hsa05230	hsa05230	KEGG
KEGG_PARTICIPATION:2264|hsa04010	2264	FGFR4	hsa:2264	KEGG:hsa04010	hsa04010	KEGG
KEGG_PARTICIPATION:2264|hsa04014	2264	FGFR4	hsa:2264	KEGG:hsa04014	hsa04014	KEGG
KEGG_PARTICIPATION:2264|hsa04015	2264	FGFR4	hsa:2264	KEGG:hsa04015	hsa04015	KEGG
KEGG_PARTICIPATION:2264|hsa04020	2264	FGFR4	hsa:2264	KEGG:hsa04020	hsa04020	KEGG
KEGG_PARTICIPATION:2264|hsa04144	2264	FGFR4	hsa:2264	KEGG:hsa04144	hsa04144	KEGG
KEGG_PARTICIPATION:2264|hsa04151	2264	FGFR4	hsa:2264	KEGG:hsa04151	hsa04151	KEGG
KEGG_PARTICIPATION:2264|hsa04550	2264	FGFR4	hsa:2264	KEGG:hsa04550	hsa04550	KEGG
KEGG_PARTICIPATION:2264|hsa04810	2264	FGFR4	hsa:2264	KEGG:hsa04810	hsa04810	KEGG
KEGG_PARTICIPATION:2264|hsa05200	2264	FGFR4	hsa:2264	KEGG:hsa05200	hsa05200	KEGG
KEGG_PARTICIPATION:2271|hsa00020	2271	FH	hsa:2271	KEGG:hsa00020	hsa00020	KEGG
KEGG_PARTICIPATION:2271|hsa00620	2271	FH	hsa:2271	KEGG:hsa00620	hsa00620	KEGG
KEGG_PARTICIPATION:2271|hsa01100	2271	FH	hsa:2271	KEGG:hsa01100	hsa01100	KEGG
KEGG_PARTICIPATION:2271|hsa01200	2271	FH	hsa:2271	KEGG:hsa01200	hsa01200	KEGG
KEGG_PARTICIPATION:2271|hsa04934	2271	FH	hsa:2271	KEGG:hsa04934	hsa04934	KEGG
KEGG_PARTICIPATION:2271|hsa05200	2271	FH	hsa:2271	KEGG:hsa05200	hsa05200	KEGG
KEGG_PARTICIPATION:2271|hsa05211	2271	FH	hsa:2271	KEGG:hsa05211	hsa05211	KEGG
KEGG_PARTICIPATION:22849|hsa04114	22849	CPEB3	hsa:22849	KEGG:hsa04114	hsa04114	KEGG
KEGG_PARTICIPATION:22849|hsa04914	22849	CPEB3	hsa:22849	KEGG:hsa04914	hsa04914	KEGG
KEGG_PARTICIPATION:2305|hsa04218	2305	FOXM1	hsa:2305	KEGG:hsa04218	hsa04218	KEGG
KEGG_PARTICIPATION:23095|hsa04814	23095	KIF1B	hsa:23095	KEGG:hsa04814	hsa04814	KEGG
KEGG_PARTICIPATION:2309|hsa01521	2309	FOXO3	hsa:2309	KEGG:hsa01521	hsa01521	KEGG
KEGG_PARTICIPATION:2309|hsa04062	2309	FOXO3	hsa:2309	KEGG:hsa04062	hsa04062	KEGG
KEGG_PARTICIPATION:2309|hsa04068	2309	FOXO3	hsa:2309	KEGG:hsa04068	hsa04068	KEGG
KEGG_PARTICIPATION:2309|hsa04137	2309	FOXO3	hsa:2309	KEGG:hsa04137	hsa04137	KEGG
KEGG_PARTICIPATION:2309|hsa04151	2309	FOXO3	hsa:2309	KEGG:hsa04151	hsa04151	KEGG
KEGG_PARTICIPATION:2309|hsa04152	2309	FOXO3	hsa:2309	KEGG:hsa04152	hsa04152	KEGG
KEGG_PARTICIPATION:2309|hsa04211	2309	FOXO3	hsa:2309	KEGG:hsa04211	hsa04211	KEGG
KEGG_PARTICIPATION:2309|hsa04213	2309	FOXO3	hsa:2309	KEGG:hsa04213	hsa04213	KEGG
KEGG_PARTICIPATION:2309|hsa04218	2309	FOXO3	hsa:2309	KEGG:hsa04218	hsa04218	KEGG
KEGG_PARTICIPATION:2309|hsa04722	2309	FOXO3	hsa:2309	KEGG:hsa04722	hsa04722	KEGG
KEGG_PARTICIPATION:2309|hsa04917	2309	FOXO3	hsa:2309	KEGG:hsa04917	hsa04917	KEGG
KEGG_PARTICIPATION:2309|hsa04936	2309	FOXO3	hsa:2309	KEGG:hsa04936	hsa04936	KEGG
KEGG_PARTICIPATION:2309|hsa05131	2309	FOXO3	hsa:2309	KEGG:hsa05131	hsa05131	KEGG
KEGG_PARTICIPATION:2309|hsa05208	2309	FOXO3	hsa:2309	KEGG:hsa05208	hsa05208	KEGG
KEGG_PARTICIPATION:2309|hsa05213	2309	FOXO3	hsa:2309	KEGG:hsa05213	hsa05213	KEGG
KEGG_PARTICIPATION:2309|hsa05223	2309	FOXO3	hsa:2309	KEGG:hsa05223	hsa05223	KEGG
KEGG_PARTICIPATION:2316|hsa04010	2316	FLNA	hsa:2316	KEGG:hsa04010	hsa04010	KEGG
KEGG_PARTICIPATION:2316|hsa04510	2316	FLNA	hsa:2316	KEGG:hsa04510	hsa04510	KEGG
KEGG_PARTICIPATION:2316|hsa04518	2316	FLNA	hsa:2316	KEGG:hsa04518	hsa04518	KEGG
KEGG_PARTICIPATION:2316|hsa05132	2316	FLNA	hsa:2316	KEGG:hsa05132	hsa05132	KEGG
KEGG_PARTICIPATION:2316|hsa05205	2316	FLNA	hsa:2316	KEGG:hsa05205	hsa05205	KEGG
KEGG_PARTICIPATION:2321|hsa04010	2321	FLT1	hsa:2321	KEGG:hsa04010	hsa04010	KEGG
KEGG_PARTICIPATION:2321|hsa04014	2321	FLT1	hsa:2321	KEGG:hsa04014	hsa04014	KEGG
KEGG_PARTICIPATION:2321|hsa04015	2321	FLT1	hsa:2321	KEGG:hsa04015	hsa04015	KEGG
KEGG_PARTICIPATION:2321|hsa04020	2321	FLT1	hsa:2321	KEGG:hsa04020	hsa04020	KEGG
KEGG_PARTICIPATION:2321|hsa04066	2321	FLT1	hsa:2321	KEGG:hsa04066	hsa04066	KEGG
KEGG_PARTICIPATION:2321|hsa04151	2321	FLT1	hsa:2321	KEGG:hsa04151	hsa04151	KEGG
KEGG_PARTICIPATION:2321|hsa04510	2321	FLT1	hsa:2321	KEGG:hsa04510	hsa04510	KEGG
KEGG_PARTICIPATION:2321|hsa04518	2321	FLT1	hsa:2321	KEGG:hsa04518	hsa04518	KEGG
KEGG_PARTICIPATION:2321|hsa05202	2321	FLT1	hsa:2321	KEGG:hsa05202	hsa05202	KEGG
KEGG_PARTICIPATION:2321|hsa05323	2321	FLT1	hsa:2321	KEGG:hsa05323	hsa05323	KEGG
KEGG_PARTICIPATION:2322|hsa04010	2322	FLT3	hsa:2322	KEGG:hsa04010	hsa04010	KEGG
KEGG_PARTICIPATION:2322|hsa04014	2322	FLT3	hsa:2322	KEGG:hsa04014	hsa04014	KEGG
KEGG_PARTICIPATION:2322|hsa04151	2322	FLT3	hsa:2322	KEGG:hsa04151	hsa04151	KEGG
KEGG_PARTICIPATION:2322|hsa04640	2322	FLT3	hsa:2322	KEGG:hsa04640	hsa04640	KEGG
KEGG_PARTICIPATION:2322|hsa05200	2322	FLT3	hsa:2322	KEGG:hsa05200	hsa05200	KEGG
KEGG_PARTICIPATION:2322|hsa05202	2322	FLT3	hsa:2322	KEGG:hsa05202	hsa05202	KEGG
KEGG_PARTICIPATION:2322|hsa05221	2322	FLT3	hsa:2322	KEGG:hsa05221	hsa05221	KEGG
KEGG_PARTICIPATION:2322|hsa05230	2322	FLT3	hsa:2322	KEGG:hsa05230	hsa05230	KEGG
KEGG_PARTICIPATION:23235|hsa04922	23235	SIK2	hsa:23235	KEGG:hsa04922	hsa04922	KEGG
KEGG_PARTICIPATION:23405|hsa05206	23405	DICER1	hsa:23405	KEGG:hsa05206	hsa05206	KEGG
KEGG_PARTICIPATION:23411|hsa00760	23411	SIRT1	hsa:23411	KEGG:hsa00760	hsa00760	KEGG
KEGG_PARTICIPATION:23411|hsa01100	23411	SIRT1	hsa:23411	KEGG:hsa01100	hsa01100	KEGG
KEGG_PARTICIPATION:23411|hsa04068	23411	SIRT1	hsa:23411	KEGG:hsa04068	hsa04068	KEGG
KEGG_PARTICIPATION:23411|hsa04148	23411	SIRT1	hsa:23411	KEGG:hsa04148	hsa04148	KEGG
KEGG_PARTICIPATION:23411|hsa04152	23411	SIRT1	hsa:23411	KEGG:hsa04152	hsa04152	KEGG
KEGG_PARTICIPATION:23411|hsa04211	23411	SIRT1	hsa:23411	KEGG:hsa04211	hsa04211	KEGG
KEGG_PARTICIPATION:23411|hsa04213	23411	SIRT1	hsa:23411	KEGG:hsa04213	hsa04213	KEGG
KEGG_PARTICIPATION:23411|hsa04218	23411	SIRT1	hsa:23411	KEGG:hsa04218	hsa04218	KEGG
KEGG_PARTICIPATION:23411|hsa04310	23411	SIRT1	hsa:23411	KEGG:hsa04310	hsa04310	KEGG
KEGG_PARTICIPATION:23411|hsa04922	23411	SIRT1	hsa:23411	KEGG:hsa04922	hsa04922	KEGG
KEGG_PARTICIPATION:23411|hsa04936	23411	SIRT1	hsa:23411	KEGG:hsa04936	hsa04936	KEGG
KEGG_PARTICIPATION:23411|hsa05031	23411	SIRT1	hsa:23411	KEGG:hsa05031	hsa05031	KEGG
KEGG_PARTICIPATION:23411|hsa05206	23411	SIRT1	hsa:23411	KEGG:hsa05206	hsa05206	KEGG
KEGG_PARTICIPATION:23451|hsa03040	23451	SF3B1	hsa:23451	KEGG:hsa03040	hsa03040	KEGG
KEGG_PARTICIPATION:2350|hsa01523	2350	FOLR2	hsa:2350	KEGG:hsa01523	hsa01523	KEGG
KEGG_PARTICIPATION:2350|hsa04144	2350	FOLR2	hsa:2350	KEGG:hsa04144	hsa04144	KEGG
KEGG_PARTICIPATION:2350|hsa04981	2350	FOLR2	hsa:2350	KEGG:hsa04981	hsa04981	KEGG
KEGG_PARTICIPATION:2350|hsa05215	2350	FOLR2	hsa:2350	KEGG:hsa05215	hsa05215	KEGG
KEGG_PARTICIPATION:2353|hsa01522	2353	FOS	hsa:2353	KEGG:hsa01522	hsa01522	KEGG
KEGG_PARTICIPATION:2353|hsa04010	2353	FOS	hsa:2353	KEGG:hsa04010	hsa04010	KEGG
KEGG_PARTICIPATION:2353|hsa04024	2353	FOS	hsa:2353	KEGG:hsa04024	hsa04024	KEGG
KEGG_PARTICIPATION:2353|hsa04210	2353	FOS	hsa:2353	KEGG:hsa04210	hsa04210	KEGG
KEGG_PARTICIPATION:2353|hsa04380	2353	FOS	hsa:2353	KEGG:hsa04380	hsa04380	KEGG
KEGG_PARTICIPATION:2353|hsa04620	2353	FOS	hsa:2353	KEGG:hsa04620	hsa04620	KEGG
KEGG_PARTICIPATION:2353|hsa04657	2353	FOS	hsa:2353	KEGG:hsa04657	hsa04657	KEGG
KEGG_PARTICIPATION:2353|hsa04658	2353	FOS	hsa:2353	KEGG:hsa04658	hsa04658	KEGG
KEGG_PARTICIPATION:2353|hsa04659	2353	FOS	hsa:2353	KEGG:hsa04659	hsa04659	KEGG
KEGG_PARTICIPATION:2353|hsa04660	2353	FOS	hsa:2353	KEGG:hsa04660	hsa04660	KEGG
KEGG_PARTICIPATION:2353|hsa04662	2353	FOS	hsa:2353	KEGG:hsa04662	hsa04662	KEGG
KEGG_PARTICIPATION:2353|hsa04668	2353	FOS	hsa:2353	KEGG:hsa04668	hsa04668	KEGG
KEGG_PARTICIPATION:2353|hsa04713	2353	FOS	hsa:2353	KEGG:hsa04713	hsa04713	KEGG
KEGG_PARTICIPATION:2353|hsa04725	2353	FOS	hsa:2353	KEGG:hsa04725	hsa04725	KEGG
KEGG_PARTICIPATION:2353|hsa04728	2353	FOS	hsa:2353	KEGG:hsa04728	hsa04728	KEGG
KEGG_PARTICIPATION:2353|hsa04915	2353	FOS	hsa:2353	KEGG:hsa04915	hsa04915	KEGG
KEGG_PARTICIPATION:2353|hsa04917	2353	FOS	hsa:2353	KEGG:hsa04917	hsa04917	KEGG
KEGG_PARTICIPATION:2353|hsa04921	2353	FOS	hsa:2353	KEGG:hsa04921	hsa04921	KEGG
KEGG_PARTICIPATION:2353|hsa04926	2353	FOS	hsa:2353	KEGG:hsa04926	hsa04926	KEGG
KEGG_PARTICIPATION:2353|hsa04928	2353	FOS	hsa:2353	KEGG:hsa04928	hsa04928	KEGG
KEGG_PARTICIPATION:2353|hsa04932	2353	FOS	hsa:2353	KEGG:hsa04932	hsa04932	KEGG
KEGG_PARTICIPATION:2353|hsa04935	2353	FOS	hsa:2353	KEGG:hsa04935	hsa04935	KEGG
KEGG_PARTICIPATION:2353|hsa05031	2353	FOS	hsa:2353	KEGG:hsa05031	hsa05031	KEGG
KEGG_PARTICIPATION:2353|hsa05130	2353	FOS	hsa:2353	KEGG:hsa05130	hsa05130	KEGG
KEGG_PARTICIPATION:2353|hsa05132	2353	FOS	hsa:2353	KEGG:hsa05132	hsa05132	KEGG
KEGG_PARTICIPATION:2353|hsa05133	2353	FOS	hsa:2353	KEGG:hsa05133	hsa05133	KEGG
KEGG_PARTICIPATION:2353|hsa05135	2353	FOS	hsa:2353	KEGG:hsa05135	hsa05135	KEGG
KEGG_PARTICIPATION:2353|hsa05140	2353	FOS	hsa:2353	KEGG:hsa05140	hsa05140	KEGG
KEGG_PARTICIPATION:2353|hsa05142	2353	FOS	hsa:2353	KEGG:hsa05142	hsa05142	KEGG
KEGG_PARTICIPATION:2353|hsa05161	2353	FOS	hsa:2353	KEGG:hsa05161	hsa05161	KEGG
KEGG_PARTICIPATION:2353|hsa05162	2353	FOS	hsa:2353	KEGG:hsa05162	hsa05162	KEGG
KEGG_PARTICIPATION:2353|hsa05166	2353	FOS	hsa:2353	KEGG:hsa05166	hsa05166	KEGG
KEGG_PARTICIPATION:2353|hsa05167	2353	FOS	hsa:2353	KEGG:hsa05167	hsa05167	KEGG
KEGG_PARTICIPATION:2353|hsa05170	2353	FOS	hsa:2353	KEGG:hsa05170	hsa05170	KEGG
KEGG_PARTICIPATION:2353|hsa05171	2353	FOS	hsa:2353	KEGG:hsa05171	hsa05171	KEGG
KEGG_PARTICIPATION:2353|hsa05200	2353	FOS	hsa:2353	KEGG:hsa05200	hsa05200	KEGG
KEGG_PARTICIPATION:2353|hsa05207	2353	FOS	hsa:2353	KEGG:hsa05207	hsa05207	KEGG
KEGG_PARTICIPATION:2353|hsa05208	2353	FOS	hsa:2353	KEGG:hsa05208	hsa05208	KEGG
KEGG_PARTICIPATION:2353|hsa05210	2353	FOS	hsa:2353	KEGG:hsa05210	hsa05210	KEGG
KEGG_PARTICIPATION:2353|hsa05224	2353	FOS	hsa:2353	KEGG:hsa05224	hsa05224	KEGG
KEGG_PARTICIPATION:2353|hsa05231	2353	FOS	hsa:2353	KEGG:hsa05231	hsa05231	KEGG
KEGG_PARTICIPATION:2353|hsa05235	2353	FOS	hsa:2353	KEGG:hsa05235	hsa05235	KEGG
KEGG_PARTICIPATION:2353|hsa05323	2353	FOS	hsa:2353	KEGG:hsa05323	hsa05323	KEGG
KEGG_PARTICIPATION:2353|hsa05417	2353	FOS	hsa:2353	KEGG:hsa05417	hsa05417	KEGG
KEGG_PARTICIPATION:2353|hsa05418	2353	FOS	hsa:2353	KEGG:hsa05418	hsa05418	KEGG
KEGG_PARTICIPATION:2354|hsa04380	2354	FOSB	hsa:2354	KEGG:hsa04380	hsa04380	KEGG
KEGG_PARTICIPATION:2354|hsa04657	2354	FOSB	hsa:2354	KEGG:hsa04657	hsa04657	KEGG
KEGG_PARTICIPATION:2354|hsa05030	2354	FOSB	hsa:2354	KEGG:hsa05030	hsa05030	KEGG
KEGG_PARTICIPATION:2354|hsa05031	2354	FOSB	hsa:2354	KEGG:hsa05031	hsa05031	KEGG
KEGG_PARTICIPATION:2354|hsa05034	2354	FOSB	hsa:2354	KEGG:hsa05034	hsa05034	KEGG
KEGG_PARTICIPATION:24137|hsa04814	24137	KIF4A	hsa:24137	KEGG:hsa04814	hsa04814	KEGG
KEGG_PARTICIPATION:2475|hsa01521	2475	MTOR	hsa:2475	KEGG:hsa01521	hsa01521	KEGG
KEGG_PARTICIPATION:2475|hsa01522	2475	MTOR	hsa:2475	KEGG:hsa01522	hsa01522	KEGG
KEGG_PARTICIPATION:2475|hsa04012	2475	MTOR	hsa:2475	KEGG:hsa04012	hsa04012	KEGG
KEGG_PARTICIPATION:2475|hsa04066	2475	MTOR	hsa:2475	KEGG:hsa04066	hsa04066	KEGG
KEGG_PARTICIPATION:2475|hsa04072	2475	MTOR	hsa:2475	KEGG:hsa04072	hsa04072	KEGG
KEGG_PARTICIPATION:2475|hsa04136	2475	MTOR	hsa:2475	KEGG:hsa04136	hsa04136	KEGG
KEGG_PARTICIPATION:2475|hsa04140	2475	MTOR	hsa:2475	KEGG:hsa04140	hsa04140	KEGG
KEGG_PARTICIPATION:2475|hsa04142	2475	MTOR	hsa:2475	KEGG:hsa04142	hsa04142	KEGG
KEGG_PARTICIPATION:2475|hsa04150	2475	MTOR	hsa:2475	KEGG:hsa04150	hsa04150	KEGG
KEGG_PARTICIPATION:2475|hsa04151	2475	MTOR	hsa:2475	KEGG:hsa04151	hsa04151	KEGG
KEGG_PARTICIPATION:2475|hsa04152	2475	MTOR	hsa:2475	KEGG:hsa04152	hsa04152	KEGG
KEGG_PARTICIPATION:2475|hsa04156	2475	MTOR	hsa:2475	KEGG:hsa04156	hsa04156	KEGG
KEGG_PARTICIPATION:2475|hsa04211	2475	MTOR	hsa:2475	KEGG:hsa04211	hsa04211	KEGG
KEGG_PARTICIPATION:2475|hsa04213	2475	MTOR	hsa:2475	KEGG:hsa04213	hsa04213	KEGG
KEGG_PARTICIPATION:2475|hsa04218	2475	MTOR	hsa:2475	KEGG:hsa04218	hsa04218	KEGG
KEGG_PARTICIPATION:2475|hsa04371	2475	MTOR	hsa:2475	KEGG:hsa04371	hsa04371	KEGG
KEGG_PARTICIPATION:2475|hsa04518	2475	MTOR	hsa:2475	KEGG:hsa04518	hsa04518	KEGG
KEGG_PARTICIPATION:2475|hsa04613	2475	MTOR	hsa:2475	KEGG:hsa04613	hsa04613	KEGG
KEGG_PARTICIPATION:2475|hsa04630	2475	MTOR	hsa:2475	KEGG:hsa04630	hsa04630	KEGG
KEGG_PARTICIPATION:2475|hsa04659	2475	MTOR	hsa:2475	KEGG:hsa04659	hsa04659	KEGG
KEGG_PARTICIPATION:2475|hsa04714	2475	MTOR	hsa:2475	KEGG:hsa04714	hsa04714	KEGG
KEGG_PARTICIPATION:2475|hsa04910	2475	MTOR	hsa:2475	KEGG:hsa04910	hsa04910	KEGG
KEGG_PARTICIPATION:2475|hsa04919	2475	MTOR	hsa:2475	KEGG:hsa04919	hsa04919	KEGG
KEGG_PARTICIPATION:2475|hsa04920	2475	MTOR	hsa:2475	KEGG:hsa04920	hsa04920	KEGG
KEGG_PARTICIPATION:2475|hsa04930	2475	MTOR	hsa:2475	KEGG:hsa04930	hsa04930	KEGG
KEGG_PARTICIPATION:2475|hsa04931	2475	MTOR	hsa:2475	KEGG:hsa04931	hsa04931	KEGG
KEGG_PARTICIPATION:2475|hsa04935	2475	MTOR	hsa:2475	KEGG:hsa04935	hsa04935	KEGG
KEGG_PARTICIPATION:2475|hsa05010	2475	MTOR	hsa:2475	KEGG:hsa05010	hsa05010	KEGG
KEGG_PARTICIPATION:2475|hsa05014	2475	MTOR	hsa:2475	KEGG:hsa05014	hsa05014	KEGG
KEGG_PARTICIPATION:2475|hsa05016	2475	MTOR	hsa:2475	KEGG:hsa05016	hsa05016	KEGG
KEGG_PARTICIPATION:2475|hsa05017	2475	MTOR	hsa:2475	KEGG:hsa05017	hsa05017	KEGG
KEGG_PARTICIPATION:2475|hsa05022	2475	MTOR	hsa:2475	KEGG:hsa05022	hsa05022	KEGG
KEGG_PARTICIPATION:2475|hsa05131	2475	MTOR	hsa:2475	KEGG:hsa05131	hsa05131	KEGG
KEGG_PARTICIPATION:2475|hsa05163	2475	MTOR	hsa:2475	KEGG:hsa05163	hsa05163	KEGG
KEGG_PARTICIPATION:2475|hsa05165	2475	MTOR	hsa:2475	KEGG:hsa05165	hsa05165	KEGG
KEGG_PARTICIPATION:2475|hsa05167	2475	MTOR	hsa:2475	KEGG:hsa05167	hsa05167	KEGG
KEGG_PARTICIPATION:2475|hsa05168	2475	MTOR	hsa:2475	KEGG:hsa05168	hsa05168	KEGG
KEGG_PARTICIPATION:2475|hsa05170	2475	MTOR	hsa:2475	KEGG:hsa05170	hsa05170	KEGG
KEGG_PARTICIPATION:2475|hsa05200	2475	MTOR	hsa:2475	KEGG:hsa05200	hsa05200	KEGG
KEGG_PARTICIPATION:2475|hsa05205	2475	MTOR	hsa:2475	KEGG:hsa05205	hsa05205	KEGG
KEGG_PARTICIPATION:2475|hsa05206	2475	MTOR	hsa:2475	KEGG:hsa05206	hsa05206	KEGG
KEGG_PARTICIPATION:2475|hsa05207	2475	MTOR	hsa:2475	KEGG:hsa05207	hsa05207	KEGG
KEGG_PARTICIPATION:2475|hsa05210	2475	MTOR	hsa:2475	KEGG:hsa05210	hsa05210	KEGG
KEGG_PARTICIPATION:2475|hsa05212	2475	MTOR	hsa:2475	KEGG:hsa05212	hsa05212	KEGG
KEGG_PARTICIPATION:2475|hsa05214	2475	MTOR	hsa:2475	KEGG:hsa05214	hsa05214	KEGG
KEGG_PARTICIPATION:2475|hsa05215	2475	MTOR	hsa:2475	KEGG:hsa05215	hsa05215	KEGG
KEGG_PARTICIPATION:2475|hsa05221	2475	MTOR	hsa:2475	KEGG:hsa05221	hsa05221	KEGG
KEGG_PARTICIPATION:2475|hsa05224	2475	MTOR	hsa:2475	KEGG:hsa05224	hsa05224	KEGG
KEGG_PARTICIPATION:2475|hsa05225	2475	MTOR	hsa:2475	KEGG:hsa05225	hsa05225	KEGG
KEGG_PARTICIPATION:2475|hsa05226	2475	MTOR	hsa:2475	KEGG:hsa05226	hsa05226	KEGG
KEGG_PARTICIPATION:2475|hsa05230	2475	MTOR	hsa:2475	KEGG:hsa05230	hsa05230	KEGG
KEGG_PARTICIPATION:2475|hsa05231	2475	MTOR	hsa:2475	KEGG:hsa05231	hsa05231	KEGG
KEGG_PARTICIPATION:2475|hsa05235	2475	MTOR	hsa:2475	KEGG:hsa05235	hsa05235	KEGG
KEGG_PARTICIPATION:2475|hsa05415	2475	MTOR	hsa:2475	KEGG:hsa05415	hsa05415	KEGG
KEGG_PARTICIPATION:2494|hsa04950	2494	NR5A2	hsa:2494	KEGG:hsa04950	hsa04950	KEGG
KEGG_PARTICIPATION:2538|hsa00010	2538	G6PC1	hsa:2538	KEGG:hsa00010	hsa00010	KEGG
KEGG_PARTICIPATION:2538|hsa00052	2538	G6PC1	hsa:2538	KEGG:hsa00052	hsa00052	KEGG
KEGG_PARTICIPATION:2538|hsa00500	2538	G6PC1	hsa:2538	KEGG:hsa00500	hsa00500	KEGG
KEGG_PARTICIPATION:2538|hsa01100	2538	G6PC1	hsa:2538	KEGG:hsa01100	hsa01100	KEGG
KEGG_PARTICIPATION:2538|hsa04068	2538	G6PC1	hsa:2538	KEGG:hsa04068	hsa04068	KEGG
KEGG_PARTICIPATION:2538|hsa04151	2538	G6PC1	hsa:2538	KEGG:hsa04151	hsa04151	KEGG
KEGG_PARTICIPATION:2538|hsa04152	2538	G6PC1	hsa:2538	KEGG:hsa04152	hsa04152	KEGG
KEGG_PARTICIPATION:2538|hsa04910	2538	G6PC1	hsa:2538	KEGG:hsa04910	hsa04910	KEGG
KEGG_PARTICIPATION:2538|hsa04920	2538	G6PC1	hsa:2538	KEGG:hsa04920	hsa04920	KEGG
KEGG_PARTICIPATION:2538|hsa04922	2538	G6PC1	hsa:2538	KEGG:hsa04922	hsa04922	KEGG
KEGG_PARTICIPATION:2538|hsa04931	2538	G6PC1	hsa:2538	KEGG:hsa04931	hsa04931	KEGG
KEGG_PARTICIPATION:2538|hsa04973	2538	G6PC1	hsa:2538	KEGG:hsa04973	hsa04973	KEGG
KEGG_PARTICIPATION:2563|hsa04080	2563	GABRD	hsa:2563	KEGG:hsa04080	hsa04080	KEGG
KEGG_PARTICIPATION:2563|hsa04082	2563	GABRD	hsa:2563	KEGG:hsa04082	hsa04082	KEGG
KEGG_PARTICIPATION:2563|hsa04519	2563	GABRD	hsa:2563	KEGG:hsa04519	hsa04519	KEGG
KEGG_PARTICIPATION:2563|hsa04723	2563	GABRD	hsa:2563	KEGG:hsa04723	hsa04723	KEGG
KEGG_PARTICIPATION:2563|hsa04727	2563	GABRD	hsa:2563	KEGG:hsa04727	hsa04727	KEGG
KEGG_PARTICIPATION:2563|hsa05032	2563	GABRD	hsa:2563	KEGG:hsa05032	hsa05032	KEGG
KEGG_PARTICIPATION:2563|hsa05033	2563	GABRD	hsa:2563	KEGG:hsa05033	hsa05033	KEGG
KEGG_PARTICIPATION:25805|hsa04310	25805	BAMBI	hsa:25805	KEGG:hsa04310	hsa04310	KEGG
KEGG_PARTICIPATION:25805|hsa04350	25805	BAMBI	hsa:25805	KEGG:hsa04350	hsa04350	KEGG
KEGG_PARTICIPATION:25813|hsa04137	25813	SAMM50	hsa:25813	KEGG:hsa04137	hsa04137	KEGG
KEGG_PARTICIPATION:2597|hsa00010	2597	GAPDH	hsa:2597	KEGG:hsa00010	hsa00010	KEGG
KEGG_PARTICIPATION:2597|hsa01100	2597	GAPDH	hsa:2597	KEGG:hsa01100	hsa01100	KEGG
KEGG_PARTICIPATION:2597|hsa01200	2597	GAPDH	hsa:2597	KEGG:hsa01200	hsa01200	KEGG
KEGG_PARTICIPATION:2597|hsa01230	2597	GAPDH	hsa:2597	KEGG:hsa01230	hsa01230	KEGG
KEGG_PARTICIPATION:2597|hsa04066	2597	GAPDH	hsa:2597	KEGG:hsa04066	hsa04066	KEGG
KEGG_PARTICIPATION:2597|hsa05010	2597	GAPDH	hsa:2597	KEGG:hsa05010	hsa05010	KEGG
KEGG_PARTICIPATION:2597|hsa05130	2597	GAPDH	hsa:2597	KEGG:hsa05130	hsa05130	KEGG
KEGG_PARTICIPATION:2597|hsa05132	2597	GAPDH	hsa:2597	KEGG:hsa05132	hsa05132	KEGG
KEGG_PARTICIPATION:2597|hsa05415	2597	GAPDH	hsa:2597	KEGG:hsa05415	hsa05415	KEGG
KEGG_PARTICIPATION:26291|hsa04010	26291	FGF21	hsa:26291	KEGG:hsa04010	hsa04010	KEGG
KEGG_PARTICIPATION:26291|hsa04014	26291	FGF21	hsa:26291	KEGG:hsa04014	hsa04014	KEGG
KEGG_PARTICIPATION:26291|hsa04015	26291	FGF21	hsa:26291	KEGG:hsa04015	hsa04015	KEGG
KEGG_PARTICIPATION:26291|hsa04020	26291	FGF21	hsa:26291	KEGG:hsa04020	hsa04020	KEGG
KEGG_PARTICIPATION:26291|hsa04151	26291	FGF21	hsa:26291	KEGG:hsa04151	hsa04151	KEGG
KEGG_PARTICIPATION:26291|hsa04156	26291	FGF21	hsa:26291	KEGG:hsa04156	hsa04156	KEGG
KEGG_PARTICIPATION:26291|hsa04714	26291	FGF21	hsa:26291	KEGG:hsa04714	hsa04714	KEGG
KEGG_PARTICIPATION:26291|hsa04810	26291	FGF21	hsa:26291	KEGG:hsa04810	hsa04810	KEGG
KEGG_PARTICIPATION:26291|hsa05200	26291	FGF21	hsa:26291	KEGG:hsa05200	hsa05200	KEGG
KEGG_PARTICIPATION:26291|hsa05218	26291	FGF21	hsa:26291	KEGG:hsa05218	hsa05218	KEGG
KEGG_PARTICIPATION:26291|hsa05224	26291	FGF21	hsa:26291	KEGG:hsa05224	hsa05224	KEGG
KEGG_PARTICIPATION:26291|hsa05226	26291	FGF21	hsa:26291	KEGG:hsa05226	hsa05226	KEGG
KEGG_PARTICIPATION:2658|hsa04060	2658	GDF2	hsa:2658	KEGG:hsa04060	hsa04060	KEGG
KEGG_PARTICIPATION:2690|hsa04060	2690	GHR	hsa:2690	KEGG:hsa04060	hsa04060	KEGG
KEGG_PARTICIPATION:2690|hsa04080	2690	GHR	hsa:2690	KEGG:hsa04080	hsa04080	KEGG
KEGG_PARTICIPATION:2690|hsa04081	2690	GHR	hsa:2690	KEGG:hsa04081	hsa04081	KEGG
KEGG_PARTICIPATION:2690|hsa04151	2690	GHR	hsa:2690	KEGG:hsa04151	hsa04151	KEGG
KEGG_PARTICIPATION:2690|hsa04630	2690	GHR	hsa:2690	KEGG:hsa04630	hsa04630	KEGG
KEGG_PARTICIPATION:2690|hsa04935	2690	GHR	hsa:2690	KEGG:hsa04935	hsa04935	KEGG
KEGG_PARTICIPATION:27085|hsa04110	27085	MTBP	hsa:27085	KEGG:hsa04110	hsa04110	KEGG
KEGG_PARTICIPATION:27087|hsa00515	27087	B3GAT1	hsa:27087	KEGG:hsa00515	hsa00515	KEGG
KEGG_PARTICIPATION:27087|hsa01100	27087	B3GAT1	hsa:27087	KEGG:hsa01100	hsa01100	KEGG
KEGG_PARTICIPATION:27102|hsa04156	27102	EIF2AK1	hsa:27102	KEGG:hsa04156	hsa04156	KEGG
KEGG_PARTICIPATION:2719|hsa05205	2719	GPC3	hsa:2719	KEGG:hsa05205	hsa05205	KEGG
KEGG_PARTICIPATION:27232|hsa00260	27232	GNMT	hsa:27232	KEGG:hsa00260	hsa00260	KEGG
KEGG_PARTICIPATION:27232|hsa00270	27232	GNMT	hsa:27232	KEGG:hsa00270	hsa00270	KEGG
KEGG_PARTICIPATION:27232|hsa00670	27232	GNMT	hsa:27232	KEGG:hsa00670	hsa00670	KEGG
KEGG_PARTICIPATION:27232|hsa01100	27232	GNMT	hsa:27232	KEGG:hsa01100	hsa01100	KEGG
KEGG_PARTICIPATION:2735|hsa04024	2735	GLI1	hsa:2735	KEGG:hsa04024	hsa04024	KEGG
KEGG_PARTICIPATION:2735|hsa04340	2735	GLI1	hsa:2735	KEGG:hsa04340	hsa04340	KEGG
KEGG_PARTICIPATION:2735|hsa05200	2735	GLI1	hsa:2735	KEGG:hsa05200	hsa05200	KEGG
KEGG_PARTICIPATION:2735|hsa05217	2735	GLI1	hsa:2735	KEGG:hsa05217	hsa05217	KEGG
KEGG_PARTICIPATION:2752|hsa00220	2752	GLUL	hsa:2752	KEGG:hsa00220	hsa00220	KEGG
KEGG_PARTICIPATION:2752|hsa00250	2752	GLUL	hsa:2752	KEGG:hsa00250	hsa00250	KEGG
KEGG_PARTICIPATION:2752|hsa00630	2752	GLUL	hsa:2752	KEGG:hsa00630	hsa00630	KEGG
KEGG_PARTICIPATION:2752|hsa00910	2752	GLUL	hsa:2752	KEGG:hsa00910	hsa00910	KEGG
KEGG_PARTICIPATION:2752|hsa01100	2752	GLUL	hsa:2752	KEGG:hsa01100	hsa01100	KEGG
KEGG_PARTICIPATION:2752|hsa01230	2752	GLUL	hsa:2752	KEGG:hsa01230	hsa01230	KEGG
KEGG_PARTICIPATION:2752|hsa04217	2752	GLUL	hsa:2752	KEGG:hsa04217	hsa04217	KEGG
KEGG_PARTICIPATION:2752|hsa04724	2752	GLUL	hsa:2752	KEGG:hsa04724	hsa04724	KEGG
KEGG_PARTICIPATION:2752|hsa04727	2752	GLUL	hsa:2752	KEGG:hsa04727	hsa04727	KEGG
KEGG_PARTICIPATION:2775|hsa04015	2775	GNAO1	hsa:2775	KEGG:hsa04015	hsa04015	KEGG
KEGG_PARTICIPATION:2775|hsa04081	2775	GNAO1	hsa:2775	KEGG:hsa04081	hsa04081	KEGG
KEGG_PARTICIPATION:2775|hsa04082	2775	GNAO1	hsa:2775	KEGG:hsa04082	hsa04082	KEGG
KEGG_PARTICIPATION:2775|hsa04713	2775	GNAO1	hsa:2775	KEGG:hsa04713	hsa04713	KEGG
KEGG_PARTICIPATION:2775|hsa04723	2775	GNAO1	hsa:2775	KEGG:hsa04723	hsa04723	KEGG
KEGG_PARTICIPATION:2775|hsa04724	2775	GNAO1	hsa:2775	KEGG:hsa04724	hsa04724	KEGG
KEGG_PARTICIPATION:2775|hsa04725	2775	GNAO1	hsa:2775	KEGG:hsa04725	hsa04725	KEGG
KEGG_PARTICIPATION:2775|hsa04726	2775	GNAO1	hsa:2775	KEGG:hsa04726	hsa04726	KEGG
KEGG_PARTICIPATION:2775|hsa04727	2775	GNAO1	hsa:2775	KEGG:hsa04727	hsa04727	KEGG
KEGG_PARTICIPATION:2775|hsa04728	2775	GNAO1	hsa:2775	KEGG:hsa04728	hsa04728	KEGG
KEGG_PARTICIPATION:2775|hsa04730	2775	GNAO1	hsa:2775	KEGG:hsa04730	hsa04730	KEGG
KEGG_PARTICIPATION:2775|hsa04915	2775	GNAO1	hsa:2775	KEGG:hsa04915	hsa04915	KEGG
KEGG_PARTICIPATION:2775|hsa04916	2775	GNAO1	hsa:2775	KEGG:hsa04916	hsa04916	KEGG
KEGG_PARTICIPATION:2775|hsa04921	2775	GNAO1	hsa:2775	KEGG:hsa04921	hsa04921	KEGG
KEGG_PARTICIPATION:2775|hsa04926	2775	GNAO1	hsa:2775	KEGG:hsa04926	hsa04926	KEGG
KEGG_PARTICIPATION:2775|hsa05032	2775	GNAO1	hsa:2775	KEGG:hsa05032	hsa05032	KEGG
KEGG_PARTICIPATION:2775|hsa05034	2775	GNAO1	hsa:2775	KEGG:hsa05034	hsa05034	KEGG
KEGG_PARTICIPATION:2775|hsa05142	2775	GNAO1	hsa:2775	KEGG:hsa05142	hsa05142	KEGG
KEGG_PARTICIPATION:2775|hsa05145	2775	GNAO1	hsa:2775	KEGG:hsa05145	hsa05145	KEGG
KEGG_PARTICIPATION:2775|hsa05163	2775	GNAO1	hsa:2775	KEGG:hsa05163	hsa05163	KEGG
KEGG_PARTICIPATION:2775|hsa05170	2775	GNAO1	hsa:2775	KEGG:hsa05170	hsa05170	KEGG
KEGG_PARTICIPATION:2781|hsa04730	2781	GNAZ	hsa:2781	KEGG:hsa04730	hsa04730	KEGG
KEGG_PARTICIPATION:2810|hsa04110	2810	SFN	hsa:2810	KEGG:hsa04110	hsa04110	KEGG
KEGG_PARTICIPATION:2810|hsa04115	2810	SFN	hsa:2810	KEGG:hsa04115	hsa04115	KEGG
KEGG_PARTICIPATION:2810|hsa04960	2810	SFN	hsa:2810	KEGG:hsa04960	hsa04960	KEGG
KEGG_PARTICIPATION:282617|hsa04060	282617	IFNL3	hsa:282617	KEGG:hsa04060	hsa04060	KEGG
KEGG_PARTICIPATION:282617|hsa04630	282617	IFNL3	hsa:282617	KEGG:hsa04630	hsa04630	KEGG
KEGG_PARTICIPATION:282618|hsa04060	282618	IFNL1	hsa:282618	KEGG:hsa04060	hsa04060	KEGG
KEGG_PARTICIPATION:282618|hsa04630	282618	IFNL1	hsa:282618	KEGG:hsa04630	hsa04630	KEGG
KEGG_PARTICIPATION:284217|hsa04151	284217	LAMA1	hsa:284217	KEGG:hsa04151	hsa04151	KEGG
KEGG_PARTICIPATION:284217|hsa04510	284217	LAMA1	hsa:284217	KEGG:hsa04510	hsa04510	KEGG
KEGG_PARTICIPATION:284217|hsa04512	284217	LAMA1	hsa:284217	KEGG:hsa04512	hsa04512	KEGG
KEGG_PARTICIPATION:284217|hsa04518	284217	LAMA1	hsa:284217	KEGG:hsa04518	hsa04518	KEGG
KEGG_PARTICIPATION:284217|hsa04820	284217	LAMA1	hsa:284217	KEGG:hsa04820	hsa04820	KEGG
KEGG_PARTICIPATION:284217|hsa05145	284217	LAMA1	hsa:284217	KEGG:hsa05145	hsa05145	KEGG
KEGG_PARTICIPATION:284217|hsa05146	284217	LAMA1	hsa:284217	KEGG:hsa05146	hsa05146	KEGG
KEGG_PARTICIPATION:284217|hsa05165	284217	LAMA1	hsa:284217	KEGG:hsa05165	hsa05165	KEGG
KEGG_PARTICIPATION:284217|hsa05200	284217	LAMA1	hsa:284217	KEGG:hsa05200	hsa05200	KEGG
KEGG_PARTICIPATION:284217|hsa05222	284217	LAMA1	hsa:284217	KEGG:hsa05222	hsa05222	KEGG
KEGG_PARTICIPATION:284217|hsa05410	284217	LAMA1	hsa:284217	KEGG:hsa05410	hsa05410	KEGG
KEGG_PARTICIPATION:284217|hsa05412	284217	LAMA1	hsa:284217	KEGG:hsa05412	hsa05412	KEGG
KEGG_PARTICIPATION:284217|hsa05414	284217	LAMA1	hsa:284217	KEGG:hsa05414	hsa05414	KEGG
KEGG_PARTICIPATION:284217|hsa05416	284217	LAMA1	hsa:284217	KEGG:hsa05416	hsa05416	KEGG
KEGG_PARTICIPATION:2875|hsa00220	2875	GPT	hsa:2875	KEGG:hsa00220	hsa00220	KEGG
KEGG_PARTICIPATION:2875|hsa00250	2875	GPT	hsa:2875	KEGG:hsa00250	hsa00250	KEGG
KEGG_PARTICIPATION:2875|hsa01100	2875	GPT	hsa:2875	KEGG:hsa01100	hsa01100	KEGG
KEGG_PARTICIPATION:2875|hsa01200	2875	GPT	hsa:2875	KEGG:hsa01200	hsa01200	KEGG
KEGG_PARTICIPATION:2875|hsa01210	2875	GPT	hsa:2875	KEGG:hsa01210	hsa01210	KEGG
KEGG_PARTICIPATION:2875|hsa01230	2875	GPT	hsa:2875	KEGG:hsa01230	hsa01230	KEGG
KEGG_PARTICIPATION:2876|hsa00480	2876	GPX1	hsa:2876	KEGG:hsa00480	hsa00480	KEGG
KEGG_PARTICIPATION:2876|hsa01100	2876	GPX1	hsa:2876	KEGG:hsa01100	hsa01100	KEGG
KEGG_PARTICIPATION:2876|hsa04918	2876	GPX1	hsa:2876	KEGG:hsa04918	hsa04918	KEGG
KEGG_PARTICIPATION:2876|hsa05014	2876	GPX1	hsa:2876	KEGG:hsa05014	hsa05014	KEGG
KEGG_PARTICIPATION:2876|hsa05016	2876	GPX1	hsa:2876	KEGG:hsa05016	hsa05016	KEGG
KEGG_PARTICIPATION:2876|hsa05022	2876	GPX1	hsa:2876	KEGG:hsa05022	hsa05022	KEGG
KEGG_PARTICIPATION:2878|hsa00480	2878	GPX3	hsa:2878	KEGG:hsa00480	hsa00480	KEGG
KEGG_PARTICIPATION:2878|hsa01100	2878	GPX3	hsa:2878	KEGG:hsa01100	hsa01100	KEGG
KEGG_PARTICIPATION:2878|hsa04918	2878	GPX3	hsa:2878	KEGG:hsa04918	hsa04918	KEGG
KEGG_PARTICIPATION:2878|hsa05014	2878	GPX3	hsa:2878	KEGG:hsa05014	hsa05014	KEGG
KEGG_PARTICIPATION:2878|hsa05016	2878	GPX3	hsa:2878	KEGG:hsa05016	hsa05016	KEGG
KEGG_PARTICIPATION:2878|hsa05022	2878	GPX3	hsa:2878	KEGG:hsa05022	hsa05022	KEGG
KEGG_PARTICIPATION:29089|hsa03460	29089	UBE2T	hsa:29089	KEGG:hsa03460	hsa03460	KEGG
KEGG_PARTICIPATION:29108|hsa04217	29108	PYCARD	hsa:29108	KEGG:hsa04217	hsa04217	KEGG
KEGG_PARTICIPATION:29108|hsa04621	29108	PYCARD	hsa:29108	KEGG:hsa04621	hsa04621	KEGG
KEGG_PARTICIPATION:29108|hsa04623	29108	PYCARD	hsa:29108	KEGG:hsa04623	hsa04623	KEGG
KEGG_PARTICIPATION:29108|hsa04625	29108	PYCARD	hsa:29108	KEGG:hsa04625	hsa04625	KEGG
KEGG_PARTICIPATION:29108|hsa05130	29108	PYCARD	hsa:29108	KEGG:hsa05130	hsa05130	KEGG
KEGG_PARTICIPATION:29108|hsa05131	29108	PYCARD	hsa:29108	KEGG:hsa05131	hsa05131	KEGG
KEGG_PARTICIPATION:29108|hsa05132	29108	PYCARD	hsa:29108	KEGG:hsa05132	hsa05132	KEGG
KEGG_PARTICIPATION:29108|hsa05133	29108	PYCARD	hsa:29108	KEGG:hsa05133	hsa05133	KEGG
KEGG_PARTICIPATION:29108|hsa05134	29108	PYCARD	hsa:29108	KEGG:hsa05134	hsa05134	KEGG
KEGG_PARTICIPATION:29108|hsa05135	29108	PYCARD	hsa:29108	KEGG:hsa05135	hsa05135	KEGG
KEGG_PARTICIPATION:29108|hsa05164	29108	PYCARD	hsa:29108	KEGG:hsa05164	hsa05164	KEGG
KEGG_PARTICIPATION:29108|hsa05417	29108	PYCARD	hsa:29108	KEGG:hsa05417	hsa05417	KEGG
KEGG_PARTICIPATION:29126|hsa04514	29126	CD274	hsa:29126	KEGG:hsa04514	hsa04514	KEGG
KEGG_PARTICIPATION:29126|hsa05235	29126	CD274	hsa:29126	KEGG:hsa05235	hsa05235	KEGG
KEGG_PARTICIPATION:2923|hsa04141	2923	PDIA3	hsa:2923	KEGG:hsa04141	hsa04141	KEGG
KEGG_PARTICIPATION:2923|hsa04612	2923	PDIA3	hsa:2923	KEGG:hsa04612	hsa04612	KEGG
KEGG_PARTICIPATION:2923|hsa05163	2923	PDIA3	hsa:2923	KEGG:hsa05163	hsa05163	KEGG
KEGG_PARTICIPATION:2923|hsa05168	2923	PDIA3	hsa:2923	KEGG:hsa05168	hsa05168	KEGG
KEGG_PARTICIPATION:2923|hsa05169	2923	PDIA3	hsa:2923	KEGG:hsa05169	hsa05169	KEGG
KEGG_PARTICIPATION:2923|hsa05170	2923	PDIA3	hsa:2923	KEGG:hsa05170	hsa05170	KEGG
KEGG_PARTICIPATION:2938|hsa00480	2938	GSTA1	hsa:2938	KEGG:hsa00480	hsa00480	KEGG
KEGG_PARTICIPATION:2938|hsa00980	2938	GSTA1	hsa:2938	KEGG:hsa00980	hsa00980	KEGG
KEGG_PARTICIPATION:2938|hsa00982	2938	GSTA1	hsa:2938	KEGG:hsa00982	hsa00982	KEGG
KEGG_PARTICIPATION:2938|hsa00983	2938	GSTA1	hsa:2938	KEGG:hsa00983	hsa00983	KEGG
KEGG_PARTICIPATION:2938|hsa01100	2938	GSTA1	hsa:2938	KEGG:hsa01100	hsa01100	KEGG
KEGG_PARTICIPATION:2938|hsa01524	2938	GSTA1	hsa:2938	KEGG:hsa01524	hsa01524	KEGG
KEGG_PARTICIPATION:2938|hsa05200	2938	GSTA1	hsa:2938	KEGG:hsa05200	hsa05200	KEGG
KEGG_PARTICIPATION:2938|hsa05204	2938	GSTA1	hsa:2938	KEGG:hsa05204	hsa05204	KEGG
KEGG_PARTICIPATION:2938|hsa05207	2938	GSTA1	hsa:2938	KEGG:hsa05207	hsa05207	KEGG
KEGG_PARTICIPATION:2938|hsa05208	2938	GSTA1	hsa:2938	KEGG:hsa05208	hsa05208	KEGG
KEGG_PARTICIPATION:2938|hsa05225	2938	GSTA1	hsa:2938	KEGG:hsa05225	hsa05225	KEGG
KEGG_PARTICIPATION:2938|hsa05418	2938	GSTA1	hsa:2938	KEGG:hsa05418	hsa05418	KEGG
KEGG_PARTICIPATION:2944|hsa00480	2944	GSTM1	hsa:2944	KEGG:hsa00480	hsa00480	KEGG
KEGG_PARTICIPATION:2944|hsa00980	2944	GSTM1	hsa:2944	KEGG:hsa00980	hsa00980	KEGG
KEGG_PARTICIPATION:2944|hsa00982	2944	GSTM1	hsa:2944	KEGG:hsa00982	hsa00982	KEGG
KEGG_PARTICIPATION:2944|hsa00983	2944	GSTM1	hsa:2944	KEGG:hsa00983	hsa00983	KEGG
KEGG_PARTICIPATION:2944|hsa01100	2944	GSTM1	hsa:2944	KEGG:hsa01100	hsa01100	KEGG
KEGG_PARTICIPATION:2944|hsa01524	2944	GSTM1	hsa:2944	KEGG:hsa01524	hsa01524	KEGG
KEGG_PARTICIPATION:2944|hsa05200	2944	GSTM1	hsa:2944	KEGG:hsa05200	hsa05200	KEGG
KEGG_PARTICIPATION:2944|hsa05204	2944	GSTM1	hsa:2944	KEGG:hsa05204	hsa05204	KEGG
KEGG_PARTICIPATION:2944|hsa05207	2944	GSTM1	hsa:2944	KEGG:hsa05207	hsa05207	KEGG
KEGG_PARTICIPATION:2944|hsa05208	2944	GSTM1	hsa:2944	KEGG:hsa05208	hsa05208	KEGG
KEGG_PARTICIPATION:2944|hsa05225	2944	GSTM1	hsa:2944	KEGG:hsa05225	hsa05225	KEGG
KEGG_PARTICIPATION:2944|hsa05418	2944	GSTM1	hsa:2944	KEGG:hsa05418	hsa05418	KEGG
KEGG_PARTICIPATION:2950|hsa00480	2950	GSTP1	hsa:2950	KEGG:hsa00480	hsa00480	KEGG
KEGG_PARTICIPATION:2950|hsa00980	2950	GSTP1	hsa:2950	KEGG:hsa00980	hsa00980	KEGG
KEGG_PARTICIPATION:2950|hsa00982	2950	GSTP1	hsa:2950	KEGG:hsa00982	hsa00982	KEGG
KEGG_PARTICIPATION:2950|hsa00983	2950	GSTP1	hsa:2950	KEGG:hsa00983	hsa00983	KEGG
KEGG_PARTICIPATION:2950|hsa01100	2950	GSTP1	hsa:2950	KEGG:hsa01100	hsa01100	KEGG
KEGG_PARTICIPATION:2950|hsa01524	2950	GSTP1	hsa:2950	KEGG:hsa01524	hsa01524	KEGG
KEGG_PARTICIPATION:2950|hsa05200	2950	GSTP1	hsa:2950	KEGG:hsa05200	hsa05200	KEGG
KEGG_PARTICIPATION:2950|hsa05204	2950	GSTP1	hsa:2950	KEGG:hsa05204	hsa05204	KEGG
KEGG_PARTICIPATION:2950|hsa05215	2950	GSTP1	hsa:2950	KEGG:hsa05215	hsa05215	KEGG
KEGG_PARTICIPATION:2950|hsa05225	2950	GSTP1	hsa:2950	KEGG:hsa05225	hsa05225	KEGG
KEGG_PARTICIPATION:2950|hsa05418	2950	GSTP1	hsa:2950	KEGG:hsa05418	hsa05418	KEGG
KEGG_PARTICIPATION:2952|hsa00480	2952	GSTT1	hsa:2952	KEGG:hsa00480	hsa00480	KEGG
KEGG_PARTICIPATION:2952|hsa00980	2952	GSTT1	hsa:2952	KEGG:hsa00980	hsa00980	KEGG
KEGG_PARTICIPATION:2952|hsa00982	2952	GSTT1	hsa:2952	KEGG:hsa00982	hsa00982	KEGG
KEGG_PARTICIPATION:2952|hsa00983	2952	GSTT1	hsa:2952	KEGG:hsa00983	hsa00983	KEGG
KEGG_PARTICIPATION:2952|hsa01100	2952	GSTT1	hsa:2952	KEGG:hsa01100	hsa01100	KEGG
KEGG_PARTICIPATION:2952|hsa01524	2952	GSTT1	hsa:2952	KEGG:hsa01524	hsa01524	KEGG
KEGG_PARTICIPATION:2952|hsa05200	2952	GSTT1	hsa:2952	KEGG:hsa05200	hsa05200	KEGG
KEGG_PARTICIPATION:2952|hsa05204	2952	GSTT1	hsa:2952	KEGG:hsa05204	hsa05204	KEGG
KEGG_PARTICIPATION:2952|hsa05207	2952	GSTT1	hsa:2952	KEGG:hsa05207	hsa05207	KEGG
KEGG_PARTICIPATION:2952|hsa05208	2952	GSTT1	hsa:2952	KEGG:hsa05208	hsa05208	KEGG
KEGG_PARTICIPATION:2952|hsa05225	2952	GSTT1	hsa:2952	KEGG:hsa05225	hsa05225	KEGG
KEGG_PARTICIPATION:2952|hsa05418	2952	GSTT1	hsa:2952	KEGG:hsa05418	hsa05418	KEGG
KEGG_PARTICIPATION:2998|hsa00500	2998	GYS2	hsa:2998	KEGG:hsa00500	hsa00500	KEGG
KEGG_PARTICIPATION:2998|hsa01100	2998	GYS2	hsa:2998	KEGG:hsa01100	hsa01100	KEGG
KEGG_PARTICIPATION:2998|hsa04151	2998	GYS2	hsa:2998	KEGG:hsa04151	hsa04151	KEGG
KEGG_PARTICIPATION:2998|hsa04152	2998	GYS2	hsa:2998	KEGG:hsa04152	hsa04152	KEGG
KEGG_PARTICIPATION:2998|hsa04910	2998	GYS2	hsa:2998	KEGG:hsa04910	hsa04910	KEGG
KEGG_PARTICIPATION:2998|hsa04922	2998	GYS2	hsa:2998	KEGG:hsa04922	hsa04922	KEGG
KEGG_PARTICIPATION:2998|hsa04931	2998	GYS2	hsa:2998	KEGG:hsa04931	hsa04931	KEGG
KEGG_PARTICIPATION:2998|hsa05415	2998	GYS2	hsa:2998	KEGG:hsa05415	hsa05415	KEGG
KEGG_PARTICIPATION:2|hsa04610	2	A2M	hsa:2	KEGG:hsa04610	hsa04610	KEGG
KEGG_PARTICIPATION:3066|hsa03082	3066	HDAC2	hsa:3066	KEGG:hsa03082	hsa03082	KEGG
KEGG_PARTICIPATION:3066|hsa03083	3066	HDAC2	hsa:3066	KEGG:hsa03083	hsa03083	KEGG
KEGG_PARTICIPATION:3066|hsa04110	3066	HDAC2	hsa:3066	KEGG:hsa04110	hsa04110	KEGG
KEGG_PARTICIPATION:3066|hsa04213	3066	HDAC2	hsa:3066	KEGG:hsa04213	hsa04213	KEGG
KEGG_PARTICIPATION:3066|hsa04330	3066	HDAC2	hsa:3066	KEGG:hsa04330	hsa04330	KEGG
KEGG_PARTICIPATION:3066|hsa04350	3066	HDAC2	hsa:3066	KEGG:hsa04350	hsa04350	KEGG
KEGG_PARTICIPATION:3066|hsa04613	3066	HDAC2	hsa:3066	KEGG:hsa04613	hsa04613	KEGG
KEGG_PARTICIPATION:3066|hsa04919	3066	HDAC2	hsa:3066	KEGG:hsa04919	hsa04919	KEGG
KEGG_PARTICIPATION:3066|hsa05016	3066	HDAC2	hsa:3066	KEGG:hsa05016	hsa05016	KEGG
KEGG_PARTICIPATION:3066|hsa05031	3066	HDAC2	hsa:3066	KEGG:hsa05031	hsa05031	KEGG
KEGG_PARTICIPATION:3066|hsa05034	3066	HDAC2	hsa:3066	KEGG:hsa05034	hsa05034	KEGG
KEGG_PARTICIPATION:3066|hsa05165	3066	HDAC2	hsa:3066	KEGG:hsa05165	hsa05165	KEGG
KEGG_PARTICIPATION:3066|hsa05169	3066	HDAC2	hsa:3066	KEGG:hsa05169	hsa05169	KEGG
KEGG_PARTICIPATION:3066|hsa05200	3066	HDAC2	hsa:3066	KEGG:hsa05200	hsa05200	KEGG
KEGG_PARTICIPATION:3066|hsa05202	3066	HDAC2	hsa:3066	KEGG:hsa05202	hsa05202	KEGG
KEGG_PARTICIPATION:3066|hsa05203	3066	HDAC2	hsa:3066	KEGG:hsa05203	hsa05203	KEGG
KEGG_PARTICIPATION:3066|hsa05206	3066	HDAC2	hsa:3066	KEGG:hsa05206	hsa05206	KEGG
KEGG_PARTICIPATION:3066|hsa05220	3066	HDAC2	hsa:3066	KEGG:hsa05220	hsa05220	KEGG
KEGG_PARTICIPATION:3077|hsa04350	3077	HFE	hsa:3077	KEGG:hsa04350	hsa04350	KEGG
KEGG_PARTICIPATION:3082|hsa01521	3082	HGF	hsa:3082	KEGG:hsa01521	hsa01521	KEGG
KEGG_PARTICIPATION:3082|hsa04010	3082	HGF	hsa:3082	KEGG:hsa04010	hsa04010	KEGG
KEGG_PARTICIPATION:3082|hsa04014	3082	HGF	hsa:3082	KEGG:hsa04014	hsa04014	KEGG
KEGG_PARTICIPATION:3082|hsa04015	3082	HGF	hsa:3082	KEGG:hsa04015	hsa04015	KEGG
KEGG_PARTICIPATION:3082|hsa04020	3082	HGF	hsa:3082	KEGG:hsa04020	hsa04020	KEGG
KEGG_PARTICIPATION:3082|hsa04151	3082	HGF	hsa:3082	KEGG:hsa04151	hsa04151	KEGG
KEGG_PARTICIPATION:3082|hsa04510	3082	HGF	hsa:3082	KEGG:hsa04510	hsa04510	KEGG
KEGG_PARTICIPATION:3082|hsa04518	3082	HGF	hsa:3082	KEGG:hsa04518	hsa04518	KEGG
KEGG_PARTICIPATION:3082|hsa05144	3082	HGF	hsa:3082	KEGG:hsa05144	hsa05144	KEGG
KEGG_PARTICIPATION:3082|hsa05200	3082	HGF	hsa:3082	KEGG:hsa05200	hsa05200	KEGG
KEGG_PARTICIPATION:3082|hsa05205	3082	HGF	hsa:3082	KEGG:hsa05205	hsa05205	KEGG
KEGG_PARTICIPATION:3082|hsa05208	3082	HGF	hsa:3082	KEGG:hsa05208	hsa05208	KEGG
KEGG_PARTICIPATION:3082|hsa05211	3082	HGF	hsa:3082	KEGG:hsa05211	hsa05211	KEGG
KEGG_PARTICIPATION:3082|hsa05218	3082	HGF	hsa:3082	KEGG:hsa05218	hsa05218	KEGG
KEGG_PARTICIPATION:3082|hsa05223	3082	HGF	hsa:3082	KEGG:hsa05223	hsa05223	KEGG
KEGG_PARTICIPATION:3082|hsa05225	3082	HGF	hsa:3082	KEGG:hsa05225	hsa05225	KEGG
KEGG_PARTICIPATION:3082|hsa05226	3082	HGF	hsa:3082	KEGG:hsa05226	hsa05226	KEGG
KEGG_PARTICIPATION:30845|hsa04144	30845	EHD3	hsa:30845	KEGG:hsa04144	hsa04144	KEGG
KEGG_PARTICIPATION:3091|hsa04066	3091	HIF1A	hsa:3091	KEGG:hsa04066	hsa04066	KEGG
KEGG_PARTICIPATION:3091|hsa04137	3091	HIF1A	hsa:3091	KEGG:hsa04137	hsa04137	KEGG
KEGG_PARTICIPATION:3091|hsa04140	3091	HIF1A	hsa:3091	KEGG:hsa04140	hsa04140	KEGG
KEGG_PARTICIPATION:3091|hsa04148	3091	HIF1A	hsa:3091	KEGG:hsa04148	hsa04148	KEGG
KEGG_PARTICIPATION:3091|hsa04659	3091	HIF1A	hsa:3091	KEGG:hsa04659	hsa04659	KEGG
KEGG_PARTICIPATION:3091|hsa04919	3091	HIF1A	hsa:3091	KEGG:hsa04919	hsa04919	KEGG
KEGG_PARTICIPATION:3091|hsa05167	3091	HIF1A	hsa:3091	KEGG:hsa05167	hsa05167	KEGG
KEGG_PARTICIPATION:3091|hsa05200	3091	HIF1A	hsa:3091	KEGG:hsa05200	hsa05200	KEGG
KEGG_PARTICIPATION:3091|hsa05205	3091	HIF1A	hsa:3091	KEGG:hsa05205	hsa05205	KEGG
KEGG_PARTICIPATION:3091|hsa05208	3091	HIF1A	hsa:3091	KEGG:hsa05208	hsa05208	KEGG
KEGG_PARTICIPATION:3091|hsa05211	3091	HIF1A	hsa:3091	KEGG:hsa05211	hsa05211	KEGG
KEGG_PARTICIPATION:3091|hsa05230	3091	HIF1A	hsa:3091	KEGG:hsa05230	hsa05230	KEGG
KEGG_PARTICIPATION:3091|hsa05231	3091	HIF1A	hsa:3091	KEGG:hsa05231	hsa05231	KEGG
KEGG_PARTICIPATION:3091|hsa05235	3091	HIF1A	hsa:3091	KEGG:hsa05235	hsa05235	KEGG
KEGG_PARTICIPATION:3113|hsa04145	3113	HLA-DPA1	hsa:3113	KEGG:hsa04145	hsa04145	KEGG
KEGG_PARTICIPATION:3113|hsa04514	3113	HLA-DPA1	hsa:3113	KEGG:hsa04514	hsa04514	KEGG
KEGG_PARTICIPATION:3113|hsa04612	3113	HLA-DPA1	hsa:3113	KEGG:hsa04612	hsa04612	KEGG
KEGG_PARTICIPATION:3113|hsa04640	3113	HLA-DPA1	hsa:3113	KEGG:hsa04640	hsa04640	KEGG
KEGG_PARTICIPATION:3113|hsa04658	3113	HLA-DPA1	hsa:3113	KEGG:hsa04658	hsa04658	KEGG
KEGG_PARTICIPATION:3113|hsa04659	3113	HLA-DPA1	hsa:3113	KEGG:hsa04659	hsa04659	KEGG
KEGG_PARTICIPATION:3113|hsa04672	3113	HLA-DPA1	hsa:3113	KEGG:hsa04672	hsa04672	KEGG
KEGG_PARTICIPATION:3113|hsa04940	3113	HLA-DPA1	hsa:3113	KEGG:hsa04940	hsa04940	KEGG
KEGG_PARTICIPATION:3113|hsa05140	3113	HLA-DPA1	hsa:3113	KEGG:hsa05140	hsa05140	KEGG
KEGG_PARTICIPATION:3113|hsa05145	3113	HLA-DPA1	hsa:3113	KEGG:hsa05145	hsa05145	KEGG
KEGG_PARTICIPATION:3113|hsa05150	3113	HLA-DPA1	hsa:3113	KEGG:hsa05150	hsa05150	KEGG
KEGG_PARTICIPATION:3113|hsa05152	3113	HLA-DPA1	hsa:3113	KEGG:hsa05152	hsa05152	KEGG
KEGG_PARTICIPATION:3113|hsa05164	3113	HLA-DPA1	hsa:3113	KEGG:hsa05164	hsa05164	KEGG
KEGG_PARTICIPATION:3113|hsa05166	3113	HLA-DPA1	hsa:3113	KEGG:hsa05166	hsa05166	KEGG
KEGG_PARTICIPATION:3113|hsa05168	3113	HLA-DPA1	hsa:3113	KEGG:hsa05168	hsa05168	KEGG
KEGG_PARTICIPATION:3113|hsa05169	3113	HLA-DPA1	hsa:3113	KEGG:hsa05169	hsa05169	KEGG
KEGG_PARTICIPATION:3113|hsa05310	3113	HLA-DPA1	hsa:3113	KEGG:hsa05310	hsa05310	KEGG
KEGG_PARTICIPATION:3113|hsa05320	3113	HLA-DPA1	hsa:3113	KEGG:hsa05320	hsa05320	KEGG
KEGG_PARTICIPATION:3113|hsa05321	3113	HLA-DPA1	hsa:3113	KEGG:hsa05321	hsa05321	KEGG
KEGG_PARTICIPATION:3113|hsa05322	3113	HLA-DPA1	hsa:3113	KEGG:hsa05322	hsa05322	KEGG
KEGG_PARTICIPATION:3113|hsa05323	3113	HLA-DPA1	hsa:3113	KEGG:hsa05323	hsa05323	KEGG
KEGG_PARTICIPATION:3113|hsa05330	3113	HLA-DPA1	hsa:3113	KEGG:hsa05330	hsa05330	KEGG
KEGG_PARTICIPATION:3113|hsa05332	3113	HLA-DPA1	hsa:3113	KEGG:hsa05332	hsa05332	KEGG
KEGG_PARTICIPATION:3113|hsa05416	3113	HLA-DPA1	hsa:3113	KEGG:hsa05416	hsa05416	KEGG
KEGG_PARTICIPATION:3117|hsa04145	3117	HLA-DQA1	hsa:3117	KEGG:hsa04145	hsa04145	KEGG
KEGG_PARTICIPATION:3117|hsa04514	3117	HLA-DQA1	hsa:3117	KEGG:hsa04514	hsa04514	KEGG
KEGG_PARTICIPATION:3117|hsa04612	3117	HLA-DQA1	hsa:3117	KEGG:hsa04612	hsa04612	KEGG
KEGG_PARTICIPATION:3117|hsa04640	3117	HLA-DQA1	hsa:3117	KEGG:hsa04640	hsa04640	KEGG
KEGG_PARTICIPATION:3117|hsa04658	3117	HLA-DQA1	hsa:3117	KEGG:hsa04658	hsa04658	KEGG
KEGG_PARTICIPATION:3117|hsa04659	3117	HLA-DQA1	hsa:3117	KEGG:hsa04659	hsa04659	KEGG
KEGG_PARTICIPATION:3117|hsa04672	3117	HLA-DQA1	hsa:3117	KEGG:hsa04672	hsa04672	KEGG
KEGG_PARTICIPATION:3117|hsa04940	3117	HLA-DQA1	hsa:3117	KEGG:hsa04940	hsa04940	KEGG
KEGG_PARTICIPATION:3117|hsa05140	3117	HLA-DQA1	hsa:3117	KEGG:hsa05140	hsa05140	KEGG
KEGG_PARTICIPATION:3117|hsa05145	3117	HLA-DQA1	hsa:3117	KEGG:hsa05145	hsa05145	KEGG
KEGG_PARTICIPATION:3117|hsa05150	3117	HLA-DQA1	hsa:3117	KEGG:hsa05150	hsa05150	KEGG
KEGG_PARTICIPATION:3117|hsa05152	3117	HLA-DQA1	hsa:3117	KEGG:hsa05152	hsa05152	KEGG
KEGG_PARTICIPATION:3117|hsa05164	3117	HLA-DQA1	hsa:3117	KEGG:hsa05164	hsa05164	KEGG
KEGG_PARTICIPATION:3117|hsa05166	3117	HLA-DQA1	hsa:3117	KEGG:hsa05166	hsa05166	KEGG
KEGG_PARTICIPATION:3117|hsa05168	3117	HLA-DQA1	hsa:3117	KEGG:hsa05168	hsa05168	KEGG
KEGG_PARTICIPATION:3117|hsa05169	3117	HLA-DQA1	hsa:3117	KEGG:hsa05169	hsa05169	KEGG
KEGG_PARTICIPATION:3117|hsa05310	3117	HLA-DQA1	hsa:3117	KEGG:hsa05310	hsa05310	KEGG
KEGG_PARTICIPATION:3117|hsa05320	3117	HLA-DQA1	hsa:3117	KEGG:hsa05320	hsa05320	KEGG
KEGG_PARTICIPATION:3117|hsa05321	3117	HLA-DQA1	hsa:3117	KEGG:hsa05321	hsa05321	KEGG
KEGG_PARTICIPATION:3117|hsa05322	3117	HLA-DQA1	hsa:3117	KEGG:hsa05322	hsa05322	KEGG
KEGG_PARTICIPATION:3117|hsa05323	3117	HLA-DQA1	hsa:3117	KEGG:hsa05323	hsa05323	KEGG
KEGG_PARTICIPATION:3117|hsa05330	3117	HLA-DQA1	hsa:3117	KEGG:hsa05330	hsa05330	KEGG
KEGG_PARTICIPATION:3117|hsa05332	3117	HLA-DQA1	hsa:3117	KEGG:hsa05332	hsa05332	KEGG
KEGG_PARTICIPATION:3117|hsa05416	3117	HLA-DQA1	hsa:3117	KEGG:hsa05416	hsa05416	KEGG
KEGG_PARTICIPATION:3119|hsa04145	3119	HLA-DQB1	hsa:3119	KEGG:hsa04145	hsa04145	KEGG
KEGG_PARTICIPATION:3119|hsa04514	3119	HLA-DQB1	hsa:3119	KEGG:hsa04514	hsa04514	KEGG
KEGG_PARTICIPATION:3119|hsa04612	3119	HLA-DQB1	hsa:3119	KEGG:hsa04612	hsa04612	KEGG
KEGG_PARTICIPATION:3119|hsa04640	3119	HLA-DQB1	hsa:3119	KEGG:hsa04640	hsa04640	KEGG
KEGG_PARTICIPATION:3119|hsa04658	3119	HLA-DQB1	hsa:3119	KEGG:hsa04658	hsa04658	KEGG
KEGG_PARTICIPATION:3119|hsa04659	3119	HLA-DQB1	hsa:3119	KEGG:hsa04659	hsa04659	KEGG
KEGG_PARTICIPATION:3119|hsa04672	3119	HLA-DQB1	hsa:3119	KEGG:hsa04672	hsa04672	KEGG
KEGG_PARTICIPATION:3119|hsa04940	3119	HLA-DQB1	hsa:3119	KEGG:hsa04940	hsa04940	KEGG
KEGG_PARTICIPATION:3119|hsa05140	3119	HLA-DQB1	hsa:3119	KEGG:hsa05140	hsa05140	KEGG
KEGG_PARTICIPATION:3119|hsa05145	3119	HLA-DQB1	hsa:3119	KEGG:hsa05145	hsa05145	KEGG
KEGG_PARTICIPATION:3119|hsa05150	3119	HLA-DQB1	hsa:3119	KEGG:hsa05150	hsa05150	KEGG
KEGG_PARTICIPATION:3119|hsa05152	3119	HLA-DQB1	hsa:3119	KEGG:hsa05152	hsa05152	KEGG
KEGG_PARTICIPATION:3119|hsa05164	3119	HLA-DQB1	hsa:3119	KEGG:hsa05164	hsa05164	KEGG
KEGG_PARTICIPATION:3119|hsa05166	3119	HLA-DQB1	hsa:3119	KEGG:hsa05166	hsa05166	KEGG
KEGG_PARTICIPATION:3119|hsa05168	3119	HLA-DQB1	hsa:3119	KEGG:hsa05168	hsa05168	KEGG
KEGG_PARTICIPATION:3119|hsa05169	3119	HLA-DQB1	hsa:3119	KEGG:hsa05169	hsa05169	KEGG
KEGG_PARTICIPATION:3119|hsa05310	3119	HLA-DQB1	hsa:3119	KEGG:hsa05310	hsa05310	KEGG
KEGG_PARTICIPATION:3119|hsa05320	3119	HLA-DQB1	hsa:3119	KEGG:hsa05320	hsa05320	KEGG
KEGG_PARTICIPATION:3119|hsa05321	3119	HLA-DQB1	hsa:3119	KEGG:hsa05321	hsa05321	KEGG
KEGG_PARTICIPATION:3119|hsa05322	3119	HLA-DQB1	hsa:3119	KEGG:hsa05322	hsa05322	KEGG
KEGG_PARTICIPATION:3119|hsa05323	3119	HLA-DQB1	hsa:3119	KEGG:hsa05323	hsa05323	KEGG
KEGG_PARTICIPATION:3119|hsa05330	3119	HLA-DQB1	hsa:3119	KEGG:hsa05330	hsa05330	KEGG
KEGG_PARTICIPATION:3119|hsa05332	3119	HLA-DQB1	hsa:3119	KEGG:hsa05332	hsa05332	KEGG
KEGG_PARTICIPATION:3119|hsa05416	3119	HLA-DQB1	hsa:3119	KEGG:hsa05416	hsa05416	KEGG
KEGG_PARTICIPATION:3123|hsa04145	3123	HLA-DRB1	hsa:3123	KEGG:hsa04145	hsa04145	KEGG
KEGG_PARTICIPATION:3123|hsa04514	3123	HLA-DRB1	hsa:3123	KEGG:hsa04514	hsa04514	KEGG
KEGG_PARTICIPATION:3123|hsa04612	3123	HLA-DRB1	hsa:3123	KEGG:hsa04612	hsa04612	KEGG
KEGG_PARTICIPATION:3123|hsa04640	3123	HLA-DRB1	hsa:3123	KEGG:hsa04640	hsa04640	KEGG
KEGG_PARTICIPATION:3123|hsa04658	3123	HLA-DRB1	hsa:3123	KEGG:hsa04658	hsa04658	KEGG
KEGG_PARTICIPATION:3123|hsa04659	3123	HLA-DRB1	hsa:3123	KEGG:hsa04659	hsa04659	KEGG
KEGG_PARTICIPATION:3123|hsa04672	3123	HLA-DRB1	hsa:3123	KEGG:hsa04672	hsa04672	KEGG
KEGG_PARTICIPATION:3123|hsa04940	3123	HLA-DRB1	hsa:3123	KEGG:hsa04940	hsa04940	KEGG
KEGG_PARTICIPATION:3123|hsa05140	3123	HLA-DRB1	hsa:3123	KEGG:hsa05140	hsa05140	KEGG
KEGG_PARTICIPATION:3123|hsa05145	3123	HLA-DRB1	hsa:3123	KEGG:hsa05145	hsa05145	KEGG
KEGG_PARTICIPATION:3123|hsa05150	3123	HLA-DRB1	hsa:3123	KEGG:hsa05150	hsa05150	KEGG
KEGG_PARTICIPATION:3123|hsa05152	3123	HLA-DRB1	hsa:3123	KEGG:hsa05152	hsa05152	KEGG
KEGG_PARTICIPATION:3123|hsa05164	3123	HLA-DRB1	hsa:3123	KEGG:hsa05164	hsa05164	KEGG
KEGG_PARTICIPATION:3123|hsa05166	3123	HLA-DRB1	hsa:3123	KEGG:hsa05166	hsa05166	KEGG
KEGG_PARTICIPATION:3123|hsa05168	3123	HLA-DRB1	hsa:3123	KEGG:hsa05168	hsa05168	KEGG
KEGG_PARTICIPATION:3123|hsa05169	3123	HLA-DRB1	hsa:3123	KEGG:hsa05169	hsa05169	KEGG
KEGG_PARTICIPATION:3123|hsa05310	3123	HLA-DRB1	hsa:3123	KEGG:hsa05310	hsa05310	KEGG
KEGG_PARTICIPATION:3123|hsa05320	3123	HLA-DRB1	hsa:3123	KEGG:hsa05320	hsa05320	KEGG
KEGG_PARTICIPATION:3123|hsa05321	3123	HLA-DRB1	hsa:3123	KEGG:hsa05321	hsa05321	KEGG
KEGG_PARTICIPATION:3123|hsa05322	3123	HLA-DRB1	hsa:3123	KEGG:hsa05322	hsa05322	KEGG
KEGG_PARTICIPATION:3123|hsa05323	3123	HLA-DRB1	hsa:3123	KEGG:hsa05323	hsa05323	KEGG
KEGG_PARTICIPATION:3123|hsa05330	3123	HLA-DRB1	hsa:3123	KEGG:hsa05330	hsa05330	KEGG
KEGG_PARTICIPATION:3123|hsa05332	3123	HLA-DRB1	hsa:3123	KEGG:hsa05332	hsa05332	KEGG
KEGG_PARTICIPATION:3123|hsa05416	3123	HLA-DRB1	hsa:3123	KEGG:hsa05416	hsa05416	KEGG
KEGG_PARTICIPATION:3156|hsa00900	3156	HMGCR	hsa:3156	KEGG:hsa00900	hsa00900	KEGG
KEGG_PARTICIPATION:3156|hsa01100	3156	HMGCR	hsa:3156	KEGG:hsa01100	hsa01100	KEGG
KEGG_PARTICIPATION:3156|hsa04152	3156	HMGCR	hsa:3156	KEGG:hsa04152	hsa04152	KEGG
KEGG_PARTICIPATION:3156|hsa04976	3156	HMGCR	hsa:3156	KEGG:hsa04976	hsa04976	KEGG
KEGG_PARTICIPATION:3161|hsa04512	3161	HMMR	hsa:3161	KEGG:hsa04512	hsa04512	KEGG
KEGG_PARTICIPATION:31|hsa00061	31	ACACA	hsa:31	KEGG:hsa00061	hsa00061	KEGG
KEGG_PARTICIPATION:31|hsa00620	31	ACACA	hsa:31	KEGG:hsa00620	hsa00620	KEGG
KEGG_PARTICIPATION:31|hsa00640	31	ACACA	hsa:31	KEGG:hsa00640	hsa00640	KEGG
KEGG_PARTICIPATION:31|hsa01100	31	ACACA	hsa:31	KEGG:hsa01100	hsa01100	KEGG
KEGG_PARTICIPATION:31|hsa01212	31	ACACA	hsa:31	KEGG:hsa01212	hsa01212	KEGG
KEGG_PARTICIPATION:31|hsa04152	31	ACACA	hsa:31	KEGG:hsa04152	hsa04152	KEGG
KEGG_PARTICIPATION:31|hsa04910	31	ACACA	hsa:31	KEGG:hsa04910	hsa04910	KEGG
KEGG_PARTICIPATION:31|hsa04922	31	ACACA	hsa:31	KEGG:hsa04922	hsa04922	KEGG
KEGG_PARTICIPATION:31|hsa04936	31	ACACA	hsa:31	KEGG:hsa04936	hsa04936	KEGG
KEGG_PARTICIPATION:3206|hsa05202	3206	HOXA10	hsa:3206	KEGG:hsa05202	hsa05202	KEGG
KEGG_PARTICIPATION:324|hsa04310	324	APC	hsa:324	KEGG:hsa04310	hsa04310	KEGG
KEGG_PARTICIPATION:324|hsa04390	324	APC	hsa:324	KEGG:hsa04390	hsa04390	KEGG
KEGG_PARTICIPATION:324|hsa04519	324	APC	hsa:324	KEGG:hsa04519	hsa04519	KEGG
KEGG_PARTICIPATION:324|hsa04550	324	APC	hsa:324	KEGG:hsa04550	hsa04550	KEGG
KEGG_PARTICIPATION:324|hsa04810	324	APC	hsa:324	KEGG:hsa04810	hsa04810	KEGG
KEGG_PARTICIPATION:324|hsa04934	324	APC	hsa:324	KEGG:hsa04934	hsa04934	KEGG
KEGG_PARTICIPATION:324|hsa05010	324	APC	hsa:324	KEGG:hsa05010	hsa05010	KEGG
KEGG_PARTICIPATION:324|hsa05022	324	APC	hsa:324	KEGG:hsa05022	hsa05022	KEGG
KEGG_PARTICIPATION:324|hsa05165	324	APC	hsa:324	KEGG:hsa05165	hsa05165	KEGG
KEGG_PARTICIPATION:324|hsa05200	324	APC	hsa:324	KEGG:hsa05200	hsa05200	KEGG
KEGG_PARTICIPATION:324|hsa05206	324	APC	hsa:324	KEGG:hsa05206	hsa05206	KEGG
KEGG_PARTICIPATION:324|hsa05210	324	APC	hsa:324	KEGG:hsa05210	hsa05210	KEGG
KEGG_PARTICIPATION:324|hsa05213	324	APC	hsa:324	KEGG:hsa05213	hsa05213	KEGG
KEGG_PARTICIPATION:324|hsa05217	324	APC	hsa:324	KEGG:hsa05217	hsa05217	KEGG
KEGG_PARTICIPATION:324|hsa05224	324	APC	hsa:324	KEGG:hsa05224	hsa05224	KEGG
KEGG_PARTICIPATION:324|hsa05225	324	APC	hsa:324	KEGG:hsa05225	hsa05225	KEGG
KEGG_PARTICIPATION:324|hsa05226	324	APC	hsa:324	KEGG:hsa05226	hsa05226	KEGG
KEGG_PARTICIPATION:3265|hsa01521	3265	HRAS	hsa:3265	KEGG:hsa01521	hsa01521	KEGG
KEGG_PARTICIPATION:3265|hsa01522	3265	HRAS	hsa:3265	KEGG:hsa01522	hsa01522	KEGG
KEGG_PARTICIPATION:3265|hsa04010	3265	HRAS	hsa:3265	KEGG:hsa04010	hsa04010	KEGG
KEGG_PARTICIPATION:3265|hsa04012	3265	HRAS	hsa:3265	KEGG:hsa04012	hsa04012	KEGG
KEGG_PARTICIPATION:3265|hsa04014	3265	HRAS	hsa:3265	KEGG:hsa04014	hsa04014	KEGG
KEGG_PARTICIPATION:3265|hsa04015	3265	HRAS	hsa:3265	KEGG:hsa04015	hsa04015	KEGG
KEGG_PARTICIPATION:3265|hsa04062	3265	HRAS	hsa:3265	KEGG:hsa04062	hsa04062	KEGG
KEGG_PARTICIPATION:3265|hsa04068	3265	HRAS	hsa:3265	KEGG:hsa04068	hsa04068	KEGG
KEGG_PARTICIPATION:3265|hsa04071	3265	HRAS	hsa:3265	KEGG:hsa04071	hsa04071	KEGG
KEGG_PARTICIPATION:3265|hsa04072	3265	HRAS	hsa:3265	KEGG:hsa04072	hsa04072	KEGG
KEGG_PARTICIPATION:3265|hsa04137	3265	HRAS	hsa:3265	KEGG:hsa04137	hsa04137	KEGG
KEGG_PARTICIPATION:3265|hsa04140	3265	HRAS	hsa:3265	KEGG:hsa04140	hsa04140	KEGG
KEGG_PARTICIPATION:3265|hsa04144	3265	HRAS	hsa:3265	KEGG:hsa04144	hsa04144	KEGG
KEGG_PARTICIPATION:3265|hsa04150	3265	HRAS	hsa:3265	KEGG:hsa04150	hsa04150	KEGG
KEGG_PARTICIPATION:3265|hsa04151	3265	HRAS	hsa:3265	KEGG:hsa04151	hsa04151	KEGG
KEGG_PARTICIPATION:3265|hsa04210	3265	HRAS	hsa:3265	KEGG:hsa04210	hsa04210	KEGG
KEGG_PARTICIPATION:3265|hsa04211	3265	HRAS	hsa:3265	KEGG:hsa04211	hsa04211	KEGG
KEGG_PARTICIPATION:3265|hsa04213	3265	HRAS	hsa:3265	KEGG:hsa04213	hsa04213	KEGG
KEGG_PARTICIPATION:3265|hsa04218	3265	HRAS	hsa:3265	KEGG:hsa04218	hsa04218	KEGG
KEGG_PARTICIPATION:3265|hsa04360	3265	HRAS	hsa:3265	KEGG:hsa04360	hsa04360	KEGG
KEGG_PARTICIPATION:3265|hsa04370	3265	HRAS	hsa:3265	KEGG:hsa04370	hsa04370	KEGG
KEGG_PARTICIPATION:3265|hsa04371	3265	HRAS	hsa:3265	KEGG:hsa04371	hsa04371	KEGG
KEGG_PARTICIPATION:3265|hsa04510	3265	HRAS	hsa:3265	KEGG:hsa04510	hsa04510	KEGG
KEGG_PARTICIPATION:3265|hsa04519	3265	HRAS	hsa:3265	KEGG:hsa04519	hsa04519	KEGG
KEGG_PARTICIPATION:3265|hsa04540	3265	HRAS	hsa:3265	KEGG:hsa04540	hsa04540	KEGG
KEGG_PARTICIPATION:3265|hsa04550	3265	HRAS	hsa:3265	KEGG:hsa04550	hsa04550	KEGG
KEGG_PARTICIPATION:3265|hsa04625	3265	HRAS	hsa:3265	KEGG:hsa04625	hsa04625	KEGG
KEGG_PARTICIPATION:3265|hsa04630	3265	HRAS	hsa:3265	KEGG:hsa04630	hsa04630	KEGG
KEGG_PARTICIPATION:3265|hsa04650	3265	HRAS	hsa:3265	KEGG:hsa04650	hsa04650	KEGG
KEGG_PARTICIPATION:3265|hsa04660	3265	HRAS	hsa:3265	KEGG:hsa04660	hsa04660	KEGG
KEGG_PARTICIPATION:3265|hsa04662	3265	HRAS	hsa:3265	KEGG:hsa04662	hsa04662	KEGG
KEGG_PARTICIPATION:3265|hsa04664	3265	HRAS	hsa:3265	KEGG:hsa04664	hsa04664	KEGG
KEGG_PARTICIPATION:3265|hsa04714	3265	HRAS	hsa:3265	KEGG:hsa04714	hsa04714	KEGG
KEGG_PARTICIPATION:3265|hsa04720	3265	HRAS	hsa:3265	KEGG:hsa04720	hsa04720	KEGG
KEGG_PARTICIPATION:3265|hsa04722	3265	HRAS	hsa:3265	KEGG:hsa04722	hsa04722	KEGG
KEGG_PARTICIPATION:3265|hsa04725	3265	HRAS	hsa:3265	KEGG:hsa04725	hsa04725	KEGG
KEGG_PARTICIPATION:3265|hsa04726	3265	HRAS	hsa:3265	KEGG:hsa04726	hsa04726	KEGG
KEGG_PARTICIPATION:3265|hsa04730	3265	HRAS	hsa:3265	KEGG:hsa04730	hsa04730	KEGG
KEGG_PARTICIPATION:3265|hsa04810	3265	HRAS	hsa:3265	KEGG:hsa04810	hsa04810	KEGG
KEGG_PARTICIPATION:3265|hsa04910	3265	HRAS	hsa:3265	KEGG:hsa04910	hsa04910	KEGG
KEGG_PARTICIPATION:3265|hsa04912	3265	HRAS	hsa:3265	KEGG:hsa04912	hsa04912	KEGG
KEGG_PARTICIPATION:3265|hsa04915	3265	HRAS	hsa:3265	KEGG:hsa04915	hsa04915	KEGG
KEGG_PARTICIPATION:3265|hsa04916	3265	HRAS	hsa:3265	KEGG:hsa04916	hsa04916	KEGG
KEGG_PARTICIPATION:3265|hsa04917	3265	HRAS	hsa:3265	KEGG:hsa04917	hsa04917	KEGG
KEGG_PARTICIPATION:3265|hsa04919	3265	HRAS	hsa:3265	KEGG:hsa04919	hsa04919	KEGG
KEGG_PARTICIPATION:3265|hsa04921	3265	HRAS	hsa:3265	KEGG:hsa04921	hsa04921	KEGG
KEGG_PARTICIPATION:3265|hsa04926	3265	HRAS	hsa:3265	KEGG:hsa04926	hsa04926	KEGG
KEGG_PARTICIPATION:3265|hsa04929	3265	HRAS	hsa:3265	KEGG:hsa04929	hsa04929	KEGG
KEGG_PARTICIPATION:3265|hsa04933	3265	HRAS	hsa:3265	KEGG:hsa04933	hsa04933	KEGG
KEGG_PARTICIPATION:3265|hsa04935	3265	HRAS	hsa:3265	KEGG:hsa04935	hsa04935	KEGG
KEGG_PARTICIPATION:3265|hsa05010	3265	HRAS	hsa:3265	KEGG:hsa05010	hsa05010	KEGG
KEGG_PARTICIPATION:3265|hsa05022	3265	HRAS	hsa:3265	KEGG:hsa05022	hsa05022	KEGG
KEGG_PARTICIPATION:3265|hsa05034	3265	HRAS	hsa:3265	KEGG:hsa05034	hsa05034	KEGG
KEGG_PARTICIPATION:3265|hsa05132	3265	HRAS	hsa:3265	KEGG:hsa05132	hsa05132	KEGG
KEGG_PARTICIPATION:3265|hsa05160	3265	HRAS	hsa:3265	KEGG:hsa05160	hsa05160	KEGG
KEGG_PARTICIPATION:3265|hsa05161	3265	HRAS	hsa:3265	KEGG:hsa05161	hsa05161	KEGG
KEGG_PARTICIPATION:3265|hsa05163	3265	HRAS	hsa:3265	KEGG:hsa05163	hsa05163	KEGG
KEGG_PARTICIPATION:3265|hsa05165	3265	HRAS	hsa:3265	KEGG:hsa05165	hsa05165	KEGG
KEGG_PARTICIPATION:3265|hsa05166	3265	HRAS	hsa:3265	KEGG:hsa05166	hsa05166	KEGG
KEGG_PARTICIPATION:3265|hsa05167	3265	HRAS	hsa:3265	KEGG:hsa05167	hsa05167	KEGG
KEGG_PARTICIPATION:3265|hsa05170	3265	HRAS	hsa:3265	KEGG:hsa05170	hsa05170	KEGG
KEGG_PARTICIPATION:3265|hsa05200	3265	HRAS	hsa:3265	KEGG:hsa05200	hsa05200	KEGG
KEGG_PARTICIPATION:3265|hsa05203	3265	HRAS	hsa:3265	KEGG:hsa05203	hsa05203	KEGG
KEGG_PARTICIPATION:3265|hsa05205	3265	HRAS	hsa:3265	KEGG:hsa05205	hsa05205	KEGG
KEGG_PARTICIPATION:3265|hsa05206	3265	HRAS	hsa:3265	KEGG:hsa05206	hsa05206	KEGG
KEGG_PARTICIPATION:3265|hsa05207	3265	HRAS	hsa:3265	KEGG:hsa05207	hsa05207	KEGG
KEGG_PARTICIPATION:3265|hsa05208	3265	HRAS	hsa:3265	KEGG:hsa05208	hsa05208	KEGG
KEGG_PARTICIPATION:3265|hsa05210	3265	HRAS	hsa:3265	KEGG:hsa05210	hsa05210	KEGG
KEGG_PARTICIPATION:3265|hsa05211	3265	HRAS	hsa:3265	KEGG:hsa05211	hsa05211	KEGG
KEGG_PARTICIPATION:3265|hsa05213	3265	HRAS	hsa:3265	KEGG:hsa05213	hsa05213	KEGG
KEGG_PARTICIPATION:3265|hsa05214	3265	HRAS	hsa:3265	KEGG:hsa05214	hsa05214	KEGG
KEGG_PARTICIPATION:3265|hsa05215	3265	HRAS	hsa:3265	KEGG:hsa05215	hsa05215	KEGG
KEGG_PARTICIPATION:3265|hsa05216	3265	HRAS	hsa:3265	KEGG:hsa05216	hsa05216	KEGG
KEGG_PARTICIPATION:3265|hsa05218	3265	HRAS	hsa:3265	KEGG:hsa05218	hsa05218	KEGG
KEGG_PARTICIPATION:3265|hsa05219	3265	HRAS	hsa:3265	KEGG:hsa05219	hsa05219	KEGG
KEGG_PARTICIPATION:3265|hsa05220	3265	HRAS	hsa:3265	KEGG:hsa05220	hsa05220	KEGG
KEGG_PARTICIPATION:3265|hsa05221	3265	HRAS	hsa:3265	KEGG:hsa05221	hsa05221	KEGG
KEGG_PARTICIPATION:3265|hsa05223	3265	HRAS	hsa:3265	KEGG:hsa05223	hsa05223	KEGG
KEGG_PARTICIPATION:3265|hsa05224	3265	HRAS	hsa:3265	KEGG:hsa05224	hsa05224	KEGG
KEGG_PARTICIPATION:3265|hsa05225	3265	HRAS	hsa:3265	KEGG:hsa05225	hsa05225	KEGG
KEGG_PARTICIPATION:3265|hsa05226	3265	HRAS	hsa:3265	KEGG:hsa05226	hsa05226	KEGG
KEGG_PARTICIPATION:3265|hsa05230	3265	HRAS	hsa:3265	KEGG:hsa05230	hsa05230	KEGG
KEGG_PARTICIPATION:3265|hsa05231	3265	HRAS	hsa:3265	KEGG:hsa05231	hsa05231	KEGG
KEGG_PARTICIPATION:3265|hsa05235	3265	HRAS	hsa:3265	KEGG:hsa05235	hsa05235	KEGG
KEGG_PARTICIPATION:3265|hsa05417	3265	HRAS	hsa:3265	KEGG:hsa05417	hsa05417	KEGG
KEGG_PARTICIPATION:3284|hsa00140	3284	HSD3B2	hsa:3284	KEGG:hsa00140	hsa00140	KEGG
KEGG_PARTICIPATION:3284|hsa01100	3284	HSD3B2	hsa:3284	KEGG:hsa01100	hsa01100	KEGG
KEGG_PARTICIPATION:3284|hsa04913	3284	HSD3B2	hsa:3284	KEGG:hsa04913	hsa04913	KEGG
KEGG_PARTICIPATION:3284|hsa04925	3284	HSD3B2	hsa:3284	KEGG:hsa04925	hsa04925	KEGG
KEGG_PARTICIPATION:3284|hsa04927	3284	HSD3B2	hsa:3284	KEGG:hsa04927	hsa04927	KEGG
KEGG_PARTICIPATION:3284|hsa04934	3284	HSD3B2	hsa:3284	KEGG:hsa04934	hsa04934	KEGG
KEGG_PARTICIPATION:328|hsa03410	328	APEX1	hsa:328	KEGG:hsa03410	hsa03410	KEGG
KEGG_PARTICIPATION:3291|hsa00140	3291	HSD11B2	hsa:3291	KEGG:hsa00140	hsa00140	KEGG
KEGG_PARTICIPATION:3291|hsa01100	3291	HSD11B2	hsa:3291	KEGG:hsa01100	hsa01100	KEGG
KEGG_PARTICIPATION:3291|hsa04960	3291	HSD11B2	hsa:3291	KEGG:hsa04960	hsa04960	KEGG
KEGG_PARTICIPATION:3309|hsa03060	3309	HSPA5	hsa:3309	KEGG:hsa03060	hsa03060	KEGG
KEGG_PARTICIPATION:3309|hsa04141	3309	HSPA5	hsa:3309	KEGG:hsa04141	hsa04141	KEGG
KEGG_PARTICIPATION:3309|hsa04156	3309	HSPA5	hsa:3309	KEGG:hsa04156	hsa04156	KEGG
KEGG_PARTICIPATION:3309|hsa04612	3309	HSPA5	hsa:3309	KEGG:hsa04612	hsa04612	KEGG
KEGG_PARTICIPATION:3309|hsa04918	3309	HSPA5	hsa:3309	KEGG:hsa04918	hsa04918	KEGG
KEGG_PARTICIPATION:3309|hsa05012	3309	HSPA5	hsa:3309	KEGG:hsa05012	hsa05012	KEGG
KEGG_PARTICIPATION:3309|hsa05014	3309	HSPA5	hsa:3309	KEGG:hsa05014	hsa05014	KEGG
KEGG_PARTICIPATION:3309|hsa05020	3309	HSPA5	hsa:3309	KEGG:hsa05020	hsa05020	KEGG
KEGG_PARTICIPATION:3309|hsa05022	3309	HSPA5	hsa:3309	KEGG:hsa05022	hsa05022	KEGG
KEGG_PARTICIPATION:3309|hsa05417	3309	HSPA5	hsa:3309	KEGG:hsa05417	hsa05417	KEGG
KEGG_PARTICIPATION:330|hsa01524	330	BIRC3	hsa:330	KEGG:hsa01524	hsa01524	KEGG
KEGG_PARTICIPATION:330|hsa04064	330	BIRC3	hsa:330	KEGG:hsa04064	hsa04064	KEGG
KEGG_PARTICIPATION:330|hsa04120	330	BIRC3	hsa:330	KEGG:hsa04120	hsa04120	KEGG
KEGG_PARTICIPATION:330|hsa04210	330	BIRC3	hsa:330	KEGG:hsa04210	hsa04210	KEGG
KEGG_PARTICIPATION:330|hsa04215	330	BIRC3	hsa:330	KEGG:hsa04215	hsa04215	KEGG
KEGG_PARTICIPATION:330|hsa04217	330	BIRC3	hsa:330	KEGG:hsa04217	hsa04217	KEGG
KEGG_PARTICIPATION:330|hsa04390	330	BIRC3	hsa:330	KEGG:hsa04390	hsa04390	KEGG
KEGG_PARTICIPATION:330|hsa04510	330	BIRC3	hsa:330	KEGG:hsa04510	hsa04510	KEGG
KEGG_PARTICIPATION:330|hsa04621	330	BIRC3	hsa:330	KEGG:hsa04621	hsa04621	KEGG
KEGG_PARTICIPATION:330|hsa04668	330	BIRC3	hsa:330	KEGG:hsa04668	hsa04668	KEGG
KEGG_PARTICIPATION:330|hsa05132	330	BIRC3	hsa:330	KEGG:hsa05132	hsa05132	KEGG
KEGG_PARTICIPATION:330|hsa05145	330	BIRC3	hsa:330	KEGG:hsa05145	hsa05145	KEGG
KEGG_PARTICIPATION:330|hsa05168	330	BIRC3	hsa:330	KEGG:hsa05168	hsa05168	KEGG
KEGG_PARTICIPATION:330|hsa05200	330	BIRC3	hsa:330	KEGG:hsa05200	hsa05200	KEGG
KEGG_PARTICIPATION:330|hsa05202	330	BIRC3	hsa:330	KEGG:hsa05202	hsa05202	KEGG
KEGG_PARTICIPATION:330|hsa05222	330	BIRC3	hsa:330	KEGG:hsa05222	hsa05222	KEGG
KEGG_PARTICIPATION:3313|hsa03018	3313	HSPA9	hsa:3313	KEGG:hsa03018	hsa03018	KEGG
KEGG_PARTICIPATION:3313|hsa04156	3313	HSPA9	hsa:3313	KEGG:hsa04156	hsa04156	KEGG
KEGG_PARTICIPATION:3313|hsa05152	3313	HSPA9	hsa:3313	KEGG:hsa05152	hsa05152	KEGG
KEGG_PARTICIPATION:3315|hsa04010	3315	HSPB1	hsa:3315	KEGG:hsa04010	hsa04010	KEGG
KEGG_PARTICIPATION:3315|hsa04370	3315	HSPB1	hsa:3315	KEGG:hsa04370	hsa04370	KEGG
KEGG_PARTICIPATION:3315|hsa05146	3315	HSPB1	hsa:3315	KEGG:hsa05146	hsa05146	KEGG
KEGG_PARTICIPATION:332|hsa01524	332	BIRC5	hsa:332	KEGG:hsa01524	hsa01524	KEGG
KEGG_PARTICIPATION:332|hsa04210	332	BIRC5	hsa:332	KEGG:hsa04210	hsa04210	KEGG
KEGG_PARTICIPATION:332|hsa04215	332	BIRC5	hsa:332	KEGG:hsa04215	hsa04215	KEGG
KEGG_PARTICIPATION:332|hsa04390	332	BIRC5	hsa:332	KEGG:hsa04390	hsa04390	KEGG
KEGG_PARTICIPATION:332|hsa05161	332	BIRC5	hsa:332	KEGG:hsa05161	hsa05161	KEGG
KEGG_PARTICIPATION:332|hsa05200	332	BIRC5	hsa:332	KEGG:hsa05200	hsa05200	KEGG
KEGG_PARTICIPATION:332|hsa05207	332	BIRC5	hsa:332	KEGG:hsa05207	hsa05207	KEGG
KEGG_PARTICIPATION:332|hsa05210	332	BIRC5	hsa:332	KEGG:hsa05210	hsa05210	KEGG
KEGG_PARTICIPATION:3357|hsa04020	3357	HTR2B	hsa:3357	KEGG:hsa04020	hsa04020	KEGG
KEGG_PARTICIPATION:3357|hsa04080	3357	HTR2B	hsa:3357	KEGG:hsa04080	hsa04080	KEGG
KEGG_PARTICIPATION:3357|hsa04082	3357	HTR2B	hsa:3357	KEGG:hsa04082	hsa04082	KEGG
KEGG_PARTICIPATION:3357|hsa04540	3357	HTR2B	hsa:3357	KEGG:hsa04540	hsa04540	KEGG
KEGG_PARTICIPATION:3357|hsa04726	3357	HTR2B	hsa:3357	KEGG:hsa04726	hsa04726	KEGG
KEGG_PARTICIPATION:3357|hsa04750	3357	HTR2B	hsa:3357	KEGG:hsa04750	hsa04750	KEGG
KEGG_PARTICIPATION:335|hsa03320	335	APOA1	hsa:335	KEGG:hsa03320	hsa03320	KEGG
KEGG_PARTICIPATION:335|hsa04975	335	APOA1	hsa:335	KEGG:hsa04975	hsa04975	KEGG
KEGG_PARTICIPATION:335|hsa04977	335	APOA1	hsa:335	KEGG:hsa04977	hsa04977	KEGG
KEGG_PARTICIPATION:335|hsa04979	335	APOA1	hsa:335	KEGG:hsa04979	hsa04979	KEGG
KEGG_PARTICIPATION:335|hsa05143	335	APOA1	hsa:335	KEGG:hsa05143	hsa05143	KEGG
KEGG_PARTICIPATION:335|hsa05417	335	APOA1	hsa:335	KEGG:hsa05417	hsa05417	KEGG
KEGG_PARTICIPATION:3383|hsa04064	3383	ICAM1	hsa:3383	KEGG:hsa04064	hsa04064	KEGG
KEGG_PARTICIPATION:3383|hsa04514	3383	ICAM1	hsa:3383	KEGG:hsa04514	hsa04514	KEGG
KEGG_PARTICIPATION:3383|hsa04517	3383	ICAM1	hsa:3383	KEGG:hsa04517	hsa04517	KEGG
KEGG_PARTICIPATION:3383|hsa04518	3383	ICAM1	hsa:3383	KEGG:hsa04518	hsa04518	KEGG
KEGG_PARTICIPATION:3383|hsa04650	3383	ICAM1	hsa:3383	KEGG:hsa04650	hsa04650	KEGG
KEGG_PARTICIPATION:3383|hsa04668	3383	ICAM1	hsa:3383	KEGG:hsa04668	hsa04668	KEGG
KEGG_PARTICIPATION:3383|hsa04670	3383	ICAM1	hsa:3383	KEGG:hsa04670	hsa04670	KEGG
KEGG_PARTICIPATION:3383|hsa04933	3383	ICAM1	hsa:3383	KEGG:hsa04933	hsa04933	KEGG
KEGG_PARTICIPATION:3383|hsa05143	3383	ICAM1	hsa:3383	KEGG:hsa05143	hsa05143	KEGG
KEGG_PARTICIPATION:3383|hsa05144	3383	ICAM1	hsa:3383	KEGG:hsa05144	hsa05144	KEGG
KEGG_PARTICIPATION:3383|hsa05150	3383	ICAM1	hsa:3383	KEGG:hsa05150	hsa05150	KEGG
KEGG_PARTICIPATION:3383|hsa05164	3383	ICAM1	hsa:3383	KEGG:hsa05164	hsa05164	KEGG
KEGG_PARTICIPATION:3383|hsa05166	3383	ICAM1	hsa:3383	KEGG:hsa05166	hsa05166	KEGG
KEGG_PARTICIPATION:3383|hsa05167	3383	ICAM1	hsa:3383	KEGG:hsa05167	hsa05167	KEGG
KEGG_PARTICIPATION:3383|hsa05169	3383	ICAM1	hsa:3383	KEGG:hsa05169	hsa05169	KEGG
KEGG_PARTICIPATION:3383|hsa05323	3383	ICAM1	hsa:3383	KEGG:hsa05323	hsa05323	KEGG
KEGG_PARTICIPATION:3383|hsa05416	3383	ICAM1	hsa:3383	KEGG:hsa05416	hsa05416	KEGG
KEGG_PARTICIPATION:3383|hsa05417	3383	ICAM1	hsa:3383	KEGG:hsa05417	hsa05417	KEGG
KEGG_PARTICIPATION:3383|hsa05418	3383	ICAM1	hsa:3383	KEGG:hsa05418	hsa05418	KEGG
KEGG_PARTICIPATION:3417|hsa00020	3417	IDH1	hsa:3417	KEGG:hsa00020	hsa00020	KEGG
KEGG_PARTICIPATION:3417|hsa00480	3417	IDH1	hsa:3417	KEGG:hsa00480	hsa00480	KEGG
KEGG_PARTICIPATION:3417|hsa01100	3417	IDH1	hsa:3417	KEGG:hsa01100	hsa01100	KEGG
KEGG_PARTICIPATION:3417|hsa01200	3417	IDH1	hsa:3417	KEGG:hsa01200	hsa01200	KEGG
KEGG_PARTICIPATION:3417|hsa01210	3417	IDH1	hsa:3417	KEGG:hsa01210	hsa01210	KEGG
KEGG_PARTICIPATION:3417|hsa01230	3417	IDH1	hsa:3417	KEGG:hsa01230	hsa01230	KEGG
KEGG_PARTICIPATION:3417|hsa04146	3417	IDH1	hsa:3417	KEGG:hsa04146	hsa04146	KEGG
KEGG_PARTICIPATION:3417|hsa05230	3417	IDH1	hsa:3417	KEGG:hsa05230	hsa05230	KEGG
KEGG_PARTICIPATION:3439|hsa04060	3439	IFNA1	hsa:3439	KEGG:hsa04060	hsa04060	KEGG
KEGG_PARTICIPATION:3439|hsa04151	3439	IFNA1	hsa:3439	KEGG:hsa04151	hsa04151	KEGG
KEGG_PARTICIPATION:3439|hsa04217	3439	IFNA1	hsa:3439	KEGG:hsa04217	hsa04217	KEGG
KEGG_PARTICIPATION:3439|hsa04620	3439	IFNA1	hsa:3439	KEGG:hsa04620	hsa04620	KEGG
KEGG_PARTICIPATION:3439|hsa04621	3439	IFNA1	hsa:3439	KEGG:hsa04621	hsa04621	KEGG
KEGG_PARTICIPATION:3439|hsa04622	3439	IFNA1	hsa:3439	KEGG:hsa04622	hsa04622	KEGG
KEGG_PARTICIPATION:3439|hsa04623	3439	IFNA1	hsa:3439	KEGG:hsa04623	hsa04623	KEGG
KEGG_PARTICIPATION:3439|hsa04630	3439	IFNA1	hsa:3439	KEGG:hsa04630	hsa04630	KEGG
KEGG_PARTICIPATION:3439|hsa04650	3439	IFNA1	hsa:3439	KEGG:hsa04650	hsa04650	KEGG
KEGG_PARTICIPATION:3439|hsa04936	3439	IFNA1	hsa:3439	KEGG:hsa04936	hsa04936	KEGG
KEGG_PARTICIPATION:3439|hsa05152	3439	IFNA1	hsa:3439	KEGG:hsa05152	hsa05152	KEGG
KEGG_PARTICIPATION:3439|hsa05160	3439	IFNA1	hsa:3439	KEGG:hsa05160	hsa05160	KEGG
KEGG_PARTICIPATION:3439|hsa05161	3439	IFNA1	hsa:3439	KEGG:hsa05161	hsa05161	KEGG
KEGG_PARTICIPATION:3439|hsa05162	3439	IFNA1	hsa:3439	KEGG:hsa05162	hsa05162	KEGG
KEGG_PARTICIPATION:3439|hsa05163	3439	IFNA1	hsa:3439	KEGG:hsa05163	hsa05163	KEGG
KEGG_PARTICIPATION:3439|hsa05164	3439	IFNA1	hsa:3439	KEGG:hsa05164	hsa05164	KEGG
KEGG_PARTICIPATION:3439|hsa05165	3439	IFNA1	hsa:3439	KEGG:hsa05165	hsa05165	KEGG
KEGG_PARTICIPATION:3439|hsa05167	3439	IFNA1	hsa:3439	KEGG:hsa05167	hsa05167	KEGG
KEGG_PARTICIPATION:3439|hsa05168	3439	IFNA1	hsa:3439	KEGG:hsa05168	hsa05168	KEGG
KEGG_PARTICIPATION:3439|hsa05169	3439	IFNA1	hsa:3439	KEGG:hsa05169	hsa05169	KEGG
KEGG_PARTICIPATION:3439|hsa05170	3439	IFNA1	hsa:3439	KEGG:hsa05170	hsa05170	KEGG
KEGG_PARTICIPATION:3439|hsa05171	3439	IFNA1	hsa:3439	KEGG:hsa05171	hsa05171	KEGG
KEGG_PARTICIPATION:3439|hsa05200	3439	IFNA1	hsa:3439	KEGG:hsa05200	hsa05200	KEGG
KEGG_PARTICIPATION:3439|hsa05320	3439	IFNA1	hsa:3439	KEGG:hsa05320	hsa05320	KEGG
KEGG_PARTICIPATION:3439|hsa05417	3439	IFNA1	hsa:3439	KEGG:hsa05417	hsa05417	KEGG
KEGG_PARTICIPATION:3440|hsa04060	3440	IFNA2	hsa:3440	KEGG:hsa04060	hsa04060	KEGG
KEGG_PARTICIPATION:3440|hsa04151	3440	IFNA2	hsa:3440	KEGG:hsa04151	hsa04151	KEGG
KEGG_PARTICIPATION:3440|hsa04217	3440	IFNA2	hsa:3440	KEGG:hsa04217	hsa04217	KEGG
KEGG_PARTICIPATION:3440|hsa04620	3440	IFNA2	hsa:3440	KEGG:hsa04620	hsa04620	KEGG
KEGG_PARTICIPATION:3440|hsa04621	3440	IFNA2	hsa:3440	KEGG:hsa04621	hsa04621	KEGG
KEGG_PARTICIPATION:3440|hsa04622	3440	IFNA2	hsa:3440	KEGG:hsa04622	hsa04622	KEGG
KEGG_PARTICIPATION:3440|hsa04623	3440	IFNA2	hsa:3440	KEGG:hsa04623	hsa04623	KEGG
KEGG_PARTICIPATION:3440|hsa04630	3440	IFNA2	hsa:3440	KEGG:hsa04630	hsa04630	KEGG
KEGG_PARTICIPATION:3440|hsa04650	3440	IFNA2	hsa:3440	KEGG:hsa04650	hsa04650	KEGG
KEGG_PARTICIPATION:3440|hsa04936	3440	IFNA2	hsa:3440	KEGG:hsa04936	hsa04936	KEGG
KEGG_PARTICIPATION:3440|hsa05152	3440	IFNA2	hsa:3440	KEGG:hsa05152	hsa05152	KEGG
KEGG_PARTICIPATION:3440|hsa05160	3440	IFNA2	hsa:3440	KEGG:hsa05160	hsa05160	KEGG
KEGG_PARTICIPATION:3440|hsa05161	3440	IFNA2	hsa:3440	KEGG:hsa05161	hsa05161	KEGG
KEGG_PARTICIPATION:3440|hsa05162	3440	IFNA2	hsa:3440	KEGG:hsa05162	hsa05162	KEGG
KEGG_PARTICIPATION:3440|hsa05163	3440	IFNA2	hsa:3440	KEGG:hsa05163	hsa05163	KEGG
KEGG_PARTICIPATION:3440|hsa05164	3440	IFNA2	hsa:3440	KEGG:hsa05164	hsa05164	KEGG
KEGG_PARTICIPATION:3440|hsa05165	3440	IFNA2	hsa:3440	KEGG:hsa05165	hsa05165	KEGG
KEGG_PARTICIPATION:3440|hsa05167	3440	IFNA2	hsa:3440	KEGG:hsa05167	hsa05167	KEGG
KEGG_PARTICIPATION:3440|hsa05168	3440	IFNA2	hsa:3440	KEGG:hsa05168	hsa05168	KEGG
KEGG_PARTICIPATION:3440|hsa05169	3440	IFNA2	hsa:3440	KEGG:hsa05169	hsa05169	KEGG
KEGG_PARTICIPATION:3440|hsa05170	3440	IFNA2	hsa:3440	KEGG:hsa05170	hsa05170	KEGG
KEGG_PARTICIPATION:3440|hsa05171	3440	IFNA2	hsa:3440	KEGG:hsa05171	hsa05171	KEGG
KEGG_PARTICIPATION:3440|hsa05200	3440	IFNA2	hsa:3440	KEGG:hsa05200	hsa05200	KEGG
KEGG_PARTICIPATION:3440|hsa05320	3440	IFNA2	hsa:3440	KEGG:hsa05320	hsa05320	KEGG
KEGG_PARTICIPATION:3440|hsa05417	3440	IFNA2	hsa:3440	KEGG:hsa05417	hsa05417	KEGG
KEGG_PARTICIPATION:3458|hsa03050	3458	IFNG	hsa:3458	KEGG:hsa03050	hsa03050	KEGG
KEGG_PARTICIPATION:3458|hsa04060	3458	IFNG	hsa:3458	KEGG:hsa04060	hsa04060	KEGG
KEGG_PARTICIPATION:3458|hsa04066	3458	IFNG	hsa:3458	KEGG:hsa04066	hsa04066	KEGG
KEGG_PARTICIPATION:3458|hsa04217	3458	IFNG	hsa:3458	KEGG:hsa04217	hsa04217	KEGG
KEGG_PARTICIPATION:3458|hsa04350	3458	IFNG	hsa:3458	KEGG:hsa04350	hsa04350	KEGG
KEGG_PARTICIPATION:3458|hsa04380	3458	IFNG	hsa:3458	KEGG:hsa04380	hsa04380	KEGG
KEGG_PARTICIPATION:3458|hsa04612	3458	IFNG	hsa:3458	KEGG:hsa04612	hsa04612	KEGG
KEGG_PARTICIPATION:3458|hsa04630	3458	IFNG	hsa:3458	KEGG:hsa04630	hsa04630	KEGG
KEGG_PARTICIPATION:3458|hsa04650	3458	IFNG	hsa:3458	KEGG:hsa04650	hsa04650	KEGG
KEGG_PARTICIPATION:3458|hsa04657	3458	IFNG	hsa:3458	KEGG:hsa04657	hsa04657	KEGG
KEGG_PARTICIPATION:3458|hsa04658	3458	IFNG	hsa:3458	KEGG:hsa04658	hsa04658	KEGG
KEGG_PARTICIPATION:3458|hsa04659	3458	IFNG	hsa:3458	KEGG:hsa04659	hsa04659	KEGG
KEGG_PARTICIPATION:3458|hsa04660	3458	IFNG	hsa:3458	KEGG:hsa04660	hsa04660	KEGG
KEGG_PARTICIPATION:3458|hsa04940	3458	IFNG	hsa:3458	KEGG:hsa04940	hsa04940	KEGG
KEGG_PARTICIPATION:3458|hsa05140	3458	IFNG	hsa:3458	KEGG:hsa05140	hsa05140	KEGG
KEGG_PARTICIPATION:3458|hsa05142	3458	IFNG	hsa:3458	KEGG:hsa05142	hsa05142	KEGG
KEGG_PARTICIPATION:3458|hsa05143	3458	IFNG	hsa:3458	KEGG:hsa05143	hsa05143	KEGG
KEGG_PARTICIPATION:3458|hsa05144	3458	IFNG	hsa:3458	KEGG:hsa05144	hsa05144	KEGG
KEGG_PARTICIPATION:3458|hsa05145	3458	IFNG	hsa:3458	KEGG:hsa05145	hsa05145	KEGG
KEGG_PARTICIPATION:3458|hsa05146	3458	IFNG	hsa:3458	KEGG:hsa05146	hsa05146	KEGG
KEGG_PARTICIPATION:3458|hsa05152	3458	IFNG	hsa:3458	KEGG:hsa05152	hsa05152	KEGG
KEGG_PARTICIPATION:3458|hsa05160	3458	IFNG	hsa:3458	KEGG:hsa05160	hsa05160	KEGG
KEGG_PARTICIPATION:3458|hsa05164	3458	IFNG	hsa:3458	KEGG:hsa05164	hsa05164	KEGG
KEGG_PARTICIPATION:3458|hsa05168	3458	IFNG	hsa:3458	KEGG:hsa05168	hsa05168	KEGG
KEGG_PARTICIPATION:3458|hsa05200	3458	IFNG	hsa:3458	KEGG:hsa05200	hsa05200	KEGG
KEGG_PARTICIPATION:3458|hsa05235	3458	IFNG	hsa:3458	KEGG:hsa05235	hsa05235	KEGG
KEGG_PARTICIPATION:3458|hsa05321	3458	IFNG	hsa:3458	KEGG:hsa05321	hsa05321	KEGG
KEGG_PARTICIPATION:3458|hsa05322	3458	IFNG	hsa:3458	KEGG:hsa05322	hsa05322	KEGG
KEGG_PARTICIPATION:3458|hsa05323	3458	IFNG	hsa:3458	KEGG:hsa05323	hsa05323	KEGG
KEGG_PARTICIPATION:3458|hsa05330	3458	IFNG	hsa:3458	KEGG:hsa05330	hsa05330	KEGG
KEGG_PARTICIPATION:3458|hsa05332	3458	IFNG	hsa:3458	KEGG:hsa05332	hsa05332	KEGG
KEGG_PARTICIPATION:3458|hsa05418	3458	IFNG	hsa:3458	KEGG:hsa05418	hsa05418	KEGG
KEGG_PARTICIPATION:345|hsa03320	345	APOC3	hsa:345	KEGG:hsa03320	hsa03320	KEGG
KEGG_PARTICIPATION:345|hsa04979	345	APOC3	hsa:345	KEGG:hsa04979	hsa04979	KEGG
KEGG_PARTICIPATION:3476|hsa04136	3476	IGBP1	hsa:3476	KEGG:hsa04136	hsa04136	KEGG
KEGG_PARTICIPATION:3476|hsa04140	3476	IGBP1	hsa:3476	KEGG:hsa04140	hsa04140	KEGG
KEGG_PARTICIPATION:3479|hsa01521	3479	IGF1	hsa:3479	KEGG:hsa01521	hsa01521	KEGG
KEGG_PARTICIPATION:3479|hsa01522	3479	IGF1	hsa:3479	KEGG:hsa01522	hsa01522	KEGG
KEGG_PARTICIPATION:3479|hsa04010	3479	IGF1	hsa:3479	KEGG:hsa04010	hsa04010	KEGG
KEGG_PARTICIPATION:3479|hsa04014	3479	IGF1	hsa:3479	KEGG:hsa04014	hsa04014	KEGG
KEGG_PARTICIPATION:3479|hsa04015	3479	IGF1	hsa:3479	KEGG:hsa04015	hsa04015	KEGG
KEGG_PARTICIPATION:3479|hsa04066	3479	IGF1	hsa:3479	KEGG:hsa04066	hsa04066	KEGG
KEGG_PARTICIPATION:3479|hsa04068	3479	IGF1	hsa:3479	KEGG:hsa04068	hsa04068	KEGG
KEGG_PARTICIPATION:3479|hsa04081	3479	IGF1	hsa:3479	KEGG:hsa04081	hsa04081	KEGG
KEGG_PARTICIPATION:3479|hsa04114	3479	IGF1	hsa:3479	KEGG:hsa04114	hsa04114	KEGG
KEGG_PARTICIPATION:3479|hsa04115	3479	IGF1	hsa:3479	KEGG:hsa04115	hsa04115	KEGG
KEGG_PARTICIPATION:3479|hsa04150	3479	IGF1	hsa:3479	KEGG:hsa04150	hsa04150	KEGG
KEGG_PARTICIPATION:3479|hsa04151	3479	IGF1	hsa:3479	KEGG:hsa04151	hsa04151	KEGG
KEGG_PARTICIPATION:3479|hsa04152	3479	IGF1	hsa:3479	KEGG:hsa04152	hsa04152	KEGG
KEGG_PARTICIPATION:3479|hsa04211	3479	IGF1	hsa:3479	KEGG:hsa04211	hsa04211	KEGG
KEGG_PARTICIPATION:3479|hsa04213	3479	IGF1	hsa:3479	KEGG:hsa04213	hsa04213	KEGG
KEGG_PARTICIPATION:3479|hsa04510	3479	IGF1	hsa:3479	KEGG:hsa04510	hsa04510	KEGG
KEGG_PARTICIPATION:3479|hsa04518	3479	IGF1	hsa:3479	KEGG:hsa04518	hsa04518	KEGG
KEGG_PARTICIPATION:3479|hsa04550	3479	IGF1	hsa:3479	KEGG:hsa04550	hsa04550	KEGG
KEGG_PARTICIPATION:3479|hsa04730	3479	IGF1	hsa:3479	KEGG:hsa04730	hsa04730	KEGG
KEGG_PARTICIPATION:3479|hsa04750	3479	IGF1	hsa:3479	KEGG:hsa04750	hsa04750	KEGG
KEGG_PARTICIPATION:3479|hsa04913	3479	IGF1	hsa:3479	KEGG:hsa04913	hsa04913	KEGG
KEGG_PARTICIPATION:3479|hsa04914	3479	IGF1	hsa:3479	KEGG:hsa04914	hsa04914	KEGG
KEGG_PARTICIPATION:3479|hsa04935	3479	IGF1	hsa:3479	KEGG:hsa04935	hsa04935	KEGG
KEGG_PARTICIPATION:3479|hsa04960	3479	IGF1	hsa:3479	KEGG:hsa04960	hsa04960	KEGG
KEGG_PARTICIPATION:3479|hsa05200	3479	IGF1	hsa:3479	KEGG:hsa05200	hsa05200	KEGG
KEGG_PARTICIPATION:3479|hsa05202	3479	IGF1	hsa:3479	KEGG:hsa05202	hsa05202	KEGG
KEGG_PARTICIPATION:3479|hsa05205	3479	IGF1	hsa:3479	KEGG:hsa05205	hsa05205	KEGG
KEGG_PARTICIPATION:3479|hsa05214	3479	IGF1	hsa:3479	KEGG:hsa05214	hsa05214	KEGG
KEGG_PARTICIPATION:3479|hsa05215	3479	IGF1	hsa:3479	KEGG:hsa05215	hsa05215	KEGG
KEGG_PARTICIPATION:3479|hsa05218	3479	IGF1	hsa:3479	KEGG:hsa05218	hsa05218	KEGG
KEGG_PARTICIPATION:3479|hsa05224	3479	IGF1	hsa:3479	KEGG:hsa05224	hsa05224	KEGG
KEGG_PARTICIPATION:3479|hsa05410	3479	IGF1	hsa:3479	KEGG:hsa05410	hsa05410	KEGG
KEGG_PARTICIPATION:3479|hsa05414	3479	IGF1	hsa:3479	KEGG:hsa05414	hsa05414	KEGG
KEGG_PARTICIPATION:3480|hsa01521	3480	IGF1R	hsa:3480	KEGG:hsa01521	hsa01521	KEGG
KEGG_PARTICIPATION:3480|hsa01522	3480	IGF1R	hsa:3480	KEGG:hsa01522	hsa01522	KEGG
KEGG_PARTICIPATION:3480|hsa04010	3480	IGF1R	hsa:3480	KEGG:hsa04010	hsa04010	KEGG
KEGG_PARTICIPATION:3480|hsa04014	3480	IGF1R	hsa:3480	KEGG:hsa04014	hsa04014	KEGG
KEGG_PARTICIPATION:3480|hsa04015	3480	IGF1R	hsa:3480	KEGG:hsa04015	hsa04015	KEGG
KEGG_PARTICIPATION:3480|hsa04066	3480	IGF1R	hsa:3480	KEGG:hsa04066	hsa04066	KEGG
KEGG_PARTICIPATION:3480|hsa04068	3480	IGF1R	hsa:3480	KEGG:hsa04068	hsa04068	KEGG
KEGG_PARTICIPATION:3480|hsa04081	3480	IGF1R	hsa:3480	KEGG:hsa04081	hsa04081	KEGG
KEGG_PARTICIPATION:3480|hsa04114	3480	IGF1R	hsa:3480	KEGG:hsa04114	hsa04114	KEGG
KEGG_PARTICIPATION:3480|hsa04140	3480	IGF1R	hsa:3480	KEGG:hsa04140	hsa04140	KEGG
KEGG_PARTICIPATION:3480|hsa04144	3480	IGF1R	hsa:3480	KEGG:hsa04144	hsa04144	KEGG
KEGG_PARTICIPATION:3480|hsa04150	3480	IGF1R	hsa:3480	KEGG:hsa04150	hsa04150	KEGG
KEGG_PARTICIPATION:3480|hsa04151	3480	IGF1R	hsa:3480	KEGG:hsa04151	hsa04151	KEGG
KEGG_PARTICIPATION:3480|hsa04152	3480	IGF1R	hsa:3480	KEGG:hsa04152	hsa04152	KEGG
KEGG_PARTICIPATION:3480|hsa04211	3480	IGF1R	hsa:3480	KEGG:hsa04211	hsa04211	KEGG
KEGG_PARTICIPATION:3480|hsa04213	3480	IGF1R	hsa:3480	KEGG:hsa04213	hsa04213	KEGG
KEGG_PARTICIPATION:3480|hsa04510	3480	IGF1R	hsa:3480	KEGG:hsa04510	hsa04510	KEGG
KEGG_PARTICIPATION:3480|hsa04518	3480	IGF1R	hsa:3480	KEGG:hsa04518	hsa04518	KEGG
KEGG_PARTICIPATION:3480|hsa04519	3480	IGF1R	hsa:3480	KEGG:hsa04519	hsa04519	KEGG
KEGG_PARTICIPATION:3480|hsa04520	3480	IGF1R	hsa:3480	KEGG:hsa04520	hsa04520	KEGG
KEGG_PARTICIPATION:3480|hsa04550	3480	IGF1R	hsa:3480	KEGG:hsa04550	hsa04550	KEGG
KEGG_PARTICIPATION:3480|hsa04730	3480	IGF1R	hsa:3480	KEGG:hsa04730	hsa04730	KEGG
KEGG_PARTICIPATION:3480|hsa04913	3480	IGF1R	hsa:3480	KEGG:hsa04913	hsa04913	KEGG
KEGG_PARTICIPATION:3480|hsa04914	3480	IGF1R	hsa:3480	KEGG:hsa04914	hsa04914	KEGG
KEGG_PARTICIPATION:3480|hsa05200	3480	IGF1R	hsa:3480	KEGG:hsa05200	hsa05200	KEGG
KEGG_PARTICIPATION:3480|hsa05202	3480	IGF1R	hsa:3480	KEGG:hsa05202	hsa05202	KEGG
KEGG_PARTICIPATION:3480|hsa05205	3480	IGF1R	hsa:3480	KEGG:hsa05205	hsa05205	KEGG
KEGG_PARTICIPATION:3480|hsa05214	3480	IGF1R	hsa:3480	KEGG:hsa05214	hsa05214	KEGG
KEGG_PARTICIPATION:3480|hsa05215	3480	IGF1R	hsa:3480	KEGG:hsa05215	hsa05215	KEGG
KEGG_PARTICIPATION:3480|hsa05218	3480	IGF1R	hsa:3480	KEGG:hsa05218	hsa05218	KEGG
KEGG_PARTICIPATION:3480|hsa05224	3480	IGF1R	hsa:3480	KEGG:hsa05224	hsa05224	KEGG
KEGG_PARTICIPATION:3480|hsa05225	3480	IGF1R	hsa:3480	KEGG:hsa05225	hsa05225	KEGG
KEGG_PARTICIPATION:3481|hsa04010	3481	IGF2	hsa:3481	KEGG:hsa04010	hsa04010	KEGG
KEGG_PARTICIPATION:3481|hsa04014	3481	IGF2	hsa:3481	KEGG:hsa04014	hsa04014	KEGG
KEGG_PARTICIPATION:3481|hsa04081	3481	IGF2	hsa:3481	KEGG:hsa04081	hsa04081	KEGG
KEGG_PARTICIPATION:3481|hsa04151	3481	IGF2	hsa:3481	KEGG:hsa04151	hsa04151	KEGG
KEGG_PARTICIPATION:3481|hsa05200	3481	IGF2	hsa:3481	KEGG:hsa05200	hsa05200	KEGG
KEGG_PARTICIPATION:3481|hsa05205	3481	IGF2	hsa:3481	KEGG:hsa05205	hsa05205	KEGG
KEGG_PARTICIPATION:3481|hsa05225	3481	IGF2	hsa:3481	KEGG:hsa05225	hsa05225	KEGG
KEGG_PARTICIPATION:3482|hsa03266	3482	IGF2R	hsa:3482	KEGG:hsa03266	hsa03266	KEGG
KEGG_PARTICIPATION:3482|hsa04142	3482	IGF2R	hsa:3482	KEGG:hsa04142	hsa04142	KEGG
KEGG_PARTICIPATION:3482|hsa04144	3482	IGF2R	hsa:3482	KEGG:hsa04144	hsa04144	KEGG
KEGG_PARTICIPATION:3483|hsa04935	3483	IGFALS	hsa:3483	KEGG:hsa04935	hsa04935	KEGG
KEGG_PARTICIPATION:350|hsa04979	350	APOH	hsa:350	KEGG:hsa04979	hsa04979	KEGG
KEGG_PARTICIPATION:3552|hsa04010	3552	IL1A	hsa:3552	KEGG:hsa04010	hsa04010	KEGG
KEGG_PARTICIPATION:3552|hsa04060	3552	IL1A	hsa:3552	KEGG:hsa04060	hsa04060	KEGG
KEGG_PARTICIPATION:3552|hsa04217	3552	IL1A	hsa:3552	KEGG:hsa04217	hsa04217	KEGG
KEGG_PARTICIPATION:3552|hsa04218	3552	IL1A	hsa:3552	KEGG:hsa04218	hsa04218	KEGG
KEGG_PARTICIPATION:3552|hsa04380	3552	IL1A	hsa:3552	KEGG:hsa04380	hsa04380	KEGG
KEGG_PARTICIPATION:3552|hsa04640	3552	IL1A	hsa:3552	KEGG:hsa04640	hsa04640	KEGG
KEGG_PARTICIPATION:3552|hsa04932	3552	IL1A	hsa:3552	KEGG:hsa04932	hsa04932	KEGG
KEGG_PARTICIPATION:3552|hsa04933	3552	IL1A	hsa:3552	KEGG:hsa04933	hsa04933	KEGG
KEGG_PARTICIPATION:3552|hsa04940	3552	IL1A	hsa:3552	KEGG:hsa04940	hsa04940	KEGG
KEGG_PARTICIPATION:3552|hsa05010	3552	IL1A	hsa:3552	KEGG:hsa05010	hsa05010	KEGG
KEGG_PARTICIPATION:3552|hsa05020	3552	IL1A	hsa:3552	KEGG:hsa05020	hsa05020	KEGG
KEGG_PARTICIPATION:3552|hsa05022	3552	IL1A	hsa:3552	KEGG:hsa05022	hsa05022	KEGG
KEGG_PARTICIPATION:3552|hsa05133	3552	IL1A	hsa:3552	KEGG:hsa05133	hsa05133	KEGG
KEGG_PARTICIPATION:3552|hsa05140	3552	IL1A	hsa:3552	KEGG:hsa05140	hsa05140	KEGG
KEGG_PARTICIPATION:3552|hsa05152	3552	IL1A	hsa:3552	KEGG:hsa05152	hsa05152	KEGG
KEGG_PARTICIPATION:3552|hsa05162	3552	IL1A	hsa:3552	KEGG:hsa05162	hsa05162	KEGG
KEGG_PARTICIPATION:3552|hsa05164	3552	IL1A	hsa:3552	KEGG:hsa05164	hsa05164	KEGG
KEGG_PARTICIPATION:3552|hsa05321	3552	IL1A	hsa:3552	KEGG:hsa05321	hsa05321	KEGG
KEGG_PARTICIPATION:3552|hsa05323	3552	IL1A	hsa:3552	KEGG:hsa05323	hsa05323	KEGG
KEGG_PARTICIPATION:3552|hsa05332	3552	IL1A	hsa:3552	KEGG:hsa05332	hsa05332	KEGG
KEGG_PARTICIPATION:3552|hsa05418	3552	IL1A	hsa:3552	KEGG:hsa05418	hsa05418	KEGG
KEGG_PARTICIPATION:3553|hsa01523	3553	IL1B	hsa:3553	KEGG:hsa01523	hsa01523	KEGG
KEGG_PARTICIPATION:3553|hsa04010	3553	IL1B	hsa:3553	KEGG:hsa04010	hsa04010	KEGG
KEGG_PARTICIPATION:3553|hsa04060	3553	IL1B	hsa:3553	KEGG:hsa04060	hsa04060	KEGG
KEGG_PARTICIPATION:3553|hsa04064	3553	IL1B	hsa:3553	KEGG:hsa04064	hsa04064	KEGG
KEGG_PARTICIPATION:3553|hsa04217	3553	IL1B	hsa:3553	KEGG:hsa04217	hsa04217	KEGG
KEGG_PARTICIPATION:3553|hsa04380	3553	IL1B	hsa:3553	KEGG:hsa04380	hsa04380	KEGG
KEGG_PARTICIPATION:3553|hsa04620	3553	IL1B	hsa:3553	KEGG:hsa04620	hsa04620	KEGG
KEGG_PARTICIPATION:3553|hsa04621	3553	IL1B	hsa:3553	KEGG:hsa04621	hsa04621	KEGG
KEGG_PARTICIPATION:3553|hsa04623	3553	IL1B	hsa:3553	KEGG:hsa04623	hsa04623	KEGG
KEGG_PARTICIPATION:3553|hsa04625	3553	IL1B	hsa:3553	KEGG:hsa04625	hsa04625	KEGG
KEGG_PARTICIPATION:3553|hsa04640	3553	IL1B	hsa:3553	KEGG:hsa04640	hsa04640	KEGG
KEGG_PARTICIPATION:3553|hsa04657	3553	IL1B	hsa:3553	KEGG:hsa04657	hsa04657	KEGG
KEGG_PARTICIPATION:3553|hsa04659	3553	IL1B	hsa:3553	KEGG:hsa04659	hsa04659	KEGG
KEGG_PARTICIPATION:3553|hsa04668	3553	IL1B	hsa:3553	KEGG:hsa04668	hsa04668	KEGG
KEGG_PARTICIPATION:3553|hsa04750	3553	IL1B	hsa:3553	KEGG:hsa04750	hsa04750	KEGG
KEGG_PARTICIPATION:3553|hsa04932	3553	IL1B	hsa:3553	KEGG:hsa04932	hsa04932	KEGG
KEGG_PARTICIPATION:3553|hsa04933	3553	IL1B	hsa:3553	KEGG:hsa04933	hsa04933	KEGG
KEGG_PARTICIPATION:3553|hsa04936	3553	IL1B	hsa:3553	KEGG:hsa04936	hsa04936	KEGG
KEGG_PARTICIPATION:3553|hsa04940	3553	IL1B	hsa:3553	KEGG:hsa04940	hsa04940	KEGG
KEGG_PARTICIPATION:3553|hsa05010	3553	IL1B	hsa:3553	KEGG:hsa05010	hsa05010	KEGG
KEGG_PARTICIPATION:3553|hsa05020	3553	IL1B	hsa:3553	KEGG:hsa05020	hsa05020	KEGG
KEGG_PARTICIPATION:3553|hsa05022	3553	IL1B	hsa:3553	KEGG:hsa05022	hsa05022	KEGG
KEGG_PARTICIPATION:3553|hsa05130	3553	IL1B	hsa:3553	KEGG:hsa05130	hsa05130	KEGG
KEGG_PARTICIPATION:3553|hsa05131	3553	IL1B	hsa:3553	KEGG:hsa05131	hsa05131	KEGG
KEGG_PARTICIPATION:3553|hsa05132	3553	IL1B	hsa:3553	KEGG:hsa05132	hsa05132	KEGG
KEGG_PARTICIPATION:3553|hsa05133	3553	IL1B	hsa:3553	KEGG:hsa05133	hsa05133	KEGG
KEGG_PARTICIPATION:3553|hsa05134	3553	IL1B	hsa:3553	KEGG:hsa05134	hsa05134	KEGG
KEGG_PARTICIPATION:3553|hsa05135	3553	IL1B	hsa:3553	KEGG:hsa05135	hsa05135	KEGG
KEGG_PARTICIPATION:3553|hsa05140	3553	IL1B	hsa:3553	KEGG:hsa05140	hsa05140	KEGG
KEGG_PARTICIPATION:3553|hsa05142	3553	IL1B	hsa:3553	KEGG:hsa05142	hsa05142	KEGG
KEGG_PARTICIPATION:3553|hsa05143	3553	IL1B	hsa:3553	KEGG:hsa05143	hsa05143	KEGG
KEGG_PARTICIPATION:3553|hsa05144	3553	IL1B	hsa:3553	KEGG:hsa05144	hsa05144	KEGG
KEGG_PARTICIPATION:3553|hsa05146	3553	IL1B	hsa:3553	KEGG:hsa05146	hsa05146	KEGG
KEGG_PARTICIPATION:3553|hsa05152	3553	IL1B	hsa:3553	KEGG:hsa05152	hsa05152	KEGG
KEGG_PARTICIPATION:3553|hsa05162	3553	IL1B	hsa:3553	KEGG:hsa05162	hsa05162	KEGG
KEGG_PARTICIPATION:3553|hsa05163	3553	IL1B	hsa:3553	KEGG:hsa05163	hsa05163	KEGG
KEGG_PARTICIPATION:3553|hsa05164	3553	IL1B	hsa:3553	KEGG:hsa05164	hsa05164	KEGG
KEGG_PARTICIPATION:3553|hsa05168	3553	IL1B	hsa:3553	KEGG:hsa05168	hsa05168	KEGG
KEGG_PARTICIPATION:3553|hsa05171	3553	IL1B	hsa:3553	KEGG:hsa05171	hsa05171	KEGG
KEGG_PARTICIPATION:3553|hsa05321	3553	IL1B	hsa:3553	KEGG:hsa05321	hsa05321	KEGG
KEGG_PARTICIPATION:3553|hsa05323	3553	IL1B	hsa:3553	KEGG:hsa05323	hsa05323	KEGG
KEGG_PARTICIPATION:3553|hsa05332	3553	IL1B	hsa:3553	KEGG:hsa05332	hsa05332	KEGG
KEGG_PARTICIPATION:3553|hsa05417	3553	IL1B	hsa:3553	KEGG:hsa05417	hsa05417	KEGG
KEGG_PARTICIPATION:3553|hsa05418	3553	IL1B	hsa:3553	KEGG:hsa05418	hsa05418	KEGG
KEGG_PARTICIPATION:3556|hsa04010	3556	IL1RAP	hsa:3556	KEGG:hsa04010	hsa04010	KEGG
KEGG_PARTICIPATION:3556|hsa04060	3556	IL1RAP	hsa:3556	KEGG:hsa04060	hsa04060	KEGG
KEGG_PARTICIPATION:3556|hsa04517	3556	IL1RAP	hsa:3556	KEGG:hsa04517	hsa04517	KEGG
KEGG_PARTICIPATION:3556|hsa04659	3556	IL1RAP	hsa:3556	KEGG:hsa04659	hsa04659	KEGG
KEGG_PARTICIPATION:3556|hsa04750	3556	IL1RAP	hsa:3556	KEGG:hsa04750	hsa04750	KEGG
KEGG_PARTICIPATION:3557|hsa04060	3557	IL1RN	hsa:3557	KEGG:hsa04060	hsa04060	KEGG
KEGG_PARTICIPATION:3558|hsa04060	3558	IL2	hsa:3558	KEGG:hsa04060	hsa04060	KEGG
KEGG_PARTICIPATION:3558|hsa04061	3558	IL2	hsa:3558	KEGG:hsa04061	hsa04061	KEGG
KEGG_PARTICIPATION:3558|hsa04151	3558	IL2	hsa:3558	KEGG:hsa04151	hsa04151	KEGG
KEGG_PARTICIPATION:3558|hsa04625	3558	IL2	hsa:3558	KEGG:hsa04625	hsa04625	KEGG
KEGG_PARTICIPATION:3558|hsa04630	3558	IL2	hsa:3558	KEGG:hsa04630	hsa04630	KEGG
KEGG_PARTICIPATION:3558|hsa04658	3558	IL2	hsa:3558	KEGG:hsa04658	hsa04658	KEGG
KEGG_PARTICIPATION:3558|hsa04659	3558	IL2	hsa:3558	KEGG:hsa04659	hsa04659	KEGG
KEGG_PARTICIPATION:3558|hsa04660	3558	IL2	hsa:3558	KEGG:hsa04660	hsa04660	KEGG
KEGG_PARTICIPATION:3558|hsa04672	3558	IL2	hsa:3558	KEGG:hsa04672	hsa04672	KEGG
KEGG_PARTICIPATION:3558|hsa04940	3558	IL2	hsa:3558	KEGG:hsa04940	hsa04940	KEGG
KEGG_PARTICIPATION:3558|hsa05135	3558	IL2	hsa:3558	KEGG:hsa05135	hsa05135	KEGG
KEGG_PARTICIPATION:3558|hsa05142	3558	IL2	hsa:3558	KEGG:hsa05142	hsa05142	KEGG
KEGG_PARTICIPATION:3558|hsa05162	3558	IL2	hsa:3558	KEGG:hsa05162	hsa05162	KEGG
KEGG_PARTICIPATION:3558|hsa05166	3558	IL2	hsa:3558	KEGG:hsa05166	hsa05166	KEGG
KEGG_PARTICIPATION:3558|hsa05171	3558	IL2	hsa:3558	KEGG:hsa05171	hsa05171	KEGG
KEGG_PARTICIPATION:3558|hsa05200	3558	IL2	hsa:3558	KEGG:hsa05200	hsa05200	KEGG
KEGG_PARTICIPATION:3558|hsa05320	3558	IL2	hsa:3558	KEGG:hsa05320	hsa05320	KEGG
KEGG_PARTICIPATION:3558|hsa05321	3558	IL2	hsa:3558	KEGG:hsa05321	hsa05321	KEGG
KEGG_PARTICIPATION:3558|hsa05330	3558	IL2	hsa:3558	KEGG:hsa05330	hsa05330	KEGG
KEGG_PARTICIPATION:3558|hsa05332	3558	IL2	hsa:3558	KEGG:hsa05332	hsa05332	KEGG
KEGG_PARTICIPATION:355|hsa01524	355	FAS	hsa:355	KEGG:hsa01524	hsa01524	KEGG
KEGG_PARTICIPATION:355|hsa04010	355	FAS	hsa:355	KEGG:hsa04010	hsa04010	KEGG
KEGG_PARTICIPATION:355|hsa04060	355	FAS	hsa:355	KEGG:hsa04060	hsa04060	KEGG
KEGG_PARTICIPATION:355|hsa04115	355	FAS	hsa:355	KEGG:hsa04115	hsa04115	KEGG
KEGG_PARTICIPATION:355|hsa04210	355	FAS	hsa:355	KEGG:hsa04210	hsa04210	KEGG
KEGG_PARTICIPATION:355|hsa04217	355	FAS	hsa:355	KEGG:hsa04217	hsa04217	KEGG
KEGG_PARTICIPATION:355|hsa04650	355	FAS	hsa:355	KEGG:hsa04650	hsa04650	KEGG
KEGG_PARTICIPATION:355|hsa04668	355	FAS	hsa:355	KEGG:hsa04668	hsa04668	KEGG
KEGG_PARTICIPATION:355|hsa04932	355	FAS	hsa:355	KEGG:hsa04932	hsa04932	KEGG
KEGG_PARTICIPATION:355|hsa04936	355	FAS	hsa:355	KEGG:hsa04936	hsa04936	KEGG
KEGG_PARTICIPATION:355|hsa04940	355	FAS	hsa:355	KEGG:hsa04940	hsa04940	KEGG
KEGG_PARTICIPATION:355|hsa05010	355	FAS	hsa:355	KEGG:hsa05010	hsa05010	KEGG
KEGG_PARTICIPATION:355|hsa05022	355	FAS	hsa:355	KEGG:hsa05022	hsa05022	KEGG
KEGG_PARTICIPATION:355|hsa05130	355	FAS	hsa:355	KEGG:hsa05130	hsa05130	KEGG
KEGG_PARTICIPATION:355|hsa05142	355	FAS	hsa:355	KEGG:hsa05142	hsa05142	KEGG
KEGG_PARTICIPATION:355|hsa05143	355	FAS	hsa:355	KEGG:hsa05143	hsa05143	KEGG
KEGG_PARTICIPATION:355|hsa05160	355	FAS	hsa:355	KEGG:hsa05160	hsa05160	KEGG
KEGG_PARTICIPATION:355|hsa05161	355	FAS	hsa:355	KEGG:hsa05161	hsa05161	KEGG
KEGG_PARTICIPATION:355|hsa05162	355	FAS	hsa:355	KEGG:hsa05162	hsa05162	KEGG
KEGG_PARTICIPATION:355|hsa05163	355	FAS	hsa:355	KEGG:hsa05163	hsa05163	KEGG
KEGG_PARTICIPATION:355|hsa05164	355	FAS	hsa:355	KEGG:hsa05164	hsa05164	KEGG
KEGG_PARTICIPATION:355|hsa05165	355	FAS	hsa:355	KEGG:hsa05165	hsa05165	KEGG
KEGG_PARTICIPATION:355|hsa05167	355	FAS	hsa:355	KEGG:hsa05167	hsa05167	KEGG
KEGG_PARTICIPATION:355|hsa05168	355	FAS	hsa:355	KEGG:hsa05168	hsa05168	KEGG
KEGG_PARTICIPATION:355|hsa05169	355	FAS	hsa:355	KEGG:hsa05169	hsa05169	KEGG
KEGG_PARTICIPATION:355|hsa05170	355	FAS	hsa:355	KEGG:hsa05170	hsa05170	KEGG
KEGG_PARTICIPATION:355|hsa05200	355	FAS	hsa:355	KEGG:hsa05200	hsa05200	KEGG
KEGG_PARTICIPATION:355|hsa05205	355	FAS	hsa:355	KEGG:hsa05205	hsa05205	KEGG
KEGG_PARTICIPATION:355|hsa05320	355	FAS	hsa:355	KEGG:hsa05320	hsa05320	KEGG
KEGG_PARTICIPATION:355|hsa05330	355	FAS	hsa:355	KEGG:hsa05330	hsa05330	KEGG
KEGG_PARTICIPATION:355|hsa05332	355	FAS	hsa:355	KEGG:hsa05332	hsa05332	KEGG
KEGG_PARTICIPATION:355|hsa05417	355	FAS	hsa:355	KEGG:hsa05417	hsa05417	KEGG
KEGG_PARTICIPATION:3562|hsa04060	3562	IL3	hsa:3562	KEGG:hsa04060	hsa04060	KEGG
KEGG_PARTICIPATION:3562|hsa04151	3562	IL3	hsa:3562	KEGG:hsa04151	hsa04151	KEGG
KEGG_PARTICIPATION:3562|hsa04210	3562	IL3	hsa:3562	KEGG:hsa04210	hsa04210	KEGG
KEGG_PARTICIPATION:3562|hsa04630	3562	IL3	hsa:3562	KEGG:hsa04630	hsa04630	KEGG
KEGG_PARTICIPATION:3562|hsa04640	3562	IL3	hsa:3562	KEGG:hsa04640	hsa04640	KEGG
KEGG_PARTICIPATION:3562|hsa04664	3562	IL3	hsa:3562	KEGG:hsa04664	hsa04664	KEGG
KEGG_PARTICIPATION:3562|hsa05200	3562	IL3	hsa:3562	KEGG:hsa05200	hsa05200	KEGG
KEGG_PARTICIPATION:3562|hsa05202	3562	IL3	hsa:3562	KEGG:hsa05202	hsa05202	KEGG
KEGG_PARTICIPATION:3562|hsa05221	3562	IL3	hsa:3562	KEGG:hsa05221	hsa05221	KEGG
KEGG_PARTICIPATION:3562|hsa05310	3562	IL3	hsa:3562	KEGG:hsa05310	hsa05310	KEGG
KEGG_PARTICIPATION:3565|hsa04060	3565	IL4	hsa:3565	KEGG:hsa04060	hsa04060	KEGG
KEGG_PARTICIPATION:3565|hsa04151	3565	IL4	hsa:3565	KEGG:hsa04151	hsa04151	KEGG
KEGG_PARTICIPATION:3565|hsa04630	3565	IL4	hsa:3565	KEGG:hsa04630	hsa04630	KEGG
KEGG_PARTICIPATION:3565|hsa04640	3565	IL4	hsa:3565	KEGG:hsa04640	hsa04640	KEGG
KEGG_PARTICIPATION:3565|hsa04657	3565	IL4	hsa:3565	KEGG:hsa04657	hsa04657	KEGG
KEGG_PARTICIPATION:3565|hsa04658	3565	IL4	hsa:3565	KEGG:hsa04658	hsa04658	KEGG
KEGG_PARTICIPATION:3565|hsa04659	3565	IL4	hsa:3565	KEGG:hsa04659	hsa04659	KEGG
KEGG_PARTICIPATION:3565|hsa04660	3565	IL4	hsa:3565	KEGG:hsa04660	hsa04660	KEGG
KEGG_PARTICIPATION:3565|hsa04664	3565	IL4	hsa:3565	KEGG:hsa04664	hsa04664	KEGG
KEGG_PARTICIPATION:3565|hsa04672	3565	IL4	hsa:3565	KEGG:hsa04672	hsa04672	KEGG
KEGG_PARTICIPATION:3565|hsa05140	3565	IL4	hsa:3565	KEGG:hsa05140	hsa05140	KEGG
KEGG_PARTICIPATION:3565|hsa05200	3565	IL4	hsa:3565	KEGG:hsa05200	hsa05200	KEGG
KEGG_PARTICIPATION:3565|hsa05310	3565	IL4	hsa:3565	KEGG:hsa05310	hsa05310	KEGG
KEGG_PARTICIPATION:3565|hsa05320	3565	IL4	hsa:3565	KEGG:hsa05320	hsa05320	KEGG
KEGG_PARTICIPATION:3565|hsa05321	3565	IL4	hsa:3565	KEGG:hsa05321	hsa05321	KEGG
KEGG_PARTICIPATION:3565|hsa05330	3565	IL4	hsa:3565	KEGG:hsa05330	hsa05330	KEGG
KEGG_PARTICIPATION:3569|hsa01521	3569	IL6	hsa:3569	KEGG:hsa01521	hsa01521	KEGG
KEGG_PARTICIPATION:3569|hsa01523	3569	IL6	hsa:3569	KEGG:hsa01523	hsa01523	KEGG
KEGG_PARTICIPATION:3569|hsa04060	3569	IL6	hsa:3569	KEGG:hsa04060	hsa04060	KEGG
KEGG_PARTICIPATION:3569|hsa04061	3569	IL6	hsa:3569	KEGG:hsa04061	hsa04061	KEGG
KEGG_PARTICIPATION:3569|hsa04066	3569	IL6	hsa:3569	KEGG:hsa04066	hsa04066	KEGG
KEGG_PARTICIPATION:3569|hsa04068	3569	IL6	hsa:3569	KEGG:hsa04068	hsa04068	KEGG
KEGG_PARTICIPATION:3569|hsa04151	3569	IL6	hsa:3569	KEGG:hsa04151	hsa04151	KEGG
KEGG_PARTICIPATION:3569|hsa04218	3569	IL6	hsa:3569	KEGG:hsa04218	hsa04218	KEGG
KEGG_PARTICIPATION:3569|hsa04620	3569	IL6	hsa:3569	KEGG:hsa04620	hsa04620	KEGG
KEGG_PARTICIPATION:3569|hsa04621	3569	IL6	hsa:3569	KEGG:hsa04621	hsa04621	KEGG
KEGG_PARTICIPATION:3569|hsa04623	3569	IL6	hsa:3569	KEGG:hsa04623	hsa04623	KEGG
KEGG_PARTICIPATION:3569|hsa04625	3569	IL6	hsa:3569	KEGG:hsa04625	hsa04625	KEGG
KEGG_PARTICIPATION:3569|hsa04630	3569	IL6	hsa:3569	KEGG:hsa04630	hsa04630	KEGG
KEGG_PARTICIPATION:3569|hsa04640	3569	IL6	hsa:3569	KEGG:hsa04640	hsa04640	KEGG
KEGG_PARTICIPATION:3569|hsa04657	3569	IL6	hsa:3569	KEGG:hsa04657	hsa04657	KEGG
KEGG_PARTICIPATION:3569|hsa04659	3569	IL6	hsa:3569	KEGG:hsa04659	hsa04659	KEGG
KEGG_PARTICIPATION:3569|hsa04668	3569	IL6	hsa:3569	KEGG:hsa04668	hsa04668	KEGG
KEGG_PARTICIPATION:3569|hsa04672	3569	IL6	hsa:3569	KEGG:hsa04672	hsa04672	KEGG
KEGG_PARTICIPATION:3569|hsa04931	3569	IL6	hsa:3569	KEGG:hsa04931	hsa04931	KEGG
KEGG_PARTICIPATION:3569|hsa04932	3569	IL6	hsa:3569	KEGG:hsa04932	hsa04932	KEGG
KEGG_PARTICIPATION:3569|hsa04933	3569	IL6	hsa:3569	KEGG:hsa04933	hsa04933	KEGG
KEGG_PARTICIPATION:3569|hsa04936	3569	IL6	hsa:3569	KEGG:hsa04936	hsa04936	KEGG
KEGG_PARTICIPATION:3569|hsa05010	3569	IL6	hsa:3569	KEGG:hsa05010	hsa05010	KEGG
KEGG_PARTICIPATION:3569|hsa05020	3569	IL6	hsa:3569	KEGG:hsa05020	hsa05020	KEGG
KEGG_PARTICIPATION:3569|hsa05022	3569	IL6	hsa:3569	KEGG:hsa05022	hsa05022	KEGG
KEGG_PARTICIPATION:3569|hsa05130	3569	IL6	hsa:3569	KEGG:hsa05130	hsa05130	KEGG
KEGG_PARTICIPATION:3569|hsa05132	3569	IL6	hsa:3569	KEGG:hsa05132	hsa05132	KEGG
KEGG_PARTICIPATION:3569|hsa05133	3569	IL6	hsa:3569	KEGG:hsa05133	hsa05133	KEGG
KEGG_PARTICIPATION:3569|hsa05134	3569	IL6	hsa:3569	KEGG:hsa05134	hsa05134	KEGG
KEGG_PARTICIPATION:3569|hsa05135	3569	IL6	hsa:3569	KEGG:hsa05135	hsa05135	KEGG
KEGG_PARTICIPATION:3569|hsa05142	3569	IL6	hsa:3569	KEGG:hsa05142	hsa05142	KEGG
KEGG_PARTICIPATION:3569|hsa05143	3569	IL6	hsa:3569	KEGG:hsa05143	hsa05143	KEGG
KEGG_PARTICIPATION:3569|hsa05144	3569	IL6	hsa:3569	KEGG:hsa05144	hsa05144	KEGG
KEGG_PARTICIPATION:3569|hsa05146	3569	IL6	hsa:3569	KEGG:hsa05146	hsa05146	KEGG
KEGG_PARTICIPATION:3569|hsa05152	3569	IL6	hsa:3569	KEGG:hsa05152	hsa05152	KEGG
KEGG_PARTICIPATION:3569|hsa05161	3569	IL6	hsa:3569	KEGG:hsa05161	hsa05161	KEGG
KEGG_PARTICIPATION:3569|hsa05162	3569	IL6	hsa:3569	KEGG:hsa05162	hsa05162	KEGG
KEGG_PARTICIPATION:3569|hsa05163	3569	IL6	hsa:3569	KEGG:hsa05163	hsa05163	KEGG
KEGG_PARTICIPATION:3569|hsa05164	3569	IL6	hsa:3569	KEGG:hsa05164	hsa05164	KEGG
KEGG_PARTICIPATION:3569|hsa05166	3569	IL6	hsa:3569	KEGG:hsa05166	hsa05166	KEGG
KEGG_PARTICIPATION:3569|hsa05167	3569	IL6	hsa:3569	KEGG:hsa05167	hsa05167	KEGG
KEGG_PARTICIPATION:3569|hsa05168	3569	IL6	hsa:3569	KEGG:hsa05168	hsa05168	KEGG
KEGG_PARTICIPATION:3569|hsa05169	3569	IL6	hsa:3569	KEGG:hsa05169	hsa05169	KEGG
KEGG_PARTICIPATION:3569|hsa05171	3569	IL6	hsa:3569	KEGG:hsa05171	hsa05171	KEGG
KEGG_PARTICIPATION:3569|hsa05200	3569	IL6	hsa:3569	KEGG:hsa05200	hsa05200	KEGG
KEGG_PARTICIPATION:3569|hsa05202	3569	IL6	hsa:3569	KEGG:hsa05202	hsa05202	KEGG
KEGG_PARTICIPATION:3569|hsa05321	3569	IL6	hsa:3569	KEGG:hsa05321	hsa05321	KEGG
KEGG_PARTICIPATION:3569|hsa05323	3569	IL6	hsa:3569	KEGG:hsa05323	hsa05323	KEGG
KEGG_PARTICIPATION:3569|hsa05332	3569	IL6	hsa:3569	KEGG:hsa05332	hsa05332	KEGG
KEGG_PARTICIPATION:3569|hsa05410	3569	IL6	hsa:3569	KEGG:hsa05410	hsa05410	KEGG
KEGG_PARTICIPATION:3569|hsa05417	3569	IL6	hsa:3569	KEGG:hsa05417	hsa05417	KEGG
KEGG_PARTICIPATION:3576|hsa04060	3576	CXCL8	hsa:3576	KEGG:hsa04060	hsa04060	KEGG
KEGG_PARTICIPATION:3576|hsa04061	3576	CXCL8	hsa:3576	KEGG:hsa04061	hsa04061	KEGG
KEGG_PARTICIPATION:3576|hsa04062	3576	CXCL8	hsa:3576	KEGG:hsa04062	hsa04062	KEGG
KEGG_PARTICIPATION:3576|hsa04064	3576	CXCL8	hsa:3576	KEGG:hsa04064	hsa04064	KEGG
KEGG_PARTICIPATION:3576|hsa04072	3576	CXCL8	hsa:3576	KEGG:hsa04072	hsa04072	KEGG
KEGG_PARTICIPATION:3576|hsa04218	3576	CXCL8	hsa:3576	KEGG:hsa04218	hsa04218	KEGG
KEGG_PARTICIPATION:3576|hsa04620	3576	CXCL8	hsa:3576	KEGG:hsa04620	hsa04620	KEGG
KEGG_PARTICIPATION:3576|hsa04621	3576	CXCL8	hsa:3576	KEGG:hsa04621	hsa04621	KEGG
KEGG_PARTICIPATION:3576|hsa04622	3576	CXCL8	hsa:3576	KEGG:hsa04622	hsa04622	KEGG
KEGG_PARTICIPATION:3576|hsa04657	3576	CXCL8	hsa:3576	KEGG:hsa04657	hsa04657	KEGG
KEGG_PARTICIPATION:3576|hsa04932	3576	CXCL8	hsa:3576	KEGG:hsa04932	hsa04932	KEGG
KEGG_PARTICIPATION:3576|hsa04933	3576	CXCL8	hsa:3576	KEGG:hsa04933	hsa04933	KEGG
KEGG_PARTICIPATION:3576|hsa04936	3576	CXCL8	hsa:3576	KEGG:hsa04936	hsa04936	KEGG
KEGG_PARTICIPATION:3576|hsa05120	3576	CXCL8	hsa:3576	KEGG:hsa05120	hsa05120	KEGG
KEGG_PARTICIPATION:3576|hsa05130	3576	CXCL8	hsa:3576	KEGG:hsa05130	hsa05130	KEGG
KEGG_PARTICIPATION:3576|hsa05131	3576	CXCL8	hsa:3576	KEGG:hsa05131	hsa05131	KEGG
KEGG_PARTICIPATION:3576|hsa05132	3576	CXCL8	hsa:3576	KEGG:hsa05132	hsa05132	KEGG
KEGG_PARTICIPATION:3576|hsa05133	3576	CXCL8	hsa:3576	KEGG:hsa05133	hsa05133	KEGG
KEGG_PARTICIPATION:3576|hsa05134	3576	CXCL8	hsa:3576	KEGG:hsa05134	hsa05134	KEGG
KEGG_PARTICIPATION:3576|hsa05135	3576	CXCL8	hsa:3576	KEGG:hsa05135	hsa05135	KEGG
KEGG_PARTICIPATION:3576|hsa05142	3576	CXCL8	hsa:3576	KEGG:hsa05142	hsa05142	KEGG
KEGG_PARTICIPATION:3576|hsa05144	3576	CXCL8	hsa:3576	KEGG:hsa05144	hsa05144	KEGG
KEGG_PARTICIPATION:3576|hsa05146	3576	CXCL8	hsa:3576	KEGG:hsa05146	hsa05146	KEGG
KEGG_PARTICIPATION:3576|hsa05161	3576	CXCL8	hsa:3576	KEGG:hsa05161	hsa05161	KEGG
KEGG_PARTICIPATION:3576|hsa05163	3576	CXCL8	hsa:3576	KEGG:hsa05163	hsa05163	KEGG
KEGG_PARTICIPATION:3576|hsa05164	3576	CXCL8	hsa:3576	KEGG:hsa05164	hsa05164	KEGG
KEGG_PARTICIPATION:3576|hsa05167	3576	CXCL8	hsa:3576	KEGG:hsa05167	hsa05167	KEGG
KEGG_PARTICIPATION:3576|hsa05171	3576	CXCL8	hsa:3576	KEGG:hsa05171	hsa05171	KEGG
KEGG_PARTICIPATION:3576|hsa05200	3576	CXCL8	hsa:3576	KEGG:hsa05200	hsa05200	KEGG
KEGG_PARTICIPATION:3576|hsa05202	3576	CXCL8	hsa:3576	KEGG:hsa05202	hsa05202	KEGG
KEGG_PARTICIPATION:3576|hsa05219	3576	CXCL8	hsa:3576	KEGG:hsa05219	hsa05219	KEGG
KEGG_PARTICIPATION:3576|hsa05323	3576	CXCL8	hsa:3576	KEGG:hsa05323	hsa05323	KEGG
KEGG_PARTICIPATION:3576|hsa05417	3576	CXCL8	hsa:3576	KEGG:hsa05417	hsa05417	KEGG
KEGG_PARTICIPATION:3586|hsa04060	3586	IL10	hsa:3586	KEGG:hsa04060	hsa04060	KEGG
KEGG_PARTICIPATION:3586|hsa04061	3586	IL10	hsa:3586	KEGG:hsa04061	hsa04061	KEGG
KEGG_PARTICIPATION:3586|hsa04068	3586	IL10	hsa:3586	KEGG:hsa04068	hsa04068	KEGG
KEGG_PARTICIPATION:3586|hsa04148	3586	IL10	hsa:3586	KEGG:hsa04148	hsa04148	KEGG
KEGG_PARTICIPATION:3586|hsa04625	3586	IL10	hsa:3586	KEGG:hsa04625	hsa04625	KEGG
KEGG_PARTICIPATION:3586|hsa04630	3586	IL10	hsa:3586	KEGG:hsa04630	hsa04630	KEGG
KEGG_PARTICIPATION:3586|hsa04660	3586	IL10	hsa:3586	KEGG:hsa04660	hsa04660	KEGG
KEGG_PARTICIPATION:3586|hsa04672	3586	IL10	hsa:3586	KEGG:hsa04672	hsa04672	KEGG
KEGG_PARTICIPATION:3586|hsa05133	3586	IL10	hsa:3586	KEGG:hsa05133	hsa05133	KEGG
KEGG_PARTICIPATION:3586|hsa05135	3586	IL10	hsa:3586	KEGG:hsa05135	hsa05135	KEGG
KEGG_PARTICIPATION:3586|hsa05140	3586	IL10	hsa:3586	KEGG:hsa05140	hsa05140	KEGG
KEGG_PARTICIPATION:3586|hsa05142	3586	IL10	hsa:3586	KEGG:hsa05142	hsa05142	KEGG
KEGG_PARTICIPATION:3586|hsa05143	3586	IL10	hsa:3586	KEGG:hsa05143	hsa05143	KEGG
KEGG_PARTICIPATION:3586|hsa05144	3586	IL10	hsa:3586	KEGG:hsa05144	hsa05144	KEGG
KEGG_PARTICIPATION:3586|hsa05145	3586	IL10	hsa:3586	KEGG:hsa05145	hsa05145	KEGG
KEGG_PARTICIPATION:3586|hsa05146	3586	IL10	hsa:3586	KEGG:hsa05146	hsa05146	KEGG
KEGG_PARTICIPATION:3586|hsa05150	3586	IL10	hsa:3586	KEGG:hsa05150	hsa05150	KEGG
KEGG_PARTICIPATION:3586|hsa05152	3586	IL10	hsa:3586	KEGG:hsa05152	hsa05152	KEGG
KEGG_PARTICIPATION:3586|hsa05310	3586	IL10	hsa:3586	KEGG:hsa05310	hsa05310	KEGG
KEGG_PARTICIPATION:3586|hsa05320	3586	IL10	hsa:3586	KEGG:hsa05320	hsa05320	KEGG
KEGG_PARTICIPATION:3586|hsa05321	3586	IL10	hsa:3586	KEGG:hsa05321	hsa05321	KEGG
KEGG_PARTICIPATION:3586|hsa05322	3586	IL10	hsa:3586	KEGG:hsa05322	hsa05322	KEGG
KEGG_PARTICIPATION:3586|hsa05330	3586	IL10	hsa:3586	KEGG:hsa05330	hsa05330	KEGG
KEGG_PARTICIPATION:3592|hsa04060	3592	IL12A	hsa:3592	KEGG:hsa04060	hsa04060	KEGG
KEGG_PARTICIPATION:3592|hsa04620	3592	IL12A	hsa:3592	KEGG:hsa04620	hsa04620	KEGG
KEGG_PARTICIPATION:3592|hsa04622	3592	IL12A	hsa:3592	KEGG:hsa04622	hsa04622	KEGG
KEGG_PARTICIPATION:3592|hsa04625	3592	IL12A	hsa:3592	KEGG:hsa04625	hsa04625	KEGG
KEGG_PARTICIPATION:3592|hsa04630	3592	IL12A	hsa:3592	KEGG:hsa04630	hsa04630	KEGG
KEGG_PARTICIPATION:3592|hsa04658	3592	IL12A	hsa:3592	KEGG:hsa04658	hsa04658	KEGG
KEGG_PARTICIPATION:3592|hsa04936	3592	IL12A	hsa:3592	KEGG:hsa04936	hsa04936	KEGG
KEGG_PARTICIPATION:3592|hsa04940	3592	IL12A	hsa:3592	KEGG:hsa04940	hsa04940	KEGG
KEGG_PARTICIPATION:3592|hsa05133	3592	IL12A	hsa:3592	KEGG:hsa05133	hsa05133	KEGG
KEGG_PARTICIPATION:3592|hsa05134	3592	IL12A	hsa:3592	KEGG:hsa05134	hsa05134	KEGG
KEGG_PARTICIPATION:3592|hsa05140	3592	IL12A	hsa:3592	KEGG:hsa05140	hsa05140	KEGG
KEGG_PARTICIPATION:3592|hsa05142	3592	IL12A	hsa:3592	KEGG:hsa05142	hsa05142	KEGG
KEGG_PARTICIPATION:3592|hsa05143	3592	IL12A	hsa:3592	KEGG:hsa05143	hsa05143	KEGG
KEGG_PARTICIPATION:3592|hsa05144	3592	IL12A	hsa:3592	KEGG:hsa05144	hsa05144	KEGG
KEGG_PARTICIPATION:3592|hsa05145	3592	IL12A	hsa:3592	KEGG:hsa05145	hsa05145	KEGG
KEGG_PARTICIPATION:3592|hsa05146	3592	IL12A	hsa:3592	KEGG:hsa05146	hsa05146	KEGG
KEGG_PARTICIPATION:3592|hsa05152	3592	IL12A	hsa:3592	KEGG:hsa05152	hsa05152	KEGG
KEGG_PARTICIPATION:3592|hsa05162	3592	IL12A	hsa:3592	KEGG:hsa05162	hsa05162	KEGG
KEGG_PARTICIPATION:3592|hsa05164	3592	IL12A	hsa:3592	KEGG:hsa05164	hsa05164	KEGG
KEGG_PARTICIPATION:3592|hsa05168	3592	IL12A	hsa:3592	KEGG:hsa05168	hsa05168	KEGG
KEGG_PARTICIPATION:3592|hsa05171	3592	IL12A	hsa:3592	KEGG:hsa05171	hsa05171	KEGG
KEGG_PARTICIPATION:3592|hsa05200	3592	IL12A	hsa:3592	KEGG:hsa05200	hsa05200	KEGG
KEGG_PARTICIPATION:3592|hsa05321	3592	IL12A	hsa:3592	KEGG:hsa05321	hsa05321	KEGG
KEGG_PARTICIPATION:3592|hsa05330	3592	IL12A	hsa:3592	KEGG:hsa05330	hsa05330	KEGG
KEGG_PARTICIPATION:3592|hsa05417	3592	IL12A	hsa:3592	KEGG:hsa05417	hsa05417	KEGG
KEGG_PARTICIPATION:3606|hsa04060	3606	IL18	hsa:3606	KEGG:hsa04060	hsa04060	KEGG
KEGG_PARTICIPATION:3606|hsa04061	3606	IL18	hsa:3606	KEGG:hsa04061	hsa04061	KEGG
KEGG_PARTICIPATION:3606|hsa04621	3606	IL18	hsa:3606	KEGG:hsa04621	hsa04621	KEGG
KEGG_PARTICIPATION:3606|hsa04623	3606	IL18	hsa:3606	KEGG:hsa04623	hsa04623	KEGG
KEGG_PARTICIPATION:3606|hsa05130	3606	IL18	hsa:3606	KEGG:hsa05130	hsa05130	KEGG
KEGG_PARTICIPATION:3606|hsa05131	3606	IL18	hsa:3606	KEGG:hsa05131	hsa05131	KEGG
KEGG_PARTICIPATION:3606|hsa05132	3606	IL18	hsa:3606	KEGG:hsa05132	hsa05132	KEGG
KEGG_PARTICIPATION:3606|hsa05134	3606	IL18	hsa:3606	KEGG:hsa05134	hsa05134	KEGG
KEGG_PARTICIPATION:3606|hsa05135	3606	IL18	hsa:3606	KEGG:hsa05135	hsa05135	KEGG
KEGG_PARTICIPATION:3606|hsa05143	3606	IL18	hsa:3606	KEGG:hsa05143	hsa05143	KEGG
KEGG_PARTICIPATION:3606|hsa05144	3606	IL18	hsa:3606	KEGG:hsa05144	hsa05144	KEGG
KEGG_PARTICIPATION:3606|hsa05152	3606	IL18	hsa:3606	KEGG:hsa05152	hsa05152	KEGG
KEGG_PARTICIPATION:3606|hsa05164	3606	IL18	hsa:3606	KEGG:hsa05164	hsa05164	KEGG
KEGG_PARTICIPATION:3606|hsa05321	3606	IL18	hsa:3606	KEGG:hsa05321	hsa05321	KEGG
KEGG_PARTICIPATION:3606|hsa05323	3606	IL18	hsa:3606	KEGG:hsa05323	hsa05323	KEGG
KEGG_PARTICIPATION:3606|hsa05417	3606	IL18	hsa:3606	KEGG:hsa05417	hsa05417	KEGG
KEGG_PARTICIPATION:3630|hsa04010	3630	INS	hsa:3630	KEGG:hsa04010	hsa04010	KEGG
KEGG_PARTICIPATION:3630|hsa04014	3630	INS	hsa:3630	KEGG:hsa04014	hsa04014	KEGG
KEGG_PARTICIPATION:3630|hsa04015	3630	INS	hsa:3630	KEGG:hsa04015	hsa04015	KEGG
KEGG_PARTICIPATION:3630|hsa04022	3630	INS	hsa:3630	KEGG:hsa04022	hsa04022	KEGG
KEGG_PARTICIPATION:3630|hsa04066	3630	INS	hsa:3630	KEGG:hsa04066	hsa04066	KEGG
KEGG_PARTICIPATION:3630|hsa04068	3630	INS	hsa:3630	KEGG:hsa04068	hsa04068	KEGG
KEGG_PARTICIPATION:3630|hsa04072	3630	INS	hsa:3630	KEGG:hsa04072	hsa04072	KEGG
KEGG_PARTICIPATION:3630|hsa04081	3630	INS	hsa:3630	KEGG:hsa04081	hsa04081	KEGG
KEGG_PARTICIPATION:3630|hsa04114	3630	INS	hsa:3630	KEGG:hsa04114	hsa04114	KEGG
KEGG_PARTICIPATION:3630|hsa04140	3630	INS	hsa:3630	KEGG:hsa04140	hsa04140	KEGG
KEGG_PARTICIPATION:3630|hsa04150	3630	INS	hsa:3630	KEGG:hsa04150	hsa04150	KEGG
KEGG_PARTICIPATION:3630|hsa04151	3630	INS	hsa:3630	KEGG:hsa04151	hsa04151	KEGG
KEGG_PARTICIPATION:3630|hsa04152	3630	INS	hsa:3630	KEGG:hsa04152	hsa04152	KEGG
KEGG_PARTICIPATION:3630|hsa04211	3630	INS	hsa:3630	KEGG:hsa04211	hsa04211	KEGG
KEGG_PARTICIPATION:3630|hsa04213	3630	INS	hsa:3630	KEGG:hsa04213	hsa04213	KEGG
KEGG_PARTICIPATION:3630|hsa04810	3630	INS	hsa:3630	KEGG:hsa04810	hsa04810	KEGG
KEGG_PARTICIPATION:3630|hsa04910	3630	INS	hsa:3630	KEGG:hsa04910	hsa04910	KEGG
KEGG_PARTICIPATION:3630|hsa04911	3630	INS	hsa:3630	KEGG:hsa04911	hsa04911	KEGG
KEGG_PARTICIPATION:3630|hsa04913	3630	INS	hsa:3630	KEGG:hsa04913	hsa04913	KEGG
KEGG_PARTICIPATION:3630|hsa04914	3630	INS	hsa:3630	KEGG:hsa04914	hsa04914	KEGG
KEGG_PARTICIPATION:3630|hsa04917	3630	INS	hsa:3630	KEGG:hsa04917	hsa04917	KEGG
KEGG_PARTICIPATION:3630|hsa04923	3630	INS	hsa:3630	KEGG:hsa04923	hsa04923	KEGG
KEGG_PARTICIPATION:3630|hsa04930	3630	INS	hsa:3630	KEGG:hsa04930	hsa04930	KEGG
KEGG_PARTICIPATION:3630|hsa04931	3630	INS	hsa:3630	KEGG:hsa04931	hsa04931	KEGG
KEGG_PARTICIPATION:3630|hsa04932	3630	INS	hsa:3630	KEGG:hsa04932	hsa04932	KEGG
KEGG_PARTICIPATION:3630|hsa04940	3630	INS	hsa:3630	KEGG:hsa04940	hsa04940	KEGG
KEGG_PARTICIPATION:3630|hsa04950	3630	INS	hsa:3630	KEGG:hsa04950	hsa04950	KEGG
KEGG_PARTICIPATION:3630|hsa04960	3630	INS	hsa:3630	KEGG:hsa04960	hsa04960	KEGG
KEGG_PARTICIPATION:3630|hsa05010	3630	INS	hsa:3630	KEGG:hsa05010	hsa05010	KEGG
KEGG_PARTICIPATION:3630|hsa05215	3630	INS	hsa:3630	KEGG:hsa05215	hsa05215	KEGG
KEGG_PARTICIPATION:3630|hsa05415	3630	INS	hsa:3630	KEGG:hsa05415	hsa05415	KEGG
KEGG_PARTICIPATION:3667|hsa04022	3667	IRS1	hsa:3667	KEGG:hsa04022	hsa04022	KEGG
KEGG_PARTICIPATION:3667|hsa04068	3667	IRS1	hsa:3667	KEGG:hsa04068	hsa04068	KEGG
KEGG_PARTICIPATION:3667|hsa04081	3667	IRS1	hsa:3667	KEGG:hsa04081	hsa04081	KEGG
KEGG_PARTICIPATION:3667|hsa04140	3667	IRS1	hsa:3667	KEGG:hsa04140	hsa04140	KEGG
KEGG_PARTICIPATION:3667|hsa04150	3667	IRS1	hsa:3667	KEGG:hsa04150	hsa04150	KEGG
KEGG_PARTICIPATION:3667|hsa04151	3667	IRS1	hsa:3667	KEGG:hsa04151	hsa04151	KEGG
KEGG_PARTICIPATION:3667|hsa04152	3667	IRS1	hsa:3667	KEGG:hsa04152	hsa04152	KEGG
KEGG_PARTICIPATION:3667|hsa04211	3667	IRS1	hsa:3667	KEGG:hsa04211	hsa04211	KEGG
KEGG_PARTICIPATION:3667|hsa04213	3667	IRS1	hsa:3667	KEGG:hsa04213	hsa04213	KEGG
KEGG_PARTICIPATION:3667|hsa04722	3667	IRS1	hsa:3667	KEGG:hsa04722	hsa04722	KEGG
KEGG_PARTICIPATION:3667|hsa04910	3667	IRS1	hsa:3667	KEGG:hsa04910	hsa04910	KEGG
KEGG_PARTICIPATION:3667|hsa04920	3667	IRS1	hsa:3667	KEGG:hsa04920	hsa04920	KEGG
KEGG_PARTICIPATION:3667|hsa04923	3667	IRS1	hsa:3667	KEGG:hsa04923	hsa04923	KEGG
KEGG_PARTICIPATION:3667|hsa04930	3667	IRS1	hsa:3667	KEGG:hsa04930	hsa04930	KEGG
KEGG_PARTICIPATION:3667|hsa04931	3667	IRS1	hsa:3667	KEGG:hsa04931	hsa04931	KEGG
KEGG_PARTICIPATION:3667|hsa04932	3667	IRS1	hsa:3667	KEGG:hsa04932	hsa04932	KEGG
KEGG_PARTICIPATION:3667|hsa04935	3667	IRS1	hsa:3667	KEGG:hsa04935	hsa04935	KEGG
KEGG_PARTICIPATION:3667|hsa04960	3667	IRS1	hsa:3667	KEGG:hsa04960	hsa04960	KEGG
KEGG_PARTICIPATION:3667|hsa05010	3667	IRS1	hsa:3667	KEGG:hsa05010	hsa05010	KEGG
KEGG_PARTICIPATION:3667|hsa05206	3667	IRS1	hsa:3667	KEGG:hsa05206	hsa05206	KEGG
KEGG_PARTICIPATION:3667|hsa05415	3667	IRS1	hsa:3667	KEGG:hsa05415	hsa05415	KEGG
KEGG_PARTICIPATION:367|hsa04114	367	AR	hsa:367	KEGG:hsa04114	hsa04114	KEGG
KEGG_PARTICIPATION:367|hsa05200	367	AR	hsa:367	KEGG:hsa05200	hsa05200	KEGG
KEGG_PARTICIPATION:367|hsa05207	367	AR	hsa:367	KEGG:hsa05207	hsa05207	KEGG
KEGG_PARTICIPATION:367|hsa05215	367	AR	hsa:367	KEGG:hsa05215	hsa05215	KEGG
KEGG_PARTICIPATION:3716|hsa01521	3716	JAK1	hsa:3716	KEGG:hsa01521	hsa01521	KEGG
KEGG_PARTICIPATION:3716|hsa04151	3716	JAK1	hsa:3716	KEGG:hsa04151	hsa04151	KEGG
KEGG_PARTICIPATION:3716|hsa04217	3716	JAK1	hsa:3716	KEGG:hsa04217	hsa04217	KEGG
KEGG_PARTICIPATION:3716|hsa04380	3716	JAK1	hsa:3716	KEGG:hsa04380	hsa04380	KEGG
KEGG_PARTICIPATION:3716|hsa04550	3716	JAK1	hsa:3716	KEGG:hsa04550	hsa04550	KEGG
KEGG_PARTICIPATION:3716|hsa04620	3716	JAK1	hsa:3716	KEGG:hsa04620	hsa04620	KEGG
KEGG_PARTICIPATION:3716|hsa04621	3716	JAK1	hsa:3716	KEGG:hsa04621	hsa04621	KEGG
KEGG_PARTICIPATION:3716|hsa04630	3716	JAK1	hsa:3716	KEGG:hsa04630	hsa04630	KEGG
KEGG_PARTICIPATION:3716|hsa04658	3716	JAK1	hsa:3716	KEGG:hsa04658	hsa04658	KEGG
KEGG_PARTICIPATION:3716|hsa04659	3716	JAK1	hsa:3716	KEGG:hsa04659	hsa04659	KEGG
KEGG_PARTICIPATION:3716|hsa05140	3716	JAK1	hsa:3716	KEGG:hsa05140	hsa05140	KEGG
KEGG_PARTICIPATION:3716|hsa05145	3716	JAK1	hsa:3716	KEGG:hsa05145	hsa05145	KEGG
KEGG_PARTICIPATION:3716|hsa05152	3716	JAK1	hsa:3716	KEGG:hsa05152	hsa05152	KEGG
KEGG_PARTICIPATION:3716|hsa05160	3716	JAK1	hsa:3716	KEGG:hsa05160	hsa05160	KEGG
KEGG_PARTICIPATION:3716|hsa05161	3716	JAK1	hsa:3716	KEGG:hsa05161	hsa05161	KEGG
KEGG_PARTICIPATION:3716|hsa05162	3716	JAK1	hsa:3716	KEGG:hsa05162	hsa05162	KEGG
KEGG_PARTICIPATION:3716|hsa05163	3716	JAK1	hsa:3716	KEGG:hsa05163	hsa05163	KEGG
KEGG_PARTICIPATION:3716|hsa05164	3716	JAK1	hsa:3716	KEGG:hsa05164	hsa05164	KEGG
KEGG_PARTICIPATION:3716|hsa05165	3716	JAK1	hsa:3716	KEGG:hsa05165	hsa05165	KEGG
KEGG_PARTICIPATION:3716|hsa05166	3716	JAK1	hsa:3716	KEGG:hsa05166	hsa05166	KEGG
KEGG_PARTICIPATION:3716|hsa05167	3716	JAK1	hsa:3716	KEGG:hsa05167	hsa05167	KEGG
KEGG_PARTICIPATION:3716|hsa05168	3716	JAK1	hsa:3716	KEGG:hsa05168	hsa05168	KEGG
KEGG_PARTICIPATION:3716|hsa05169	3716	JAK1	hsa:3716	KEGG:hsa05169	hsa05169	KEGG
KEGG_PARTICIPATION:3716|hsa05171	3716	JAK1	hsa:3716	KEGG:hsa05171	hsa05171	KEGG
KEGG_PARTICIPATION:3716|hsa05200	3716	JAK1	hsa:3716	KEGG:hsa05200	hsa05200	KEGG
KEGG_PARTICIPATION:3716|hsa05203	3716	JAK1	hsa:3716	KEGG:hsa05203	hsa05203	KEGG
KEGG_PARTICIPATION:3716|hsa05212	3716	JAK1	hsa:3716	KEGG:hsa05212	hsa05212	KEGG
KEGG_PARTICIPATION:3716|hsa05235	3716	JAK1	hsa:3716	KEGG:hsa05235	hsa05235	KEGG
KEGG_PARTICIPATION:3717|hsa01521	3717	JAK2	hsa:3717	KEGG:hsa01521	hsa01521	KEGG
KEGG_PARTICIPATION:3717|hsa04062	3717	JAK2	hsa:3717	KEGG:hsa04062	hsa04062	KEGG
KEGG_PARTICIPATION:3717|hsa04081	3717	JAK2	hsa:3717	KEGG:hsa04081	hsa04081	KEGG
KEGG_PARTICIPATION:3717|hsa04148	3717	JAK2	hsa:3717	KEGG:hsa04148	hsa04148	KEGG
KEGG_PARTICIPATION:3717|hsa04151	3717	JAK2	hsa:3717	KEGG:hsa04151	hsa04151	KEGG
KEGG_PARTICIPATION:3717|hsa04217	3717	JAK2	hsa:3717	KEGG:hsa04217	hsa04217	KEGG
KEGG_PARTICIPATION:3717|hsa04550	3717	JAK2	hsa:3717	KEGG:hsa04550	hsa04550	KEGG
KEGG_PARTICIPATION:3717|hsa04630	3717	JAK2	hsa:3717	KEGG:hsa04630	hsa04630	KEGG
KEGG_PARTICIPATION:3717|hsa04658	3717	JAK2	hsa:3717	KEGG:hsa04658	hsa04658	KEGG
KEGG_PARTICIPATION:3717|hsa04659	3717	JAK2	hsa:3717	KEGG:hsa04659	hsa04659	KEGG
KEGG_PARTICIPATION:3717|hsa04725	3717	JAK2	hsa:3717	KEGG:hsa04725	hsa04725	KEGG
KEGG_PARTICIPATION:3717|hsa04917	3717	JAK2	hsa:3717	KEGG:hsa04917	hsa04917	KEGG
KEGG_PARTICIPATION:3717|hsa04920	3717	JAK2	hsa:3717	KEGG:hsa04920	hsa04920	KEGG
KEGG_PARTICIPATION:3717|hsa04933	3717	JAK2	hsa:3717	KEGG:hsa04933	hsa04933	KEGG
KEGG_PARTICIPATION:3717|hsa04935	3717	JAK2	hsa:3717	KEGG:hsa04935	hsa04935	KEGG
KEGG_PARTICIPATION:3717|hsa05140	3717	JAK2	hsa:3717	KEGG:hsa05140	hsa05140	KEGG
KEGG_PARTICIPATION:3717|hsa05145	3717	JAK2	hsa:3717	KEGG:hsa05145	hsa05145	KEGG
KEGG_PARTICIPATION:3717|hsa05152	3717	JAK2	hsa:3717	KEGG:hsa05152	hsa05152	KEGG
KEGG_PARTICIPATION:3717|hsa05161	3717	JAK2	hsa:3717	KEGG:hsa05161	hsa05161	KEGG
KEGG_PARTICIPATION:3717|hsa05164	3717	JAK2	hsa:3717	KEGG:hsa05164	hsa05164	KEGG
KEGG_PARTICIPATION:3717|hsa05167	3717	JAK2	hsa:3717	KEGG:hsa05167	hsa05167	KEGG
KEGG_PARTICIPATION:3717|hsa05168	3717	JAK2	hsa:3717	KEGG:hsa05168	hsa05168	KEGG
KEGG_PARTICIPATION:3717|hsa05200	3717	JAK2	hsa:3717	KEGG:hsa05200	hsa05200	KEGG
KEGG_PARTICIPATION:3717|hsa05207	3717	JAK2	hsa:3717	KEGG:hsa05207	hsa05207	KEGG
KEGG_PARTICIPATION:3717|hsa05235	3717	JAK2	hsa:3717	KEGG:hsa05235	hsa05235	KEGG
KEGG_PARTICIPATION:3717|hsa05417	3717	JAK2	hsa:3717	KEGG:hsa05417	hsa05417	KEGG
KEGG_PARTICIPATION:3725|hsa01522	3725	JUN	hsa:3725	KEGG:hsa01522	hsa01522	KEGG
KEGG_PARTICIPATION:3725|hsa04010	3725	JUN	hsa:3725	KEGG:hsa04010	hsa04010	KEGG
KEGG_PARTICIPATION:3725|hsa04012	3725	JUN	hsa:3725	KEGG:hsa04012	hsa04012	KEGG
KEGG_PARTICIPATION:3725|hsa04024	3725	JUN	hsa:3725	KEGG:hsa04024	hsa04024	KEGG
KEGG_PARTICIPATION:3725|hsa04137	3725	JUN	hsa:3725	KEGG:hsa04137	hsa04137	KEGG
KEGG_PARTICIPATION:3725|hsa04210	3725	JUN	hsa:3725	KEGG:hsa04210	hsa04210	KEGG
KEGG_PARTICIPATION:3725|hsa04310	3725	JUN	hsa:3725	KEGG:hsa04310	hsa04310	KEGG
KEGG_PARTICIPATION:3725|hsa04380	3725	JUN	hsa:3725	KEGG:hsa04380	hsa04380	KEGG
KEGG_PARTICIPATION:3725|hsa04510	3725	JUN	hsa:3725	KEGG:hsa04510	hsa04510	KEGG
KEGG_PARTICIPATION:3725|hsa04530	3725	JUN	hsa:3725	KEGG:hsa04530	hsa04530	KEGG
KEGG_PARTICIPATION:3725|hsa04620	3725	JUN	hsa:3725	KEGG:hsa04620	hsa04620	KEGG
KEGG_PARTICIPATION:3725|hsa04621	3725	JUN	hsa:3725	KEGG:hsa04621	hsa04621	KEGG
KEGG_PARTICIPATION:3725|hsa04625	3725	JUN	hsa:3725	KEGG:hsa04625	hsa04625	KEGG
KEGG_PARTICIPATION:3725|hsa04657	3725	JUN	hsa:3725	KEGG:hsa04657	hsa04657	KEGG
KEGG_PARTICIPATION:3725|hsa04658	3725	JUN	hsa:3725	KEGG:hsa04658	hsa04658	KEGG
KEGG_PARTICIPATION:3725|hsa04659	3725	JUN	hsa:3725	KEGG:hsa04659	hsa04659	KEGG
KEGG_PARTICIPATION:3725|hsa04660	3725	JUN	hsa:3725	KEGG:hsa04660	hsa04660	KEGG
KEGG_PARTICIPATION:3725|hsa04662	3725	JUN	hsa:3725	KEGG:hsa04662	hsa04662	KEGG
KEGG_PARTICIPATION:3725|hsa04668	3725	JUN	hsa:3725	KEGG:hsa04668	hsa04668	KEGG
KEGG_PARTICIPATION:3725|hsa04722	3725	JUN	hsa:3725	KEGG:hsa04722	hsa04722	KEGG
KEGG_PARTICIPATION:3725|hsa04912	3725	JUN	hsa:3725	KEGG:hsa04912	hsa04912	KEGG
KEGG_PARTICIPATION:3725|hsa04915	3725	JUN	hsa:3725	KEGG:hsa04915	hsa04915	KEGG
KEGG_PARTICIPATION:3725|hsa04921	3725	JUN	hsa:3725	KEGG:hsa04921	hsa04921	KEGG
KEGG_PARTICIPATION:3725|hsa04926	3725	JUN	hsa:3725	KEGG:hsa04926	hsa04926	KEGG
KEGG_PARTICIPATION:3725|hsa04932	3725	JUN	hsa:3725	KEGG:hsa04932	hsa04932	KEGG
KEGG_PARTICIPATION:3725|hsa04933	3725	JUN	hsa:3725	KEGG:hsa04933	hsa04933	KEGG
KEGG_PARTICIPATION:3725|hsa05030	3725	JUN	hsa:3725	KEGG:hsa05030	hsa05030	KEGG
KEGG_PARTICIPATION:3725|hsa05031	3725	JUN	hsa:3725	KEGG:hsa05031	hsa05031	KEGG
KEGG_PARTICIPATION:3725|hsa05120	3725	JUN	hsa:3725	KEGG:hsa05120	hsa05120	KEGG
KEGG_PARTICIPATION:3725|hsa05130	3725	JUN	hsa:3725	KEGG:hsa05130	hsa05130	KEGG
KEGG_PARTICIPATION:3725|hsa05131	3725	JUN	hsa:3725	KEGG:hsa05131	hsa05131	KEGG
KEGG_PARTICIPATION:3725|hsa05132	3725	JUN	hsa:3725	KEGG:hsa05132	hsa05132	KEGG
KEGG_PARTICIPATION:3725|hsa05133	3725	JUN	hsa:3725	KEGG:hsa05133	hsa05133	KEGG
KEGG_PARTICIPATION:3725|hsa05135	3725	JUN	hsa:3725	KEGG:hsa05135	hsa05135	KEGG
KEGG_PARTICIPATION:3725|hsa05140	3725	JUN	hsa:3725	KEGG:hsa05140	hsa05140	KEGG
KEGG_PARTICIPATION:3725|hsa05142	3725	JUN	hsa:3725	KEGG:hsa05142	hsa05142	KEGG
KEGG_PARTICIPATION:3725|hsa05161	3725	JUN	hsa:3725	KEGG:hsa05161	hsa05161	KEGG
KEGG_PARTICIPATION:3725|hsa05162	3725	JUN	hsa:3725	KEGG:hsa05162	hsa05162	KEGG
KEGG_PARTICIPATION:3725|hsa05166	3725	JUN	hsa:3725	KEGG:hsa05166	hsa05166	KEGG
KEGG_PARTICIPATION:3725|hsa05167	3725	JUN	hsa:3725	KEGG:hsa05167	hsa05167	KEGG
KEGG_PARTICIPATION:3725|hsa05169	3725	JUN	hsa:3725	KEGG:hsa05169	hsa05169	KEGG
KEGG_PARTICIPATION:3725|hsa05170	3725	JUN	hsa:3725	KEGG:hsa05170	hsa05170	KEGG
KEGG_PARTICIPATION:3725|hsa05171	3725	JUN	hsa:3725	KEGG:hsa05171	hsa05171	KEGG
KEGG_PARTICIPATION:3725|hsa05200	3725	JUN	hsa:3725	KEGG:hsa05200	hsa05200	KEGG
KEGG_PARTICIPATION:3725|hsa05203	3725	JUN	hsa:3725	KEGG:hsa05203	hsa05203	KEGG
KEGG_PARTICIPATION:3725|hsa05207	3725	JUN	hsa:3725	KEGG:hsa05207	hsa05207	KEGG
KEGG_PARTICIPATION:3725|hsa05208	3725	JUN	hsa:3725	KEGG:hsa05208	hsa05208	KEGG
KEGG_PARTICIPATION:3725|hsa05210	3725	JUN	hsa:3725	KEGG:hsa05210	hsa05210	KEGG
KEGG_PARTICIPATION:3725|hsa05211	3725	JUN	hsa:3725	KEGG:hsa05211	hsa05211	KEGG
KEGG_PARTICIPATION:3725|hsa05224	3725	JUN	hsa:3725	KEGG:hsa05224	hsa05224	KEGG
KEGG_PARTICIPATION:3725|hsa05231	3725	JUN	hsa:3725	KEGG:hsa05231	hsa05231	KEGG
KEGG_PARTICIPATION:3725|hsa05235	3725	JUN	hsa:3725	KEGG:hsa05235	hsa05235	KEGG
KEGG_PARTICIPATION:3725|hsa05321	3725	JUN	hsa:3725	KEGG:hsa05321	hsa05321	KEGG
KEGG_PARTICIPATION:3725|hsa05323	3725	JUN	hsa:3725	KEGG:hsa05323	hsa05323	KEGG
KEGG_PARTICIPATION:3725|hsa05417	3725	JUN	hsa:3725	KEGG:hsa05417	hsa05417	KEGG
KEGG_PARTICIPATION:3725|hsa05418	3725	JUN	hsa:3725	KEGG:hsa05418	hsa05418	KEGG
KEGG_PARTICIPATION:3727|hsa04010	3727	JUND	hsa:3727	KEGG:hsa04010	hsa04010	KEGG
KEGG_PARTICIPATION:3727|hsa04380	3727	JUND	hsa:3727	KEGG:hsa04380	hsa04380	KEGG
KEGG_PARTICIPATION:3727|hsa04657	3727	JUND	hsa:3727	KEGG:hsa04657	hsa04657	KEGG
KEGG_PARTICIPATION:3727|hsa04928	3727	JUND	hsa:3727	KEGG:hsa04928	hsa04928	KEGG
KEGG_PARTICIPATION:3781|hsa04726	3781	KCNN2	hsa:3781	KEGG:hsa04726	hsa04726	KEGG
KEGG_PARTICIPATION:3781|hsa04911	3781	KCNN2	hsa:3781	KEGG:hsa04911	hsa04911	KEGG
KEGG_PARTICIPATION:3781|hsa04929	3781	KCNN2	hsa:3781	KEGG:hsa04929	hsa04929	KEGG
KEGG_PARTICIPATION:3781|hsa04976	3781	KCNN2	hsa:3781	KEGG:hsa04976	hsa04976	KEGG
KEGG_PARTICIPATION:3791|hsa01521	3791	KDR	hsa:3791	KEGG:hsa01521	hsa01521	KEGG
KEGG_PARTICIPATION:3791|hsa04010	3791	KDR	hsa:3791	KEGG:hsa04010	hsa04010	KEGG
KEGG_PARTICIPATION:3791|hsa04014	3791	KDR	hsa:3791	KEGG:hsa04014	hsa04014	KEGG
KEGG_PARTICIPATION:3791|hsa04015	3791	KDR	hsa:3791	KEGG:hsa04015	hsa04015	KEGG
KEGG_PARTICIPATION:3791|hsa04020	3791	KDR	hsa:3791	KEGG:hsa04020	hsa04020	KEGG
KEGG_PARTICIPATION:3791|hsa04151	3791	KDR	hsa:3791	KEGG:hsa04151	hsa04151	KEGG
KEGG_PARTICIPATION:3791|hsa04370	3791	KDR	hsa:3791	KEGG:hsa04370	hsa04370	KEGG
KEGG_PARTICIPATION:3791|hsa04510	3791	KDR	hsa:3791	KEGG:hsa04510	hsa04510	KEGG
KEGG_PARTICIPATION:3791|hsa04517	3791	KDR	hsa:3791	KEGG:hsa04517	hsa04517	KEGG
KEGG_PARTICIPATION:3791|hsa04518	3791	KDR	hsa:3791	KEGG:hsa04518	hsa04518	KEGG
KEGG_PARTICIPATION:3791|hsa04519	3791	KDR	hsa:3791	KEGG:hsa04519	hsa04519	KEGG
KEGG_PARTICIPATION:3791|hsa05205	3791	KDR	hsa:3791	KEGG:hsa05205	hsa05205	KEGG
KEGG_PARTICIPATION:3791|hsa05418	3791	KDR	hsa:3791	KEGG:hsa05418	hsa05418	KEGG
KEGG_PARTICIPATION:3813|hsa04612	3813	KIR3DS1	hsa:3813	KEGG:hsa04612	hsa04612	KEGG
KEGG_PARTICIPATION:3813|hsa05332	3813	KIR3DS1	hsa:3813	KEGG:hsa05332	hsa05332	KEGG
KEGG_PARTICIPATION:3832|hsa04814	3832	KIF11	hsa:3832	KEGG:hsa04814	hsa04814	KEGG
KEGG_PARTICIPATION:3833|hsa04814	3833	KIFC1	hsa:3833	KEGG:hsa04814	hsa04814	KEGG
KEGG_PARTICIPATION:383|hsa00220	383	ARG1	hsa:383	KEGG:hsa00220	hsa00220	KEGG
KEGG_PARTICIPATION:383|hsa00330	383	ARG1	hsa:383	KEGG:hsa00330	hsa00330	KEGG
KEGG_PARTICIPATION:383|hsa01100	383	ARG1	hsa:383	KEGG:hsa01100	hsa01100	KEGG
KEGG_PARTICIPATION:383|hsa01230	383	ARG1	hsa:383	KEGG:hsa01230	hsa01230	KEGG
KEGG_PARTICIPATION:383|hsa04148	383	ARG1	hsa:383	KEGG:hsa04148	hsa04148	KEGG
KEGG_PARTICIPATION:383|hsa05146	383	ARG1	hsa:383	KEGG:hsa05146	hsa05146	KEGG
KEGG_PARTICIPATION:3845|hsa01521	3845	KRAS	hsa:3845	KEGG:hsa01521	hsa01521	KEGG
KEGG_PARTICIPATION:3845|hsa01522	3845	KRAS	hsa:3845	KEGG:hsa01522	hsa01522	KEGG
KEGG_PARTICIPATION:3845|hsa04010	3845	KRAS	hsa:3845	KEGG:hsa04010	hsa04010	KEGG
KEGG_PARTICIPATION:3845|hsa04012	3845	KRAS	hsa:3845	KEGG:hsa04012	hsa04012	KEGG
KEGG_PARTICIPATION:3845|hsa04014	3845	KRAS	hsa:3845	KEGG:hsa04014	hsa04014	KEGG
KEGG_PARTICIPATION:3845|hsa04015	3845	KRAS	hsa:3845	KEGG:hsa04015	hsa04015	KEGG
KEGG_PARTICIPATION:3845|hsa04062	3845	KRAS	hsa:3845	KEGG:hsa04062	hsa04062	KEGG
KEGG_PARTICIPATION:3845|hsa04068	3845	KRAS	hsa:3845	KEGG:hsa04068	hsa04068	KEGG
KEGG_PARTICIPATION:3845|hsa04071	3845	KRAS	hsa:3845	KEGG:hsa04071	hsa04071	KEGG
KEGG_PARTICIPATION:3845|hsa04072	3845	KRAS	hsa:3845	KEGG:hsa04072	hsa04072	KEGG
KEGG_PARTICIPATION:3845|hsa04137	3845	KRAS	hsa:3845	KEGG:hsa04137	hsa04137	KEGG
KEGG_PARTICIPATION:3845|hsa04140	3845	KRAS	hsa:3845	KEGG:hsa04140	hsa04140	KEGG
KEGG_PARTICIPATION:3845|hsa04150	3845	KRAS	hsa:3845	KEGG:hsa04150	hsa04150	KEGG
KEGG_PARTICIPATION:3845|hsa04151	3845	KRAS	hsa:3845	KEGG:hsa04151	hsa04151	KEGG
KEGG_PARTICIPATION:3845|hsa04210	3845	KRAS	hsa:3845	KEGG:hsa04210	hsa04210	KEGG
KEGG_PARTICIPATION:3845|hsa04211	3845	KRAS	hsa:3845	KEGG:hsa04211	hsa04211	KEGG
KEGG_PARTICIPATION:3845|hsa04213	3845	KRAS	hsa:3845	KEGG:hsa04213	hsa04213	KEGG
KEGG_PARTICIPATION:3845|hsa04218	3845	KRAS	hsa:3845	KEGG:hsa04218	hsa04218	KEGG
KEGG_PARTICIPATION:3845|hsa04360	3845	KRAS	hsa:3845	KEGG:hsa04360	hsa04360	KEGG
KEGG_PARTICIPATION:3845|hsa04370	3845	KRAS	hsa:3845	KEGG:hsa04370	hsa04370	KEGG
KEGG_PARTICIPATION:3845|hsa04371	3845	KRAS	hsa:3845	KEGG:hsa04371	hsa04371	KEGG
KEGG_PARTICIPATION:3845|hsa04519	3845	KRAS	hsa:3845	KEGG:hsa04519	hsa04519	KEGG
KEGG_PARTICIPATION:3845|hsa04540	3845	KRAS	hsa:3845	KEGG:hsa04540	hsa04540	KEGG
KEGG_PARTICIPATION:3845|hsa04550	3845	KRAS	hsa:3845	KEGG:hsa04550	hsa04550	KEGG
KEGG_PARTICIPATION:3845|hsa04625	3845	KRAS	hsa:3845	KEGG:hsa04625	hsa04625	KEGG
KEGG_PARTICIPATION:3845|hsa04650	3845	KRAS	hsa:3845	KEGG:hsa04650	hsa04650	KEGG
KEGG_PARTICIPATION:3845|hsa04660	3845	KRAS	hsa:3845	KEGG:hsa04660	hsa04660	KEGG
KEGG_PARTICIPATION:3845|hsa04662	3845	KRAS	hsa:3845	KEGG:hsa04662	hsa04662	KEGG
KEGG_PARTICIPATION:3845|hsa04664	3845	KRAS	hsa:3845	KEGG:hsa04664	hsa04664	KEGG
KEGG_PARTICIPATION:3845|hsa04714	3845	KRAS	hsa:3845	KEGG:hsa04714	hsa04714	KEGG
KEGG_PARTICIPATION:3845|hsa04720	3845	KRAS	hsa:3845	KEGG:hsa04720	hsa04720	KEGG
KEGG_PARTICIPATION:3845|hsa04722	3845	KRAS	hsa:3845	KEGG:hsa04722	hsa04722	KEGG
KEGG_PARTICIPATION:3845|hsa04725	3845	KRAS	hsa:3845	KEGG:hsa04725	hsa04725	KEGG
KEGG_PARTICIPATION:3845|hsa04726	3845	KRAS	hsa:3845	KEGG:hsa04726	hsa04726	KEGG
KEGG_PARTICIPATION:3845|hsa04730	3845	KRAS	hsa:3845	KEGG:hsa04730	hsa04730	KEGG
KEGG_PARTICIPATION:3845|hsa04810	3845	KRAS	hsa:3845	KEGG:hsa04810	hsa04810	KEGG
KEGG_PARTICIPATION:3845|hsa04910	3845	KRAS	hsa:3845	KEGG:hsa04910	hsa04910	KEGG
KEGG_PARTICIPATION:3845|hsa04912	3845	KRAS	hsa:3845	KEGG:hsa04912	hsa04912	KEGG
KEGG_PARTICIPATION:3845|hsa04914	3845	KRAS	hsa:3845	KEGG:hsa04914	hsa04914	KEGG
KEGG_PARTICIPATION:3845|hsa04915	3845	KRAS	hsa:3845	KEGG:hsa04915	hsa04915	KEGG
KEGG_PARTICIPATION:3845|hsa04916	3845	KRAS	hsa:3845	KEGG:hsa04916	hsa04916	KEGG
KEGG_PARTICIPATION:3845|hsa04917	3845	KRAS	hsa:3845	KEGG:hsa04917	hsa04917	KEGG
KEGG_PARTICIPATION:3845|hsa04919	3845	KRAS	hsa:3845	KEGG:hsa04919	hsa04919	KEGG
KEGG_PARTICIPATION:3845|hsa04921	3845	KRAS	hsa:3845	KEGG:hsa04921	hsa04921	KEGG
KEGG_PARTICIPATION:3845|hsa04926	3845	KRAS	hsa:3845	KEGG:hsa04926	hsa04926	KEGG
KEGG_PARTICIPATION:3845|hsa04929	3845	KRAS	hsa:3845	KEGG:hsa04929	hsa04929	KEGG
KEGG_PARTICIPATION:3845|hsa04933	3845	KRAS	hsa:3845	KEGG:hsa04933	hsa04933	KEGG
KEGG_PARTICIPATION:3845|hsa04935	3845	KRAS	hsa:3845	KEGG:hsa04935	hsa04935	KEGG
KEGG_PARTICIPATION:3845|hsa04960	3845	KRAS	hsa:3845	KEGG:hsa04960	hsa04960	KEGG
KEGG_PARTICIPATION:3845|hsa05010	3845	KRAS	hsa:3845	KEGG:hsa05010	hsa05010	KEGG
KEGG_PARTICIPATION:3845|hsa05022	3845	KRAS	hsa:3845	KEGG:hsa05022	hsa05022	KEGG
KEGG_PARTICIPATION:3845|hsa05034	3845	KRAS	hsa:3845	KEGG:hsa05034	hsa05034	KEGG
KEGG_PARTICIPATION:3845|hsa05160	3845	KRAS	hsa:3845	KEGG:hsa05160	hsa05160	KEGG
KEGG_PARTICIPATION:3845|hsa05161	3845	KRAS	hsa:3845	KEGG:hsa05161	hsa05161	KEGG
KEGG_PARTICIPATION:3845|hsa05163	3845	KRAS	hsa:3845	KEGG:hsa05163	hsa05163	KEGG
KEGG_PARTICIPATION:3845|hsa05165	3845	KRAS	hsa:3845	KEGG:hsa05165	hsa05165	KEGG
KEGG_PARTICIPATION:3845|hsa05166	3845	KRAS	hsa:3845	KEGG:hsa05166	hsa05166	KEGG
KEGG_PARTICIPATION:3845|hsa05167	3845	KRAS	hsa:3845	KEGG:hsa05167	hsa05167	KEGG
KEGG_PARTICIPATION:3845|hsa05170	3845	KRAS	hsa:3845	KEGG:hsa05170	hsa05170	KEGG
KEGG_PARTICIPATION:3845|hsa05200	3845	KRAS	hsa:3845	KEGG:hsa05200	hsa05200	KEGG
KEGG_PARTICIPATION:3845|hsa05203	3845	KRAS	hsa:3845	KEGG:hsa05203	hsa05203	KEGG
KEGG_PARTICIPATION:3845|hsa05205	3845	KRAS	hsa:3845	KEGG:hsa05205	hsa05205	KEGG
KEGG_PARTICIPATION:3845|hsa05206	3845	KRAS	hsa:3845	KEGG:hsa05206	hsa05206	KEGG
KEGG_PARTICIPATION:3845|hsa05207	3845	KRAS	hsa:3845	KEGG:hsa05207	hsa05207	KEGG
KEGG_PARTICIPATION:3845|hsa05208	3845	KRAS	hsa:3845	KEGG:hsa05208	hsa05208	KEGG
KEGG_PARTICIPATION:3845|hsa05210	3845	KRAS	hsa:3845	KEGG:hsa05210	hsa05210	KEGG
KEGG_PARTICIPATION:3845|hsa05211	3845	KRAS	hsa:3845	KEGG:hsa05211	hsa05211	KEGG
KEGG_PARTICIPATION:3845|hsa05212	3845	KRAS	hsa:3845	KEGG:hsa05212	hsa05212	KEGG
KEGG_PARTICIPATION:3845|hsa05213	3845	KRAS	hsa:3845	KEGG:hsa05213	hsa05213	KEGG
KEGG_PARTICIPATION:3845|hsa05214	3845	KRAS	hsa:3845	KEGG:hsa05214	hsa05214	KEGG
KEGG_PARTICIPATION:3845|hsa05215	3845	KRAS	hsa:3845	KEGG:hsa05215	hsa05215	KEGG
KEGG_PARTICIPATION:3845|hsa05216	3845	KRAS	hsa:3845	KEGG:hsa05216	hsa05216	KEGG
KEGG_PARTICIPATION:3845|hsa05218	3845	KRAS	hsa:3845	KEGG:hsa05218	hsa05218	KEGG
KEGG_PARTICIPATION:3845|hsa05219	3845	KRAS	hsa:3845	KEGG:hsa05219	hsa05219	KEGG
KEGG_PARTICIPATION:3845|hsa05220	3845	KRAS	hsa:3845	KEGG:hsa05220	hsa05220	KEGG
KEGG_PARTICIPATION:3845|hsa05221	3845	KRAS	hsa:3845	KEGG:hsa05221	hsa05221	KEGG
KEGG_PARTICIPATION:3845|hsa05223	3845	KRAS	hsa:3845	KEGG:hsa05223	hsa05223	KEGG
KEGG_PARTICIPATION:3845|hsa05224	3845	KRAS	hsa:3845	KEGG:hsa05224	hsa05224	KEGG
KEGG_PARTICIPATION:3845|hsa05225	3845	KRAS	hsa:3845	KEGG:hsa05225	hsa05225	KEGG
KEGG_PARTICIPATION:3845|hsa05226	3845	KRAS	hsa:3845	KEGG:hsa05226	hsa05226	KEGG
KEGG_PARTICIPATION:3845|hsa05230	3845	KRAS	hsa:3845	KEGG:hsa05230	hsa05230	KEGG
KEGG_PARTICIPATION:3845|hsa05231	3845	KRAS	hsa:3845	KEGG:hsa05231	hsa05231	KEGG
KEGG_PARTICIPATION:3845|hsa05235	3845	KRAS	hsa:3845	KEGG:hsa05235	hsa05235	KEGG
KEGG_PARTICIPATION:3845|hsa05417	3845	KRAS	hsa:3845	KEGG:hsa05417	hsa05417	KEGG
KEGG_PARTICIPATION:3856|hsa04382	3856	KRT8	hsa:3856	KEGG:hsa04382	hsa04382	KEGG
KEGG_PARTICIPATION:3856|hsa04519	3856	KRT8	hsa:3856	KEGG:hsa04519	hsa04519	KEGG
KEGG_PARTICIPATION:3875|hsa04382	3875	KRT18	hsa:3875	KEGG:hsa04382	hsa04382	KEGG
KEGG_PARTICIPATION:3875|hsa04519	3875	KRT18	hsa:3875	KEGG:hsa04519	hsa04519	KEGG
KEGG_PARTICIPATION:3875|hsa04915	3875	KRT18	hsa:3875	KEGG:hsa04915	hsa04915	KEGG
KEGG_PARTICIPATION:3875|hsa05150	3875	KRT18	hsa:3875	KEGG:hsa05150	hsa05150	KEGG
KEGG_PARTICIPATION:3918|hsa04151	3918	LAMC2	hsa:3918	KEGG:hsa04151	hsa04151	KEGG
KEGG_PARTICIPATION:3918|hsa04382	3918	LAMC2	hsa:3918	KEGG:hsa04382	hsa04382	KEGG
KEGG_PARTICIPATION:3918|hsa04510	3918	LAMC2	hsa:3918	KEGG:hsa04510	hsa04510	KEGG
KEGG_PARTICIPATION:3918|hsa04512	3918	LAMC2	hsa:3918	KEGG:hsa04512	hsa04512	KEGG
KEGG_PARTICIPATION:3918|hsa04518	3918	LAMC2	hsa:3918	KEGG:hsa04518	hsa04518	KEGG
KEGG_PARTICIPATION:3918|hsa05145	3918	LAMC2	hsa:3918	KEGG:hsa05145	hsa05145	KEGG
KEGG_PARTICIPATION:3918|hsa05146	3918	LAMC2	hsa:3918	KEGG:hsa05146	hsa05146	KEGG
KEGG_PARTICIPATION:3918|hsa05165	3918	LAMC2	hsa:3918	KEGG:hsa05165	hsa05165	KEGG
KEGG_PARTICIPATION:3918|hsa05200	3918	LAMC2	hsa:3918	KEGG:hsa05200	hsa05200	KEGG
KEGG_PARTICIPATION:3918|hsa05222	3918	LAMC2	hsa:3918	KEGG:hsa05222	hsa05222	KEGG
KEGG_PARTICIPATION:3925|hsa04010	3925	STMN1	hsa:3925	KEGG:hsa04010	hsa04010	KEGG
KEGG_PARTICIPATION:3925|hsa05206	3925	STMN1	hsa:3925	KEGG:hsa05206	hsa05206	KEGG
KEGG_PARTICIPATION:3931|hsa00564	3931	LCAT	hsa:3931	KEGG:hsa00564	hsa00564	KEGG
KEGG_PARTICIPATION:3931|hsa04979	3931	LCAT	hsa:3931	KEGG:hsa04979	hsa04979	KEGG
KEGG_PARTICIPATION:3949|hsa03272	3949	LDLR	hsa:3949	KEGG:hsa03272	hsa03272	KEGG
KEGG_PARTICIPATION:3949|hsa04144	3949	LDLR	hsa:3949	KEGG:hsa04144	hsa04144	KEGG
KEGG_PARTICIPATION:3949|hsa04913	3949	LDLR	hsa:3949	KEGG:hsa04913	hsa04913	KEGG
KEGG_PARTICIPATION:3949|hsa04925	3949	LDLR	hsa:3949	KEGG:hsa04925	hsa04925	KEGG
KEGG_PARTICIPATION:3949|hsa04927	3949	LDLR	hsa:3949	KEGG:hsa04927	hsa04927	KEGG
KEGG_PARTICIPATION:3949|hsa04934	3949	LDLR	hsa:3949	KEGG:hsa04934	hsa04934	KEGG
KEGG_PARTICIPATION:3949|hsa04976	3949	LDLR	hsa:3949	KEGG:hsa04976	hsa04976	KEGG
KEGG_PARTICIPATION:3949|hsa04979	3949	LDLR	hsa:3949	KEGG:hsa04979	hsa04979	KEGG
KEGG_PARTICIPATION:3949|hsa05145	3949	LDLR	hsa:3949	KEGG:hsa05145	hsa05145	KEGG
KEGG_PARTICIPATION:3949|hsa05160	3949	LDLR	hsa:3949	KEGG:hsa05160	hsa05160	KEGG
KEGG_PARTICIPATION:3949|hsa05417	3949	LDLR	hsa:3949	KEGG:hsa05417	hsa05417	KEGG
KEGG_PARTICIPATION:3952|hsa04060	3952	LEP	hsa:3952	KEGG:hsa04060	hsa04060	KEGG
KEGG_PARTICIPATION:3952|hsa04080	3952	LEP	hsa:3952	KEGG:hsa04080	hsa04080	KEGG
KEGG_PARTICIPATION:3952|hsa04081	3952	LEP	hsa:3952	KEGG:hsa04081	hsa04081	KEGG
KEGG_PARTICIPATION:3952|hsa04152	3952	LEP	hsa:3952	KEGG:hsa04152	hsa04152	KEGG
KEGG_PARTICIPATION:3952|hsa04630	3952	LEP	hsa:3952	KEGG:hsa04630	hsa04630	KEGG
KEGG_PARTICIPATION:3952|hsa04920	3952	LEP	hsa:3952	KEGG:hsa04920	hsa04920	KEGG
KEGG_PARTICIPATION:3952|hsa04932	3952	LEP	hsa:3952	KEGG:hsa04932	hsa04932	KEGG
KEGG_PARTICIPATION:3953|hsa04060	3953	LEPR	hsa:3953	KEGG:hsa04060	hsa04060	KEGG
KEGG_PARTICIPATION:3953|hsa04080	3953	LEPR	hsa:3953	KEGG:hsa04080	hsa04080	KEGG
KEGG_PARTICIPATION:3953|hsa04081	3953	LEPR	hsa:3953	KEGG:hsa04081	hsa04081	KEGG
KEGG_PARTICIPATION:3953|hsa04152	3953	LEPR	hsa:3953	KEGG:hsa04152	hsa04152	KEGG
KEGG_PARTICIPATION:3953|hsa04630	3953	LEPR	hsa:3953	KEGG:hsa04630	hsa04630	KEGG
KEGG_PARTICIPATION:3953|hsa04920	3953	LEPR	hsa:3953	KEGG:hsa04920	hsa04920	KEGG
KEGG_PARTICIPATION:3953|hsa04932	3953	LEPR	hsa:3953	KEGG:hsa04932	hsa04932	KEGG
KEGG_PARTICIPATION:3976|hsa04060	3976	LIF	hsa:3976	KEGG:hsa04060	hsa04060	KEGG
KEGG_PARTICIPATION:3976|hsa04550	3976	LIF	hsa:3976	KEGG:hsa04550	hsa04550	KEGG
KEGG_PARTICIPATION:3976|hsa04630	3976	LIF	hsa:3976	KEGG:hsa04630	hsa04630	KEGG
KEGG_PARTICIPATION:3976|hsa04668	3976	LIF	hsa:3976	KEGG:hsa04668	hsa04668	KEGG
KEGG_PARTICIPATION:3977|hsa04060	3977	LIFR	hsa:3977	KEGG:hsa04060	hsa04060	KEGG
KEGG_PARTICIPATION:3977|hsa04550	3977	LIFR	hsa:3977	KEGG:hsa04550	hsa04550	KEGG
KEGG_PARTICIPATION:3977|hsa04630	3977	LIFR	hsa:3977	KEGG:hsa04630	hsa04630	KEGG
KEGG_PARTICIPATION:405|hsa04066	405	ARNT	hsa:405	KEGG:hsa04066	hsa04066	KEGG
KEGG_PARTICIPATION:405|hsa04148	405	ARNT	hsa:405	KEGG:hsa04148	hsa04148	KEGG
KEGG_PARTICIPATION:405|hsa04934	405	ARNT	hsa:405	KEGG:hsa04934	hsa04934	KEGG
KEGG_PARTICIPATION:405|hsa05200	405	ARNT	hsa:405	KEGG:hsa05200	hsa05200	KEGG
KEGG_PARTICIPATION:405|hsa05207	405	ARNT	hsa:405	KEGG:hsa05207	hsa05207	KEGG
KEGG_PARTICIPATION:405|hsa05208	405	ARNT	hsa:405	KEGG:hsa05208	hsa05208	KEGG
KEGG_PARTICIPATION:405|hsa05211	405	ARNT	hsa:405	KEGG:hsa05211	hsa05211	KEGG
KEGG_PARTICIPATION:4060|hsa05205	4060	LUM	hsa:4060	KEGG:hsa05205	hsa05205	KEGG
KEGG_PARTICIPATION:406906|hsa05206	406906	MIR122	hsa:406906	KEGG:hsa05206	hsa05206	KEGG
KEGG_PARTICIPATION:406922|hsa05206	406922	MIR133A1	hsa:406922	KEGG:hsa05206	hsa05206	KEGG
KEGG_PARTICIPATION:406938|hsa05206	406938	MIR146A	hsa:406938	KEGG:hsa05206	hsa05206	KEGG
KEGG_PARTICIPATION:406947|hsa05206	406947	MIR155	hsa:406947	KEGG:hsa05206	hsa05206	KEGG
KEGG_PARTICIPATION:406971|hsa05206	406971	MIR195	hsa:406971	KEGG:hsa05206	hsa05206	KEGG
KEGG_PARTICIPATION:406984|hsa05206	406984	MIR200B	hsa:406984	KEGG:hsa05206	hsa05206	KEGG
KEGG_PARTICIPATION:407006|hsa05206	407006	MIR221	hsa:407006	KEGG:hsa05206	hsa05206	KEGG
KEGG_PARTICIPATION:407011|hsa05206	407011	MIR23B	hsa:407011	KEGG:hsa05206	hsa05206	KEGG
KEGG_PARTICIPATION:407018|hsa05206	407018	MIR27A	hsa:407018	KEGG:hsa05206	hsa05206	KEGG
KEGG_PARTICIPATION:407021|hsa05206	407021	MIR29A	hsa:407021	KEGG:hsa05206	hsa05206	KEGG
KEGG_PARTICIPATION:407021|hsa05207	407021	MIR29A	hsa:407021	KEGG:hsa05207	hsa05207	KEGG
KEGG_PARTICIPATION:407030|hsa05206	407030	MIR30B	hsa:407030	KEGG:hsa05206	hsa05206	KEGG
KEGG_PARTICIPATION:407031|hsa05206	407031	MIR30C1	hsa:407031	KEGG:hsa05206	hsa05206	KEGG
KEGG_PARTICIPATION:407032|hsa05206	407032	MIR30C2	hsa:407032	KEGG:hsa05206	hsa05206	KEGG
KEGG_PARTICIPATION:407040|hsa05206	407040	MIR34A	hsa:407040	KEGG:hsa05206	hsa05206	KEGG
KEGG_PARTICIPATION:4085|hsa04110	4085	MAD2L1	hsa:4085	KEGG:hsa04110	hsa04110	KEGG
KEGG_PARTICIPATION:4085|hsa04114	4085	MAD2L1	hsa:4085	KEGG:hsa04114	hsa04114	KEGG
KEGG_PARTICIPATION:4085|hsa04914	4085	MAD2L1	hsa:4085	KEGG:hsa04914	hsa04914	KEGG
KEGG_PARTICIPATION:4085|hsa05166	4085	MAD2L1	hsa:4085	KEGG:hsa05166	hsa05166	KEGG
KEGG_PARTICIPATION:4088|hsa04068	4088	SMAD3	hsa:4088	KEGG:hsa04068	hsa04068	KEGG
KEGG_PARTICIPATION:4088|hsa04110	4088	SMAD3	hsa:4088	KEGG:hsa04110	hsa04110	KEGG
KEGG_PARTICIPATION:4088|hsa04144	4088	SMAD3	hsa:4088	KEGG:hsa04144	hsa04144	KEGG
KEGG_PARTICIPATION:4088|hsa04218	4088	SMAD3	hsa:4088	KEGG:hsa04218	hsa04218	KEGG
KEGG_PARTICIPATION:4088|hsa04310	4088	SMAD3	hsa:4088	KEGG:hsa04310	hsa04310	KEGG
KEGG_PARTICIPATION:4088|hsa04350	4088	SMAD3	hsa:4088	KEGG:hsa04350	hsa04350	KEGG
KEGG_PARTICIPATION:4088|hsa04371	4088	SMAD3	hsa:4088	KEGG:hsa04371	hsa04371	KEGG
KEGG_PARTICIPATION:4088|hsa04390	4088	SMAD3	hsa:4088	KEGG:hsa04390	hsa04390	KEGG
KEGG_PARTICIPATION:4088|hsa04520	4088	SMAD3	hsa:4088	KEGG:hsa04520	hsa04520	KEGG
KEGG_PARTICIPATION:4088|hsa04550	4088	SMAD3	hsa:4088	KEGG:hsa04550	hsa04550	KEGG
KEGG_PARTICIPATION:4088|hsa04659	4088	SMAD3	hsa:4088	KEGG:hsa04659	hsa04659	KEGG
KEGG_PARTICIPATION:4088|hsa04933	4088	SMAD3	hsa:4088	KEGG:hsa04933	hsa04933	KEGG
KEGG_PARTICIPATION:4088|hsa05161	4088	SMAD3	hsa:4088	KEGG:hsa05161	hsa05161	KEGG
KEGG_PARTICIPATION:4088|hsa05166	4088	SMAD3	hsa:4088	KEGG:hsa05166	hsa05166	KEGG
KEGG_PARTICIPATION:4088|hsa05200	4088	SMAD3	hsa:4088	KEGG:hsa05200	hsa05200	KEGG
KEGG_PARTICIPATION:4088|hsa05210	4088	SMAD3	hsa:4088	KEGG:hsa05210	hsa05210	KEGG
KEGG_PARTICIPATION:4088|hsa05212	4088	SMAD3	hsa:4088	KEGG:hsa05212	hsa05212	KEGG
KEGG_PARTICIPATION:4088|hsa05220	4088	SMAD3	hsa:4088	KEGG:hsa05220	hsa05220	KEGG
KEGG_PARTICIPATION:4088|hsa05225	4088	SMAD3	hsa:4088	KEGG:hsa05225	hsa05225	KEGG
KEGG_PARTICIPATION:4088|hsa05226	4088	SMAD3	hsa:4088	KEGG:hsa05226	hsa05226	KEGG
KEGG_PARTICIPATION:4088|hsa05321	4088	SMAD3	hsa:4088	KEGG:hsa05321	hsa05321	KEGG
KEGG_PARTICIPATION:4088|hsa05415	4088	SMAD3	hsa:4088	KEGG:hsa05415	hsa05415	KEGG
KEGG_PARTICIPATION:408|hsa04010	408	ARRB1	hsa:408	KEGG:hsa04010	hsa04010	KEGG
KEGG_PARTICIPATION:408|hsa04062	408	ARRB1	hsa:408	KEGG:hsa04062	hsa04062	KEGG
KEGG_PARTICIPATION:408|hsa04144	408	ARRB1	hsa:408	KEGG:hsa04144	hsa04144	KEGG
KEGG_PARTICIPATION:408|hsa04340	408	ARRB1	hsa:408	KEGG:hsa04340	hsa04340	KEGG
KEGG_PARTICIPATION:408|hsa04728	408	ARRB1	hsa:408	KEGG:hsa04728	hsa04728	KEGG
KEGG_PARTICIPATION:408|hsa04740	408	ARRB1	hsa:408	KEGG:hsa04740	hsa04740	KEGG
KEGG_PARTICIPATION:408|hsa04926	408	ARRB1	hsa:408	KEGG:hsa04926	hsa04926	KEGG
KEGG_PARTICIPATION:408|hsa04928	408	ARRB1	hsa:408	KEGG:hsa04928	hsa04928	KEGG
KEGG_PARTICIPATION:408|hsa04929	408	ARRB1	hsa:408	KEGG:hsa04929	hsa04929	KEGG
KEGG_PARTICIPATION:408|hsa05032	408	ARRB1	hsa:408	KEGG:hsa05032	hsa05032	KEGG
KEGG_PARTICIPATION:408|hsa05207	408	ARRB1	hsa:408	KEGG:hsa05207	hsa05207	KEGG
KEGG_PARTICIPATION:409|hsa04010	409	ARRB2	hsa:409	KEGG:hsa04010	hsa04010	KEGG
KEGG_PARTICIPATION:409|hsa04062	409	ARRB2	hsa:409	KEGG:hsa04062	hsa04062	KEGG
KEGG_PARTICIPATION:409|hsa04144	409	ARRB2	hsa:409	KEGG:hsa04144	hsa04144	KEGG
KEGG_PARTICIPATION:409|hsa04340	409	ARRB2	hsa:409	KEGG:hsa04340	hsa04340	KEGG
KEGG_PARTICIPATION:409|hsa04728	409	ARRB2	hsa:409	KEGG:hsa04728	hsa04728	KEGG
KEGG_PARTICIPATION:409|hsa04740	409	ARRB2	hsa:409	KEGG:hsa04740	hsa04740	KEGG
KEGG_PARTICIPATION:409|hsa04926	409	ARRB2	hsa:409	KEGG:hsa04926	hsa04926	KEGG
KEGG_PARTICIPATION:409|hsa04928	409	ARRB2	hsa:409	KEGG:hsa04928	hsa04928	KEGG
KEGG_PARTICIPATION:409|hsa04929	409	ARRB2	hsa:409	KEGG:hsa04929	hsa04929	KEGG
KEGG_PARTICIPATION:409|hsa05032	409	ARRB2	hsa:409	KEGG:hsa05032	hsa05032	KEGG
KEGG_PARTICIPATION:409|hsa05207	409	ARRB2	hsa:409	KEGG:hsa05207	hsa05207	KEGG
KEGG_PARTICIPATION:4137|hsa04010	4137	MAPT	hsa:4137	KEGG:hsa04010	hsa04010	KEGG
KEGG_PARTICIPATION:4137|hsa05010	4137	MAPT	hsa:4137	KEGG:hsa05010	hsa05010	KEGG
KEGG_PARTICIPATION:4137|hsa05012	4137	MAPT	hsa:4137	KEGG:hsa05012	hsa05012	KEGG
KEGG_PARTICIPATION:4137|hsa05022	4137	MAPT	hsa:4137	KEGG:hsa05022	hsa05022	KEGG
KEGG_PARTICIPATION:4143|hsa00270	4143	MAT1A	hsa:4143	KEGG:hsa00270	hsa00270	KEGG
KEGG_PARTICIPATION:4143|hsa00670	4143	MAT1A	hsa:4143	KEGG:hsa00670	hsa00670	KEGG
KEGG_PARTICIPATION:4143|hsa01100	4143	MAT1A	hsa:4143	KEGG:hsa01100	hsa01100	KEGG
KEGG_PARTICIPATION:4143|hsa01230	4143	MAT1A	hsa:4143	KEGG:hsa01230	hsa01230	KEGG
KEGG_PARTICIPATION:4143|hsa01240	4143	MAT1A	hsa:4143	KEGG:hsa01240	hsa01240	KEGG
KEGG_PARTICIPATION:4153|hsa04145	4153	MBL2	hsa:4153	KEGG:hsa04145	hsa04145	KEGG
KEGG_PARTICIPATION:4153|hsa04610	4153	MBL2	hsa:4153	KEGG:hsa04610	hsa04610	KEGG
KEGG_PARTICIPATION:4153|hsa05150	4153	MBL2	hsa:4153	KEGG:hsa05150	hsa05150	KEGG
KEGG_PARTICIPATION:4153|hsa05171	4153	MBL2	hsa:4153	KEGG:hsa05171	hsa05171	KEGG
KEGG_PARTICIPATION:4171|hsa03030	4171	MCM2	hsa:4171	KEGG:hsa03030	hsa03030	KEGG
KEGG_PARTICIPATION:4171|hsa04110	4171	MCM2	hsa:4171	KEGG:hsa04110	hsa04110	KEGG
KEGG_PARTICIPATION:4193|hsa01522	4193	MDM2	hsa:4193	KEGG:hsa01522	hsa01522	KEGG
KEGG_PARTICIPATION:4193|hsa01524	4193	MDM2	hsa:4193	KEGG:hsa01524	hsa01524	KEGG
KEGG_PARTICIPATION:4193|hsa04068	4193	MDM2	hsa:4193	KEGG:hsa04068	hsa04068	KEGG
KEGG_PARTICIPATION:4193|hsa04110	4193	MDM2	hsa:4193	KEGG:hsa04110	hsa04110	KEGG
KEGG_PARTICIPATION:4193|hsa04115	4193	MDM2	hsa:4193	KEGG:hsa04115	hsa04115	KEGG
KEGG_PARTICIPATION:4193|hsa04120	4193	MDM2	hsa:4193	KEGG:hsa04120	hsa04120	KEGG
KEGG_PARTICIPATION:4193|hsa04144	4193	MDM2	hsa:4193	KEGG:hsa04144	hsa04144	KEGG
KEGG_PARTICIPATION:4193|hsa04151	4193	MDM2	hsa:4193	KEGG:hsa04151	hsa04151	KEGG
KEGG_PARTICIPATION:4193|hsa04218	4193	MDM2	hsa:4193	KEGG:hsa04218	hsa04218	KEGG
KEGG_PARTICIPATION:4193|hsa04625	4193	MDM2	hsa:4193	KEGG:hsa04625	hsa04625	KEGG
KEGG_PARTICIPATION:4193|hsa04919	4193	MDM2	hsa:4193	KEGG:hsa04919	hsa04919	KEGG
KEGG_PARTICIPATION:4193|hsa05131	4193	MDM2	hsa:4193	KEGG:hsa05131	hsa05131	KEGG
KEGG_PARTICIPATION:4193|hsa05163	4193	MDM2	hsa:4193	KEGG:hsa05163	hsa05163	KEGG
KEGG_PARTICIPATION:4193|hsa05165	4193	MDM2	hsa:4193	KEGG:hsa05165	hsa05165	KEGG
KEGG_PARTICIPATION:4193|hsa05169	4193	MDM2	hsa:4193	KEGG:hsa05169	hsa05169	KEGG
KEGG_PARTICIPATION:4193|hsa05200	4193	MDM2	hsa:4193	KEGG:hsa05200	hsa05200	KEGG
KEGG_PARTICIPATION:4193|hsa05202	4193	MDM2	hsa:4193	KEGG:hsa05202	hsa05202	KEGG
KEGG_PARTICIPATION:4193|hsa05203	4193	MDM2	hsa:4193	KEGG:hsa05203	hsa05203	KEGG
KEGG_PARTICIPATION:4193|hsa05205	4193	MDM2	hsa:4193	KEGG:hsa05205	hsa05205	KEGG
KEGG_PARTICIPATION:4193|hsa05206	4193	MDM2	hsa:4193	KEGG:hsa05206	hsa05206	KEGG
KEGG_PARTICIPATION:4193|hsa05214	4193	MDM2	hsa:4193	KEGG:hsa05214	hsa05214	KEGG
KEGG_PARTICIPATION:4193|hsa05215	4193	MDM2	hsa:4193	KEGG:hsa05215	hsa05215	KEGG
KEGG_PARTICIPATION:4193|hsa05218	4193	MDM2	hsa:4193	KEGG:hsa05218	hsa05218	KEGG
KEGG_PARTICIPATION:4193|hsa05219	4193	MDM2	hsa:4193	KEGG:hsa05219	hsa05219	KEGG
KEGG_PARTICIPATION:4193|hsa05220	4193	MDM2	hsa:4193	KEGG:hsa05220	hsa05220	KEGG
KEGG_PARTICIPATION:4199|hsa00620	4199	ME1	hsa:4199	KEGG:hsa00620	hsa00620	KEGG
KEGG_PARTICIPATION:4199|hsa01100	4199	ME1	hsa:4199	KEGG:hsa01100	hsa01100	KEGG
KEGG_PARTICIPATION:4199|hsa01200	4199	ME1	hsa:4199	KEGG:hsa01200	hsa01200	KEGG
KEGG_PARTICIPATION:4199|hsa03320	4199	ME1	hsa:4199	KEGG:hsa03320	hsa03320	KEGG
KEGG_PARTICIPATION:4233|hsa01521	4233	MET	hsa:4233	KEGG:hsa01521	hsa01521	KEGG
KEGG_PARTICIPATION:4233|hsa04010	4233	MET	hsa:4233	KEGG:hsa04010	hsa04010	KEGG
KEGG_PARTICIPATION:4233|hsa04014	4233	MET	hsa:4233	KEGG:hsa04014	hsa04014	KEGG
KEGG_PARTICIPATION:4233|hsa04015	4233	MET	hsa:4233	KEGG:hsa04015	hsa04015	KEGG
KEGG_PARTICIPATION:4233|hsa04020	4233	MET	hsa:4233	KEGG:hsa04020	hsa04020	KEGG
KEGG_PARTICIPATION:4233|hsa04151	4233	MET	hsa:4233	KEGG:hsa04151	hsa04151	KEGG
KEGG_PARTICIPATION:4233|hsa04360	4233	MET	hsa:4233	KEGG:hsa04360	hsa04360	KEGG
KEGG_PARTICIPATION:4233|hsa04510	4233	MET	hsa:4233	KEGG:hsa04510	hsa04510	KEGG
KEGG_PARTICIPATION:4233|hsa04518	4233	MET	hsa:4233	KEGG:hsa04518	hsa04518	KEGG
KEGG_PARTICIPATION:4233|hsa04519	4233	MET	hsa:4233	KEGG:hsa04519	hsa04519	KEGG
KEGG_PARTICIPATION:4233|hsa04520	4233	MET	hsa:4233	KEGG:hsa04520	hsa04520	KEGG
KEGG_PARTICIPATION:4233|hsa05100	4233	MET	hsa:4233	KEGG:hsa05100	hsa05100	KEGG
KEGG_PARTICIPATION:4233|hsa05120	4233	MET	hsa:4233	KEGG:hsa05120	hsa05120	KEGG
KEGG_PARTICIPATION:4233|hsa05144	4233	MET	hsa:4233	KEGG:hsa05144	hsa05144	KEGG
KEGG_PARTICIPATION:4233|hsa05200	4233	MET	hsa:4233	KEGG:hsa05200	hsa05200	KEGG
KEGG_PARTICIPATION:4233|hsa05202	4233	MET	hsa:4233	KEGG:hsa05202	hsa05202	KEGG
KEGG_PARTICIPATION:4233|hsa05205	4233	MET	hsa:4233	KEGG:hsa05205	hsa05205	KEGG
KEGG_PARTICIPATION:4233|hsa05206	4233	MET	hsa:4233	KEGG:hsa05206	hsa05206	KEGG
KEGG_PARTICIPATION:4233|hsa05208	4233	MET	hsa:4233	KEGG:hsa05208	hsa05208	KEGG
KEGG_PARTICIPATION:4233|hsa05211	4233	MET	hsa:4233	KEGG:hsa05211	hsa05211	KEGG
KEGG_PARTICIPATION:4233|hsa05218	4233	MET	hsa:4233	KEGG:hsa05218	hsa05218	KEGG
KEGG_PARTICIPATION:4233|hsa05223	4233	MET	hsa:4233	KEGG:hsa05223	hsa05223	KEGG
KEGG_PARTICIPATION:4233|hsa05225	4233	MET	hsa:4233	KEGG:hsa05225	hsa05225	KEGG
KEGG_PARTICIPATION:4233|hsa05226	4233	MET	hsa:4233	KEGG:hsa05226	hsa05226	KEGG
KEGG_PARTICIPATION:4233|hsa05230	4233	MET	hsa:4233	KEGG:hsa05230	hsa05230	KEGG
KEGG_PARTICIPATION:4297|hsa00310	4297	KMT2A	hsa:4297	KEGG:hsa00310	hsa00310	KEGG
KEGG_PARTICIPATION:4297|hsa01100	4297	KMT2A	hsa:4297	KEGG:hsa01100	hsa01100	KEGG
KEGG_PARTICIPATION:4297|hsa04934	4297	KMT2A	hsa:4297	KEGG:hsa04934	hsa04934	KEGG
KEGG_PARTICIPATION:4297|hsa05202	4297	KMT2A	hsa:4297	KEGG:hsa05202	hsa05202	KEGG
KEGG_PARTICIPATION:4312|hsa03320	4312	MMP1	hsa:4312	KEGG:hsa03320	hsa03320	KEGG
KEGG_PARTICIPATION:4312|hsa04657	4312	MMP1	hsa:4312	KEGG:hsa04657	hsa04657	KEGG
KEGG_PARTICIPATION:4312|hsa04926	4312	MMP1	hsa:4312	KEGG:hsa04926	hsa04926	KEGG
KEGG_PARTICIPATION:4312|hsa05171	4312	MMP1	hsa:4312	KEGG:hsa05171	hsa05171	KEGG
KEGG_PARTICIPATION:4312|hsa05200	4312	MMP1	hsa:4312	KEGG:hsa05200	hsa05200	KEGG
KEGG_PARTICIPATION:4312|hsa05219	4312	MMP1	hsa:4312	KEGG:hsa05219	hsa05219	KEGG
KEGG_PARTICIPATION:4312|hsa05323	4312	MMP1	hsa:4312	KEGG:hsa05323	hsa05323	KEGG
KEGG_PARTICIPATION:4312|hsa05417	4312	MMP1	hsa:4312	KEGG:hsa05417	hsa05417	KEGG
KEGG_PARTICIPATION:4313|hsa01522	4313	MMP2	hsa:4313	KEGG:hsa01522	hsa01522	KEGG
KEGG_PARTICIPATION:4313|hsa04670	4313	MMP2	hsa:4313	KEGG:hsa04670	hsa04670	KEGG
KEGG_PARTICIPATION:4313|hsa04912	4313	MMP2	hsa:4313	KEGG:hsa04912	hsa04912	KEGG
KEGG_PARTICIPATION:4313|hsa04915	4313	MMP2	hsa:4313	KEGG:hsa04915	hsa04915	KEGG
KEGG_PARTICIPATION:4313|hsa04926	4313	MMP2	hsa:4313	KEGG:hsa04926	hsa04926	KEGG
KEGG_PARTICIPATION:4313|hsa04933	4313	MMP2	hsa:4313	KEGG:hsa04933	hsa04933	KEGG
KEGG_PARTICIPATION:4313|hsa05200	4313	MMP2	hsa:4313	KEGG:hsa05200	hsa05200	KEGG
KEGG_PARTICIPATION:4313|hsa05205	4313	MMP2	hsa:4313	KEGG:hsa05205	hsa05205	KEGG
KEGG_PARTICIPATION:4313|hsa05219	4313	MMP2	hsa:4313	KEGG:hsa05219	hsa05219	KEGG
KEGG_PARTICIPATION:4313|hsa05415	4313	MMP2	hsa:4313	KEGG:hsa05415	hsa05415	KEGG
KEGG_PARTICIPATION:4313|hsa05418	4313	MMP2	hsa:4313	KEGG:hsa05418	hsa05418	KEGG
KEGG_PARTICIPATION:4318|hsa01522	4318	MMP9	hsa:4318	KEGG:hsa01522	hsa01522	KEGG
KEGG_PARTICIPATION:4318|hsa04145	4318	MMP9	hsa:4318	KEGG:hsa04145	hsa04145	KEGG
KEGG_PARTICIPATION:4318|hsa04657	4318	MMP9	hsa:4318	KEGG:hsa04657	hsa04657	KEGG
KEGG_PARTICIPATION:4318|hsa04668	4318	MMP9	hsa:4318	KEGG:hsa04668	hsa04668	KEGG
KEGG_PARTICIPATION:4318|hsa04670	4318	MMP9	hsa:4318	KEGG:hsa04670	hsa04670	KEGG
KEGG_PARTICIPATION:4318|hsa04915	4318	MMP9	hsa:4318	KEGG:hsa04915	hsa04915	KEGG
KEGG_PARTICIPATION:4318|hsa04926	4318	MMP9	hsa:4318	KEGG:hsa04926	hsa04926	KEGG
KEGG_PARTICIPATION:4318|hsa05161	4318	MMP9	hsa:4318	KEGG:hsa05161	hsa05161	KEGG
KEGG_PARTICIPATION:4318|hsa05200	4318	MMP9	hsa:4318	KEGG:hsa05200	hsa05200	KEGG
KEGG_PARTICIPATION:4318|hsa05202	4318	MMP9	hsa:4318	KEGG:hsa05202	hsa05202	KEGG
KEGG_PARTICIPATION:4318|hsa05205	4318	MMP9	hsa:4318	KEGG:hsa05205	hsa05205	KEGG
KEGG_PARTICIPATION:4318|hsa05206	4318	MMP9	hsa:4318	KEGG:hsa05206	hsa05206	KEGG
KEGG_PARTICIPATION:4318|hsa05215	4318	MMP9	hsa:4318	KEGG:hsa05215	hsa05215	KEGG
KEGG_PARTICIPATION:4318|hsa05219	4318	MMP9	hsa:4318	KEGG:hsa05219	hsa05219	KEGG
KEGG_PARTICIPATION:4318|hsa05415	4318	MMP9	hsa:4318	KEGG:hsa05415	hsa05415	KEGG
KEGG_PARTICIPATION:4318|hsa05417	4318	MMP9	hsa:4318	KEGG:hsa05417	hsa05417	KEGG
KEGG_PARTICIPATION:4318|hsa05418	4318	MMP9	hsa:4318	KEGG:hsa05418	hsa05418	KEGG
KEGG_PARTICIPATION:4323|hsa04668	4323	MMP14	hsa:4323	KEGG:hsa04668	hsa04668	KEGG
KEGG_PARTICIPATION:4323|hsa04912	4323	MMP14	hsa:4323	KEGG:hsa04912	hsa04912	KEGG
KEGG_PARTICIPATION:4323|hsa04928	4323	MMP14	hsa:4323	KEGG:hsa04928	hsa04928	KEGG
KEGG_PARTICIPATION:4353|hsa00983	4353	MPO	hsa:4353	KEGG:hsa00983	hsa00983	KEGG
KEGG_PARTICIPATION:4353|hsa04145	4353	MPO	hsa:4353	KEGG:hsa04145	hsa04145	KEGG
KEGG_PARTICIPATION:4353|hsa04613	4353	MPO	hsa:4353	KEGG:hsa04613	hsa04613	KEGG
KEGG_PARTICIPATION:4353|hsa05202	4353	MPO	hsa:4353	KEGG:hsa05202	hsa05202	KEGG
KEGG_PARTICIPATION:4353|hsa05221	4353	MPO	hsa:4353	KEGG:hsa05221	hsa05221	KEGG
KEGG_PARTICIPATION:442910|hsa05206	442910	MIR345	hsa:442910	KEGG:hsa05206	hsa05206	KEGG
KEGG_PARTICIPATION:445|hsa00220	445	ASS1	hsa:445	KEGG:hsa00220	hsa00220	KEGG
KEGG_PARTICIPATION:445|hsa00250	445	ASS1	hsa:445	KEGG:hsa00250	hsa00250	KEGG
KEGG_PARTICIPATION:445|hsa01100	445	ASS1	hsa:445	KEGG:hsa01100	hsa01100	KEGG
KEGG_PARTICIPATION:445|hsa01230	445	ASS1	hsa:445	KEGG:hsa01230	hsa01230	KEGG
KEGG_PARTICIPATION:445|hsa05418	445	ASS1	hsa:445	KEGG:hsa05418	hsa05418	KEGG
KEGG_PARTICIPATION:4489|hsa04978	4489	MT1A	hsa:4489	KEGG:hsa04978	hsa04978	KEGG
KEGG_PARTICIPATION:4493|hsa04978	4493	MT1E	hsa:4493	KEGG:hsa04978	hsa04978	KEGG
KEGG_PARTICIPATION:4502|hsa04978	4502	MT2A	hsa:4502	KEGG:hsa04978	hsa04978	KEGG
KEGG_PARTICIPATION:4524|hsa00670	4524	MTHFR	hsa:4524	KEGG:hsa00670	hsa00670	KEGG
KEGG_PARTICIPATION:4524|hsa01100	4524	MTHFR	hsa:4524	KEGG:hsa01100	hsa01100	KEGG
KEGG_PARTICIPATION:4524|hsa01523	4524	MTHFR	hsa:4524	KEGG:hsa01523	hsa01523	KEGG
KEGG_PARTICIPATION:4524|hsa04981	4524	MTHFR	hsa:4524	KEGG:hsa04981	hsa04981	KEGG
KEGG_PARTICIPATION:4540|hsa00190	4540	ND5	hsa:4540	KEGG:hsa00190	hsa00190	KEGG
KEGG_PARTICIPATION:4540|hsa01100	4540	ND5	hsa:4540	KEGG:hsa01100	hsa01100	KEGG
KEGG_PARTICIPATION:4540|hsa04714	4540	ND5	hsa:4540	KEGG:hsa04714	hsa04714	KEGG
KEGG_PARTICIPATION:4540|hsa04723	4540	ND5	hsa:4540	KEGG:hsa04723	hsa04723	KEGG
KEGG_PARTICIPATION:4540|hsa05010	4540	ND5	hsa:4540	KEGG:hsa05010	hsa05010	KEGG
KEGG_PARTICIPATION:4540|hsa05012	4540	ND5	hsa:4540	KEGG:hsa05012	hsa05012	KEGG
KEGG_PARTICIPATION:4540|hsa05014	4540	ND5	hsa:4540	KEGG:hsa05014	hsa05014	KEGG
KEGG_PARTICIPATION:4540|hsa05016	4540	ND5	hsa:4540	KEGG:hsa05016	hsa05016	KEGG
KEGG_PARTICIPATION:4540|hsa05020	4540	ND5	hsa:4540	KEGG:hsa05020	hsa05020	KEGG
KEGG_PARTICIPATION:4540|hsa05022	4540	ND5	hsa:4540	KEGG:hsa05022	hsa05022	KEGG
KEGG_PARTICIPATION:4540|hsa05208	4540	ND5	hsa:4540	KEGG:hsa05208	hsa05208	KEGG
KEGG_PARTICIPATION:4540|hsa05415	4540	ND5	hsa:4540	KEGG:hsa05415	hsa05415	KEGG
KEGG_PARTICIPATION:4547|hsa04975	4547	MTTP	hsa:4547	KEGG:hsa04975	hsa04975	KEGG
KEGG_PARTICIPATION:4552|hsa04980	4552	MTRR	hsa:4552	KEGG:hsa04980	hsa04980	KEGG
KEGG_PARTICIPATION:4598|hsa00900	4598	MVK	hsa:4598	KEGG:hsa00900	hsa00900	KEGG
KEGG_PARTICIPATION:4598|hsa01100	4598	MVK	hsa:4598	KEGG:hsa01100	hsa01100	KEGG
KEGG_PARTICIPATION:4598|hsa04146	4598	MVK	hsa:4598	KEGG:hsa04146	hsa04146	KEGG
KEGG_PARTICIPATION:4605|hsa04218	4605	MYBL2	hsa:4605	KEGG:hsa04218	hsa04218	KEGG
KEGG_PARTICIPATION:4609|hsa04010	4609	MYC	hsa:4609	KEGG:hsa04010	hsa04010	KEGG
KEGG_PARTICIPATION:4609|hsa04012	4609	MYC	hsa:4609	KEGG:hsa04012	hsa04012	KEGG
KEGG_PARTICIPATION:4609|hsa04110	4609	MYC	hsa:4609	KEGG:hsa04110	hsa04110	KEGG
KEGG_PARTICIPATION:4609|hsa04151	4609	MYC	hsa:4609	KEGG:hsa04151	hsa04151	KEGG
KEGG_PARTICIPATION:4609|hsa04218	4609	MYC	hsa:4609	KEGG:hsa04218	hsa04218	KEGG
KEGG_PARTICIPATION:4609|hsa04310	4609	MYC	hsa:4609	KEGG:hsa04310	hsa04310	KEGG
KEGG_PARTICIPATION:4609|hsa04350	4609	MYC	hsa:4609	KEGG:hsa04350	hsa04350	KEGG
KEGG_PARTICIPATION:4609|hsa04390	4609	MYC	hsa:4609	KEGG:hsa04390	hsa04390	KEGG
KEGG_PARTICIPATION:4609|hsa04550	4609	MYC	hsa:4609	KEGG:hsa04550	hsa04550	KEGG
KEGG_PARTICIPATION:4609|hsa04630	4609	MYC	hsa:4609	KEGG:hsa04630	hsa04630	KEGG
KEGG_PARTICIPATION:4609|hsa04919	4609	MYC	hsa:4609	KEGG:hsa04919	hsa04919	KEGG
KEGG_PARTICIPATION:4609|hsa05132	4609	MYC	hsa:4609	KEGG:hsa05132	hsa05132	KEGG
KEGG_PARTICIPATION:4609|hsa05160	4609	MYC	hsa:4609	KEGG:hsa05160	hsa05160	KEGG
KEGG_PARTICIPATION:4609|hsa05161	4609	MYC	hsa:4609	KEGG:hsa05161	hsa05161	KEGG
KEGG_PARTICIPATION:4609|hsa05163	4609	MYC	hsa:4609	KEGG:hsa05163	hsa05163	KEGG
KEGG_PARTICIPATION:4609|hsa05166	4609	MYC	hsa:4609	KEGG:hsa05166	hsa05166	KEGG
KEGG_PARTICIPATION:4609|hsa05167	4609	MYC	hsa:4609	KEGG:hsa05167	hsa05167	KEGG
KEGG_PARTICIPATION:4609|hsa05169	4609	MYC	hsa:4609	KEGG:hsa05169	hsa05169	KEGG
KEGG_PARTICIPATION:4609|hsa05200	4609	MYC	hsa:4609	KEGG:hsa05200	hsa05200	KEGG
KEGG_PARTICIPATION:4609|hsa05202	4609	MYC	hsa:4609	KEGG:hsa05202	hsa05202	KEGG
KEGG_PARTICIPATION:4609|hsa05205	4609	MYC	hsa:4609	KEGG:hsa05205	hsa05205	KEGG
KEGG_PARTICIPATION:4609|hsa05206	4609	MYC	hsa:4609	KEGG:hsa05206	hsa05206	KEGG
KEGG_PARTICIPATION:4609|hsa05207	4609	MYC	hsa:4609	KEGG:hsa05207	hsa05207	KEGG
KEGG_PARTICIPATION:4609|hsa05210	4609	MYC	hsa:4609	KEGG:hsa05210	hsa05210	KEGG
KEGG_PARTICIPATION:4609|hsa05213	4609	MYC	hsa:4609	KEGG:hsa05213	hsa05213	KEGG
KEGG_PARTICIPATION:4609|hsa05216	4609	MYC	hsa:4609	KEGG:hsa05216	hsa05216	KEGG
KEGG_PARTICIPATION:4609|hsa05219	4609	MYC	hsa:4609	KEGG:hsa05219	hsa05219	KEGG
KEGG_PARTICIPATION:4609|hsa05220	4609	MYC	hsa:4609	KEGG:hsa05220	hsa05220	KEGG
KEGG_PARTICIPATION:4609|hsa05221	4609	MYC	hsa:4609	KEGG:hsa05221	hsa05221	KEGG
KEGG_PARTICIPATION:4609|hsa05222	4609	MYC	hsa:4609	KEGG:hsa05222	hsa05222	KEGG
KEGG_PARTICIPATION:4609|hsa05224	4609	MYC	hsa:4609	KEGG:hsa05224	hsa05224	KEGG
KEGG_PARTICIPATION:4609|hsa05225	4609	MYC	hsa:4609	KEGG:hsa05225	hsa05225	KEGG
KEGG_PARTICIPATION:4609|hsa05226	4609	MYC	hsa:4609	KEGG:hsa05226	hsa05226	KEGG
KEGG_PARTICIPATION:4609|hsa05230	4609	MYC	hsa:4609	KEGG:hsa05230	hsa05230	KEGG
KEGG_PARTICIPATION:4615|hsa04010	4615	MYD88	hsa:4615	KEGG:hsa04010	hsa04010	KEGG
KEGG_PARTICIPATION:4615|hsa04064	4615	MYD88	hsa:4615	KEGG:hsa04064	hsa04064	KEGG
KEGG_PARTICIPATION:4615|hsa04620	4615	MYD88	hsa:4615	KEGG:hsa04620	hsa04620	KEGG
KEGG_PARTICIPATION:4615|hsa04621	4615	MYD88	hsa:4615	KEGG:hsa04621	hsa04621	KEGG
KEGG_PARTICIPATION:4615|hsa04936	4615	MYD88	hsa:4615	KEGG:hsa04936	hsa04936	KEGG
KEGG_PARTICIPATION:4615|hsa05130	4615	MYD88	hsa:4615	KEGG:hsa05130	hsa05130	KEGG
KEGG_PARTICIPATION:4615|hsa05131	4615	MYD88	hsa:4615	KEGG:hsa05131	hsa05131	KEGG
KEGG_PARTICIPATION:4615|hsa05132	4615	MYD88	hsa:4615	KEGG:hsa05132	hsa05132	KEGG
KEGG_PARTICIPATION:4615|hsa05133	4615	MYD88	hsa:4615	KEGG:hsa05133	hsa05133	KEGG
KEGG_PARTICIPATION:4615|hsa05134	4615	MYD88	hsa:4615	KEGG:hsa05134	hsa05134	KEGG
KEGG_PARTICIPATION:4615|hsa05135	4615	MYD88	hsa:4615	KEGG:hsa05135	hsa05135	KEGG
KEGG_PARTICIPATION:4615|hsa05140	4615	MYD88	hsa:4615	KEGG:hsa05140	hsa05140	KEGG
KEGG_PARTICIPATION:4615|hsa05142	4615	MYD88	hsa:4615	KEGG:hsa05142	hsa05142	KEGG
KEGG_PARTICIPATION:4615|hsa05143	4615	MYD88	hsa:4615	KEGG:hsa05143	hsa05143	KEGG
KEGG_PARTICIPATION:4615|hsa05144	4615	MYD88	hsa:4615	KEGG:hsa05144	hsa05144	KEGG
KEGG_PARTICIPATION:4615|hsa05145	4615	MYD88	hsa:4615	KEGG:hsa05145	hsa05145	KEGG
KEGG_PARTICIPATION:4615|hsa05152	4615	MYD88	hsa:4615	KEGG:hsa05152	hsa05152	KEGG
KEGG_PARTICIPATION:4615|hsa05161	4615	MYD88	hsa:4615	KEGG:hsa05161	hsa05161	KEGG
KEGG_PARTICIPATION:4615|hsa05162	4615	MYD88	hsa:4615	KEGG:hsa05162	hsa05162	KEGG
KEGG_PARTICIPATION:4615|hsa05164	4615	MYD88	hsa:4615	KEGG:hsa05164	hsa05164	KEGG
KEGG_PARTICIPATION:4615|hsa05168	4615	MYD88	hsa:4615	KEGG:hsa05168	hsa05168	KEGG
KEGG_PARTICIPATION:4615|hsa05169	4615	MYD88	hsa:4615	KEGG:hsa05169	hsa05169	KEGG
KEGG_PARTICIPATION:4615|hsa05170	4615	MYD88	hsa:4615	KEGG:hsa05170	hsa05170	KEGG
KEGG_PARTICIPATION:4615|hsa05171	4615	MYD88	hsa:4615	KEGG:hsa05171	hsa05171	KEGG
KEGG_PARTICIPATION:4615|hsa05235	4615	MYD88	hsa:4615	KEGG:hsa05235	hsa05235	KEGG
KEGG_PARTICIPATION:4615|hsa05417	4615	MYD88	hsa:4615	KEGG:hsa05417	hsa05417	KEGG
KEGG_PARTICIPATION:463|hsa04550	463	ZFHX3	hsa:463	KEGG:hsa04550	hsa04550	KEGG
KEGG_PARTICIPATION:4683|hsa03440	4683	NBN	hsa:4683	KEGG:hsa03440	hsa03440	KEGG
KEGG_PARTICIPATION:4683|hsa04218	4683	NBN	hsa:4683	KEGG:hsa04218	hsa04218	KEGG
KEGG_PARTICIPATION:472|hsa01524	472	ATM	hsa:472	KEGG:hsa01524	hsa01524	KEGG
KEGG_PARTICIPATION:472|hsa03440	472	ATM	hsa:472	KEGG:hsa03440	hsa03440	KEGG
KEGG_PARTICIPATION:472|hsa04064	472	ATM	hsa:472	KEGG:hsa04064	hsa04064	KEGG
KEGG_PARTICIPATION:472|hsa04068	472	ATM	hsa:472	KEGG:hsa04068	hsa04068	KEGG
KEGG_PARTICIPATION:472|hsa04110	472	ATM	hsa:472	KEGG:hsa04110	hsa04110	KEGG
KEGG_PARTICIPATION:472|hsa04115	472	ATM	hsa:472	KEGG:hsa04115	hsa04115	KEGG
KEGG_PARTICIPATION:472|hsa04210	472	ATM	hsa:472	KEGG:hsa04210	hsa04210	KEGG
KEGG_PARTICIPATION:472|hsa04218	472	ATM	hsa:472	KEGG:hsa04218	hsa04218	KEGG
KEGG_PARTICIPATION:472|hsa05131	472	ATM	hsa:472	KEGG:hsa05131	hsa05131	KEGG
KEGG_PARTICIPATION:472|hsa05165	472	ATM	hsa:472	KEGG:hsa05165	hsa05165	KEGG
KEGG_PARTICIPATION:472|hsa05166	472	ATM	hsa:472	KEGG:hsa05166	hsa05166	KEGG
KEGG_PARTICIPATION:472|hsa05170	472	ATM	hsa:472	KEGG:hsa05170	hsa05170	KEGG
KEGG_PARTICIPATION:472|hsa05202	472	ATM	hsa:472	KEGG:hsa05202	hsa05202	KEGG
KEGG_PARTICIPATION:472|hsa05206	472	ATM	hsa:472	KEGG:hsa05206	hsa05206	KEGG
KEGG_PARTICIPATION:4771|hsa04390	4771	NF2	hsa:4771	KEGG:hsa04390	hsa04390	KEGG
KEGG_PARTICIPATION:4771|hsa04392	4771	NF2	hsa:4771	KEGG:hsa04392	hsa04392	KEGG
KEGG_PARTICIPATION:4771|hsa04519	4771	NF2	hsa:4771	KEGG:hsa04519	hsa04519	KEGG
KEGG_PARTICIPATION:4771|hsa04530	4771	NF2	hsa:4771	KEGG:hsa04530	hsa04530	KEGG
KEGG_PARTICIPATION:4780|hsa04141	4780	NFE2L2	hsa:4780	KEGG:hsa04141	hsa04141	KEGG
KEGG_PARTICIPATION:4780|hsa05012	4780	NFE2L2	hsa:4780	KEGG:hsa05012	hsa05012	KEGG
KEGG_PARTICIPATION:4780|hsa05200	4780	NFE2L2	hsa:4780	KEGG:hsa05200	hsa05200	KEGG
KEGG_PARTICIPATION:4780|hsa05208	4780	NFE2L2	hsa:4780	KEGG:hsa05208	hsa05208	KEGG
KEGG_PARTICIPATION:4780|hsa05225	4780	NFE2L2	hsa:4780	KEGG:hsa05225	hsa05225	KEGG
KEGG_PARTICIPATION:4780|hsa05417	4780	NFE2L2	hsa:4780	KEGG:hsa05417	hsa05417	KEGG
KEGG_PARTICIPATION:4780|hsa05418	4780	NFE2L2	hsa:4780	KEGG:hsa05418	hsa05418	KEGG
KEGG_PARTICIPATION:4790|hsa01523	4790	NFKB1	hsa:4790	KEGG:hsa01523	hsa01523	KEGG
KEGG_PARTICIPATION:4790|hsa04010	4790	NFKB1	hsa:4790	KEGG:hsa04010	hsa04010	KEGG
KEGG_PARTICIPATION:4790|hsa04014	4790	NFKB1	hsa:4790	KEGG:hsa04014	hsa04014	KEGG
KEGG_PARTICIPATION:4790|hsa04024	4790	NFKB1	hsa:4790	KEGG:hsa04024	hsa04024	KEGG
KEGG_PARTICIPATION:4790|hsa04062	4790	NFKB1	hsa:4790	KEGG:hsa04062	hsa04062	KEGG
KEGG_PARTICIPATION:4790|hsa04064	4790	NFKB1	hsa:4790	KEGG:hsa04064	hsa04064	KEGG
KEGG_PARTICIPATION:4790|hsa04066	4790	NFKB1	hsa:4790	KEGG:hsa04066	hsa04066	KEGG
KEGG_PARTICIPATION:4790|hsa04071	4790	NFKB1	hsa:4790	KEGG:hsa04071	hsa04071	KEGG
KEGG_PARTICIPATION:4790|hsa04151	4790	NFKB1	hsa:4790	KEGG:hsa04151	hsa04151	KEGG
KEGG_PARTICIPATION:4790|hsa04210	4790	NFKB1	hsa:4790	KEGG:hsa04210	hsa04210	KEGG
KEGG_PARTICIPATION:4790|hsa04211	4790	NFKB1	hsa:4790	KEGG:hsa04211	hsa04211	KEGG
KEGG_PARTICIPATION:4790|hsa04218	4790	NFKB1	hsa:4790	KEGG:hsa04218	hsa04218	KEGG
KEGG_PARTICIPATION:4790|hsa04380	4790	NFKB1	hsa:4790	KEGG:hsa04380	hsa04380	KEGG
KEGG_PARTICIPATION:4790|hsa04519	4790	NFKB1	hsa:4790	KEGG:hsa04519	hsa04519	KEGG
KEGG_PARTICIPATION:4790|hsa04613	4790	NFKB1	hsa:4790	KEGG:hsa04613	hsa04613	KEGG
KEGG_PARTICIPATION:4790|hsa04620	4790	NFKB1	hsa:4790	KEGG:hsa04620	hsa04620	KEGG
KEGG_PARTICIPATION:4790|hsa04621	4790	NFKB1	hsa:4790	KEGG:hsa04621	hsa04621	KEGG
KEGG_PARTICIPATION:4790|hsa04622	4790	NFKB1	hsa:4790	KEGG:hsa04622	hsa04622	KEGG
KEGG_PARTICIPATION:4790|hsa04623	4790	NFKB1	hsa:4790	KEGG:hsa04623	hsa04623	KEGG
KEGG_PARTICIPATION:4790|hsa04625	4790	NFKB1	hsa:4790	KEGG:hsa04625	hsa04625	KEGG
KEGG_PARTICIPATION:4790|hsa04657	4790	NFKB1	hsa:4790	KEGG:hsa04657	hsa04657	KEGG
KEGG_PARTICIPATION:4790|hsa04658	4790	NFKB1	hsa:4790	KEGG:hsa04658	hsa04658	KEGG
KEGG_PARTICIPATION:4790|hsa04659	4790	NFKB1	hsa:4790	KEGG:hsa04659	hsa04659	KEGG
KEGG_PARTICIPATION:4790|hsa04660	4790	NFKB1	hsa:4790	KEGG:hsa04660	hsa04660	KEGG
KEGG_PARTICIPATION:4790|hsa04662	4790	NFKB1	hsa:4790	KEGG:hsa04662	hsa04662	KEGG
KEGG_PARTICIPATION:4790|hsa04668	4790	NFKB1	hsa:4790	KEGG:hsa04668	hsa04668	KEGG
KEGG_PARTICIPATION:4790|hsa04722	4790	NFKB1	hsa:4790	KEGG:hsa04722	hsa04722	KEGG
KEGG_PARTICIPATION:4790|hsa04917	4790	NFKB1	hsa:4790	KEGG:hsa04917	hsa04917	KEGG
KEGG_PARTICIPATION:4790|hsa04920	4790	NFKB1	hsa:4790	KEGG:hsa04920	hsa04920	KEGG
KEGG_PARTICIPATION:4790|hsa04926	4790	NFKB1	hsa:4790	KEGG:hsa04926	hsa04926	KEGG
KEGG_PARTICIPATION:4790|hsa04931	4790	NFKB1	hsa:4790	KEGG:hsa04931	hsa04931	KEGG
KEGG_PARTICIPATION:4790|hsa04932	4790	NFKB1	hsa:4790	KEGG:hsa04932	hsa04932	KEGG
KEGG_PARTICIPATION:4790|hsa04933	4790	NFKB1	hsa:4790	KEGG:hsa04933	hsa04933	KEGG
KEGG_PARTICIPATION:4790|hsa04936	4790	NFKB1	hsa:4790	KEGG:hsa04936	hsa04936	KEGG
KEGG_PARTICIPATION:4790|hsa05010	4790	NFKB1	hsa:4790	KEGG:hsa05010	hsa05010	KEGG
KEGG_PARTICIPATION:4790|hsa05022	4790	NFKB1	hsa:4790	KEGG:hsa05022	hsa05022	KEGG
KEGG_PARTICIPATION:4790|hsa05030	4790	NFKB1	hsa:4790	KEGG:hsa05030	hsa05030	KEGG
KEGG_PARTICIPATION:4790|hsa05120	4790	NFKB1	hsa:4790	KEGG:hsa05120	hsa05120	KEGG
KEGG_PARTICIPATION:4790|hsa05130	4790	NFKB1	hsa:4790	KEGG:hsa05130	hsa05130	KEGG
KEGG_PARTICIPATION:4790|hsa05131	4790	NFKB1	hsa:4790	KEGG:hsa05131	hsa05131	KEGG
KEGG_PARTICIPATION:4790|hsa05132	4790	NFKB1	hsa:4790	KEGG:hsa05132	hsa05132	KEGG
KEGG_PARTICIPATION:4790|hsa05133	4790	NFKB1	hsa:4790	KEGG:hsa05133	hsa05133	KEGG
KEGG_PARTICIPATION:4790|hsa05134	4790	NFKB1	hsa:4790	KEGG:hsa05134	hsa05134	KEGG
KEGG_PARTICIPATION:4790|hsa05135	4790	NFKB1	hsa:4790	KEGG:hsa05135	hsa05135	KEGG
KEGG_PARTICIPATION:4790|hsa05140	4790	NFKB1	hsa:4790	KEGG:hsa05140	hsa05140	KEGG
KEGG_PARTICIPATION:4790|hsa05142	4790	NFKB1	hsa:4790	KEGG:hsa05142	hsa05142	KEGG
KEGG_PARTICIPATION:4790|hsa05145	4790	NFKB1	hsa:4790	KEGG:hsa05145	hsa05145	KEGG
KEGG_PARTICIPATION:4790|hsa05146	4790	NFKB1	hsa:4790	KEGG:hsa05146	hsa05146	KEGG
KEGG_PARTICIPATION:4790|hsa05152	4790	NFKB1	hsa:4790	KEGG:hsa05152	hsa05152	KEGG
KEGG_PARTICIPATION:4790|hsa05160	4790	NFKB1	hsa:4790	KEGG:hsa05160	hsa05160	KEGG
KEGG_PARTICIPATION:4790|hsa05161	4790	NFKB1	hsa:4790	KEGG:hsa05161	hsa05161	KEGG
KEGG_PARTICIPATION:4790|hsa05162	4790	NFKB1	hsa:4790	KEGG:hsa05162	hsa05162	KEGG
KEGG_PARTICIPATION:4790|hsa05163	4790	NFKB1	hsa:4790	KEGG:hsa05163	hsa05163	KEGG
KEGG_PARTICIPATION:4790|hsa05164	4790	NFKB1	hsa:4790	KEGG:hsa05164	hsa05164	KEGG
KEGG_PARTICIPATION:4790|hsa05165	4790	NFKB1	hsa:4790	KEGG:hsa05165	hsa05165	KEGG
KEGG_PARTICIPATION:4790|hsa05166	4790	NFKB1	hsa:4790	KEGG:hsa05166	hsa05166	KEGG
KEGG_PARTICIPATION:4790|hsa05167	4790	NFKB1	hsa:4790	KEGG:hsa05167	hsa05167	KEGG
KEGG_PARTICIPATION:4790|hsa05168	4790	NFKB1	hsa:4790	KEGG:hsa05168	hsa05168	KEGG
KEGG_PARTICIPATION:4790|hsa05169	4790	NFKB1	hsa:4790	KEGG:hsa05169	hsa05169	KEGG
KEGG_PARTICIPATION:4790|hsa05170	4790	NFKB1	hsa:4790	KEGG:hsa05170	hsa05170	KEGG
KEGG_PARTICIPATION:4790|hsa05171	4790	NFKB1	hsa:4790	KEGG:hsa05171	hsa05171	KEGG
KEGG_PARTICIPATION:4790|hsa05200	4790	NFKB1	hsa:4790	KEGG:hsa05200	hsa05200	KEGG
KEGG_PARTICIPATION:4790|hsa05202	4790	NFKB1	hsa:4790	KEGG:hsa05202	hsa05202	KEGG
KEGG_PARTICIPATION:4790|hsa05203	4790	NFKB1	hsa:4790	KEGG:hsa05203	hsa05203	KEGG
KEGG_PARTICIPATION:4790|hsa05206	4790	NFKB1	hsa:4790	KEGG:hsa05206	hsa05206	KEGG
KEGG_PARTICIPATION:4790|hsa05207	4790	NFKB1	hsa:4790	KEGG:hsa05207	hsa05207	KEGG
KEGG_PARTICIPATION:4790|hsa05208	4790	NFKB1	hsa:4790	KEGG:hsa05208	hsa05208	KEGG
KEGG_PARTICIPATION:4790|hsa05212	4790	NFKB1	hsa:4790	KEGG:hsa05212	hsa05212	KEGG
KEGG_PARTICIPATION:4790|hsa05215	4790	NFKB1	hsa:4790	KEGG:hsa05215	hsa05215	KEGG
KEGG_PARTICIPATION:4790|hsa05220	4790	NFKB1	hsa:4790	KEGG:hsa05220	hsa05220	KEGG
KEGG_PARTICIPATION:4790|hsa05221	4790	NFKB1	hsa:4790	KEGG:hsa05221	hsa05221	KEGG
KEGG_PARTICIPATION:4790|hsa05222	4790	NFKB1	hsa:4790	KEGG:hsa05222	hsa05222	KEGG
KEGG_PARTICIPATION:4790|hsa05235	4790	NFKB1	hsa:4790	KEGG:hsa05235	hsa05235	KEGG
KEGG_PARTICIPATION:4790|hsa05321	4790	NFKB1	hsa:4790	KEGG:hsa05321	hsa05321	KEGG
KEGG_PARTICIPATION:4790|hsa05415	4790	NFKB1	hsa:4790	KEGG:hsa05415	hsa05415	KEGG
KEGG_PARTICIPATION:4790|hsa05417	4790	NFKB1	hsa:4790	KEGG:hsa05417	hsa05417	KEGG
KEGG_PARTICIPATION:4790|hsa05418	4790	NFKB1	hsa:4790	KEGG:hsa05418	hsa05418	KEGG
KEGG_PARTICIPATION:4792|hsa04024	4792	NFKBIA	hsa:4792	KEGG:hsa04024	hsa04024	KEGG
KEGG_PARTICIPATION:4792|hsa04062	4792	NFKBIA	hsa:4792	KEGG:hsa04062	hsa04062	KEGG
KEGG_PARTICIPATION:4792|hsa04064	4792	NFKBIA	hsa:4792	KEGG:hsa04064	hsa04064	KEGG
KEGG_PARTICIPATION:4792|hsa04210	4792	NFKBIA	hsa:4792	KEGG:hsa04210	hsa04210	KEGG
KEGG_PARTICIPATION:4792|hsa04380	4792	NFKBIA	hsa:4792	KEGG:hsa04380	hsa04380	KEGG
KEGG_PARTICIPATION:4792|hsa04519	4792	NFKBIA	hsa:4792	KEGG:hsa04519	hsa04519	KEGG
KEGG_PARTICIPATION:4792|hsa04620	4792	NFKBIA	hsa:4792	KEGG:hsa04620	hsa04620	KEGG
KEGG_PARTICIPATION:4792|hsa04621	4792	NFKBIA	hsa:4792	KEGG:hsa04621	hsa04621	KEGG
KEGG_PARTICIPATION:4792|hsa04622	4792	NFKBIA	hsa:4792	KEGG:hsa04622	hsa04622	KEGG
KEGG_PARTICIPATION:4792|hsa04623	4792	NFKBIA	hsa:4792	KEGG:hsa04623	hsa04623	KEGG
KEGG_PARTICIPATION:4792|hsa04625	4792	NFKBIA	hsa:4792	KEGG:hsa04625	hsa04625	KEGG
KEGG_PARTICIPATION:4792|hsa04657	4792	NFKBIA	hsa:4792	KEGG:hsa04657	hsa04657	KEGG
KEGG_PARTICIPATION:4792|hsa04658	4792	NFKBIA	hsa:4792	KEGG:hsa04658	hsa04658	KEGG
KEGG_PARTICIPATION:4792|hsa04659	4792	NFKBIA	hsa:4792	KEGG:hsa04659	hsa04659	KEGG
KEGG_PARTICIPATION:4792|hsa04660	4792	NFKBIA	hsa:4792	KEGG:hsa04660	hsa04660	KEGG
KEGG_PARTICIPATION:4792|hsa04662	4792	NFKBIA	hsa:4792	KEGG:hsa04662	hsa04662	KEGG
KEGG_PARTICIPATION:4792|hsa04668	4792	NFKBIA	hsa:4792	KEGG:hsa04668	hsa04668	KEGG
KEGG_PARTICIPATION:4792|hsa04722	4792	NFKBIA	hsa:4792	KEGG:hsa04722	hsa04722	KEGG
KEGG_PARTICIPATION:4792|hsa04920	4792	NFKBIA	hsa:4792	KEGG:hsa04920	hsa04920	KEGG
KEGG_PARTICIPATION:4792|hsa04926	4792	NFKBIA	hsa:4792	KEGG:hsa04926	hsa04926	KEGG
KEGG_PARTICIPATION:4792|hsa04931	4792	NFKBIA	hsa:4792	KEGG:hsa04931	hsa04931	KEGG
KEGG_PARTICIPATION:4792|hsa04936	4792	NFKBIA	hsa:4792	KEGG:hsa04936	hsa04936	KEGG
KEGG_PARTICIPATION:4792|hsa05120	4792	NFKBIA	hsa:4792	KEGG:hsa05120	hsa05120	KEGG
KEGG_PARTICIPATION:4792|hsa05130	4792	NFKBIA	hsa:4792	KEGG:hsa05130	hsa05130	KEGG
KEGG_PARTICIPATION:4792|hsa05131	4792	NFKBIA	hsa:4792	KEGG:hsa05131	hsa05131	KEGG
KEGG_PARTICIPATION:4792|hsa05132	4792	NFKBIA	hsa:4792	KEGG:hsa05132	hsa05132	KEGG
KEGG_PARTICIPATION:4792|hsa05134	4792	NFKBIA	hsa:4792	KEGG:hsa05134	hsa05134	KEGG
KEGG_PARTICIPATION:4792|hsa05135	4792	NFKBIA	hsa:4792	KEGG:hsa05135	hsa05135	KEGG
KEGG_PARTICIPATION:4792|hsa05140	4792	NFKBIA	hsa:4792	KEGG:hsa05140	hsa05140	KEGG
KEGG_PARTICIPATION:4792|hsa05142	4792	NFKBIA	hsa:4792	KEGG:hsa05142	hsa05142	KEGG
KEGG_PARTICIPATION:4792|hsa05145	4792	NFKBIA	hsa:4792	KEGG:hsa05145	hsa05145	KEGG
KEGG_PARTICIPATION:4792|hsa05160	4792	NFKBIA	hsa:4792	KEGG:hsa05160	hsa05160	KEGG
KEGG_PARTICIPATION:4792|hsa05161	4792	NFKBIA	hsa:4792	KEGG:hsa05161	hsa05161	KEGG
KEGG_PARTICIPATION:4792|hsa05162	4792	NFKBIA	hsa:4792	KEGG:hsa05162	hsa05162	KEGG
KEGG_PARTICIPATION:4792|hsa05163	4792	NFKBIA	hsa:4792	KEGG:hsa05163	hsa05163	KEGG
KEGG_PARTICIPATION:4792|hsa05164	4792	NFKBIA	hsa:4792	KEGG:hsa05164	hsa05164	KEGG
KEGG_PARTICIPATION:4792|hsa05166	4792	NFKBIA	hsa:4792	KEGG:hsa05166	hsa05166	KEGG
KEGG_PARTICIPATION:4792|hsa05167	4792	NFKBIA	hsa:4792	KEGG:hsa05167	hsa05167	KEGG
KEGG_PARTICIPATION:4792|hsa05168	4792	NFKBIA	hsa:4792	KEGG:hsa05168	hsa05168	KEGG
KEGG_PARTICIPATION:4792|hsa05169	4792	NFKBIA	hsa:4792	KEGG:hsa05169	hsa05169	KEGG
KEGG_PARTICIPATION:4792|hsa05170	4792	NFKBIA	hsa:4792	KEGG:hsa05170	hsa05170	KEGG
KEGG_PARTICIPATION:4792|hsa05171	4792	NFKBIA	hsa:4792	KEGG:hsa05171	hsa05171	KEGG
KEGG_PARTICIPATION:4792|hsa05200	4792	NFKBIA	hsa:4792	KEGG:hsa05200	hsa05200	KEGG
KEGG_PARTICIPATION:4792|hsa05203	4792	NFKBIA	hsa:4792	KEGG:hsa05203	hsa05203	KEGG
KEGG_PARTICIPATION:4792|hsa05208	4792	NFKBIA	hsa:4792	KEGG:hsa05208	hsa05208	KEGG
KEGG_PARTICIPATION:4792|hsa05215	4792	NFKBIA	hsa:4792	KEGG:hsa05215	hsa05215	KEGG
KEGG_PARTICIPATION:4792|hsa05220	4792	NFKBIA	hsa:4792	KEGG:hsa05220	hsa05220	KEGG
KEGG_PARTICIPATION:4792|hsa05222	4792	NFKBIA	hsa:4792	KEGG:hsa05222	hsa05222	KEGG
KEGG_PARTICIPATION:4792|hsa05235	4792	NFKBIA	hsa:4792	KEGG:hsa05235	hsa05235	KEGG
KEGG_PARTICIPATION:4792|hsa05417	4792	NFKBIA	hsa:4792	KEGG:hsa05417	hsa05417	KEGG
KEGG_PARTICIPATION:47|hsa00020	47	ACLY	hsa:47	KEGG:hsa00020	hsa00020	KEGG
KEGG_PARTICIPATION:47|hsa01100	47	ACLY	hsa:47	KEGG:hsa01100	hsa01100	KEGG
KEGG_PARTICIPATION:4824|hsa05200	4824	NKX3-1	hsa:4824	KEGG:hsa05200	hsa05200	KEGG
KEGG_PARTICIPATION:4824|hsa05215	4824	NKX3-1	hsa:4824	KEGG:hsa05215	hsa05215	KEGG
KEGG_PARTICIPATION:4830|hsa00230	4830	NME1	hsa:4830	KEGG:hsa00230	hsa00230	KEGG
KEGG_PARTICIPATION:4830|hsa00240	4830	NME1	hsa:4830	KEGG:hsa00240	hsa00240	KEGG
KEGG_PARTICIPATION:4830|hsa00983	4830	NME1	hsa:4830	KEGG:hsa00983	hsa00983	KEGG
KEGG_PARTICIPATION:4830|hsa01100	4830	NME1	hsa:4830	KEGG:hsa01100	hsa01100	KEGG
KEGG_PARTICIPATION:4830|hsa01232	4830	NME1	hsa:4830	KEGG:hsa01232	hsa01232	KEGG
KEGG_PARTICIPATION:4830|hsa01240	4830	NME1	hsa:4830	KEGG:hsa01240	hsa01240	KEGG
KEGG_PARTICIPATION:4837|hsa00760	4837	NNMT	hsa:4837	KEGG:hsa00760	hsa00760	KEGG
KEGG_PARTICIPATION:4837|hsa01100	4837	NNMT	hsa:4837	KEGG:hsa01100	hsa01100	KEGG
KEGG_PARTICIPATION:4854|hsa01522	4854	NOTCH3	hsa:4854	KEGG:hsa01522	hsa01522	KEGG
KEGG_PARTICIPATION:4854|hsa04330	4854	NOTCH3	hsa:4854	KEGG:hsa04330	hsa04330	KEGG
KEGG_PARTICIPATION:4854|hsa04371	4854	NOTCH3	hsa:4854	KEGG:hsa04371	hsa04371	KEGG
KEGG_PARTICIPATION:4854|hsa04658	4854	NOTCH3	hsa:4854	KEGG:hsa04658	hsa04658	KEGG
KEGG_PARTICIPATION:4854|hsa04919	4854	NOTCH3	hsa:4854	KEGG:hsa04919	hsa04919	KEGG
KEGG_PARTICIPATION:4854|hsa05165	4854	NOTCH3	hsa:4854	KEGG:hsa05165	hsa05165	KEGG
KEGG_PARTICIPATION:4854|hsa05200	4854	NOTCH3	hsa:4854	KEGG:hsa05200	hsa05200	KEGG
KEGG_PARTICIPATION:4854|hsa05206	4854	NOTCH3	hsa:4854	KEGG:hsa05206	hsa05206	KEGG
KEGG_PARTICIPATION:4854|hsa05224	4854	NOTCH3	hsa:4854	KEGG:hsa05224	hsa05224	KEGG
KEGG_PARTICIPATION:4864|hsa03265	4864	NPC1	hsa:4864	KEGG:hsa03265	hsa03265	KEGG
KEGG_PARTICIPATION:4864|hsa04142	4864	NPC1	hsa:4864	KEGG:hsa04142	hsa04142	KEGG
KEGG_PARTICIPATION:4864|hsa04979	4864	NPC1	hsa:4864	KEGG:hsa04979	hsa04979	KEGG
KEGG_PARTICIPATION:4878|hsa04022	4878	NPPA	hsa:4878	KEGG:hsa04022	hsa04022	KEGG
KEGG_PARTICIPATION:4878|hsa04024	4878	NPPA	hsa:4878	KEGG:hsa04024	hsa04024	KEGG
KEGG_PARTICIPATION:4878|hsa04066	4878	NPPA	hsa:4878	KEGG:hsa04066	hsa04066	KEGG
KEGG_PARTICIPATION:4878|hsa04081	4878	NPPA	hsa:4878	KEGG:hsa04081	hsa04081	KEGG
KEGG_PARTICIPATION:4878|hsa04270	4878	NPPA	hsa:4878	KEGG:hsa04270	hsa04270	KEGG
KEGG_PARTICIPATION:4878|hsa04714	4878	NPPA	hsa:4878	KEGG:hsa04714	hsa04714	KEGG
KEGG_PARTICIPATION:4878|hsa04921	4878	NPPA	hsa:4878	KEGG:hsa04921	hsa04921	KEGG
KEGG_PARTICIPATION:4878|hsa04923	4878	NPPA	hsa:4878	KEGG:hsa04923	hsa04923	KEGG
KEGG_PARTICIPATION:4878|hsa04924	4878	NPPA	hsa:4878	KEGG:hsa04924	hsa04924	KEGG
KEGG_PARTICIPATION:4878|hsa04925	4878	NPPA	hsa:4878	KEGG:hsa04925	hsa04925	KEGG
KEGG_PARTICIPATION:4878|hsa05143	4878	NPPA	hsa:4878	KEGG:hsa05143	hsa05143	KEGG
KEGG_PARTICIPATION:4893|hsa01521	4893	NRAS	hsa:4893	KEGG:hsa01521	hsa01521	KEGG
KEGG_PARTICIPATION:4893|hsa01522	4893	NRAS	hsa:4893	KEGG:hsa01522	hsa01522	KEGG
KEGG_PARTICIPATION:4893|hsa04010	4893	NRAS	hsa:4893	KEGG:hsa04010	hsa04010	KEGG
KEGG_PARTICIPATION:4893|hsa04012	4893	NRAS	hsa:4893	KEGG:hsa04012	hsa04012	KEGG
KEGG_PARTICIPATION:4893|hsa04014	4893	NRAS	hsa:4893	KEGG:hsa04014	hsa04014	KEGG
KEGG_PARTICIPATION:4893|hsa04015	4893	NRAS	hsa:4893	KEGG:hsa04015	hsa04015	KEGG
KEGG_PARTICIPATION:4893|hsa04062	4893	NRAS	hsa:4893	KEGG:hsa04062	hsa04062	KEGG
KEGG_PARTICIPATION:4893|hsa04068	4893	NRAS	hsa:4893	KEGG:hsa04068	hsa04068	KEGG
KEGG_PARTICIPATION:4893|hsa04071	4893	NRAS	hsa:4893	KEGG:hsa04071	hsa04071	KEGG
KEGG_PARTICIPATION:4893|hsa04072	4893	NRAS	hsa:4893	KEGG:hsa04072	hsa04072	KEGG
KEGG_PARTICIPATION:4893|hsa04137	4893	NRAS	hsa:4893	KEGG:hsa04137	hsa04137	KEGG
KEGG_PARTICIPATION:4893|hsa04140	4893	NRAS	hsa:4893	KEGG:hsa04140	hsa04140	KEGG
KEGG_PARTICIPATION:4893|hsa04150	4893	NRAS	hsa:4893	KEGG:hsa04150	hsa04150	KEGG
KEGG_PARTICIPATION:4893|hsa04151	4893	NRAS	hsa:4893	KEGG:hsa04151	hsa04151	KEGG
KEGG_PARTICIPATION:4893|hsa04210	4893	NRAS	hsa:4893	KEGG:hsa04210	hsa04210	KEGG
KEGG_PARTICIPATION:4893|hsa04211	4893	NRAS	hsa:4893	KEGG:hsa04211	hsa04211	KEGG
KEGG_PARTICIPATION:4893|hsa04213	4893	NRAS	hsa:4893	KEGG:hsa04213	hsa04213	KEGG
KEGG_PARTICIPATION:4893|hsa04218	4893	NRAS	hsa:4893	KEGG:hsa04218	hsa04218	KEGG
KEGG_PARTICIPATION:4893|hsa04360	4893	NRAS	hsa:4893	KEGG:hsa04360	hsa04360	KEGG
KEGG_PARTICIPATION:4893|hsa04370	4893	NRAS	hsa:4893	KEGG:hsa04370	hsa04370	KEGG
KEGG_PARTICIPATION:4893|hsa04371	4893	NRAS	hsa:4893	KEGG:hsa04371	hsa04371	KEGG
KEGG_PARTICIPATION:4893|hsa04519	4893	NRAS	hsa:4893	KEGG:hsa04519	hsa04519	KEGG
KEGG_PARTICIPATION:4893|hsa04540	4893	NRAS	hsa:4893	KEGG:hsa04540	hsa04540	KEGG
KEGG_PARTICIPATION:4893|hsa04550	4893	NRAS	hsa:4893	KEGG:hsa04550	hsa04550	KEGG
KEGG_PARTICIPATION:4893|hsa04625	4893	NRAS	hsa:4893	KEGG:hsa04625	hsa04625	KEGG
KEGG_PARTICIPATION:4893|hsa04650	4893	NRAS	hsa:4893	KEGG:hsa04650	hsa04650	KEGG
KEGG_PARTICIPATION:4893|hsa04660	4893	NRAS	hsa:4893	KEGG:hsa04660	hsa04660	KEGG
KEGG_PARTICIPATION:4893|hsa04662	4893	NRAS	hsa:4893	KEGG:hsa04662	hsa04662	KEGG
KEGG_PARTICIPATION:4893|hsa04664	4893	NRAS	hsa:4893	KEGG:hsa04664	hsa04664	KEGG
KEGG_PARTICIPATION:4893|hsa04714	4893	NRAS	hsa:4893	KEGG:hsa04714	hsa04714	KEGG
KEGG_PARTICIPATION:4893|hsa04720	4893	NRAS	hsa:4893	KEGG:hsa04720	hsa04720	KEGG
KEGG_PARTICIPATION:4893|hsa04722	4893	NRAS	hsa:4893	KEGG:hsa04722	hsa04722	KEGG
KEGG_PARTICIPATION:4893|hsa04725	4893	NRAS	hsa:4893	KEGG:hsa04725	hsa04725	KEGG
KEGG_PARTICIPATION:4893|hsa04726	4893	NRAS	hsa:4893	KEGG:hsa04726	hsa04726	KEGG
KEGG_PARTICIPATION:4893|hsa04730	4893	NRAS	hsa:4893	KEGG:hsa04730	hsa04730	KEGG
KEGG_PARTICIPATION:4893|hsa04810	4893	NRAS	hsa:4893	KEGG:hsa04810	hsa04810	KEGG
KEGG_PARTICIPATION:4893|hsa04910	4893	NRAS	hsa:4893	KEGG:hsa04910	hsa04910	KEGG
KEGG_PARTICIPATION:4893|hsa04912	4893	NRAS	hsa:4893	KEGG:hsa04912	hsa04912	KEGG
KEGG_PARTICIPATION:4893|hsa04915	4893	NRAS	hsa:4893	KEGG:hsa04915	hsa04915	KEGG
KEGG_PARTICIPATION:4893|hsa04916	4893	NRAS	hsa:4893	KEGG:hsa04916	hsa04916	KEGG
KEGG_PARTICIPATION:4893|hsa04917	4893	NRAS	hsa:4893	KEGG:hsa04917	hsa04917	KEGG
KEGG_PARTICIPATION:4893|hsa04919	4893	NRAS	hsa:4893	KEGG:hsa04919	hsa04919	KEGG
KEGG_PARTICIPATION:4893|hsa04921	4893	NRAS	hsa:4893	KEGG:hsa04921	hsa04921	KEGG
KEGG_PARTICIPATION:4893|hsa04926	4893	NRAS	hsa:4893	KEGG:hsa04926	hsa04926	KEGG
KEGG_PARTICIPATION:4893|hsa04929	4893	NRAS	hsa:4893	KEGG:hsa04929	hsa04929	KEGG
KEGG_PARTICIPATION:4893|hsa04933	4893	NRAS	hsa:4893	KEGG:hsa04933	hsa04933	KEGG
KEGG_PARTICIPATION:4893|hsa04935	4893	NRAS	hsa:4893	KEGG:hsa04935	hsa04935	KEGG
KEGG_PARTICIPATION:4893|hsa05010	4893	NRAS	hsa:4893	KEGG:hsa05010	hsa05010	KEGG
KEGG_PARTICIPATION:4893|hsa05022	4893	NRAS	hsa:4893	KEGG:hsa05022	hsa05022	KEGG
KEGG_PARTICIPATION:4893|hsa05034	4893	NRAS	hsa:4893	KEGG:hsa05034	hsa05034	KEGG
KEGG_PARTICIPATION:4893|hsa05160	4893	NRAS	hsa:4893	KEGG:hsa05160	hsa05160	KEGG
KEGG_PARTICIPATION:4893|hsa05161	4893	NRAS	hsa:4893	KEGG:hsa05161	hsa05161	KEGG
KEGG_PARTICIPATION:4893|hsa05163	4893	NRAS	hsa:4893	KEGG:hsa05163	hsa05163	KEGG
KEGG_PARTICIPATION:4893|hsa05165	4893	NRAS	hsa:4893	KEGG:hsa05165	hsa05165	KEGG
KEGG_PARTICIPATION:4893|hsa05166	4893	NRAS	hsa:4893	KEGG:hsa05166	hsa05166	KEGG
KEGG_PARTICIPATION:4893|hsa05167	4893	NRAS	hsa:4893	KEGG:hsa05167	hsa05167	KEGG
KEGG_PARTICIPATION:4893|hsa05170	4893	NRAS	hsa:4893	KEGG:hsa05170	hsa05170	KEGG
KEGG_PARTICIPATION:4893|hsa05200	4893	NRAS	hsa:4893	KEGG:hsa05200	hsa05200	KEGG
KEGG_PARTICIPATION:4893|hsa05203	4893	NRAS	hsa:4893	KEGG:hsa05203	hsa05203	KEGG
KEGG_PARTICIPATION:4893|hsa05205	4893	NRAS	hsa:4893	KEGG:hsa05205	hsa05205	KEGG
KEGG_PARTICIPATION:4893|hsa05206	4893	NRAS	hsa:4893	KEGG:hsa05206	hsa05206	KEGG
KEGG_PARTICIPATION:4893|hsa05207	4893	NRAS	hsa:4893	KEGG:hsa05207	hsa05207	KEGG
KEGG_PARTICIPATION:4893|hsa05208	4893	NRAS	hsa:4893	KEGG:hsa05208	hsa05208	KEGG
KEGG_PARTICIPATION:4893|hsa05210	4893	NRAS	hsa:4893	KEGG:hsa05210	hsa05210	KEGG
KEGG_PARTICIPATION:4893|hsa05211	4893	NRAS	hsa:4893	KEGG:hsa05211	hsa05211	KEGG
KEGG_PARTICIPATION:4893|hsa05213	4893	NRAS	hsa:4893	KEGG:hsa05213	hsa05213	KEGG
KEGG_PARTICIPATION:4893|hsa05214	4893	NRAS	hsa:4893	KEGG:hsa05214	hsa05214	KEGG
KEGG_PARTICIPATION:4893|hsa05215	4893	NRAS	hsa:4893	KEGG:hsa05215	hsa05215	KEGG
KEGG_PARTICIPATION:4893|hsa05216	4893	NRAS	hsa:4893	KEGG:hsa05216	hsa05216	KEGG
KEGG_PARTICIPATION:4893|hsa05218	4893	NRAS	hsa:4893	KEGG:hsa05218	hsa05218	KEGG
KEGG_PARTICIPATION:4893|hsa05219	4893	NRAS	hsa:4893	KEGG:hsa05219	hsa05219	KEGG
KEGG_PARTICIPATION:4893|hsa05220	4893	NRAS	hsa:4893	KEGG:hsa05220	hsa05220	KEGG
KEGG_PARTICIPATION:4893|hsa05221	4893	NRAS	hsa:4893	KEGG:hsa05221	hsa05221	KEGG
KEGG_PARTICIPATION:4893|hsa05223	4893	NRAS	hsa:4893	KEGG:hsa05223	hsa05223	KEGG
KEGG_PARTICIPATION:4893|hsa05224	4893	NRAS	hsa:4893	KEGG:hsa05224	hsa05224	KEGG
KEGG_PARTICIPATION:4893|hsa05225	4893	NRAS	hsa:4893	KEGG:hsa05225	hsa05225	KEGG
KEGG_PARTICIPATION:4893|hsa05226	4893	NRAS	hsa:4893	KEGG:hsa05226	hsa05226	KEGG
KEGG_PARTICIPATION:4893|hsa05230	4893	NRAS	hsa:4893	KEGG:hsa05230	hsa05230	KEGG
KEGG_PARTICIPATION:4893|hsa05231	4893	NRAS	hsa:4893	KEGG:hsa05231	hsa05231	KEGG
KEGG_PARTICIPATION:4893|hsa05235	4893	NRAS	hsa:4893	KEGG:hsa05235	hsa05235	KEGG
KEGG_PARTICIPATION:4893|hsa05417	4893	NRAS	hsa:4893	KEGG:hsa05417	hsa05417	KEGG
KEGG_PARTICIPATION:4998|hsa04110	4998	ORC1	hsa:4998	KEGG:hsa04110	hsa04110	KEGG
KEGG_PARTICIPATION:5027|hsa04020	5027	P2RX7	hsa:5027	KEGG:hsa04020	hsa04020	KEGG
KEGG_PARTICIPATION:5027|hsa04080	5027	P2RX7	hsa:5027	KEGG:hsa04080	hsa04080	KEGG
KEGG_PARTICIPATION:5027|hsa04621	5027	P2RX7	hsa:5027	KEGG:hsa04621	hsa04621	KEGG
KEGG_PARTICIPATION:5052|hsa04146	5052	PRDX1	hsa:5052	KEGG:hsa04146	hsa04146	KEGG
KEGG_PARTICIPATION:5052|hsa04980	5052	PRDX1	hsa:5052	KEGG:hsa04980	hsa04980	KEGG
KEGG_PARTICIPATION:5052|hsa05146	5052	PRDX1	hsa:5052	KEGG:hsa05146	hsa05146	KEGG
KEGG_PARTICIPATION:5054|hsa04066	5054	SERPINE1	hsa:5054	KEGG:hsa04066	hsa04066	KEGG
KEGG_PARTICIPATION:5054|hsa04115	5054	SERPINE1	hsa:5054	KEGG:hsa04115	hsa04115	KEGG
KEGG_PARTICIPATION:5054|hsa04218	5054	SERPINE1	hsa:5054	KEGG:hsa04218	hsa04218	KEGG
KEGG_PARTICIPATION:5054|hsa04371	5054	SERPINE1	hsa:5054	KEGG:hsa04371	hsa04371	KEGG
KEGG_PARTICIPATION:5054|hsa04390	5054	SERPINE1	hsa:5054	KEGG:hsa04390	hsa04390	KEGG
KEGG_PARTICIPATION:5054|hsa04610	5054	SERPINE1	hsa:5054	KEGG:hsa04610	hsa04610	KEGG
KEGG_PARTICIPATION:5054|hsa04933	5054	SERPINE1	hsa:5054	KEGG:hsa04933	hsa04933	KEGG
KEGG_PARTICIPATION:5054|hsa05142	5054	SERPINE1	hsa:5054	KEGG:hsa05142	hsa05142	KEGG
KEGG_PARTICIPATION:5055|hsa04610	5055	SERPINB2	hsa:5055	KEGG:hsa04610	hsa04610	KEGG
KEGG_PARTICIPATION:506|hsa00190	506	ATP5F1B	hsa:506	KEGG:hsa00190	hsa00190	KEGG
KEGG_PARTICIPATION:506|hsa01100	506	ATP5F1B	hsa:506	KEGG:hsa01100	hsa01100	KEGG
KEGG_PARTICIPATION:506|hsa04714	506	ATP5F1B	hsa:506	KEGG:hsa04714	hsa04714	KEGG
KEGG_PARTICIPATION:506|hsa05010	506	ATP5F1B	hsa:506	KEGG:hsa05010	hsa05010	KEGG
KEGG_PARTICIPATION:506|hsa05012	506	ATP5F1B	hsa:506	KEGG:hsa05012	hsa05012	KEGG
KEGG_PARTICIPATION:506|hsa05014	506	ATP5F1B	hsa:506	KEGG:hsa05014	hsa05014	KEGG
KEGG_PARTICIPATION:506|hsa05016	506	ATP5F1B	hsa:506	KEGG:hsa05016	hsa05016	KEGG
KEGG_PARTICIPATION:506|hsa05020	506	ATP5F1B	hsa:506	KEGG:hsa05020	hsa05020	KEGG
KEGG_PARTICIPATION:506|hsa05022	506	ATP5F1B	hsa:506	KEGG:hsa05022	hsa05022	KEGG
KEGG_PARTICIPATION:506|hsa05208	506	ATP5F1B	hsa:506	KEGG:hsa05208	hsa05208	KEGG
KEGG_PARTICIPATION:506|hsa05415	506	ATP5F1B	hsa:506	KEGG:hsa05415	hsa05415	KEGG
KEGG_PARTICIPATION:50|hsa00020	50	ACO2	hsa:50	KEGG:hsa00020	hsa00020	KEGG
KEGG_PARTICIPATION:50|hsa00630	50	ACO2	hsa:50	KEGG:hsa00630	hsa00630	KEGG
KEGG_PARTICIPATION:50|hsa01100	50	ACO2	hsa:50	KEGG:hsa01100	hsa01100	KEGG
KEGG_PARTICIPATION:50|hsa01200	50	ACO2	hsa:50	KEGG:hsa01200	hsa01200	KEGG
KEGG_PARTICIPATION:50|hsa01210	50	ACO2	hsa:50	KEGG:hsa01210	hsa01210	KEGG
KEGG_PARTICIPATION:50|hsa01230	50	ACO2	hsa:50	KEGG:hsa01230	hsa01230	KEGG
KEGG_PARTICIPATION:5105|hsa00010	5105	PCK1	hsa:5105	KEGG:hsa00010	hsa00010	KEGG
KEGG_PARTICIPATION:5105|hsa00020	5105	PCK1	hsa:5105	KEGG:hsa00020	hsa00020	KEGG
KEGG_PARTICIPATION:5105|hsa00620	5105	PCK1	hsa:5105	KEGG:hsa00620	hsa00620	KEGG
KEGG_PARTICIPATION:5105|hsa01100	5105	PCK1	hsa:5105	KEGG:hsa01100	hsa01100	KEGG
KEGG_PARTICIPATION:5105|hsa03320	5105	PCK1	hsa:5105	KEGG:hsa03320	hsa03320	KEGG
KEGG_PARTICIPATION:5105|hsa04068	5105	PCK1	hsa:5105	KEGG:hsa04068	hsa04068	KEGG
KEGG_PARTICIPATION:5105|hsa04151	5105	PCK1	hsa:5105	KEGG:hsa04151	hsa04151	KEGG
KEGG_PARTICIPATION:5105|hsa04152	5105	PCK1	hsa:5105	KEGG:hsa04152	hsa04152	KEGG
KEGG_PARTICIPATION:5105|hsa04910	5105	PCK1	hsa:5105	KEGG:hsa04910	hsa04910	KEGG
KEGG_PARTICIPATION:5105|hsa04920	5105	PCK1	hsa:5105	KEGG:hsa04920	hsa04920	KEGG
KEGG_PARTICIPATION:5105|hsa04922	5105	PCK1	hsa:5105	KEGG:hsa04922	hsa04922	KEGG
KEGG_PARTICIPATION:5105|hsa04931	5105	PCK1	hsa:5105	KEGG:hsa04931	hsa04931	KEGG
KEGG_PARTICIPATION:5105|hsa04964	5105	PCK1	hsa:5105	KEGG:hsa04964	hsa04964	KEGG
KEGG_PARTICIPATION:51085|hsa04931	51085	MLXIPL	hsa:51085	KEGG:hsa04931	hsa04931	KEGG
KEGG_PARTICIPATION:51085|hsa04932	51085	MLXIPL	hsa:51085	KEGG:hsa04932	hsa04932	KEGG
KEGG_PARTICIPATION:51166|hsa00310	51166	AADAT	hsa:51166	KEGG:hsa00310	hsa00310	KEGG
KEGG_PARTICIPATION:51166|hsa00380	51166	AADAT	hsa:51166	KEGG:hsa00380	hsa00380	KEGG
KEGG_PARTICIPATION:51166|hsa01100	51166	AADAT	hsa:51166	KEGG:hsa01100	hsa01100	KEGG
KEGG_PARTICIPATION:51166|hsa01210	51166	AADAT	hsa:51166	KEGG:hsa01210	hsa01210	KEGG
KEGG_PARTICIPATION:51179|hsa00630	51179	HAO2	hsa:51179	KEGG:hsa00630	hsa00630	KEGG
KEGG_PARTICIPATION:51179|hsa01100	51179	HAO2	hsa:51179	KEGG:hsa01100	hsa01100	KEGG
KEGG_PARTICIPATION:51179|hsa01200	51179	HAO2	hsa:51179	KEGG:hsa01200	hsa01200	KEGG
KEGG_PARTICIPATION:51179|hsa04146	51179	HAO2	hsa:51179	KEGG:hsa04146	hsa04146	KEGG
KEGG_PARTICIPATION:51266|hsa04625	51266	CLEC1B	hsa:51266	KEGG:hsa04625	hsa04625	KEGG
KEGG_PARTICIPATION:51284|hsa04142	51284	TLR7	hsa:51284	KEGG:hsa04142	hsa04142	KEGG
KEGG_PARTICIPATION:51284|hsa04613	51284	TLR7	hsa:51284	KEGG:hsa04613	hsa04613	KEGG
KEGG_PARTICIPATION:51284|hsa04620	51284	TLR7	hsa:51284	KEGG:hsa04620	hsa04620	KEGG
KEGG_PARTICIPATION:51284|hsa05162	51284	TLR7	hsa:51284	KEGG:hsa05162	hsa05162	KEGG
KEGG_PARTICIPATION:51284|hsa05164	51284	TLR7	hsa:51284	KEGG:hsa05164	hsa05164	KEGG
KEGG_PARTICIPATION:51284|hsa05171	51284	TLR7	hsa:51284	KEGG:hsa05171	hsa05171	KEGG
KEGG_PARTICIPATION:51302|hsa00120	51302	CYP39A1	hsa:51302	KEGG:hsa00120	hsa00120	KEGG
KEGG_PARTICIPATION:5133|hsa04514	5133	PDCD1	hsa:5133	KEGG:hsa04514	hsa04514	KEGG
KEGG_PARTICIPATION:5133|hsa04660	5133	PDCD1	hsa:5133	KEGG:hsa04660	hsa04660	KEGG
KEGG_PARTICIPATION:5133|hsa05235	5133	PDCD1	hsa:5133	KEGG:hsa05235	hsa05235	KEGG
KEGG_PARTICIPATION:51360|hsa04141	51360	MBTPS2	hsa:51360	KEGG:hsa04141	hsa04141	KEGG
KEGG_PARTICIPATION:51512|hsa04115	51512	GTSE1	hsa:51512	KEGG:hsa04115	hsa04115	KEGG
KEGG_PARTICIPATION:5154|hsa01521	5154	PDGFA	hsa:5154	KEGG:hsa01521	hsa01521	KEGG
KEGG_PARTICIPATION:5154|hsa04010	5154	PDGFA	hsa:5154	KEGG:hsa04010	hsa04010	KEGG
KEGG_PARTICIPATION:5154|hsa04014	5154	PDGFA	hsa:5154	KEGG:hsa04014	hsa04014	KEGG
KEGG_PARTICIPATION:5154|hsa04015	5154	PDGFA	hsa:5154	KEGG:hsa04015	hsa04015	KEGG
KEGG_PARTICIPATION:5154|hsa04020	5154	PDGFA	hsa:5154	KEGG:hsa04020	hsa04020	KEGG
KEGG_PARTICIPATION:5154|hsa04072	5154	PDGFA	hsa:5154	KEGG:hsa04072	hsa04072	KEGG
KEGG_PARTICIPATION:5154|hsa04151	5154	PDGFA	hsa:5154	KEGG:hsa04151	hsa04151	KEGG
KEGG_PARTICIPATION:5154|hsa04510	5154	PDGFA	hsa:5154	KEGG:hsa04510	hsa04510	KEGG
KEGG_PARTICIPATION:5154|hsa04518	5154	PDGFA	hsa:5154	KEGG:hsa04518	hsa04518	KEGG
KEGG_PARTICIPATION:5154|hsa04540	5154	PDGFA	hsa:5154	KEGG:hsa04540	hsa04540	KEGG
KEGG_PARTICIPATION:5154|hsa04630	5154	PDGFA	hsa:5154	KEGG:hsa04630	hsa04630	KEGG
KEGG_PARTICIPATION:5154|hsa04810	5154	PDGFA	hsa:5154	KEGG:hsa04810	hsa04810	KEGG
KEGG_PARTICIPATION:5154|hsa05200	5154	PDGFA	hsa:5154	KEGG:hsa05200	hsa05200	KEGG
KEGG_PARTICIPATION:5154|hsa05202	5154	PDGFA	hsa:5154	KEGG:hsa05202	hsa05202	KEGG
KEGG_PARTICIPATION:5154|hsa05206	5154	PDGFA	hsa:5154	KEGG:hsa05206	hsa05206	KEGG
KEGG_PARTICIPATION:5154|hsa05214	5154	PDGFA	hsa:5154	KEGG:hsa05214	hsa05214	KEGG
KEGG_PARTICIPATION:5154|hsa05215	5154	PDGFA	hsa:5154	KEGG:hsa05215	hsa05215	KEGG
KEGG_PARTICIPATION:5154|hsa05218	5154	PDGFA	hsa:5154	KEGG:hsa05218	hsa05218	KEGG
KEGG_PARTICIPATION:5154|hsa05231	5154	PDGFA	hsa:5154	KEGG:hsa05231	hsa05231	KEGG
KEGG_PARTICIPATION:5154|hsa05418	5154	PDGFA	hsa:5154	KEGG:hsa05418	hsa05418	KEGG
KEGG_PARTICIPATION:5155|hsa01521	5155	PDGFB	hsa:5155	KEGG:hsa01521	hsa01521	KEGG
KEGG_PARTICIPATION:5155|hsa04010	5155	PDGFB	hsa:5155	KEGG:hsa04010	hsa04010	KEGG
KEGG_PARTICIPATION:5155|hsa04014	5155	PDGFB	hsa:5155	KEGG:hsa04014	hsa04014	KEGG
KEGG_PARTICIPATION:5155|hsa04015	5155	PDGFB	hsa:5155	KEGG:hsa04015	hsa04015	KEGG
KEGG_PARTICIPATION:5155|hsa04020	5155	PDGFB	hsa:5155	KEGG:hsa04020	hsa04020	KEGG
KEGG_PARTICIPATION:5155|hsa04072	5155	PDGFB	hsa:5155	KEGG:hsa04072	hsa04072	KEGG
KEGG_PARTICIPATION:5155|hsa04151	5155	PDGFB	hsa:5155	KEGG:hsa04151	hsa04151	KEGG
KEGG_PARTICIPATION:5155|hsa04510	5155	PDGFB	hsa:5155	KEGG:hsa04510	hsa04510	KEGG
KEGG_PARTICIPATION:5155|hsa04518	5155	PDGFB	hsa:5155	KEGG:hsa04518	hsa04518	KEGG
KEGG_PARTICIPATION:5155|hsa04540	5155	PDGFB	hsa:5155	KEGG:hsa04540	hsa04540	KEGG
KEGG_PARTICIPATION:5155|hsa04630	5155	PDGFB	hsa:5155	KEGG:hsa04630	hsa04630	KEGG
KEGG_PARTICIPATION:5155|hsa04810	5155	PDGFB	hsa:5155	KEGG:hsa04810	hsa04810	KEGG
KEGG_PARTICIPATION:5155|hsa05167	5155	PDGFB	hsa:5155	KEGG:hsa05167	hsa05167	KEGG
KEGG_PARTICIPATION:5155|hsa05200	5155	PDGFB	hsa:5155	KEGG:hsa05200	hsa05200	KEGG
KEGG_PARTICIPATION:5155|hsa05206	5155	PDGFB	hsa:5155	KEGG:hsa05206	hsa05206	KEGG
KEGG_PARTICIPATION:5155|hsa05211	5155	PDGFB	hsa:5155	KEGG:hsa05211	hsa05211	KEGG
KEGG_PARTICIPATION:5155|hsa05214	5155	PDGFB	hsa:5155	KEGG:hsa05214	hsa05214	KEGG
KEGG_PARTICIPATION:5155|hsa05215	5155	PDGFB	hsa:5155	KEGG:hsa05215	hsa05215	KEGG
KEGG_PARTICIPATION:5155|hsa05218	5155	PDGFB	hsa:5155	KEGG:hsa05218	hsa05218	KEGG
KEGG_PARTICIPATION:5155|hsa05231	5155	PDGFB	hsa:5155	KEGG:hsa05231	hsa05231	KEGG
KEGG_PARTICIPATION:5155|hsa05418	5155	PDGFB	hsa:5155	KEGG:hsa05418	hsa05418	KEGG
KEGG_PARTICIPATION:5166|hsa05415	5166	PDK4	hsa:5166	KEGG:hsa05415	hsa05415	KEGG
KEGG_PARTICIPATION:51719|hsa04150	51719	CAB39	hsa:51719	KEGG:hsa04150	hsa04150	KEGG
KEGG_PARTICIPATION:51719|hsa04152	51719	CAB39	hsa:51719	KEGG:hsa04152	hsa04152	KEGG
KEGG_PARTICIPATION:5176|hsa04310	5176	SERPINF1	hsa:5176	KEGG:hsa04310	hsa04310	KEGG
KEGG_PARTICIPATION:5199|hsa05168	5199	CFP	hsa:5199	KEGG:hsa05168	hsa05168	KEGG
KEGG_PARTICIPATION:51|hsa00071	51	ACOX1	hsa:51	KEGG:hsa00071	hsa00071	KEGG
KEGG_PARTICIPATION:51|hsa00410	51	ACOX1	hsa:51	KEGG:hsa00410	hsa00410	KEGG
KEGG_PARTICIPATION:51|hsa00592	51	ACOX1	hsa:51	KEGG:hsa00592	hsa00592	KEGG
KEGG_PARTICIPATION:51|hsa00640	51	ACOX1	hsa:51	KEGG:hsa00640	hsa00640	KEGG
KEGG_PARTICIPATION:51|hsa01040	51	ACOX1	hsa:51	KEGG:hsa01040	hsa01040	KEGG
KEGG_PARTICIPATION:51|hsa01100	51	ACOX1	hsa:51	KEGG:hsa01100	hsa01100	KEGG
KEGG_PARTICIPATION:51|hsa01200	51	ACOX1	hsa:51	KEGG:hsa01200	hsa01200	KEGG
KEGG_PARTICIPATION:51|hsa01212	51	ACOX1	hsa:51	KEGG:hsa01212	hsa01212	KEGG
KEGG_PARTICIPATION:51|hsa03320	51	ACOX1	hsa:51	KEGG:hsa03320	hsa03320	KEGG
KEGG_PARTICIPATION:51|hsa04024	51	ACOX1	hsa:51	KEGG:hsa04024	hsa04024	KEGG
KEGG_PARTICIPATION:51|hsa04146	51	ACOX1	hsa:51	KEGG:hsa04146	hsa04146	KEGG
KEGG_PARTICIPATION:51|hsa04936	51	ACOX1	hsa:51	KEGG:hsa04936	hsa04936	KEGG
KEGG_PARTICIPATION:5218|hsa05202	5218	CDK14	hsa:5218	KEGG:hsa05202	hsa05202	KEGG
KEGG_PARTICIPATION:5226|hsa00030	5226	PGD	hsa:5226	KEGG:hsa00030	hsa00030	KEGG
KEGG_PARTICIPATION:5226|hsa00480	5226	PGD	hsa:5226	KEGG:hsa00480	hsa00480	KEGG
KEGG_PARTICIPATION:5226|hsa01100	5226	PGD	hsa:5226	KEGG:hsa01100	hsa01100	KEGG
KEGG_PARTICIPATION:5226|hsa01200	5226	PGD	hsa:5226	KEGG:hsa01200	hsa01200	KEGG
KEGG_PARTICIPATION:5230|hsa00010	5230	PGK1	hsa:5230	KEGG:hsa00010	hsa00010	KEGG
KEGG_PARTICIPATION:5230|hsa01100	5230	PGK1	hsa:5230	KEGG:hsa01100	hsa01100	KEGG
KEGG_PARTICIPATION:5230|hsa01200	5230	PGK1	hsa:5230	KEGG:hsa01200	hsa01200	KEGG
KEGG_PARTICIPATION:5230|hsa01230	5230	PGK1	hsa:5230	KEGG:hsa01230	hsa01230	KEGG
KEGG_PARTICIPATION:5230|hsa04066	5230	PGK1	hsa:5230	KEGG:hsa04066	hsa04066	KEGG
KEGG_PARTICIPATION:5243|hsa02010	5243	ABCB1	hsa:5243	KEGG:hsa02010	hsa02010	KEGG
KEGG_PARTICIPATION:5243|hsa04976	5243	ABCB1	hsa:5243	KEGG:hsa04976	hsa04976	KEGG
KEGG_PARTICIPATION:5243|hsa05206	5243	ABCB1	hsa:5243	KEGG:hsa05206	hsa05206	KEGG
KEGG_PARTICIPATION:5243|hsa05226	5243	ABCB1	hsa:5243	KEGG:hsa05226	hsa05226	KEGG
KEGG_PARTICIPATION:5244|hsa02010	5244	ABCB4	hsa:5244	KEGG:hsa02010	hsa02010	KEGG
KEGG_PARTICIPATION:5244|hsa04976	5244	ABCB4	hsa:5244	KEGG:hsa04976	hsa04976	KEGG
KEGG_PARTICIPATION:5245|hsa03264	5245	PHB1	hsa:5245	KEGG:hsa03264	hsa03264	KEGG
KEGG_PARTICIPATION:5261|hsa04020	5261	PHKG2	hsa:5261	KEGG:hsa04020	hsa04020	KEGG
KEGG_PARTICIPATION:5261|hsa04910	5261	PHKG2	hsa:5261	KEGG:hsa04910	hsa04910	KEGG
KEGG_PARTICIPATION:5261|hsa04922	5261	PHKG2	hsa:5261	KEGG:hsa04922	hsa04922	KEGG
KEGG_PARTICIPATION:5265|hsa04610	5265	SERPINA1	hsa:5265	KEGG:hsa04610	hsa04610	KEGG
KEGG_PARTICIPATION:5290|hsa00562	5290	PIK3CA	hsa:5290	KEGG:hsa00562	hsa00562	KEGG
KEGG_PARTICIPATION:5290|hsa01100	5290	PIK3CA	hsa:5290	KEGG:hsa01100	hsa01100	KEGG
KEGG_PARTICIPATION:5290|hsa01521	5290	PIK3CA	hsa:5290	KEGG:hsa01521	hsa01521	KEGG
KEGG_PARTICIPATION:5290|hsa01522	5290	PIK3CA	hsa:5290	KEGG:hsa01522	hsa01522	KEGG
KEGG_PARTICIPATION:5290|hsa01524	5290	PIK3CA	hsa:5290	KEGG:hsa01524	hsa01524	KEGG
KEGG_PARTICIPATION:5290|hsa04012	5290	PIK3CA	hsa:5290	KEGG:hsa04012	hsa04012	KEGG
KEGG_PARTICIPATION:5290|hsa04014	5290	PIK3CA	hsa:5290	KEGG:hsa04014	hsa04014	KEGG
KEGG_PARTICIPATION:5290|hsa04015	5290	PIK3CA	hsa:5290	KEGG:hsa04015	hsa04015	KEGG
KEGG_PARTICIPATION:5290|hsa04024	5290	PIK3CA	hsa:5290	KEGG:hsa04024	hsa04024	KEGG
KEGG_PARTICIPATION:5290|hsa04062	5290	PIK3CA	hsa:5290	KEGG:hsa04062	hsa04062	KEGG
KEGG_PARTICIPATION:5290|hsa04066	5290	PIK3CA	hsa:5290	KEGG:hsa04066	hsa04066	KEGG
KEGG_PARTICIPATION:5290|hsa04068	5290	PIK3CA	hsa:5290	KEGG:hsa04068	hsa04068	KEGG
KEGG_PARTICIPATION:5290|hsa04070	5290	PIK3CA	hsa:5290	KEGG:hsa04070	hsa04070	KEGG
KEGG_PARTICIPATION:5290|hsa04071	5290	PIK3CA	hsa:5290	KEGG:hsa04071	hsa04071	KEGG
KEGG_PARTICIPATION:5290|hsa04072	5290	PIK3CA	hsa:5290	KEGG:hsa04072	hsa04072	KEGG
KEGG_PARTICIPATION:5290|hsa04081	5290	PIK3CA	hsa:5290	KEGG:hsa04081	hsa04081	KEGG
KEGG_PARTICIPATION:5290|hsa04140	5290	PIK3CA	hsa:5290	KEGG:hsa04140	hsa04140	KEGG
KEGG_PARTICIPATION:5290|hsa04145	5290	PIK3CA	hsa:5290	KEGG:hsa04145	hsa04145	KEGG
KEGG_PARTICIPATION:5290|hsa04150	5290	PIK3CA	hsa:5290	KEGG:hsa04150	hsa04150	KEGG
KEGG_PARTICIPATION:5290|hsa04151	5290	PIK3CA	hsa:5290	KEGG:hsa04151	hsa04151	KEGG
KEGG_PARTICIPATION:5290|hsa04152	5290	PIK3CA	hsa:5290	KEGG:hsa04152	hsa04152	KEGG
KEGG_PARTICIPATION:5290|hsa04210	5290	PIK3CA	hsa:5290	KEGG:hsa04210	hsa04210	KEGG
KEGG_PARTICIPATION:5290|hsa04211	5290	PIK3CA	hsa:5290	KEGG:hsa04211	hsa04211	KEGG
KEGG_PARTICIPATION:5290|hsa04213	5290	PIK3CA	hsa:5290	KEGG:hsa04213	hsa04213	KEGG
KEGG_PARTICIPATION:5290|hsa04218	5290	PIK3CA	hsa:5290	KEGG:hsa04218	hsa04218	KEGG
KEGG_PARTICIPATION:5290|hsa04360	5290	PIK3CA	hsa:5290	KEGG:hsa04360	hsa04360	KEGG
KEGG_PARTICIPATION:5290|hsa04370	5290	PIK3CA	hsa:5290	KEGG:hsa04370	hsa04370	KEGG
KEGG_PARTICIPATION:5290|hsa04380	5290	PIK3CA	hsa:5290	KEGG:hsa04380	hsa04380	KEGG
KEGG_PARTICIPATION:5290|hsa04510	5290	PIK3CA	hsa:5290	KEGG:hsa04510	hsa04510	KEGG
KEGG_PARTICIPATION:5290|hsa04517	5290	PIK3CA	hsa:5290	KEGG:hsa04517	hsa04517	KEGG
KEGG_PARTICIPATION:5290|hsa04518	5290	PIK3CA	hsa:5290	KEGG:hsa04518	hsa04518	KEGG
KEGG_PARTICIPATION:5290|hsa04550	5290	PIK3CA	hsa:5290	KEGG:hsa04550	hsa04550	KEGG
KEGG_PARTICIPATION:5290|hsa04611	5290	PIK3CA	hsa:5290	KEGG:hsa04611	hsa04611	KEGG
KEGG_PARTICIPATION:5290|hsa04613	5290	PIK3CA	hsa:5290	KEGG:hsa04613	hsa04613	KEGG
KEGG_PARTICIPATION:5290|hsa04620	5290	PIK3CA	hsa:5290	KEGG:hsa04620	hsa04620	KEGG
KEGG_PARTICIPATION:5290|hsa04625	5290	PIK3CA	hsa:5290	KEGG:hsa04625	hsa04625	KEGG
KEGG_PARTICIPATION:5290|hsa04630	5290	PIK3CA	hsa:5290	KEGG:hsa04630	hsa04630	KEGG
KEGG_PARTICIPATION:5290|hsa04650	5290	PIK3CA	hsa:5290	KEGG:hsa04650	hsa04650	KEGG
KEGG_PARTICIPATION:5290|hsa04660	5290	PIK3CA	hsa:5290	KEGG:hsa04660	hsa04660	KEGG
KEGG_PARTICIPATION:5290|hsa04662	5290	PIK3CA	hsa:5290	KEGG:hsa04662	hsa04662	KEGG
KEGG_PARTICIPATION:5290|hsa04664	5290	PIK3CA	hsa:5290	KEGG:hsa04664	hsa04664	KEGG
KEGG_PARTICIPATION:5290|hsa04666	5290	PIK3CA	hsa:5290	KEGG:hsa04666	hsa04666	KEGG
KEGG_PARTICIPATION:5290|hsa04668	5290	PIK3CA	hsa:5290	KEGG:hsa04668	hsa04668	KEGG
KEGG_PARTICIPATION:5290|hsa04670	5290	PIK3CA	hsa:5290	KEGG:hsa04670	hsa04670	KEGG
KEGG_PARTICIPATION:5290|hsa04722	5290	PIK3CA	hsa:5290	KEGG:hsa04722	hsa04722	KEGG
KEGG_PARTICIPATION:5290|hsa04725	5290	PIK3CA	hsa:5290	KEGG:hsa04725	hsa04725	KEGG
KEGG_PARTICIPATION:5290|hsa04750	5290	PIK3CA	hsa:5290	KEGG:hsa04750	hsa04750	KEGG
KEGG_PARTICIPATION:5290|hsa04810	5290	PIK3CA	hsa:5290	KEGG:hsa04810	hsa04810	KEGG
KEGG_PARTICIPATION:5290|hsa04910	5290	PIK3CA	hsa:5290	KEGG:hsa04910	hsa04910	KEGG
KEGG_PARTICIPATION:5290|hsa04914	5290	PIK3CA	hsa:5290	KEGG:hsa04914	hsa04914	KEGG
KEGG_PARTICIPATION:5290|hsa04915	5290	PIK3CA	hsa:5290	KEGG:hsa04915	hsa04915	KEGG
KEGG_PARTICIPATION:5290|hsa04917	5290	PIK3CA	hsa:5290	KEGG:hsa04917	hsa04917	KEGG
KEGG_PARTICIPATION:5290|hsa04919	5290	PIK3CA	hsa:5290	KEGG:hsa04919	hsa04919	KEGG
KEGG_PARTICIPATION:5290|hsa04923	5290	PIK3CA	hsa:5290	KEGG:hsa04923	hsa04923	KEGG
KEGG_PARTICIPATION:5290|hsa04926	5290	PIK3CA	hsa:5290	KEGG:hsa04926	hsa04926	KEGG
KEGG_PARTICIPATION:5290|hsa04929	5290	PIK3CA	hsa:5290	KEGG:hsa04929	hsa04929	KEGG
KEGG_PARTICIPATION:5290|hsa04930	5290	PIK3CA	hsa:5290	KEGG:hsa04930	hsa04930	KEGG
KEGG_PARTICIPATION:5290|hsa04931	5290	PIK3CA	hsa:5290	KEGG:hsa04931	hsa04931	KEGG
KEGG_PARTICIPATION:5290|hsa04932	5290	PIK3CA	hsa:5290	KEGG:hsa04932	hsa04932	KEGG
KEGG_PARTICIPATION:5290|hsa04933	5290	PIK3CA	hsa:5290	KEGG:hsa04933	hsa04933	KEGG
KEGG_PARTICIPATION:5290|hsa04935	5290	PIK3CA	hsa:5290	KEGG:hsa04935	hsa04935	KEGG
KEGG_PARTICIPATION:5290|hsa04960	5290	PIK3CA	hsa:5290	KEGG:hsa04960	hsa04960	KEGG
KEGG_PARTICIPATION:5290|hsa04973	5290	PIK3CA	hsa:5290	KEGG:hsa04973	hsa04973	KEGG
KEGG_PARTICIPATION:5290|hsa05010	5290	PIK3CA	hsa:5290	KEGG:hsa05010	hsa05010	KEGG
KEGG_PARTICIPATION:5290|hsa05017	5290	PIK3CA	hsa:5290	KEGG:hsa05017	hsa05017	KEGG
KEGG_PARTICIPATION:5290|hsa05020	5290	PIK3CA	hsa:5290	KEGG:hsa05020	hsa05020	KEGG
KEGG_PARTICIPATION:5290|hsa05100	5290	PIK3CA	hsa:5290	KEGG:hsa05100	hsa05100	KEGG
KEGG_PARTICIPATION:5290|hsa05131	5290	PIK3CA	hsa:5290	KEGG:hsa05131	hsa05131	KEGG
KEGG_PARTICIPATION:5290|hsa05132	5290	PIK3CA	hsa:5290	KEGG:hsa05132	hsa05132	KEGG
KEGG_PARTICIPATION:5290|hsa05135	5290	PIK3CA	hsa:5290	KEGG:hsa05135	hsa05135	KEGG
KEGG_PARTICIPATION:5290|hsa05142	5290	PIK3CA	hsa:5290	KEGG:hsa05142	hsa05142	KEGG
KEGG_PARTICIPATION:5290|hsa05146	5290	PIK3CA	hsa:5290	KEGG:hsa05146	hsa05146	KEGG
KEGG_PARTICIPATION:5290|hsa05160	5290	PIK3CA	hsa:5290	KEGG:hsa05160	hsa05160	KEGG
KEGG_PARTICIPATION:5290|hsa05161	5290	PIK3CA	hsa:5290	KEGG:hsa05161	hsa05161	KEGG
KEGG_PARTICIPATION:5290|hsa05162	5290	PIK3CA	hsa:5290	KEGG:hsa05162	hsa05162	KEGG
KEGG_PARTICIPATION:5290|hsa05163	5290	PIK3CA	hsa:5290	KEGG:hsa05163	hsa05163	KEGG
KEGG_PARTICIPATION:5290|hsa05164	5290	PIK3CA	hsa:5290	KEGG:hsa05164	hsa05164	KEGG
KEGG_PARTICIPATION:5290|hsa05165	5290	PIK3CA	hsa:5290	KEGG:hsa05165	hsa05165	KEGG
KEGG_PARTICIPATION:5290|hsa05166	5290	PIK3CA	hsa:5290	KEGG:hsa05166	hsa05166	KEGG
KEGG_PARTICIPATION:5290|hsa05167	5290	PIK3CA	hsa:5290	KEGG:hsa05167	hsa05167	KEGG
KEGG_PARTICIPATION:5290|hsa05168	5290	PIK3CA	hsa:5290	KEGG:hsa05168	hsa05168	KEGG
KEGG_PARTICIPATION:5290|hsa05169	5290	PIK3CA	hsa:5290	KEGG:hsa05169	hsa05169	KEGG
KEGG_PARTICIPATION:5290|hsa05170	5290	PIK3CA	hsa:5290	KEGG:hsa05170	hsa05170	KEGG
KEGG_PARTICIPATION:5290|hsa05171	5290	PIK3CA	hsa:5290	KEGG:hsa05171	hsa05171	KEGG
KEGG_PARTICIPATION:5290|hsa05200	5290	PIK3CA	hsa:5290	KEGG:hsa05200	hsa05200	KEGG
KEGG_PARTICIPATION:5290|hsa05203	5290	PIK3CA	hsa:5290	KEGG:hsa05203	hsa05203	KEGG
KEGG_PARTICIPATION:5290|hsa05205	5290	PIK3CA	hsa:5290	KEGG:hsa05205	hsa05205	KEGG
KEGG_PARTICIPATION:5290|hsa05206	5290	PIK3CA	hsa:5290	KEGG:hsa05206	hsa05206	KEGG
KEGG_PARTICIPATION:5290|hsa05207	5290	PIK3CA	hsa:5290	KEGG:hsa05207	hsa05207	KEGG
KEGG_PARTICIPATION:5290|hsa05208	5290	PIK3CA	hsa:5290	KEGG:hsa05208	hsa05208	KEGG
KEGG_PARTICIPATION:5290|hsa05210	5290	PIK3CA	hsa:5290	KEGG:hsa05210	hsa05210	KEGG
KEGG_PARTICIPATION:5290|hsa05211	5290	PIK3CA	hsa:5290	KEGG:hsa05211	hsa05211	KEGG
KEGG_PARTICIPATION:5290|hsa05212	5290	PIK3CA	hsa:5290	KEGG:hsa05212	hsa05212	KEGG
KEGG_PARTICIPATION:5290|hsa05213	5290	PIK3CA	hsa:5290	KEGG:hsa05213	hsa05213	KEGG
KEGG_PARTICIPATION:5290|hsa05214	5290	PIK3CA	hsa:5290	KEGG:hsa05214	hsa05214	KEGG
KEGG_PARTICIPATION:5290|hsa05215	5290	PIK3CA	hsa:5290	KEGG:hsa05215	hsa05215	KEGG
KEGG_PARTICIPATION:5290|hsa05218	5290	PIK3CA	hsa:5290	KEGG:hsa05218	hsa05218	KEGG
KEGG_PARTICIPATION:5290|hsa05220	5290	PIK3CA	hsa:5290	KEGG:hsa05220	hsa05220	KEGG
KEGG_PARTICIPATION:5290|hsa05221	5290	PIK3CA	hsa:5290	KEGG:hsa05221	hsa05221	KEGG
KEGG_PARTICIPATION:5290|hsa05222	5290	PIK3CA	hsa:5290	KEGG:hsa05222	hsa05222	KEGG
KEGG_PARTICIPATION:5290|hsa05223	5290	PIK3CA	hsa:5290	KEGG:hsa05223	hsa05223	KEGG
KEGG_PARTICIPATION:5290|hsa05224	5290	PIK3CA	hsa:5290	KEGG:hsa05224	hsa05224	KEGG
KEGG_PARTICIPATION:5290|hsa05225	5290	PIK3CA	hsa:5290	KEGG:hsa05225	hsa05225	KEGG
KEGG_PARTICIPATION:5290|hsa05226	5290	PIK3CA	hsa:5290	KEGG:hsa05226	hsa05226	KEGG
KEGG_PARTICIPATION:5290|hsa05230	5290	PIK3CA	hsa:5290	KEGG:hsa05230	hsa05230	KEGG
KEGG_PARTICIPATION:5290|hsa05231	5290	PIK3CA	hsa:5290	KEGG:hsa05231	hsa05231	KEGG
KEGG_PARTICIPATION:5290|hsa05235	5290	PIK3CA	hsa:5290	KEGG:hsa05235	hsa05235	KEGG
KEGG_PARTICIPATION:5290|hsa05415	5290	PIK3CA	hsa:5290	KEGG:hsa05415	hsa05415	KEGG
KEGG_PARTICIPATION:5290|hsa05417	5290	PIK3CA	hsa:5290	KEGG:hsa05417	hsa05417	KEGG
KEGG_PARTICIPATION:5290|hsa05418	5290	PIK3CA	hsa:5290	KEGG:hsa05418	hsa05418	KEGG
KEGG_PARTICIPATION:5315|hsa00010	5315	PKM	hsa:5315	KEGG:hsa00010	hsa00010	KEGG
KEGG_PARTICIPATION:5315|hsa00620	5315	PKM	hsa:5315	KEGG:hsa00620	hsa00620	KEGG
KEGG_PARTICIPATION:5315|hsa01100	5315	PKM	hsa:5315	KEGG:hsa01100	hsa01100	KEGG
KEGG_PARTICIPATION:5315|hsa01200	5315	PKM	hsa:5315	KEGG:hsa01200	hsa01200	KEGG
KEGG_PARTICIPATION:5315|hsa01230	5315	PKM	hsa:5315	KEGG:hsa01230	hsa01230	KEGG
KEGG_PARTICIPATION:5315|hsa04922	5315	PKM	hsa:5315	KEGG:hsa04922	hsa04922	KEGG
KEGG_PARTICIPATION:5315|hsa04930	5315	PKM	hsa:5315	KEGG:hsa04930	hsa04930	KEGG
KEGG_PARTICIPATION:5315|hsa05165	5315	PKM	hsa:5315	KEGG:hsa05165	hsa05165	KEGG
KEGG_PARTICIPATION:5315|hsa05203	5315	PKM	hsa:5315	KEGG:hsa05203	hsa05203	KEGG
KEGG_PARTICIPATION:5315|hsa05230	5315	PKM	hsa:5315	KEGG:hsa05230	hsa05230	KEGG
KEGG_PARTICIPATION:5317|hsa04382	5317	PKP1	hsa:5317	KEGG:hsa04382	hsa04382	KEGG
KEGG_PARTICIPATION:5317|hsa04519	5317	PKP1	hsa:5317	KEGG:hsa04519	hsa04519	KEGG
KEGG_PARTICIPATION:5328|hsa04064	5328	PLAU	hsa:5328	KEGG:hsa04064	hsa04064	KEGG
KEGG_PARTICIPATION:5328|hsa04610	5328	PLAU	hsa:5328	KEGG:hsa04610	hsa04610	KEGG
KEGG_PARTICIPATION:5328|hsa05202	5328	PLAU	hsa:5328	KEGG:hsa05202	hsa05202	KEGG
KEGG_PARTICIPATION:5328|hsa05205	5328	PLAU	hsa:5328	KEGG:hsa05205	hsa05205	KEGG
KEGG_PARTICIPATION:5328|hsa05206	5328	PLAU	hsa:5328	KEGG:hsa05206	hsa05206	KEGG
KEGG_PARTICIPATION:5328|hsa05215	5328	PLAU	hsa:5328	KEGG:hsa05215	hsa05215	KEGG
KEGG_PARTICIPATION:5335|hsa00562	5335	PLCG1	hsa:5335	KEGG:hsa00562	hsa00562	KEGG
KEGG_PARTICIPATION:5335|hsa01100	5335	PLCG1	hsa:5335	KEGG:hsa01100	hsa01100	KEGG
KEGG_PARTICIPATION:5335|hsa01521	5335	PLCG1	hsa:5335	KEGG:hsa01521	hsa01521	KEGG
KEGG_PARTICIPATION:5335|hsa04012	5335	PLCG1	hsa:5335	KEGG:hsa04012	hsa04012	KEGG
KEGG_PARTICIPATION:5335|hsa04014	5335	PLCG1	hsa:5335	KEGG:hsa04014	hsa04014	KEGG
KEGG_PARTICIPATION:5335|hsa04015	5335	PLCG1	hsa:5335	KEGG:hsa04015	hsa04015	KEGG
KEGG_PARTICIPATION:5335|hsa04020	5335	PLCG1	hsa:5335	KEGG:hsa04020	hsa04020	KEGG
KEGG_PARTICIPATION:5335|hsa04062	5335	PLCG1	hsa:5335	KEGG:hsa04062	hsa04062	KEGG
KEGG_PARTICIPATION:5335|hsa04064	5335	PLCG1	hsa:5335	KEGG:hsa04064	hsa04064	KEGG
KEGG_PARTICIPATION:5335|hsa04066	5335	PLCG1	hsa:5335	KEGG:hsa04066	hsa04066	KEGG
KEGG_PARTICIPATION:5335|hsa04070	5335	PLCG1	hsa:5335	KEGG:hsa04070	hsa04070	KEGG
KEGG_PARTICIPATION:5335|hsa04072	5335	PLCG1	hsa:5335	KEGG:hsa04072	hsa04072	KEGG
KEGG_PARTICIPATION:5335|hsa04360	5335	PLCG1	hsa:5335	KEGG:hsa04360	hsa04360	KEGG
KEGG_PARTICIPATION:5335|hsa04370	5335	PLCG1	hsa:5335	KEGG:hsa04370	hsa04370	KEGG
KEGG_PARTICIPATION:5335|hsa04517	5335	PLCG1	hsa:5335	KEGG:hsa04517	hsa04517	KEGG
KEGG_PARTICIPATION:5335|hsa04613	5335	PLCG1	hsa:5335	KEGG:hsa04613	hsa04613	KEGG
KEGG_PARTICIPATION:5335|hsa04650	5335	PLCG1	hsa:5335	KEGG:hsa04650	hsa04650	KEGG
KEGG_PARTICIPATION:5335|hsa04658	5335	PLCG1	hsa:5335	KEGG:hsa04658	hsa04658	KEGG
KEGG_PARTICIPATION:5335|hsa04659	5335	PLCG1	hsa:5335	KEGG:hsa04659	hsa04659	KEGG
KEGG_PARTICIPATION:5335|hsa04660	5335	PLCG1	hsa:5335	KEGG:hsa04660	hsa04660	KEGG
KEGG_PARTICIPATION:5335|hsa04664	5335	PLCG1	hsa:5335	KEGG:hsa04664	hsa04664	KEGG
KEGG_PARTICIPATION:5335|hsa04666	5335	PLCG1	hsa:5335	KEGG:hsa04666	hsa04666	KEGG
KEGG_PARTICIPATION:5335|hsa04670	5335	PLCG1	hsa:5335	KEGG:hsa04670	hsa04670	KEGG
KEGG_PARTICIPATION:5335|hsa04722	5335	PLCG1	hsa:5335	KEGG:hsa04722	hsa04722	KEGG
KEGG_PARTICIPATION:5335|hsa04750	5335	PLCG1	hsa:5335	KEGG:hsa04750	hsa04750	KEGG
KEGG_PARTICIPATION:5335|hsa04919	5335	PLCG1	hsa:5335	KEGG:hsa04919	hsa04919	KEGG
KEGG_PARTICIPATION:5335|hsa04933	5335	PLCG1	hsa:5335	KEGG:hsa04933	hsa04933	KEGG
KEGG_PARTICIPATION:5335|hsa04935	5335	PLCG1	hsa:5335	KEGG:hsa04935	hsa04935	KEGG
KEGG_PARTICIPATION:5335|hsa05012	5335	PLCG1	hsa:5335	KEGG:hsa05012	hsa05012	KEGG
KEGG_PARTICIPATION:5335|hsa05022	5335	PLCG1	hsa:5335	KEGG:hsa05022	hsa05022	KEGG
KEGG_PARTICIPATION:5335|hsa05110	5335	PLCG1	hsa:5335	KEGG:hsa05110	hsa05110	KEGG
KEGG_PARTICIPATION:5335|hsa05120	5335	PLCG1	hsa:5335	KEGG:hsa05120	hsa05120	KEGG
KEGG_PARTICIPATION:5335|hsa05131	5335	PLCG1	hsa:5335	KEGG:hsa05131	hsa05131	KEGG
KEGG_PARTICIPATION:5335|hsa05135	5335	PLCG1	hsa:5335	KEGG:hsa05135	hsa05135	KEGG
KEGG_PARTICIPATION:5335|hsa05167	5335	PLCG1	hsa:5335	KEGG:hsa05167	hsa05167	KEGG
KEGG_PARTICIPATION:5335|hsa05170	5335	PLCG1	hsa:5335	KEGG:hsa05170	hsa05170	KEGG
KEGG_PARTICIPATION:5335|hsa05171	5335	PLCG1	hsa:5335	KEGG:hsa05171	hsa05171	KEGG
KEGG_PARTICIPATION:5335|hsa05200	5335	PLCG1	hsa:5335	KEGG:hsa05200	hsa05200	KEGG
KEGG_PARTICIPATION:5335|hsa05205	5335	PLCG1	hsa:5335	KEGG:hsa05205	hsa05205	KEGG
KEGG_PARTICIPATION:5335|hsa05206	5335	PLCG1	hsa:5335	KEGG:hsa05206	hsa05206	KEGG
KEGG_PARTICIPATION:5335|hsa05214	5335	PLCG1	hsa:5335	KEGG:hsa05214	hsa05214	KEGG
KEGG_PARTICIPATION:5335|hsa05223	5335	PLCG1	hsa:5335	KEGG:hsa05223	hsa05223	KEGG
KEGG_PARTICIPATION:5335|hsa05225	5335	PLCG1	hsa:5335	KEGG:hsa05225	hsa05225	KEGG
KEGG_PARTICIPATION:5335|hsa05231	5335	PLCG1	hsa:5335	KEGG:hsa05231	hsa05231	KEGG
KEGG_PARTICIPATION:5335|hsa05235	5335	PLCG1	hsa:5335	KEGG:hsa05235	hsa05235	KEGG
KEGG_PARTICIPATION:5335|hsa05417	5335	PLCG1	hsa:5335	KEGG:hsa05417	hsa05417	KEGG
KEGG_PARTICIPATION:5347|hsa04068	5347	PLK1	hsa:5347	KEGG:hsa04068	hsa04068	KEGG
KEGG_PARTICIPATION:5347|hsa04110	5347	PLK1	hsa:5347	KEGG:hsa04110	hsa04110	KEGG
KEGG_PARTICIPATION:5347|hsa04114	5347	PLK1	hsa:5347	KEGG:hsa04114	hsa04114	KEGG
KEGG_PARTICIPATION:5347|hsa04914	5347	PLK1	hsa:5347	KEGG:hsa04914	hsa04914	KEGG
KEGG_PARTICIPATION:5352|hsa00310	5352	PLOD2	hsa:5352	KEGG:hsa00310	hsa00310	KEGG
KEGG_PARTICIPATION:5352|hsa01100	5352	PLOD2	hsa:5352	KEGG:hsa01100	hsa01100	KEGG
KEGG_PARTICIPATION:5395|hsa03430	5395	PMS2	hsa:5395	KEGG:hsa03430	hsa03430	KEGG
KEGG_PARTICIPATION:5395|hsa03460	5395	PMS2	hsa:5395	KEGG:hsa03460	hsa03460	KEGG
KEGG_PARTICIPATION:540|hsa01524	540	ATP7B	hsa:540	KEGG:hsa01524	hsa01524	KEGG
KEGG_PARTICIPATION:540|hsa04978	540	ATP7B	hsa:540	KEGG:hsa04978	hsa04978	KEGG
KEGG_PARTICIPATION:54106|hsa04142	54106	TLR9	hsa:54106	KEGG:hsa04142	hsa04142	KEGG
KEGG_PARTICIPATION:54106|hsa04620	54106	TLR9	hsa:54106	KEGG:hsa04620	hsa04620	KEGG
KEGG_PARTICIPATION:54106|hsa05132	54106	TLR9	hsa:54106	KEGG:hsa05132	hsa05132	KEGG
KEGG_PARTICIPATION:54106|hsa05142	54106	TLR9	hsa:54106	KEGG:hsa05142	hsa05142	KEGG
KEGG_PARTICIPATION:54106|hsa05143	54106	TLR9	hsa:54106	KEGG:hsa05143	hsa05143	KEGG
KEGG_PARTICIPATION:54106|hsa05144	54106	TLR9	hsa:54106	KEGG:hsa05144	hsa05144	KEGG
KEGG_PARTICIPATION:54106|hsa05152	54106	TLR9	hsa:54106	KEGG:hsa05152	hsa05152	KEGG
KEGG_PARTICIPATION:54106|hsa05162	54106	TLR9	hsa:54106	KEGG:hsa05162	hsa05162	KEGG
KEGG_PARTICIPATION:54106|hsa05168	54106	TLR9	hsa:54106	KEGG:hsa05168	hsa05168	KEGG
KEGG_PARTICIPATION:54106|hsa05235	54106	TLR9	hsa:54106	KEGG:hsa05235	hsa05235	KEGG
KEGG_PARTICIPATION:5428|hsa03410	5428	POLG	hsa:5428	KEGG:hsa03410	hsa03410	KEGG
KEGG_PARTICIPATION:5465|hsa03320	5465	PPARA	hsa:5465	KEGG:hsa03320	hsa03320	KEGG
KEGG_PARTICIPATION:5465|hsa04024	5465	PPARA	hsa:5465	KEGG:hsa04024	hsa04024	KEGG
KEGG_PARTICIPATION:5465|hsa04920	5465	PPARA	hsa:5465	KEGG:hsa04920	hsa04920	KEGG
KEGG_PARTICIPATION:5465|hsa04922	5465	PPARA	hsa:5465	KEGG:hsa04922	hsa04922	KEGG
KEGG_PARTICIPATION:5465|hsa04931	5465	PPARA	hsa:5465	KEGG:hsa04931	hsa04931	KEGG
KEGG_PARTICIPATION:5465|hsa04932	5465	PPARA	hsa:5465	KEGG:hsa04932	hsa04932	KEGG
KEGG_PARTICIPATION:5465|hsa04936	5465	PPARA	hsa:5465	KEGG:hsa04936	hsa04936	KEGG
KEGG_PARTICIPATION:5465|hsa05160	5465	PPARA	hsa:5465	KEGG:hsa05160	hsa05160	KEGG
KEGG_PARTICIPATION:5465|hsa05207	5465	PPARA	hsa:5465	KEGG:hsa05207	hsa05207	KEGG
KEGG_PARTICIPATION:5465|hsa05415	5465	PPARA	hsa:5465	KEGG:hsa05415	hsa05415	KEGG
KEGG_PARTICIPATION:5467|hsa03320	5467	PPARD	hsa:5467	KEGG:hsa03320	hsa03320	KEGG
KEGG_PARTICIPATION:5467|hsa04148	5467	PPARD	hsa:5467	KEGG:hsa04148	hsa04148	KEGG
KEGG_PARTICIPATION:5467|hsa04310	5467	PPARD	hsa:5467	KEGG:hsa04310	hsa04310	KEGG
KEGG_PARTICIPATION:5467|hsa05200	5467	PPARD	hsa:5467	KEGG:hsa05200	hsa05200	KEGG
KEGG_PARTICIPATION:5467|hsa05221	5467	PPARD	hsa:5467	KEGG:hsa05221	hsa05221	KEGG
KEGG_PARTICIPATION:5468|hsa03320	5468	PPARG	hsa:5468	KEGG:hsa03320	hsa03320	KEGG
KEGG_PARTICIPATION:5468|hsa04148	5468	PPARG	hsa:5468	KEGG:hsa04148	hsa04148	KEGG
KEGG_PARTICIPATION:5468|hsa04152	5468	PPARG	hsa:5468	KEGG:hsa04152	hsa04152	KEGG
KEGG_PARTICIPATION:5468|hsa04211	5468	PPARG	hsa:5468	KEGG:hsa04211	hsa04211	KEGG
KEGG_PARTICIPATION:5468|hsa04380	5468	PPARG	hsa:5468	KEGG:hsa04380	hsa04380	KEGG
KEGG_PARTICIPATION:5468|hsa04714	5468	PPARG	hsa:5468	KEGG:hsa04714	hsa04714	KEGG
KEGG_PARTICIPATION:5468|hsa04932	5468	PPARG	hsa:5468	KEGG:hsa04932	hsa04932	KEGG
KEGG_PARTICIPATION:5468|hsa05016	5468	PPARG	hsa:5468	KEGG:hsa05016	hsa05016	KEGG
KEGG_PARTICIPATION:5468|hsa05200	5468	PPARG	hsa:5468	KEGG:hsa05200	hsa05200	KEGG
KEGG_PARTICIPATION:5468|hsa05202	5468	PPARG	hsa:5468	KEGG:hsa05202	hsa05202	KEGG
KEGG_PARTICIPATION:5468|hsa05216	5468	PPARG	hsa:5468	KEGG:hsa05216	hsa05216	KEGG
KEGG_PARTICIPATION:5468|hsa05417	5468	PPARG	hsa:5468	KEGG:hsa05417	hsa05417	KEGG
KEGG_PARTICIPATION:5469|hsa01522	5469	MED1	hsa:5469	KEGG:hsa01522	hsa01522	KEGG
KEGG_PARTICIPATION:5469|hsa04919	5469	MED1	hsa:5469	KEGG:hsa04919	hsa04919	KEGG
KEGG_PARTICIPATION:54822|hsa04217	54822	TRPM7	hsa:54822	KEGG:hsa04217	hsa04217	KEGG
KEGG_PARTICIPATION:54822|hsa04218	54822	TRPM7	hsa:54822	KEGG:hsa04218	hsa04218	KEGG
KEGG_PARTICIPATION:54822|hsa04621	54822	TRPM7	hsa:54822	KEGG:hsa04621	hsa04621	KEGG
KEGG_PARTICIPATION:54822|hsa04978	54822	TRPM7	hsa:54822	KEGG:hsa04978	hsa04978	KEGG
KEGG_PARTICIPATION:54894|hsa04310	54894	RNF43	hsa:54894	KEGG:hsa04310	hsa04310	KEGG
KEGG_PARTICIPATION:5502|hsa04261	5502	PPP1R1A	hsa:5502	KEGG:hsa04261	hsa04261	KEGG
KEGG_PARTICIPATION:5502|hsa04720	5502	PPP1R1A	hsa:5502	KEGG:hsa04720	hsa04720	KEGG
KEGG_PARTICIPATION:55215|hsa03460	55215	FANCI	hsa:55215	KEGG:hsa03460	hsa03460	KEGG
KEGG_PARTICIPATION:55247|hsa03410	55247	NEIL3	hsa:55247	KEGG:hsa03410	hsa03410	KEGG
KEGG_PARTICIPATION:5551|hsa04210	5551	PRF1	hsa:5551	KEGG:hsa04210	hsa04210	KEGG
KEGG_PARTICIPATION:5551|hsa04650	5551	PRF1	hsa:5551	KEGG:hsa04650	hsa04650	KEGG
KEGG_PARTICIPATION:5551|hsa04940	5551	PRF1	hsa:5551	KEGG:hsa04940	hsa04940	KEGG
KEGG_PARTICIPATION:5551|hsa05320	5551	PRF1	hsa:5551	KEGG:hsa05320	hsa05320	KEGG
KEGG_PARTICIPATION:5551|hsa05330	5551	PRF1	hsa:5551	KEGG:hsa05330	hsa05330	KEGG
KEGG_PARTICIPATION:5551|hsa05332	5551	PRF1	hsa:5551	KEGG:hsa05332	hsa05332	KEGG
KEGG_PARTICIPATION:5551|hsa05416	5551	PRF1	hsa:5551	KEGG:hsa05416	hsa05416	KEGG
KEGG_PARTICIPATION:55576|hsa04148	55576	STAB2	hsa:55576	KEGG:hsa04148	hsa04148	KEGG
KEGG_PARTICIPATION:5566|hsa01522	5566	PRKACA	hsa:5566	KEGG:hsa01522	hsa01522	KEGG
KEGG_PARTICIPATION:5566|hsa04010	5566	PRKACA	hsa:5566	KEGG:hsa04010	hsa04010	KEGG
KEGG_PARTICIPATION:5566|hsa04014	5566	PRKACA	hsa:5566	KEGG:hsa04014	hsa04014	KEGG
KEGG_PARTICIPATION:5566|hsa04020	5566	PRKACA	hsa:5566	KEGG:hsa04020	hsa04020	KEGG
KEGG_PARTICIPATION:5566|hsa04024	5566	PRKACA	hsa:5566	KEGG:hsa04024	hsa04024	KEGG
KEGG_PARTICIPATION:5566|hsa04062	5566	PRKACA	hsa:5566	KEGG:hsa04062	hsa04062	KEGG
KEGG_PARTICIPATION:5566|hsa04081	5566	PRKACA	hsa:5566	KEGG:hsa04081	hsa04081	KEGG
KEGG_PARTICIPATION:5566|hsa04082	5566	PRKACA	hsa:5566	KEGG:hsa04082	hsa04082	KEGG
KEGG_PARTICIPATION:5566|hsa04114	5566	PRKACA	hsa:5566	KEGG:hsa04114	hsa04114	KEGG
KEGG_PARTICIPATION:5566|hsa04140	5566	PRKACA	hsa:5566	KEGG:hsa04140	hsa04140	KEGG
KEGG_PARTICIPATION:5566|hsa04211	5566	PRKACA	hsa:5566	KEGG:hsa04211	hsa04211	KEGG
KEGG_PARTICIPATION:5566|hsa04213	5566	PRKACA	hsa:5566	KEGG:hsa04213	hsa04213	KEGG
KEGG_PARTICIPATION:5566|hsa04261	5566	PRKACA	hsa:5566	KEGG:hsa04261	hsa04261	KEGG
KEGG_PARTICIPATION:5566|hsa04270	5566	PRKACA	hsa:5566	KEGG:hsa04270	hsa04270	KEGG
KEGG_PARTICIPATION:5566|hsa04310	5566	PRKACA	hsa:5566	KEGG:hsa04310	hsa04310	KEGG
KEGG_PARTICIPATION:5566|hsa04340	5566	PRKACA	hsa:5566	KEGG:hsa04340	hsa04340	KEGG
KEGG_PARTICIPATION:5566|hsa04371	5566	PRKACA	hsa:5566	KEGG:hsa04371	hsa04371	KEGG
KEGG_PARTICIPATION:5566|hsa04530	5566	PRKACA	hsa:5566	KEGG:hsa04530	hsa04530	KEGG
KEGG_PARTICIPATION:5566|hsa04540	5566	PRKACA	hsa:5566	KEGG:hsa04540	hsa04540	KEGG
KEGG_PARTICIPATION:5566|hsa04611	5566	PRKACA	hsa:5566	KEGG:hsa04611	hsa04611	KEGG
KEGG_PARTICIPATION:5566|hsa04713	5566	PRKACA	hsa:5566	KEGG:hsa04713	hsa04713	KEGG
KEGG_PARTICIPATION:5566|hsa04714	5566	PRKACA	hsa:5566	KEGG:hsa04714	hsa04714	KEGG
KEGG_PARTICIPATION:5566|hsa04720	5566	PRKACA	hsa:5566	KEGG:hsa04720	hsa04720	KEGG
KEGG_PARTICIPATION:5566|hsa04723	5566	PRKACA	hsa:5566	KEGG:hsa04723	hsa04723	KEGG
KEGG_PARTICIPATION:5566|hsa04724	5566	PRKACA	hsa:5566	KEGG:hsa04724	hsa04724	KEGG
KEGG_PARTICIPATION:5566|hsa04725	5566	PRKACA	hsa:5566	KEGG:hsa04725	hsa04725	KEGG
KEGG_PARTICIPATION:5566|hsa04726	5566	PRKACA	hsa:5566	KEGG:hsa04726	hsa04726	KEGG
KEGG_PARTICIPATION:5566|hsa04727	5566	PRKACA	hsa:5566	KEGG:hsa04727	hsa04727	KEGG
KEGG_PARTICIPATION:5566|hsa04728	5566	PRKACA	hsa:5566	KEGG:hsa04728	hsa04728	KEGG
KEGG_PARTICIPATION:5566|hsa04740	5566	PRKACA	hsa:5566	KEGG:hsa04740	hsa04740	KEGG
KEGG_PARTICIPATION:5566|hsa04742	5566	PRKACA	hsa:5566	KEGG:hsa04742	hsa04742	KEGG
KEGG_PARTICIPATION:5566|hsa04750	5566	PRKACA	hsa:5566	KEGG:hsa04750	hsa04750	KEGG
KEGG_PARTICIPATION:5566|hsa04910	5566	PRKACA	hsa:5566	KEGG:hsa04910	hsa04910	KEGG
KEGG_PARTICIPATION:5566|hsa04911	5566	PRKACA	hsa:5566	KEGG:hsa04911	hsa04911	KEGG
KEGG_PARTICIPATION:5566|hsa04912	5566	PRKACA	hsa:5566	KEGG:hsa04912	hsa04912	KEGG
KEGG_PARTICIPATION:5566|hsa04913	5566	PRKACA	hsa:5566	KEGG:hsa04913	hsa04913	KEGG
KEGG_PARTICIPATION:5566|hsa04914	5566	PRKACA	hsa:5566	KEGG:hsa04914	hsa04914	KEGG
KEGG_PARTICIPATION:5566|hsa04915	5566	PRKACA	hsa:5566	KEGG:hsa04915	hsa04915	KEGG
KEGG_PARTICIPATION:5566|hsa04916	5566	PRKACA	hsa:5566	KEGG:hsa04916	hsa04916	KEGG
KEGG_PARTICIPATION:5566|hsa04918	5566	PRKACA	hsa:5566	KEGG:hsa04918	hsa04918	KEGG
KEGG_PARTICIPATION:5566|hsa04919	5566	PRKACA	hsa:5566	KEGG:hsa04919	hsa04919	KEGG
KEGG_PARTICIPATION:5566|hsa04921	5566	PRKACA	hsa:5566	KEGG:hsa04921	hsa04921	KEGG
KEGG_PARTICIPATION:5566|hsa04922	5566	PRKACA	hsa:5566	KEGG:hsa04922	hsa04922	KEGG
KEGG_PARTICIPATION:5566|hsa04923	5566	PRKACA	hsa:5566	KEGG:hsa04923	hsa04923	KEGG
KEGG_PARTICIPATION:5566|hsa04924	5566	PRKACA	hsa:5566	KEGG:hsa04924	hsa04924	KEGG
KEGG_PARTICIPATION:5566|hsa04925	5566	PRKACA	hsa:5566	KEGG:hsa04925	hsa04925	KEGG
KEGG_PARTICIPATION:5566|hsa04926	5566	PRKACA	hsa:5566	KEGG:hsa04926	hsa04926	KEGG
KEGG_PARTICIPATION:5566|hsa04927	5566	PRKACA	hsa:5566	KEGG:hsa04927	hsa04927	KEGG
KEGG_PARTICIPATION:5566|hsa04928	5566	PRKACA	hsa:5566	KEGG:hsa04928	hsa04928	KEGG
KEGG_PARTICIPATION:5566|hsa04934	5566	PRKACA	hsa:5566	KEGG:hsa04934	hsa04934	KEGG
KEGG_PARTICIPATION:5566|hsa04935	5566	PRKACA	hsa:5566	KEGG:hsa04935	hsa04935	KEGG
KEGG_PARTICIPATION:5566|hsa04961	5566	PRKACA	hsa:5566	KEGG:hsa04961	hsa04961	KEGG
KEGG_PARTICIPATION:5566|hsa04962	5566	PRKACA	hsa:5566	KEGG:hsa04962	hsa04962	KEGG
KEGG_PARTICIPATION:5566|hsa04970	5566	PRKACA	hsa:5566	KEGG:hsa04970	hsa04970	KEGG
KEGG_PARTICIPATION:5566|hsa04971	5566	PRKACA	hsa:5566	KEGG:hsa04971	hsa04971	KEGG
KEGG_PARTICIPATION:5566|hsa04976	5566	PRKACA	hsa:5566	KEGG:hsa04976	hsa04976	KEGG
KEGG_PARTICIPATION:5566|hsa05012	5566	PRKACA	hsa:5566	KEGG:hsa05012	hsa05012	KEGG
KEGG_PARTICIPATION:5566|hsa05020	5566	PRKACA	hsa:5566	KEGG:hsa05020	hsa05020	KEGG
KEGG_PARTICIPATION:5566|hsa05030	5566	PRKACA	hsa:5566	KEGG:hsa05030	hsa05030	KEGG
KEGG_PARTICIPATION:5566|hsa05031	5566	PRKACA	hsa:5566	KEGG:hsa05031	hsa05031	KEGG
KEGG_PARTICIPATION:5566|hsa05032	5566	PRKACA	hsa:5566	KEGG:hsa05032	hsa05032	KEGG
KEGG_PARTICIPATION:5566|hsa05034	5566	PRKACA	hsa:5566	KEGG:hsa05034	hsa05034	KEGG
KEGG_PARTICIPATION:5566|hsa05110	5566	PRKACA	hsa:5566	KEGG:hsa05110	hsa05110	KEGG
KEGG_PARTICIPATION:5566|hsa05146	5566	PRKACA	hsa:5566	KEGG:hsa05146	hsa05146	KEGG
KEGG_PARTICIPATION:5566|hsa05163	5566	PRKACA	hsa:5566	KEGG:hsa05163	hsa05163	KEGG
KEGG_PARTICIPATION:5566|hsa05165	5566	PRKACA	hsa:5566	KEGG:hsa05165	hsa05165	KEGG
KEGG_PARTICIPATION:5566|hsa05166	5566	PRKACA	hsa:5566	KEGG:hsa05166	hsa05166	KEGG
KEGG_PARTICIPATION:5566|hsa05200	5566	PRKACA	hsa:5566	KEGG:hsa05200	hsa05200	KEGG
KEGG_PARTICIPATION:5566|hsa05203	5566	PRKACA	hsa:5566	KEGG:hsa05203	hsa05203	KEGG
KEGG_PARTICIPATION:5566|hsa05205	5566	PRKACA	hsa:5566	KEGG:hsa05205	hsa05205	KEGG
KEGG_PARTICIPATION:5566|hsa05207	5566	PRKACA	hsa:5566	KEGG:hsa05207	hsa05207	KEGG
KEGG_PARTICIPATION:5566|hsa05414	5566	PRKACA	hsa:5566	KEGG:hsa05414	hsa05414	KEGG
KEGG_PARTICIPATION:5578|hsa01521	5578	PRKCA	hsa:5578	KEGG:hsa01521	hsa01521	KEGG
KEGG_PARTICIPATION:5578|hsa04010	5578	PRKCA	hsa:5578	KEGG:hsa04010	hsa04010	KEGG
KEGG_PARTICIPATION:5578|hsa04012	5578	PRKCA	hsa:5578	KEGG:hsa04012	hsa04012	KEGG
KEGG_PARTICIPATION:5578|hsa04014	5578	PRKCA	hsa:5578	KEGG:hsa04014	hsa04014	KEGG
KEGG_PARTICIPATION:5578|hsa04015	5578	PRKCA	hsa:5578	KEGG:hsa04015	hsa04015	KEGG
KEGG_PARTICIPATION:5578|hsa04020	5578	PRKCA	hsa:5578	KEGG:hsa04020	hsa04020	KEGG
KEGG_PARTICIPATION:5578|hsa04066	5578	PRKCA	hsa:5578	KEGG:hsa04066	hsa04066	KEGG
KEGG_PARTICIPATION:5578|hsa04070	5578	PRKCA	hsa:5578	KEGG:hsa04070	hsa04070	KEGG
KEGG_PARTICIPATION:5578|hsa04071	5578	PRKCA	hsa:5578	KEGG:hsa04071	hsa04071	KEGG
KEGG_PARTICIPATION:5578|hsa04072	5578	PRKCA	hsa:5578	KEGG:hsa04072	hsa04072	KEGG
KEGG_PARTICIPATION:5578|hsa04082	5578	PRKCA	hsa:5578	KEGG:hsa04082	hsa04082	KEGG
KEGG_PARTICIPATION:5578|hsa04150	5578	PRKCA	hsa:5578	KEGG:hsa04150	hsa04150	KEGG
KEGG_PARTICIPATION:5578|hsa04151	5578	PRKCA	hsa:5578	KEGG:hsa04151	hsa04151	KEGG
KEGG_PARTICIPATION:5578|hsa04261	5578	PRKCA	hsa:5578	KEGG:hsa04261	hsa04261	KEGG
KEGG_PARTICIPATION:5578|hsa04270	5578	PRKCA	hsa:5578	KEGG:hsa04270	hsa04270	KEGG
KEGG_PARTICIPATION:5578|hsa04310	5578	PRKCA	hsa:5578	KEGG:hsa04310	hsa04310	KEGG
KEGG_PARTICIPATION:5578|hsa04360	5578	PRKCA	hsa:5578	KEGG:hsa04360	hsa04360	KEGG
KEGG_PARTICIPATION:5578|hsa04370	5578	PRKCA	hsa:5578	KEGG:hsa04370	hsa04370	KEGG
KEGG_PARTICIPATION:5578|hsa04510	5578	PRKCA	hsa:5578	KEGG:hsa04510	hsa04510	KEGG
KEGG_PARTICIPATION:5578|hsa04517	5578	PRKCA	hsa:5578	KEGG:hsa04517	hsa04517	KEGG
KEGG_PARTICIPATION:5578|hsa04540	5578	PRKCA	hsa:5578	KEGG:hsa04540	hsa04540	KEGG
KEGG_PARTICIPATION:5578|hsa04613	5578	PRKCA	hsa:5578	KEGG:hsa04613	hsa04613	KEGG
KEGG_PARTICIPATION:5578|hsa04650	5578	PRKCA	hsa:5578	KEGG:hsa04650	hsa04650	KEGG
KEGG_PARTICIPATION:5578|hsa04664	5578	PRKCA	hsa:5578	KEGG:hsa04664	hsa04664	KEGG
KEGG_PARTICIPATION:5578|hsa04666	5578	PRKCA	hsa:5578	KEGG:hsa04666	hsa04666	KEGG
KEGG_PARTICIPATION:5578|hsa04670	5578	PRKCA	hsa:5578	KEGG:hsa04670	hsa04670	KEGG
KEGG_PARTICIPATION:5578|hsa04713	5578	PRKCA	hsa:5578	KEGG:hsa04713	hsa04713	KEGG
KEGG_PARTICIPATION:5578|hsa04720	5578	PRKCA	hsa:5578	KEGG:hsa04720	hsa04720	KEGG
KEGG_PARTICIPATION:5578|hsa04723	5578	PRKCA	hsa:5578	KEGG:hsa04723	hsa04723	KEGG
KEGG_PARTICIPATION:5578|hsa04724	5578	PRKCA	hsa:5578	KEGG:hsa04724	hsa04724	KEGG
KEGG_PARTICIPATION:5578|hsa04725	5578	PRKCA	hsa:5578	KEGG:hsa04725	hsa04725	KEGG
KEGG_PARTICIPATION:5578|hsa04726	5578	PRKCA	hsa:5578	KEGG:hsa04726	hsa04726	KEGG
KEGG_PARTICIPATION:5578|hsa04727	5578	PRKCA	hsa:5578	KEGG:hsa04727	hsa04727	KEGG
KEGG_PARTICIPATION:5578|hsa04728	5578	PRKCA	hsa:5578	KEGG:hsa04728	hsa04728	KEGG
KEGG_PARTICIPATION:5578|hsa04730	5578	PRKCA	hsa:5578	KEGG:hsa04730	hsa04730	KEGG
KEGG_PARTICIPATION:5578|hsa04750	5578	PRKCA	hsa:5578	KEGG:hsa04750	hsa04750	KEGG
KEGG_PARTICIPATION:5578|hsa04911	5578	PRKCA	hsa:5578	KEGG:hsa04911	hsa04911	KEGG
KEGG_PARTICIPATION:5578|hsa04912	5578	PRKCA	hsa:5578	KEGG:hsa04912	hsa04912	KEGG
KEGG_PARTICIPATION:5578|hsa04916	5578	PRKCA	hsa:5578	KEGG:hsa04916	hsa04916	KEGG
KEGG_PARTICIPATION:5578|hsa04918	5578	PRKCA	hsa:5578	KEGG:hsa04918	hsa04918	KEGG
KEGG_PARTICIPATION:5578|hsa04919	5578	PRKCA	hsa:5578	KEGG:hsa04919	hsa04919	KEGG
KEGG_PARTICIPATION:5578|hsa04921	5578	PRKCA	hsa:5578	KEGG:hsa04921	hsa04921	KEGG
KEGG_PARTICIPATION:5578|hsa04925	5578	PRKCA	hsa:5578	KEGG:hsa04925	hsa04925	KEGG
KEGG_PARTICIPATION:5578|hsa04926	5578	PRKCA	hsa:5578	KEGG:hsa04926	hsa04926	KEGG
KEGG_PARTICIPATION:5578|hsa04928	5578	PRKCA	hsa:5578	KEGG:hsa04928	hsa04928	KEGG
KEGG_PARTICIPATION:5578|hsa04929	5578	PRKCA	hsa:5578	KEGG:hsa04929	hsa04929	KEGG
KEGG_PARTICIPATION:5578|hsa04933	5578	PRKCA	hsa:5578	KEGG:hsa04933	hsa04933	KEGG
KEGG_PARTICIPATION:5578|hsa04935	5578	PRKCA	hsa:5578	KEGG:hsa04935	hsa04935	KEGG
KEGG_PARTICIPATION:5578|hsa04960	5578	PRKCA	hsa:5578	KEGG:hsa04960	hsa04960	KEGG
KEGG_PARTICIPATION:5578|hsa04961	5578	PRKCA	hsa:5578	KEGG:hsa04961	hsa04961	KEGG
KEGG_PARTICIPATION:5578|hsa04970	5578	PRKCA	hsa:5578	KEGG:hsa04970	hsa04970	KEGG
KEGG_PARTICIPATION:5578|hsa04971	5578	PRKCA	hsa:5578	KEGG:hsa04971	hsa04971	KEGG
KEGG_PARTICIPATION:5578|hsa04972	5578	PRKCA	hsa:5578	KEGG:hsa04972	hsa04972	KEGG
KEGG_PARTICIPATION:5578|hsa05017	5578	PRKCA	hsa:5578	KEGG:hsa05017	hsa05017	KEGG
KEGG_PARTICIPATION:5578|hsa05022	5578	PRKCA	hsa:5578	KEGG:hsa05022	hsa05022	KEGG
KEGG_PARTICIPATION:5578|hsa05031	5578	PRKCA	hsa:5578	KEGG:hsa05031	hsa05031	KEGG
KEGG_PARTICIPATION:5578|hsa05032	5578	PRKCA	hsa:5578	KEGG:hsa05032	hsa05032	KEGG
KEGG_PARTICIPATION:5578|hsa05110	5578	PRKCA	hsa:5578	KEGG:hsa05110	hsa05110	KEGG
KEGG_PARTICIPATION:5578|hsa05143	5578	PRKCA	hsa:5578	KEGG:hsa05143	hsa05143	KEGG
KEGG_PARTICIPATION:5578|hsa05146	5578	PRKCA	hsa:5578	KEGG:hsa05146	hsa05146	KEGG
KEGG_PARTICIPATION:5578|hsa05161	5578	PRKCA	hsa:5578	KEGG:hsa05161	hsa05161	KEGG
KEGG_PARTICIPATION:5578|hsa05163	5578	PRKCA	hsa:5578	KEGG:hsa05163	hsa05163	KEGG
KEGG_PARTICIPATION:5578|hsa05164	5578	PRKCA	hsa:5578	KEGG:hsa05164	hsa05164	KEGG
KEGG_PARTICIPATION:5578|hsa05170	5578	PRKCA	hsa:5578	KEGG:hsa05170	hsa05170	KEGG
KEGG_PARTICIPATION:5578|hsa05171	5578	PRKCA	hsa:5578	KEGG:hsa05171	hsa05171	KEGG
KEGG_PARTICIPATION:5578|hsa05200	5578	PRKCA	hsa:5578	KEGG:hsa05200	hsa05200	KEGG
KEGG_PARTICIPATION:5578|hsa05205	5578	PRKCA	hsa:5578	KEGG:hsa05205	hsa05205	KEGG
KEGG_PARTICIPATION:5578|hsa05206	5578	PRKCA	hsa:5578	KEGG:hsa05206	hsa05206	KEGG
KEGG_PARTICIPATION:5578|hsa05207	5578	PRKCA	hsa:5578	KEGG:hsa05207	hsa05207	KEGG
KEGG_PARTICIPATION:5578|hsa05214	5578	PRKCA	hsa:5578	KEGG:hsa05214	hsa05214	KEGG
KEGG_PARTICIPATION:5578|hsa05223	5578	PRKCA	hsa:5578	KEGG:hsa05223	hsa05223	KEGG
KEGG_PARTICIPATION:5578|hsa05225	5578	PRKCA	hsa:5578	KEGG:hsa05225	hsa05225	KEGG
KEGG_PARTICIPATION:5578|hsa05231	5578	PRKCA	hsa:5578	KEGG:hsa05231	hsa05231	KEGG
KEGG_PARTICIPATION:5578|hsa05415	5578	PRKCA	hsa:5578	KEGG:hsa05415	hsa05415	KEGG
KEGG_PARTICIPATION:5578|hsa05417	5578	PRKCA	hsa:5578	KEGG:hsa05417	hsa05417	KEGG
KEGG_PARTICIPATION:5580|hsa04062	5580	PRKCD	hsa:5580	KEGG:hsa04062	hsa04062	KEGG
KEGG_PARTICIPATION:5580|hsa04140	5580	PRKCD	hsa:5580	KEGG:hsa04140	hsa04140	KEGG
KEGG_PARTICIPATION:5580|hsa04270	5580	PRKCD	hsa:5580	KEGG:hsa04270	hsa04270	KEGG
KEGG_PARTICIPATION:5580|hsa04621	5580	PRKCD	hsa:5580	KEGG:hsa04621	hsa04621	KEGG
KEGG_PARTICIPATION:5580|hsa04625	5580	PRKCD	hsa:5580	KEGG:hsa04625	hsa04625	KEGG
KEGG_PARTICIPATION:5580|hsa04666	5580	PRKCD	hsa:5580	KEGG:hsa04666	hsa04666	KEGG
KEGG_PARTICIPATION:5580|hsa04722	5580	PRKCD	hsa:5580	KEGG:hsa04722	hsa04722	KEGG
KEGG_PARTICIPATION:5580|hsa04750	5580	PRKCD	hsa:5580	KEGG:hsa04750	hsa04750	KEGG
KEGG_PARTICIPATION:5580|hsa04912	5580	PRKCD	hsa:5580	KEGG:hsa04912	hsa04912	KEGG
KEGG_PARTICIPATION:5580|hsa04915	5580	PRKCD	hsa:5580	KEGG:hsa04915	hsa04915	KEGG
KEGG_PARTICIPATION:5580|hsa04930	5580	PRKCD	hsa:5580	KEGG:hsa04930	hsa04930	KEGG
KEGG_PARTICIPATION:5580|hsa04931	5580	PRKCD	hsa:5580	KEGG:hsa04931	hsa04931	KEGG
KEGG_PARTICIPATION:5580|hsa04933	5580	PRKCD	hsa:5580	KEGG:hsa04933	hsa04933	KEGG
KEGG_PARTICIPATION:5580|hsa05020	5580	PRKCD	hsa:5580	KEGG:hsa05020	hsa05020	KEGG
KEGG_PARTICIPATION:5580|hsa05131	5580	PRKCD	hsa:5580	KEGG:hsa05131	hsa05131	KEGG
KEGG_PARTICIPATION:5580|hsa05208	5580	PRKCD	hsa:5580	KEGG:hsa05208	hsa05208	KEGG
KEGG_PARTICIPATION:5580|hsa05415	5580	PRKCD	hsa:5580	KEGG:hsa05415	hsa05415	KEGG
KEGG_PARTICIPATION:5581|hsa04022	5581	PRKCE	hsa:5581	KEGG:hsa04022	hsa04022	KEGG
KEGG_PARTICIPATION:5581|hsa04071	5581	PRKCE	hsa:5581	KEGG:hsa04071	hsa04071	KEGG
KEGG_PARTICIPATION:5581|hsa04270	5581	PRKCE	hsa:5581	KEGG:hsa04270	hsa04270	KEGG
KEGG_PARTICIPATION:5581|hsa04371	5581	PRKCE	hsa:5581	KEGG:hsa04371	hsa04371	KEGG
KEGG_PARTICIPATION:5581|hsa04530	5581	PRKCE	hsa:5581	KEGG:hsa04530	hsa04530	KEGG
KEGG_PARTICIPATION:5581|hsa04666	5581	PRKCE	hsa:5581	KEGG:hsa04666	hsa04666	KEGG
KEGG_PARTICIPATION:5581|hsa04750	5581	PRKCE	hsa:5581	KEGG:hsa04750	hsa04750	KEGG
KEGG_PARTICIPATION:5581|hsa04925	5581	PRKCE	hsa:5581	KEGG:hsa04925	hsa04925	KEGG
KEGG_PARTICIPATION:5581|hsa04930	5581	PRKCE	hsa:5581	KEGG:hsa04930	hsa04930	KEGG
KEGG_PARTICIPATION:5581|hsa04931	5581	PRKCE	hsa:5581	KEGG:hsa04931	hsa04931	KEGG
KEGG_PARTICIPATION:5581|hsa04933	5581	PRKCE	hsa:5581	KEGG:hsa04933	hsa04933	KEGG
KEGG_PARTICIPATION:5581|hsa05131	5581	PRKCE	hsa:5581	KEGG:hsa05131	hsa05131	KEGG
KEGG_PARTICIPATION:5581|hsa05206	5581	PRKCE	hsa:5581	KEGG:hsa05206	hsa05206	KEGG
KEGG_PARTICIPATION:56992|hsa04814	56992	KIF15	hsa:56992	KEGG:hsa04814	hsa04814	KEGG
KEGG_PARTICIPATION:57016|hsa00040	57016	AKR1B10	hsa:57016	KEGG:hsa00040	hsa00040	KEGG
KEGG_PARTICIPATION:57016|hsa00051	57016	AKR1B10	hsa:57016	KEGG:hsa00051	hsa00051	KEGG
KEGG_PARTICIPATION:57016|hsa00052	57016	AKR1B10	hsa:57016	KEGG:hsa00052	hsa00052	KEGG
KEGG_PARTICIPATION:57016|hsa00561	57016	AKR1B10	hsa:57016	KEGG:hsa00561	hsa00561	KEGG
KEGG_PARTICIPATION:57016|hsa00790	57016	AKR1B10	hsa:57016	KEGG:hsa00790	hsa00790	KEGG
KEGG_PARTICIPATION:57016|hsa01100	57016	AKR1B10	hsa:57016	KEGG:hsa01100	hsa01100	KEGG
KEGG_PARTICIPATION:5728|hsa00562	5728	PTEN	hsa:5728	KEGG:hsa00562	hsa00562	KEGG
KEGG_PARTICIPATION:5728|hsa01100	5728	PTEN	hsa:5728	KEGG:hsa01100	hsa01100	KEGG
KEGG_PARTICIPATION:5728|hsa01521	5728	PTEN	hsa:5728	KEGG:hsa01521	hsa01521	KEGG
KEGG_PARTICIPATION:5728|hsa04068	5728	PTEN	hsa:5728	KEGG:hsa04068	hsa04068	KEGG
KEGG_PARTICIPATION:5728|hsa04070	5728	PTEN	hsa:5728	KEGG:hsa04070	hsa04070	KEGG
KEGG_PARTICIPATION:5728|hsa04071	5728	PTEN	hsa:5728	KEGG:hsa04071	hsa04071	KEGG
KEGG_PARTICIPATION:5728|hsa04115	5728	PTEN	hsa:5728	KEGG:hsa04115	hsa04115	KEGG
KEGG_PARTICIPATION:5728|hsa04140	5728	PTEN	hsa:5728	KEGG:hsa04140	hsa04140	KEGG
KEGG_PARTICIPATION:5728|hsa04150	5728	PTEN	hsa:5728	KEGG:hsa04150	hsa04150	KEGG
KEGG_PARTICIPATION:5728|hsa04151	5728	PTEN	hsa:5728	KEGG:hsa04151	hsa04151	KEGG
KEGG_PARTICIPATION:5728|hsa04218	5728	PTEN	hsa:5728	KEGG:hsa04218	hsa04218	KEGG
KEGG_PARTICIPATION:5728|hsa04510	5728	PTEN	hsa:5728	KEGG:hsa04510	hsa04510	KEGG
KEGG_PARTICIPATION:5728|hsa04931	5728	PTEN	hsa:5728	KEGG:hsa04931	hsa04931	KEGG
KEGG_PARTICIPATION:5728|hsa05165	5728	PTEN	hsa:5728	KEGG:hsa05165	hsa05165	KEGG
KEGG_PARTICIPATION:5728|hsa05166	5728	PTEN	hsa:5728	KEGG:hsa05166	hsa05166	KEGG
KEGG_PARTICIPATION:5728|hsa05200	5728	PTEN	hsa:5728	KEGG:hsa05200	hsa05200	KEGG
KEGG_PARTICIPATION:5728|hsa05206	5728	PTEN	hsa:5728	KEGG:hsa05206	hsa05206	KEGG
KEGG_PARTICIPATION:5728|hsa05208	5728	PTEN	hsa:5728	KEGG:hsa05208	hsa05208	KEGG
KEGG_PARTICIPATION:5728|hsa05213	5728	PTEN	hsa:5728	KEGG:hsa05213	hsa05213	KEGG
KEGG_PARTICIPATION:5728|hsa05214	5728	PTEN	hsa:5728	KEGG:hsa05214	hsa05214	KEGG
KEGG_PARTICIPATION:5728|hsa05215	5728	PTEN	hsa:5728	KEGG:hsa05215	hsa05215	KEGG
KEGG_PARTICIPATION:5728|hsa05218	5728	PTEN	hsa:5728	KEGG:hsa05218	hsa05218	KEGG
KEGG_PARTICIPATION:5728|hsa05222	5728	PTEN	hsa:5728	KEGG:hsa05222	hsa05222	KEGG
KEGG_PARTICIPATION:5728|hsa05224	5728	PTEN	hsa:5728	KEGG:hsa05224	hsa05224	KEGG
KEGG_PARTICIPATION:5728|hsa05225	5728	PTEN	hsa:5728	KEGG:hsa05225	hsa05225	KEGG
KEGG_PARTICIPATION:5728|hsa05230	5728	PTEN	hsa:5728	KEGG:hsa05230	hsa05230	KEGG
KEGG_PARTICIPATION:5728|hsa05235	5728	PTEN	hsa:5728	KEGG:hsa05235	hsa05235	KEGG
KEGG_PARTICIPATION:5728|hsa05415	5728	PTEN	hsa:5728	KEGG:hsa05415	hsa05415	KEGG
KEGG_PARTICIPATION:5743|hsa00590	5743	PTGS2	hsa:5743	KEGG:hsa00590	hsa00590	KEGG
KEGG_PARTICIPATION:5743|hsa01100	5743	PTGS2	hsa:5743	KEGG:hsa01100	hsa01100	KEGG
KEGG_PARTICIPATION:5743|hsa04064	5743	PTGS2	hsa:5743	KEGG:hsa04064	hsa04064	KEGG
KEGG_PARTICIPATION:5743|hsa04148	5743	PTGS2	hsa:5743	KEGG:hsa04148	hsa04148	KEGG
KEGG_PARTICIPATION:5743|hsa04370	5743	PTGS2	hsa:5743	KEGG:hsa04370	hsa04370	KEGG
KEGG_PARTICIPATION:5743|hsa04625	5743	PTGS2	hsa:5743	KEGG:hsa04625	hsa04625	KEGG
KEGG_PARTICIPATION:5743|hsa04657	5743	PTGS2	hsa:5743	KEGG:hsa04657	hsa04657	KEGG
KEGG_PARTICIPATION:5743|hsa04668	5743	PTGS2	hsa:5743	KEGG:hsa04668	hsa04668	KEGG
KEGG_PARTICIPATION:5743|hsa04723	5743	PTGS2	hsa:5743	KEGG:hsa04723	hsa04723	KEGG
KEGG_PARTICIPATION:5743|hsa04726	5743	PTGS2	hsa:5743	KEGG:hsa04726	hsa04726	KEGG
KEGG_PARTICIPATION:5743|hsa04913	5743	PTGS2	hsa:5743	KEGG:hsa04913	hsa04913	KEGG
KEGG_PARTICIPATION:5743|hsa04921	5743	PTGS2	hsa:5743	KEGG:hsa04921	hsa04921	KEGG
KEGG_PARTICIPATION:5743|hsa04923	5743	PTGS2	hsa:5743	KEGG:hsa04923	hsa04923	KEGG
KEGG_PARTICIPATION:5743|hsa05010	5743	PTGS2	hsa:5743	KEGG:hsa05010	hsa05010	KEGG
KEGG_PARTICIPATION:5743|hsa05022	5743	PTGS2	hsa:5743	KEGG:hsa05022	hsa05022	KEGG
KEGG_PARTICIPATION:5743|hsa05140	5743	PTGS2	hsa:5743	KEGG:hsa05140	hsa05140	KEGG
KEGG_PARTICIPATION:5743|hsa05163	5743	PTGS2	hsa:5743	KEGG:hsa05163	hsa05163	KEGG
KEGG_PARTICIPATION:5743|hsa05165	5743	PTGS2	hsa:5743	KEGG:hsa05165	hsa05165	KEGG
KEGG_PARTICIPATION:5743|hsa05167	5743	PTGS2	hsa:5743	KEGG:hsa05167	hsa05167	KEGG
KEGG_PARTICIPATION:5743|hsa05200	5743	PTGS2	hsa:5743	KEGG:hsa05200	hsa05200	KEGG
KEGG_PARTICIPATION:5743|hsa05204	5743	PTGS2	hsa:5743	KEGG:hsa05204	hsa05204	KEGG
KEGG_PARTICIPATION:5743|hsa05206	5743	PTGS2	hsa:5743	KEGG:hsa05206	hsa05206	KEGG
KEGG_PARTICIPATION:5743|hsa05222	5743	PTGS2	hsa:5743	KEGG:hsa05222	hsa05222	KEGG
KEGG_PARTICIPATION:5745|hsa04080	5745	PTH1R	hsa:5745	KEGG:hsa04080	hsa04080	KEGG
KEGG_PARTICIPATION:5745|hsa04081	5745	PTH1R	hsa:5745	KEGG:hsa04081	hsa04081	KEGG
KEGG_PARTICIPATION:5745|hsa04928	5745	PTH1R	hsa:5745	KEGG:hsa04928	hsa04928	KEGG
KEGG_PARTICIPATION:5745|hsa04961	5745	PTH1R	hsa:5745	KEGG:hsa04961	hsa04961	KEGG
KEGG_PARTICIPATION:5747|hsa01522	5747	PTK2	hsa:5747	KEGG:hsa01522	hsa01522	KEGG
KEGG_PARTICIPATION:5747|hsa04012	5747	PTK2	hsa:5747	KEGG:hsa04012	hsa04012	KEGG
KEGG_PARTICIPATION:5747|hsa04062	5747	PTK2	hsa:5747	KEGG:hsa04062	hsa04062	KEGG
KEGG_PARTICIPATION:5747|hsa04148	5747	PTK2	hsa:5747	KEGG:hsa04148	hsa04148	KEGG
KEGG_PARTICIPATION:5747|hsa04151	5747	PTK2	hsa:5747	KEGG:hsa04151	hsa04151	KEGG
KEGG_PARTICIPATION:5747|hsa04360	5747	PTK2	hsa:5747	KEGG:hsa04360	hsa04360	KEGG
KEGG_PARTICIPATION:5747|hsa04370	5747	PTK2	hsa:5747	KEGG:hsa04370	hsa04370	KEGG
KEGG_PARTICIPATION:5747|hsa04510	5747	PTK2	hsa:5747	KEGG:hsa04510	hsa04510	KEGG
KEGG_PARTICIPATION:5747|hsa04517	5747	PTK2	hsa:5747	KEGG:hsa04517	hsa04517	KEGG
KEGG_PARTICIPATION:5747|hsa04518	5747	PTK2	hsa:5747	KEGG:hsa04518	hsa04518	KEGG
KEGG_PARTICIPATION:5747|hsa04519	5747	PTK2	hsa:5747	KEGG:hsa04519	hsa04519	KEGG
KEGG_PARTICIPATION:5747|hsa04670	5747	PTK2	hsa:5747	KEGG:hsa04670	hsa04670	KEGG
KEGG_PARTICIPATION:5747|hsa04810	5747	PTK2	hsa:5747	KEGG:hsa04810	hsa04810	KEGG
KEGG_PARTICIPATION:5747|hsa04935	5747	PTK2	hsa:5747	KEGG:hsa04935	hsa04935	KEGG
KEGG_PARTICIPATION:5747|hsa05100	5747	PTK2	hsa:5747	KEGG:hsa05100	hsa05100	KEGG
KEGG_PARTICIPATION:5747|hsa05131	5747	PTK2	hsa:5747	KEGG:hsa05131	hsa05131	KEGG
KEGG_PARTICIPATION:5747|hsa05135	5747	PTK2	hsa:5747	KEGG:hsa05135	hsa05135	KEGG
KEGG_PARTICIPATION:5747|hsa05146	5747	PTK2	hsa:5747	KEGG:hsa05146	hsa05146	KEGG
KEGG_PARTICIPATION:5747|hsa05163	5747	PTK2	hsa:5747	KEGG:hsa05163	hsa05163	KEGG
KEGG_PARTICIPATION:5747|hsa05165	5747	PTK2	hsa:5747	KEGG:hsa05165	hsa05165	KEGG
KEGG_PARTICIPATION:5747|hsa05170	5747	PTK2	hsa:5747	KEGG:hsa05170	hsa05170	KEGG
KEGG_PARTICIPATION:5747|hsa05200	5747	PTK2	hsa:5747	KEGG:hsa05200	hsa05200	KEGG
KEGG_PARTICIPATION:5747|hsa05202	5747	PTK2	hsa:5747	KEGG:hsa05202	hsa05202	KEGG
KEGG_PARTICIPATION:5747|hsa05205	5747	PTK2	hsa:5747	KEGG:hsa05205	hsa05205	KEGG
KEGG_PARTICIPATION:5747|hsa05208	5747	PTK2	hsa:5747	KEGG:hsa05208	hsa05208	KEGG
KEGG_PARTICIPATION:5747|hsa05222	5747	PTK2	hsa:5747	KEGG:hsa05222	hsa05222	KEGG
KEGG_PARTICIPATION:5747|hsa05417	5747	PTK2	hsa:5747	KEGG:hsa05417	hsa05417	KEGG
KEGG_PARTICIPATION:5747|hsa05418	5747	PTK2	hsa:5747	KEGG:hsa05418	hsa05418	KEGG
KEGG_PARTICIPATION:57492|hsa03082	57492	ARID1B	hsa:57492	KEGG:hsa03082	hsa03082	KEGG
KEGG_PARTICIPATION:57492|hsa04714	57492	ARID1B	hsa:57492	KEGG:hsa04714	hsa04714	KEGG
KEGG_PARTICIPATION:57492|hsa05225	57492	ARID1B	hsa:57492	KEGG:hsa05225	hsa05225	KEGG
KEGG_PARTICIPATION:57510|hsa03013	57510	XPO5	hsa:57510	KEGG:hsa03013	hsa03013	KEGG
KEGG_PARTICIPATION:57733|hsa00500	57733	GBA3	hsa:57733	KEGG:hsa00500	hsa00500	KEGG
KEGG_PARTICIPATION:57733|hsa01100	57733	GBA3	hsa:57733	KEGG:hsa01100	hsa01100	KEGG
KEGG_PARTICIPATION:57761|hsa04156	57761	TRIB3	hsa:57761	KEGG:hsa04156	hsa04156	KEGG
KEGG_PARTICIPATION:57761|hsa04931	57761	TRIB3	hsa:57761	KEGG:hsa04931	hsa04931	KEGG
KEGG_PARTICIPATION:57817|hsa04081	57817	HAMP	hsa:57817	KEGG:hsa04081	hsa04081	KEGG
KEGG_PARTICIPATION:57817|hsa04350	57817	HAMP	hsa:57817	KEGG:hsa04350	hsa04350	KEGG
KEGG_PARTICIPATION:5783|hsa04210	5783	PTPN13	hsa:5783	KEGG:hsa04210	hsa04210	KEGG
KEGG_PARTICIPATION:5836|hsa00500	5836	PYGL	hsa:5836	KEGG:hsa00500	hsa00500	KEGG
KEGG_PARTICIPATION:5836|hsa01100	5836	PYGL	hsa:5836	KEGG:hsa01100	hsa01100	KEGG
KEGG_PARTICIPATION:5836|hsa04217	5836	PYGL	hsa:5836	KEGG:hsa04217	hsa04217	KEGG
KEGG_PARTICIPATION:5836|hsa04910	5836	PYGL	hsa:5836	KEGG:hsa04910	hsa04910	KEGG
KEGG_PARTICIPATION:5836|hsa04922	5836	PYGL	hsa:5836	KEGG:hsa04922	hsa04922	KEGG
KEGG_PARTICIPATION:5836|hsa04931	5836	PYGL	hsa:5836	KEGG:hsa04931	hsa04931	KEGG
KEGG_PARTICIPATION:58508|hsa00310	58508	KMT2C	hsa:58508	KEGG:hsa00310	hsa00310	KEGG
KEGG_PARTICIPATION:58508|hsa01100	58508	KMT2C	hsa:58508	KEGG:hsa01100	hsa01100	KEGG
KEGG_PARTICIPATION:5879|hsa04010	5879	RAC1	hsa:5879	KEGG:hsa04010	hsa04010	KEGG
KEGG_PARTICIPATION:5879|hsa04014	5879	RAC1	hsa:5879	KEGG:hsa04014	hsa04014	KEGG
KEGG_PARTICIPATION:5879|hsa04015	5879	RAC1	hsa:5879	KEGG:hsa04015	hsa04015	KEGG
KEGG_PARTICIPATION:5879|hsa04024	5879	RAC1	hsa:5879	KEGG:hsa04024	hsa04024	KEGG
KEGG_PARTICIPATION:5879|hsa04062	5879	RAC1	hsa:5879	KEGG:hsa04062	hsa04062	KEGG
KEGG_PARTICIPATION:5879|hsa04071	5879	RAC1	hsa:5879	KEGG:hsa04071	hsa04071	KEGG
KEGG_PARTICIPATION:5879|hsa04145	5879	RAC1	hsa:5879	KEGG:hsa04145	hsa04145	KEGG
KEGG_PARTICIPATION:5879|hsa04148	5879	RAC1	hsa:5879	KEGG:hsa04148	hsa04148	KEGG
KEGG_PARTICIPATION:5879|hsa04151	5879	RAC1	hsa:5879	KEGG:hsa04151	hsa04151	KEGG
KEGG_PARTICIPATION:5879|hsa04310	5879	RAC1	hsa:5879	KEGG:hsa04310	hsa04310	KEGG
KEGG_PARTICIPATION:5879|hsa04360	5879	RAC1	hsa:5879	KEGG:hsa04360	hsa04360	KEGG
KEGG_PARTICIPATION:5879|hsa04370	5879	RAC1	hsa:5879	KEGG:hsa04370	hsa04370	KEGG
KEGG_PARTICIPATION:5879|hsa04380	5879	RAC1	hsa:5879	KEGG:hsa04380	hsa04380	KEGG
KEGG_PARTICIPATION:5879|hsa04510	5879	RAC1	hsa:5879	KEGG:hsa04510	hsa04510	KEGG
KEGG_PARTICIPATION:5879|hsa04517	5879	RAC1	hsa:5879	KEGG:hsa04517	hsa04517	KEGG
KEGG_PARTICIPATION:5879|hsa04518	5879	RAC1	hsa:5879	KEGG:hsa04518	hsa04518	KEGG
KEGG_PARTICIPATION:5879|hsa04519	5879	RAC1	hsa:5879	KEGG:hsa04519	hsa04519	KEGG
KEGG_PARTICIPATION:5879|hsa04520	5879	RAC1	hsa:5879	KEGG:hsa04520	hsa04520	KEGG
KEGG_PARTICIPATION:5879|hsa04530	5879	RAC1	hsa:5879	KEGG:hsa04530	hsa04530	KEGG
KEGG_PARTICIPATION:5879|hsa04613	5879	RAC1	hsa:5879	KEGG:hsa04613	hsa04613	KEGG
KEGG_PARTICIPATION:5879|hsa04620	5879	RAC1	hsa:5879	KEGG:hsa04620	hsa04620	KEGG
KEGG_PARTICIPATION:5879|hsa04650	5879	RAC1	hsa:5879	KEGG:hsa04650	hsa04650	KEGG
KEGG_PARTICIPATION:5879|hsa04662	5879	RAC1	hsa:5879	KEGG:hsa04662	hsa04662	KEGG
KEGG_PARTICIPATION:5879|hsa04664	5879	RAC1	hsa:5879	KEGG:hsa04664	hsa04664	KEGG
KEGG_PARTICIPATION:5879|hsa04666	5879	RAC1	hsa:5879	KEGG:hsa04666	hsa04666	KEGG
KEGG_PARTICIPATION:5879|hsa04670	5879	RAC1	hsa:5879	KEGG:hsa04670	hsa04670	KEGG
KEGG_PARTICIPATION:5879|hsa04722	5879	RAC1	hsa:5879	KEGG:hsa04722	hsa04722	KEGG
KEGG_PARTICIPATION:5879|hsa04810	5879	RAC1	hsa:5879	KEGG:hsa04810	hsa04810	KEGG
KEGG_PARTICIPATION:5879|hsa04932	5879	RAC1	hsa:5879	KEGG:hsa04932	hsa04932	KEGG
KEGG_PARTICIPATION:5879|hsa04933	5879	RAC1	hsa:5879	KEGG:hsa04933	hsa04933	KEGG
KEGG_PARTICIPATION:5879|hsa04972	5879	RAC1	hsa:5879	KEGG:hsa04972	hsa04972	KEGG
KEGG_PARTICIPATION:5879|hsa05014	5879	RAC1	hsa:5879	KEGG:hsa05014	hsa05014	KEGG
KEGG_PARTICIPATION:5879|hsa05020	5879	RAC1	hsa:5879	KEGG:hsa05020	hsa05020	KEGG
KEGG_PARTICIPATION:5879|hsa05022	5879	RAC1	hsa:5879	KEGG:hsa05022	hsa05022	KEGG
KEGG_PARTICIPATION:5879|hsa05100	5879	RAC1	hsa:5879	KEGG:hsa05100	hsa05100	KEGG
KEGG_PARTICIPATION:5879|hsa05120	5879	RAC1	hsa:5879	KEGG:hsa05120	hsa05120	KEGG
KEGG_PARTICIPATION:5879|hsa05130	5879	RAC1	hsa:5879	KEGG:hsa05130	hsa05130	KEGG
KEGG_PARTICIPATION:5879|hsa05131	5879	RAC1	hsa:5879	KEGG:hsa05131	hsa05131	KEGG
KEGG_PARTICIPATION:5879|hsa05132	5879	RAC1	hsa:5879	KEGG:hsa05132	hsa05132	KEGG
KEGG_PARTICIPATION:5879|hsa05135	5879	RAC1	hsa:5879	KEGG:hsa05135	hsa05135	KEGG
KEGG_PARTICIPATION:5879|hsa05163	5879	RAC1	hsa:5879	KEGG:hsa05163	hsa05163	KEGG
KEGG_PARTICIPATION:5879|hsa05167	5879	RAC1	hsa:5879	KEGG:hsa05167	hsa05167	KEGG
KEGG_PARTICIPATION:5879|hsa05169	5879	RAC1	hsa:5879	KEGG:hsa05169	hsa05169	KEGG
KEGG_PARTICIPATION:5879|hsa05170	5879	RAC1	hsa:5879	KEGG:hsa05170	hsa05170	KEGG
KEGG_PARTICIPATION:5879|hsa05200	5879	RAC1	hsa:5879	KEGG:hsa05200	hsa05200	KEGG
KEGG_PARTICIPATION:5879|hsa05203	5879	RAC1	hsa:5879	KEGG:hsa05203	hsa05203	KEGG
KEGG_PARTICIPATION:5879|hsa05205	5879	RAC1	hsa:5879	KEGG:hsa05205	hsa05205	KEGG
KEGG_PARTICIPATION:5879|hsa05208	5879	RAC1	hsa:5879	KEGG:hsa05208	hsa05208	KEGG
KEGG_PARTICIPATION:5879|hsa05210	5879	RAC1	hsa:5879	KEGG:hsa05210	hsa05210	KEGG
KEGG_PARTICIPATION:5879|hsa05211	5879	RAC1	hsa:5879	KEGG:hsa05211	hsa05211	KEGG
KEGG_PARTICIPATION:5879|hsa05212	5879	RAC1	hsa:5879	KEGG:hsa05212	hsa05212	KEGG
KEGG_PARTICIPATION:5879|hsa05231	5879	RAC1	hsa:5879	KEGG:hsa05231	hsa05231	KEGG
KEGG_PARTICIPATION:5879|hsa05415	5879	RAC1	hsa:5879	KEGG:hsa05415	hsa05415	KEGG
KEGG_PARTICIPATION:5879|hsa05416	5879	RAC1	hsa:5879	KEGG:hsa05416	hsa05416	KEGG
KEGG_PARTICIPATION:5879|hsa05417	5879	RAC1	hsa:5879	KEGG:hsa05417	hsa05417	KEGG
KEGG_PARTICIPATION:5879|hsa05418	5879	RAC1	hsa:5879	KEGG:hsa05418	hsa05418	KEGG
KEGG_PARTICIPATION:5885|hsa04110	5885	RAD21	hsa:5885	KEGG:hsa04110	hsa04110	KEGG
KEGG_PARTICIPATION:5893|hsa03440	5893	RAD52	hsa:5893	KEGG:hsa03440	hsa03440	KEGG
KEGG_PARTICIPATION:5897|hsa04068	5897	RAG2	hsa:5897	KEGG:hsa04068	hsa04068	KEGG
KEGG_PARTICIPATION:5897|hsa05340	5897	RAG2	hsa:5897	KEGG:hsa05340	hsa05340	KEGG
KEGG_PARTICIPATION:59067|hsa04060	59067	IL21	hsa:59067	KEGG:hsa04060	hsa04060	KEGG
KEGG_PARTICIPATION:59067|hsa04630	59067	IL21	hsa:59067	KEGG:hsa04630	hsa04630	KEGG
KEGG_PARTICIPATION:59067|hsa04659	59067	IL21	hsa:59067	KEGG:hsa04659	hsa04659	KEGG
KEGG_PARTICIPATION:59067|hsa05321	59067	IL21	hsa:59067	KEGG:hsa05321	hsa05321	KEGG
KEGG_PARTICIPATION:5914|hsa04659	5914	RARA	hsa:5914	KEGG:hsa04659	hsa04659	KEGG
KEGG_PARTICIPATION:5914|hsa04915	5914	RARA	hsa:5914	KEGG:hsa04915	hsa04915	KEGG
KEGG_PARTICIPATION:5914|hsa05200	5914	RARA	hsa:5914	KEGG:hsa05200	hsa05200	KEGG
KEGG_PARTICIPATION:5914|hsa05202	5914	RARA	hsa:5914	KEGG:hsa05202	hsa05202	KEGG
KEGG_PARTICIPATION:5914|hsa05221	5914	RARA	hsa:5914	KEGG:hsa05221	hsa05221	KEGG
KEGG_PARTICIPATION:5925|hsa01522	5925	RB1	hsa:5925	KEGG:hsa01522	hsa01522	KEGG
KEGG_PARTICIPATION:5925|hsa04110	5925	RB1	hsa:5925	KEGG:hsa04110	hsa04110	KEGG
KEGG_PARTICIPATION:5925|hsa04218	5925	RB1	hsa:5925	KEGG:hsa04218	hsa04218	KEGG
KEGG_PARTICIPATION:5925|hsa04934	5925	RB1	hsa:5925	KEGG:hsa04934	hsa04934	KEGG
KEGG_PARTICIPATION:5925|hsa05160	5925	RB1	hsa:5925	KEGG:hsa05160	hsa05160	KEGG
KEGG_PARTICIPATION:5925|hsa05161	5925	RB1	hsa:5925	KEGG:hsa05161	hsa05161	KEGG
KEGG_PARTICIPATION:5925|hsa05163	5925	RB1	hsa:5925	KEGG:hsa05163	hsa05163	KEGG
KEGG_PARTICIPATION:5925|hsa05165	5925	RB1	hsa:5925	KEGG:hsa05165	hsa05165	KEGG
KEGG_PARTICIPATION:5925|hsa05166	5925	RB1	hsa:5925	KEGG:hsa05166	hsa05166	KEGG
KEGG_PARTICIPATION:5925|hsa05167	5925	RB1	hsa:5925	KEGG:hsa05167	hsa05167	KEGG
KEGG_PARTICIPATION:5925|hsa05169	5925	RB1	hsa:5925	KEGG:hsa05169	hsa05169	KEGG
KEGG_PARTICIPATION:5925|hsa05200	5925	RB1	hsa:5925	KEGG:hsa05200	hsa05200	KEGG
KEGG_PARTICIPATION:5925|hsa05203	5925	RB1	hsa:5925	KEGG:hsa05203	hsa05203	KEGG
KEGG_PARTICIPATION:5925|hsa05207	5925	RB1	hsa:5925	KEGG:hsa05207	hsa05207	KEGG
KEGG_PARTICIPATION:5925|hsa05212	5925	RB1	hsa:5925	KEGG:hsa05212	hsa05212	KEGG
KEGG_PARTICIPATION:5925|hsa05214	5925	RB1	hsa:5925	KEGG:hsa05214	hsa05214	KEGG
KEGG_PARTICIPATION:5925|hsa05215	5925	RB1	hsa:5925	KEGG:hsa05215	hsa05215	KEGG
KEGG_PARTICIPATION:5925|hsa05218	5925	RB1	hsa:5925	KEGG:hsa05218	hsa05218	KEGG
KEGG_PARTICIPATION:5925|hsa05219	5925	RB1	hsa:5925	KEGG:hsa05219	hsa05219	KEGG
KEGG_PARTICIPATION:5925|hsa05220	5925	RB1	hsa:5925	KEGG:hsa05220	hsa05220	KEGG
KEGG_PARTICIPATION:5925|hsa05222	5925	RB1	hsa:5925	KEGG:hsa05222	hsa05222	KEGG
KEGG_PARTICIPATION:5925|hsa05223	5925	RB1	hsa:5925	KEGG:hsa05223	hsa05223	KEGG
KEGG_PARTICIPATION:5925|hsa05224	5925	RB1	hsa:5925	KEGG:hsa05224	hsa05224	KEGG
KEGG_PARTICIPATION:5925|hsa05225	5925	RB1	hsa:5925	KEGG:hsa05225	hsa05225	KEGG
KEGG_PARTICIPATION:5925|hsa05226	5925	RB1	hsa:5925	KEGG:hsa05226	hsa05226	KEGG
KEGG_PARTICIPATION:595|hsa01522	595	CCND1	hsa:595	KEGG:hsa01522	hsa01522	KEGG
KEGG_PARTICIPATION:595|hsa04068	595	CCND1	hsa:595	KEGG:hsa04068	hsa04068	KEGG
KEGG_PARTICIPATION:595|hsa04110	595	CCND1	hsa:595	KEGG:hsa04110	hsa04110	KEGG
KEGG_PARTICIPATION:595|hsa04115	595	CCND1	hsa:595	KEGG:hsa04115	hsa04115	KEGG
KEGG_PARTICIPATION:595|hsa04151	595	CCND1	hsa:595	KEGG:hsa04151	hsa04151	KEGG
KEGG_PARTICIPATION:595|hsa04152	595	CCND1	hsa:595	KEGG:hsa04152	hsa04152	KEGG
KEGG_PARTICIPATION:595|hsa04218	595	CCND1	hsa:595	KEGG:hsa04218	hsa04218	KEGG
KEGG_PARTICIPATION:595|hsa04310	595	CCND1	hsa:595	KEGG:hsa04310	hsa04310	KEGG
KEGG_PARTICIPATION:595|hsa04340	595	CCND1	hsa:595	KEGG:hsa04340	hsa04340	KEGG
KEGG_PARTICIPATION:595|hsa04371	595	CCND1	hsa:595	KEGG:hsa04371	hsa04371	KEGG
KEGG_PARTICIPATION:595|hsa04390	595	CCND1	hsa:595	KEGG:hsa04390	hsa04390	KEGG
KEGG_PARTICIPATION:595|hsa04510	595	CCND1	hsa:595	KEGG:hsa04510	hsa04510	KEGG
KEGG_PARTICIPATION:595|hsa04518	595	CCND1	hsa:595	KEGG:hsa04518	hsa04518	KEGG
KEGG_PARTICIPATION:595|hsa04530	595	CCND1	hsa:595	KEGG:hsa04530	hsa04530	KEGG
KEGG_PARTICIPATION:595|hsa04630	595	CCND1	hsa:595	KEGG:hsa04630	hsa04630	KEGG
KEGG_PARTICIPATION:595|hsa04917	595	CCND1	hsa:595	KEGG:hsa04917	hsa04917	KEGG
KEGG_PARTICIPATION:595|hsa04919	595	CCND1	hsa:595	KEGG:hsa04919	hsa04919	KEGG
KEGG_PARTICIPATION:595|hsa04921	595	CCND1	hsa:595	KEGG:hsa04921	hsa04921	KEGG
KEGG_PARTICIPATION:595|hsa04933	595	CCND1	hsa:595	KEGG:hsa04933	hsa04933	KEGG
KEGG_PARTICIPATION:595|hsa04934	595	CCND1	hsa:595	KEGG:hsa04934	hsa04934	KEGG
KEGG_PARTICIPATION:595|hsa04936	595	CCND1	hsa:595	KEGG:hsa04936	hsa04936	KEGG
KEGG_PARTICIPATION:595|hsa05160	595	CCND1	hsa:595	KEGG:hsa05160	hsa05160	KEGG
KEGG_PARTICIPATION:595|hsa05162	595	CCND1	hsa:595	KEGG:hsa05162	hsa05162	KEGG
KEGG_PARTICIPATION:595|hsa05163	595	CCND1	hsa:595	KEGG:hsa05163	hsa05163	KEGG
KEGG_PARTICIPATION:595|hsa05165	595	CCND1	hsa:595	KEGG:hsa05165	hsa05165	KEGG
KEGG_PARTICIPATION:595|hsa05166	595	CCND1	hsa:595	KEGG:hsa05166	hsa05166	KEGG
KEGG_PARTICIPATION:595|hsa05167	595	CCND1	hsa:595	KEGG:hsa05167	hsa05167	KEGG
KEGG_PARTICIPATION:595|hsa05169	595	CCND1	hsa:595	KEGG:hsa05169	hsa05169	KEGG
KEGG_PARTICIPATION:595|hsa05200	595	CCND1	hsa:595	KEGG:hsa05200	hsa05200	KEGG
KEGG_PARTICIPATION:595|hsa05203	595	CCND1	hsa:595	KEGG:hsa05203	hsa05203	KEGG
KEGG_PARTICIPATION:595|hsa05205	595	CCND1	hsa:595	KEGG:hsa05205	hsa05205	KEGG
KEGG_PARTICIPATION:595|hsa05206	595	CCND1	hsa:595	KEGG:hsa05206	hsa05206	KEGG
KEGG_PARTICIPATION:595|hsa05207	595	CCND1	hsa:595	KEGG:hsa05207	hsa05207	KEGG
KEGG_PARTICIPATION:595|hsa05210	595	CCND1	hsa:595	KEGG:hsa05210	hsa05210	KEGG
KEGG_PARTICIPATION:595|hsa05212	595	CCND1	hsa:595	KEGG:hsa05212	hsa05212	KEGG
KEGG_PARTICIPATION:595|hsa05213	595	CCND1	hsa:595	KEGG:hsa05213	hsa05213	KEGG
KEGG_PARTICIPATION:595|hsa05214	595	CCND1	hsa:595	KEGG:hsa05214	hsa05214	KEGG
KEGG_PARTICIPATION:595|hsa05215	595	CCND1	hsa:595	KEGG:hsa05215	hsa05215	KEGG
KEGG_PARTICIPATION:595|hsa05216	595	CCND1	hsa:595	KEGG:hsa05216	hsa05216	KEGG
KEGG_PARTICIPATION:595|hsa05218	595	CCND1	hsa:595	KEGG:hsa05218	hsa05218	KEGG
KEGG_PARTICIPATION:595|hsa05219	595	CCND1	hsa:595	KEGG:hsa05219	hsa05219	KEGG
KEGG_PARTICIPATION:595|hsa05220	595	CCND1	hsa:595	KEGG:hsa05220	hsa05220	KEGG
KEGG_PARTICIPATION:595|hsa05221	595	CCND1	hsa:595	KEGG:hsa05221	hsa05221	KEGG
KEGG_PARTICIPATION:595|hsa05222	595	CCND1	hsa:595	KEGG:hsa05222	hsa05222	KEGG
KEGG_PARTICIPATION:595|hsa05223	595	CCND1	hsa:595	KEGG:hsa05223	hsa05223	KEGG
KEGG_PARTICIPATION:595|hsa05224	595	CCND1	hsa:595	KEGG:hsa05224	hsa05224	KEGG
KEGG_PARTICIPATION:595|hsa05225	595	CCND1	hsa:595	KEGG:hsa05225	hsa05225	KEGG
KEGG_PARTICIPATION:595|hsa05226	595	CCND1	hsa:595	KEGG:hsa05226	hsa05226	KEGG
KEGG_PARTICIPATION:595|hsa05416	595	CCND1	hsa:595	KEGG:hsa05416	hsa05416	KEGG
KEGG_PARTICIPATION:5962|hsa04517	5962	RDX	hsa:5962	KEGG:hsa04517	hsa04517	KEGG
KEGG_PARTICIPATION:5962|hsa04530	5962	RDX	hsa:5962	KEGG:hsa04530	hsa04530	KEGG
KEGG_PARTICIPATION:5962|hsa04810	5962	RDX	hsa:5962	KEGG:hsa04810	hsa04810	KEGG
KEGG_PARTICIPATION:5962|hsa05205	5962	RDX	hsa:5962	KEGG:hsa05205	hsa05205	KEGG
KEGG_PARTICIPATION:5962|hsa05206	5962	RDX	hsa:5962	KEGG:hsa05206	hsa05206	KEGG
KEGG_PARTICIPATION:5972|hsa04614	5972	REN	hsa:5972	KEGG:hsa04614	hsa04614	KEGG
KEGG_PARTICIPATION:5972|hsa04924	5972	REN	hsa:5972	KEGG:hsa04924	hsa04924	KEGG
KEGG_PARTICIPATION:5972|hsa05415	5972	REN	hsa:5972	KEGG:hsa05415	hsa05415	KEGG
KEGG_PARTICIPATION:5979|hsa04010	5979	RET	hsa:5979	KEGG:hsa04010	hsa04010	KEGG
KEGG_PARTICIPATION:5979|hsa04020	5979	RET	hsa:5979	KEGG:hsa04020	hsa04020	KEGG
KEGG_PARTICIPATION:5979|hsa04151	5979	RET	hsa:5979	KEGG:hsa04151	hsa04151	KEGG
KEGG_PARTICIPATION:5979|hsa05200	5979	RET	hsa:5979	KEGG:hsa05200	hsa05200	KEGG
KEGG_PARTICIPATION:5979|hsa05216	5979	RET	hsa:5979	KEGG:hsa05216	hsa05216	KEGG
KEGG_PARTICIPATION:5979|hsa05223	5979	RET	hsa:5979	KEGG:hsa05223	hsa05223	KEGG
KEGG_PARTICIPATION:5979|hsa05230	5979	RET	hsa:5979	KEGG:hsa05230	hsa05230	KEGG
KEGG_PARTICIPATION:598|hsa01521	598	BCL2L1	hsa:598	KEGG:hsa01521	hsa01521	KEGG
KEGG_PARTICIPATION:598|hsa01524	598	BCL2L1	hsa:598	KEGG:hsa01524	hsa01524	KEGG
KEGG_PARTICIPATION:598|hsa04014	598	BCL2L1	hsa:598	KEGG:hsa04014	hsa04014	KEGG
KEGG_PARTICIPATION:598|hsa04064	598	BCL2L1	hsa:598	KEGG:hsa04064	hsa04064	KEGG
KEGG_PARTICIPATION:598|hsa04115	598	BCL2L1	hsa:598	KEGG:hsa04115	hsa04115	KEGG
KEGG_PARTICIPATION:598|hsa04137	598	BCL2L1	hsa:598	KEGG:hsa04137	hsa04137	KEGG
KEGG_PARTICIPATION:598|hsa04140	598	BCL2L1	hsa:598	KEGG:hsa04140	hsa04140	KEGG
KEGG_PARTICIPATION:598|hsa04151	598	BCL2L1	hsa:598	KEGG:hsa04151	hsa04151	KEGG
KEGG_PARTICIPATION:598|hsa04210	598	BCL2L1	hsa:598	KEGG:hsa04210	hsa04210	KEGG
KEGG_PARTICIPATION:598|hsa04215	598	BCL2L1	hsa:598	KEGG:hsa04215	hsa04215	KEGG
KEGG_PARTICIPATION:598|hsa04621	598	BCL2L1	hsa:598	KEGG:hsa04621	hsa04621	KEGG
KEGG_PARTICIPATION:598|hsa04630	598	BCL2L1	hsa:598	KEGG:hsa04630	hsa04630	KEGG
KEGG_PARTICIPATION:598|hsa05012	598	BCL2L1	hsa:598	KEGG:hsa05012	hsa05012	KEGG
KEGG_PARTICIPATION:598|hsa05014	598	BCL2L1	hsa:598	KEGG:hsa05014	hsa05014	KEGG
KEGG_PARTICIPATION:598|hsa05022	598	BCL2L1	hsa:598	KEGG:hsa05022	hsa05022	KEGG
KEGG_PARTICIPATION:598|hsa05131	598	BCL2L1	hsa:598	KEGG:hsa05131	hsa05131	KEGG
KEGG_PARTICIPATION:598|hsa05145	598	BCL2L1	hsa:598	KEGG:hsa05145	hsa05145	KEGG
KEGG_PARTICIPATION:598|hsa05162	598	BCL2L1	hsa:598	KEGG:hsa05162	hsa05162	KEGG
KEGG_PARTICIPATION:598|hsa05166	598	BCL2L1	hsa:598	KEGG:hsa05166	hsa05166	KEGG
KEGG_PARTICIPATION:598|hsa05168	598	BCL2L1	hsa:598	KEGG:hsa05168	hsa05168	KEGG
KEGG_PARTICIPATION:598|hsa05170	598	BCL2L1	hsa:598	KEGG:hsa05170	hsa05170	KEGG
KEGG_PARTICIPATION:598|hsa05200	598	BCL2L1	hsa:598	KEGG:hsa05200	hsa05200	KEGG
KEGG_PARTICIPATION:598|hsa05202	598	BCL2L1	hsa:598	KEGG:hsa05202	hsa05202	KEGG
KEGG_PARTICIPATION:598|hsa05212	598	BCL2L1	hsa:598	KEGG:hsa05212	hsa05212	KEGG
KEGG_PARTICIPATION:598|hsa05220	598	BCL2L1	hsa:598	KEGG:hsa05220	hsa05220	KEGG
KEGG_PARTICIPATION:598|hsa05222	598	BCL2L1	hsa:598	KEGG:hsa05222	hsa05222	KEGG
KEGG_PARTICIPATION:598|hsa05225	598	BCL2L1	hsa:598	KEGG:hsa05225	hsa05225	KEGG
KEGG_PARTICIPATION:598|hsa05417	598	BCL2L1	hsa:598	KEGG:hsa05417	hsa05417	KEGG
KEGG_PARTICIPATION:59|hsa04270	59	ACTA2	hsa:59	KEGG:hsa04270	hsa04270	KEGG
KEGG_PARTICIPATION:59|hsa04371	59	ACTA2	hsa:59	KEGG:hsa04371	hsa04371	KEGG
KEGG_PARTICIPATION:59|hsa04814	59	ACTA2	hsa:59	KEGG:hsa04814	hsa04814	KEGG
KEGG_PARTICIPATION:59|hsa04926	59	ACTA2	hsa:59	KEGG:hsa04926	hsa04926	KEGG
KEGG_PARTICIPATION:6091|hsa04360	6091	ROBO1	hsa:6091	KEGG:hsa04360	hsa04360	KEGG
KEGG_PARTICIPATION:6091|hsa04517	6091	ROBO1	hsa:6091	KEGG:hsa04517	hsa04517	KEGG
KEGG_PARTICIPATION:60|hsa03082	60	ACTB	hsa:60	KEGG:hsa03082	hsa03082	KEGG
KEGG_PARTICIPATION:60|hsa04015	60	ACTB	hsa:60	KEGG:hsa04015	hsa04015	KEGG
KEGG_PARTICIPATION:60|hsa04145	60	ACTB	hsa:60	KEGG:hsa04145	hsa04145	KEGG
KEGG_PARTICIPATION:60|hsa04210	60	ACTB	hsa:60	KEGG:hsa04210	hsa04210	KEGG
KEGG_PARTICIPATION:60|hsa04390	60	ACTB	hsa:60	KEGG:hsa04390	hsa04390	KEGG
KEGG_PARTICIPATION:60|hsa04510	60	ACTB	hsa:60	KEGG:hsa04510	hsa04510	KEGG
KEGG_PARTICIPATION:60|hsa04517	60	ACTB	hsa:60	KEGG:hsa04517	hsa04517	KEGG
KEGG_PARTICIPATION:60|hsa04518	60	ACTB	hsa:60	KEGG:hsa04518	hsa04518	KEGG
KEGG_PARTICIPATION:60|hsa04519	60	ACTB	hsa:60	KEGG:hsa04519	hsa04519	KEGG
KEGG_PARTICIPATION:60|hsa04520	60	ACTB	hsa:60	KEGG:hsa04520	hsa04520	KEGG
KEGG_PARTICIPATION:60|hsa04530	60	ACTB	hsa:60	KEGG:hsa04530	hsa04530	KEGG
KEGG_PARTICIPATION:60|hsa04611	60	ACTB	hsa:60	KEGG:hsa04611	hsa04611	KEGG
KEGG_PARTICIPATION:60|hsa04613	60	ACTB	hsa:60	KEGG:hsa04613	hsa04613	KEGG
KEGG_PARTICIPATION:60|hsa04670	60	ACTB	hsa:60	KEGG:hsa04670	hsa04670	KEGG
KEGG_PARTICIPATION:60|hsa04714	60	ACTB	hsa:60	KEGG:hsa04714	hsa04714	KEGG
KEGG_PARTICIPATION:60|hsa04810	60	ACTB	hsa:60	KEGG:hsa04810	hsa04810	KEGG
KEGG_PARTICIPATION:60|hsa04814	60	ACTB	hsa:60	KEGG:hsa04814	hsa04814	KEGG
KEGG_PARTICIPATION:60|hsa04820	60	ACTB	hsa:60	KEGG:hsa04820	hsa04820	KEGG
KEGG_PARTICIPATION:60|hsa04919	60	ACTB	hsa:60	KEGG:hsa04919	hsa04919	KEGG
KEGG_PARTICIPATION:60|hsa04921	60	ACTB	hsa:60	KEGG:hsa04921	hsa04921	KEGG
KEGG_PARTICIPATION:60|hsa04971	60	ACTB	hsa:60	KEGG:hsa04971	hsa04971	KEGG
KEGG_PARTICIPATION:60|hsa05014	60	ACTB	hsa:60	KEGG:hsa05014	hsa05014	KEGG
KEGG_PARTICIPATION:60|hsa05100	60	ACTB	hsa:60	KEGG:hsa05100	hsa05100	KEGG
KEGG_PARTICIPATION:60|hsa05110	60	ACTB	hsa:60	KEGG:hsa05110	hsa05110	KEGG
KEGG_PARTICIPATION:60|hsa05130	60	ACTB	hsa:60	KEGG:hsa05130	hsa05130	KEGG
KEGG_PARTICIPATION:60|hsa05131	60	ACTB	hsa:60	KEGG:hsa05131	hsa05131	KEGG
KEGG_PARTICIPATION:60|hsa05132	60	ACTB	hsa:60	KEGG:hsa05132	hsa05132	KEGG
KEGG_PARTICIPATION:60|hsa05135	60	ACTB	hsa:60	KEGG:hsa05135	hsa05135	KEGG
KEGG_PARTICIPATION:60|hsa05164	60	ACTB	hsa:60	KEGG:hsa05164	hsa05164	KEGG
KEGG_PARTICIPATION:60|hsa05205	60	ACTB	hsa:60	KEGG:hsa05205	hsa05205	KEGG
KEGG_PARTICIPATION:60|hsa05225	60	ACTB	hsa:60	KEGG:hsa05225	hsa05225	KEGG
KEGG_PARTICIPATION:60|hsa05410	60	ACTB	hsa:60	KEGG:hsa05410	hsa05410	KEGG
KEGG_PARTICIPATION:60|hsa05412	60	ACTB	hsa:60	KEGG:hsa05412	hsa05412	KEGG
KEGG_PARTICIPATION:60|hsa05414	60	ACTB	hsa:60	KEGG:hsa05414	hsa05414	KEGG
KEGG_PARTICIPATION:60|hsa05416	60	ACTB	hsa:60	KEGG:hsa05416	hsa05416	KEGG
KEGG_PARTICIPATION:60|hsa05418	60	ACTB	hsa:60	KEGG:hsa05418	hsa05418	KEGG
KEGG_PARTICIPATION:6194|hsa01521	6194	RPS6	hsa:6194	KEGG:hsa01521	hsa01521	KEGG
KEGG_PARTICIPATION:6194|hsa03010	6194	RPS6	hsa:6194	KEGG:hsa03010	hsa03010	KEGG
KEGG_PARTICIPATION:6194|hsa04066	6194	RPS6	hsa:6194	KEGG:hsa04066	hsa04066	KEGG
KEGG_PARTICIPATION:6194|hsa04150	6194	RPS6	hsa:6194	KEGG:hsa04150	hsa04150	KEGG
KEGG_PARTICIPATION:6194|hsa04151	6194	RPS6	hsa:6194	KEGG:hsa04151	hsa04151	KEGG
KEGG_PARTICIPATION:6194|hsa04371	6194	RPS6	hsa:6194	KEGG:hsa04371	hsa04371	KEGG
KEGG_PARTICIPATION:6194|hsa04714	6194	RPS6	hsa:6194	KEGG:hsa04714	hsa04714	KEGG
KEGG_PARTICIPATION:6194|hsa04910	6194	RPS6	hsa:6194	KEGG:hsa04910	hsa04910	KEGG
KEGG_PARTICIPATION:6194|hsa05171	6194	RPS6	hsa:6194	KEGG:hsa05171	hsa05171	KEGG
KEGG_PARTICIPATION:6194|hsa05205	6194	RPS6	hsa:6194	KEGG:hsa05205	hsa05205	KEGG
KEGG_PARTICIPATION:6197|hsa04010	6197	RPS6KA3	hsa:6197	KEGG:hsa04010	hsa04010	KEGG
KEGG_PARTICIPATION:6197|hsa04114	6197	RPS6KA3	hsa:6197	KEGG:hsa04114	hsa04114	KEGG
KEGG_PARTICIPATION:6197|hsa04150	6197	RPS6KA3	hsa:6197	KEGG:hsa04150	hsa04150	KEGG
KEGG_PARTICIPATION:6197|hsa04714	6197	RPS6KA3	hsa:6197	KEGG:hsa04714	hsa04714	KEGG
KEGG_PARTICIPATION:6197|hsa04720	6197	RPS6KA3	hsa:6197	KEGG:hsa04720	hsa04720	KEGG
KEGG_PARTICIPATION:6197|hsa04722	6197	RPS6KA3	hsa:6197	KEGG:hsa04722	hsa04722	KEGG
KEGG_PARTICIPATION:6197|hsa04914	6197	RPS6KA3	hsa:6197	KEGG:hsa04914	hsa04914	KEGG
KEGG_PARTICIPATION:6197|hsa04931	6197	RPS6KA3	hsa:6197	KEGG:hsa04931	hsa04931	KEGG
KEGG_PARTICIPATION:6197|hsa05135	6197	RPS6KA3	hsa:6197	KEGG:hsa05135	hsa05135	KEGG
KEGG_PARTICIPATION:6197|hsa05207	6197	RPS6KA3	hsa:6197	KEGG:hsa05207	hsa05207	KEGG
KEGG_PARTICIPATION:6240|hsa00230	6240	RRM1	hsa:6240	KEGG:hsa00230	hsa00230	KEGG
KEGG_PARTICIPATION:6240|hsa00240	6240	RRM1	hsa:6240	KEGG:hsa00240	hsa00240	KEGG
KEGG_PARTICIPATION:6240|hsa00480	6240	RRM1	hsa:6240	KEGG:hsa00480	hsa00480	KEGG
KEGG_PARTICIPATION:6240|hsa00983	6240	RRM1	hsa:6240	KEGG:hsa00983	hsa00983	KEGG
KEGG_PARTICIPATION:6240|hsa01100	6240	RRM1	hsa:6240	KEGG:hsa01100	hsa01100	KEGG
KEGG_PARTICIPATION:6240|hsa01232	6240	RRM1	hsa:6240	KEGG:hsa01232	hsa01232	KEGG
KEGG_PARTICIPATION:6241|hsa00230	6241	RRM2	hsa:6241	KEGG:hsa00230	hsa00230	KEGG
KEGG_PARTICIPATION:6241|hsa00240	6241	RRM2	hsa:6241	KEGG:hsa00240	hsa00240	KEGG
KEGG_PARTICIPATION:6241|hsa00480	6241	RRM2	hsa:6241	KEGG:hsa00480	hsa00480	KEGG
KEGG_PARTICIPATION:6241|hsa00983	6241	RRM2	hsa:6241	KEGG:hsa00983	hsa00983	KEGG
KEGG_PARTICIPATION:6241|hsa01100	6241	RRM2	hsa:6241	KEGG:hsa01100	hsa01100	KEGG
KEGG_PARTICIPATION:6241|hsa01232	6241	RRM2	hsa:6241	KEGG:hsa01232	hsa01232	KEGG
KEGG_PARTICIPATION:6241|hsa04115	6241	RRM2	hsa:6241	KEGG:hsa04115	hsa04115	KEGG
KEGG_PARTICIPATION:6263|hsa04020	6263	RYR3	hsa:6263	KEGG:hsa04020	hsa04020	KEGG
KEGG_PARTICIPATION:6263|hsa04371	6263	RYR3	hsa:6263	KEGG:hsa04371	hsa04371	KEGG
KEGG_PARTICIPATION:6263|hsa04713	6263	RYR3	hsa:6263	KEGG:hsa04713	hsa04713	KEGG
KEGG_PARTICIPATION:6263|hsa04921	6263	RYR3	hsa:6263	KEGG:hsa04921	hsa04921	KEGG
KEGG_PARTICIPATION:6263|hsa04970	6263	RYR3	hsa:6263	KEGG:hsa04970	hsa04970	KEGG
KEGG_PARTICIPATION:6263|hsa05010	6263	RYR3	hsa:6263	KEGG:hsa05010	hsa05010	KEGG
KEGG_PARTICIPATION:6263|hsa05012	6263	RYR3	hsa:6263	KEGG:hsa05012	hsa05012	KEGG
KEGG_PARTICIPATION:6263|hsa05020	6263	RYR3	hsa:6263	KEGG:hsa05020	hsa05020	KEGG
KEGG_PARTICIPATION:6263|hsa05022	6263	RYR3	hsa:6263	KEGG:hsa05022	hsa05022	KEGG
KEGG_PARTICIPATION:6319|hsa01040	6319	SCD	hsa:6319	KEGG:hsa01040	hsa01040	KEGG
KEGG_PARTICIPATION:6319|hsa01100	6319	SCD	hsa:6319	KEGG:hsa01100	hsa01100	KEGG
KEGG_PARTICIPATION:6319|hsa01212	6319	SCD	hsa:6319	KEGG:hsa01212	hsa01212	KEGG
KEGG_PARTICIPATION:6319|hsa03320	6319	SCD	hsa:6319	KEGG:hsa03320	hsa03320	KEGG
KEGG_PARTICIPATION:6319|hsa04152	6319	SCD	hsa:6319	KEGG:hsa04152	hsa04152	KEGG
KEGG_PARTICIPATION:6319|hsa04936	6319	SCD	hsa:6319	KEGG:hsa04936	hsa04936	KEGG
KEGG_PARTICIPATION:6347|hsa04060	6347	CCL2	hsa:6347	KEGG:hsa04060	hsa04060	KEGG
KEGG_PARTICIPATION:6347|hsa04061	6347	CCL2	hsa:6347	KEGG:hsa04061	hsa04061	KEGG
KEGG_PARTICIPATION:6347|hsa04062	6347	CCL2	hsa:6347	KEGG:hsa04062	hsa04062	KEGG
KEGG_PARTICIPATION:6347|hsa04621	6347	CCL2	hsa:6347	KEGG:hsa04621	hsa04621	KEGG
KEGG_PARTICIPATION:6347|hsa04657	6347	CCL2	hsa:6347	KEGG:hsa04657	hsa04657	KEGG
KEGG_PARTICIPATION:6347|hsa04668	6347	CCL2	hsa:6347	KEGG:hsa04668	hsa04668	KEGG
KEGG_PARTICIPATION:6347|hsa04933	6347	CCL2	hsa:6347	KEGG:hsa04933	hsa04933	KEGG
KEGG_PARTICIPATION:6347|hsa05135	6347	CCL2	hsa:6347	KEGG:hsa05135	hsa05135	KEGG
KEGG_PARTICIPATION:6347|hsa05142	6347	CCL2	hsa:6347	KEGG:hsa05142	hsa05142	KEGG
KEGG_PARTICIPATION:6347|hsa05144	6347	CCL2	hsa:6347	KEGG:hsa05144	hsa05144	KEGG
KEGG_PARTICIPATION:6347|hsa05163	6347	CCL2	hsa:6347	KEGG:hsa05163	hsa05163	KEGG
KEGG_PARTICIPATION:6347|hsa05164	6347	CCL2	hsa:6347	KEGG:hsa05164	hsa05164	KEGG
KEGG_PARTICIPATION:6347|hsa05168	6347	CCL2	hsa:6347	KEGG:hsa05168	hsa05168	KEGG
KEGG_PARTICIPATION:6347|hsa05171	6347	CCL2	hsa:6347	KEGG:hsa05171	hsa05171	KEGG
KEGG_PARTICIPATION:6347|hsa05323	6347	CCL2	hsa:6347	KEGG:hsa05323	hsa05323	KEGG
KEGG_PARTICIPATION:6347|hsa05417	6347	CCL2	hsa:6347	KEGG:hsa05417	hsa05417	KEGG
KEGG_PARTICIPATION:6347|hsa05418	6347	CCL2	hsa:6347	KEGG:hsa05418	hsa05418	KEGG
KEGG_PARTICIPATION:6348|hsa04060	6348	CCL3	hsa:6348	KEGG:hsa04060	hsa04060	KEGG
KEGG_PARTICIPATION:6348|hsa04061	6348	CCL3	hsa:6348	KEGG:hsa04061	hsa04061	KEGG
KEGG_PARTICIPATION:6348|hsa04062	6348	CCL3	hsa:6348	KEGG:hsa04062	hsa04062	KEGG
KEGG_PARTICIPATION:6348|hsa04620	6348	CCL3	hsa:6348	KEGG:hsa04620	hsa04620	KEGG
KEGG_PARTICIPATION:6348|hsa05142	6348	CCL3	hsa:6348	KEGG:hsa05142	hsa05142	KEGG
KEGG_PARTICIPATION:6348|hsa05163	6348	CCL3	hsa:6348	KEGG:hsa05163	hsa05163	KEGG
KEGG_PARTICIPATION:6348|hsa05323	6348	CCL3	hsa:6348	KEGG:hsa05323	hsa05323	KEGG
KEGG_PARTICIPATION:6348|hsa05417	6348	CCL3	hsa:6348	KEGG:hsa05417	hsa05417	KEGG
KEGG_PARTICIPATION:6352|hsa04060	6352	CCL5	hsa:6352	KEGG:hsa04060	hsa04060	KEGG
KEGG_PARTICIPATION:6352|hsa04061	6352	CCL5	hsa:6352	KEGG:hsa04061	hsa04061	KEGG
KEGG_PARTICIPATION:6352|hsa04062	6352	CCL5	hsa:6352	KEGG:hsa04062	hsa04062	KEGG
KEGG_PARTICIPATION:6352|hsa04620	6352	CCL5	hsa:6352	KEGG:hsa04620	hsa04620	KEGG
KEGG_PARTICIPATION:6352|hsa04621	6352	CCL5	hsa:6352	KEGG:hsa04621	hsa04621	KEGG
KEGG_PARTICIPATION:6352|hsa04623	6352	CCL5	hsa:6352	KEGG:hsa04623	hsa04623	KEGG
KEGG_PARTICIPATION:6352|hsa04668	6352	CCL5	hsa:6352	KEGG:hsa04668	hsa04668	KEGG
KEGG_PARTICIPATION:6352|hsa05020	6352	CCL5	hsa:6352	KEGG:hsa05020	hsa05020	KEGG
KEGG_PARTICIPATION:6352|hsa05120	6352	CCL5	hsa:6352	KEGG:hsa05120	hsa05120	KEGG
KEGG_PARTICIPATION:6352|hsa05131	6352	CCL5	hsa:6352	KEGG:hsa05131	hsa05131	KEGG
KEGG_PARTICIPATION:6352|hsa05142	6352	CCL5	hsa:6352	KEGG:hsa05142	hsa05142	KEGG
KEGG_PARTICIPATION:6352|hsa05163	6352	CCL5	hsa:6352	KEGG:hsa05163	hsa05163	KEGG
KEGG_PARTICIPATION:6352|hsa05164	6352	CCL5	hsa:6352	KEGG:hsa05164	hsa05164	KEGG
KEGG_PARTICIPATION:6352|hsa05168	6352	CCL5	hsa:6352	KEGG:hsa05168	hsa05168	KEGG
KEGG_PARTICIPATION:6352|hsa05323	6352	CCL5	hsa:6352	KEGG:hsa05323	hsa05323	KEGG
KEGG_PARTICIPATION:6352|hsa05417	6352	CCL5	hsa:6352	KEGG:hsa05417	hsa05417	KEGG
KEGG_PARTICIPATION:637|hsa01524	637	BID	hsa:637	KEGG:hsa01524	hsa01524	KEGG
KEGG_PARTICIPATION:637|hsa04071	637	BID	hsa:637	KEGG:hsa04071	hsa04071	KEGG
KEGG_PARTICIPATION:637|hsa04115	637	BID	hsa:637	KEGG:hsa04115	hsa04115	KEGG
KEGG_PARTICIPATION:637|hsa04210	637	BID	hsa:637	KEGG:hsa04210	hsa04210	KEGG
KEGG_PARTICIPATION:637|hsa04215	637	BID	hsa:637	KEGG:hsa04215	hsa04215	KEGG
KEGG_PARTICIPATION:637|hsa04217	637	BID	hsa:637	KEGG:hsa04217	hsa04217	KEGG
KEGG_PARTICIPATION:637|hsa04650	637	BID	hsa:637	KEGG:hsa04650	hsa04650	KEGG
KEGG_PARTICIPATION:637|hsa04932	637	BID	hsa:637	KEGG:hsa04932	hsa04932	KEGG
KEGG_PARTICIPATION:637|hsa05010	637	BID	hsa:637	KEGG:hsa05010	hsa05010	KEGG
KEGG_PARTICIPATION:637|hsa05014	637	BID	hsa:637	KEGG:hsa05014	hsa05014	KEGG
KEGG_PARTICIPATION:637|hsa05022	637	BID	hsa:637	KEGG:hsa05022	hsa05022	KEGG
KEGG_PARTICIPATION:637|hsa05152	637	BID	hsa:637	KEGG:hsa05152	hsa05152	KEGG
KEGG_PARTICIPATION:637|hsa05160	637	BID	hsa:637	KEGG:hsa05160	hsa05160	KEGG
KEGG_PARTICIPATION:637|hsa05161	637	BID	hsa:637	KEGG:hsa05161	hsa05161	KEGG
KEGG_PARTICIPATION:637|hsa05162	637	BID	hsa:637	KEGG:hsa05162	hsa05162	KEGG
KEGG_PARTICIPATION:637|hsa05163	637	BID	hsa:637	KEGG:hsa05163	hsa05163	KEGG
KEGG_PARTICIPATION:637|hsa05164	637	BID	hsa:637	KEGG:hsa05164	hsa05164	KEGG
KEGG_PARTICIPATION:637|hsa05167	637	BID	hsa:637	KEGG:hsa05167	hsa05167	KEGG
KEGG_PARTICIPATION:637|hsa05168	637	BID	hsa:637	KEGG:hsa05168	hsa05168	KEGG
KEGG_PARTICIPATION:637|hsa05169	637	BID	hsa:637	KEGG:hsa05169	hsa05169	KEGG
KEGG_PARTICIPATION:637|hsa05170	637	BID	hsa:637	KEGG:hsa05170	hsa05170	KEGG
KEGG_PARTICIPATION:637|hsa05200	637	BID	hsa:637	KEGG:hsa05200	hsa05200	KEGG
KEGG_PARTICIPATION:637|hsa05416	637	BID	hsa:637	KEGG:hsa05416	hsa05416	KEGG
KEGG_PARTICIPATION:637|hsa05417	637	BID	hsa:637	KEGG:hsa05417	hsa05417	KEGG
KEGG_PARTICIPATION:6387|hsa04060	6387	CXCL12	hsa:6387	KEGG:hsa04060	hsa04060	KEGG
KEGG_PARTICIPATION:6387|hsa04061	6387	CXCL12	hsa:6387	KEGG:hsa04061	hsa04061	KEGG
KEGG_PARTICIPATION:6387|hsa04062	6387	CXCL12	hsa:6387	KEGG:hsa04062	hsa04062	KEGG
KEGG_PARTICIPATION:6387|hsa04064	6387	CXCL12	hsa:6387	KEGG:hsa04064	hsa04064	KEGG
KEGG_PARTICIPATION:6387|hsa04360	6387	CXCL12	hsa:6387	KEGG:hsa04360	hsa04360	KEGG
KEGG_PARTICIPATION:6387|hsa04670	6387	CXCL12	hsa:6387	KEGG:hsa04670	hsa04670	KEGG
KEGG_PARTICIPATION:6387|hsa04672	6387	CXCL12	hsa:6387	KEGG:hsa04672	hsa04672	KEGG
KEGG_PARTICIPATION:6387|hsa04810	6387	CXCL12	hsa:6387	KEGG:hsa04810	hsa04810	KEGG
KEGG_PARTICIPATION:6387|hsa05163	6387	CXCL12	hsa:6387	KEGG:hsa05163	hsa05163	KEGG
KEGG_PARTICIPATION:6387|hsa05200	6387	CXCL12	hsa:6387	KEGG:hsa05200	hsa05200	KEGG
KEGG_PARTICIPATION:6387|hsa05323	6387	CXCL12	hsa:6387	KEGG:hsa05323	hsa05323	KEGG
KEGG_PARTICIPATION:6422|hsa04310	6422	SFRP1	hsa:6422	KEGG:hsa04310	hsa04310	KEGG
KEGG_PARTICIPATION:6427|hsa03040	6427	SRSF2	hsa:6427	KEGG:hsa03040	hsa03040	KEGG
KEGG_PARTICIPATION:6427|hsa05168	6427	SRSF2	hsa:6427	KEGG:hsa05168	hsa05168	KEGG
KEGG_PARTICIPATION:64399|hsa04024	64399	HHIP	hsa:64399	KEGG:hsa04024	hsa04024	KEGG
KEGG_PARTICIPATION:64399|hsa04340	64399	HHIP	hsa:64399	KEGG:hsa04340	hsa04340	KEGG
KEGG_PARTICIPATION:64399|hsa05200	64399	HHIP	hsa:64399	KEGG:hsa05200	hsa05200	KEGG
KEGG_PARTICIPATION:64399|hsa05217	64399	HHIP	hsa:64399	KEGG:hsa05217	hsa05217	KEGG
KEGG_PARTICIPATION:6455|hsa04144	6455	SH3GL1	hsa:6455	KEGG:hsa04144	hsa04144	KEGG
KEGG_PARTICIPATION:6464|hsa01521	6464	SHC1	hsa:6464	KEGG:hsa01521	hsa01521	KEGG
KEGG_PARTICIPATION:6464|hsa01522	6464	SHC1	hsa:6464	KEGG:hsa01522	hsa01522	KEGG
KEGG_PARTICIPATION:6464|hsa04012	6464	SHC1	hsa:6464	KEGG:hsa04012	hsa04012	KEGG
KEGG_PARTICIPATION:6464|hsa04014	6464	SHC1	hsa:6464	KEGG:hsa04014	hsa04014	KEGG
KEGG_PARTICIPATION:6464|hsa04062	6464	SHC1	hsa:6464	KEGG:hsa04062	hsa04062	KEGG
KEGG_PARTICIPATION:6464|hsa04072	6464	SHC1	hsa:6464	KEGG:hsa04072	hsa04072	KEGG
KEGG_PARTICIPATION:6464|hsa04510	6464	SHC1	hsa:6464	KEGG:hsa04510	hsa04510	KEGG
KEGG_PARTICIPATION:6464|hsa04650	6464	SHC1	hsa:6464	KEGG:hsa04650	hsa04650	KEGG
KEGG_PARTICIPATION:6464|hsa04722	6464	SHC1	hsa:6464	KEGG:hsa04722	hsa04722	KEGG
KEGG_PARTICIPATION:6464|hsa04910	6464	SHC1	hsa:6464	KEGG:hsa04910	hsa04910	KEGG
KEGG_PARTICIPATION:6464|hsa04915	6464	SHC1	hsa:6464	KEGG:hsa04915	hsa04915	KEGG
KEGG_PARTICIPATION:6464|hsa04917	6464	SHC1	hsa:6464	KEGG:hsa04917	hsa04917	KEGG
KEGG_PARTICIPATION:6464|hsa04926	6464	SHC1	hsa:6464	KEGG:hsa04926	hsa04926	KEGG
KEGG_PARTICIPATION:6464|hsa04935	6464	SHC1	hsa:6464	KEGG:hsa04935	hsa04935	KEGG
KEGG_PARTICIPATION:6464|hsa05034	6464	SHC1	hsa:6464	KEGG:hsa05034	hsa05034	KEGG
KEGG_PARTICIPATION:6464|hsa05100	6464	SHC1	hsa:6464	KEGG:hsa05100	hsa05100	KEGG
KEGG_PARTICIPATION:6464|hsa05206	6464	SHC1	hsa:6464	KEGG:hsa05206	hsa05206	KEGG
KEGG_PARTICIPATION:6464|hsa05214	6464	SHC1	hsa:6464	KEGG:hsa05214	hsa05214	KEGG
KEGG_PARTICIPATION:6464|hsa05220	6464	SHC1	hsa:6464	KEGG:hsa05220	hsa05220	KEGG
KEGG_PARTICIPATION:6464|hsa05224	6464	SHC1	hsa:6464	KEGG:hsa05224	hsa05224	KEGG
KEGG_PARTICIPATION:6464|hsa05225	6464	SHC1	hsa:6464	KEGG:hsa05225	hsa05225	KEGG
KEGG_PARTICIPATION:6464|hsa05226	6464	SHC1	hsa:6464	KEGG:hsa05226	hsa05226	KEGG
KEGG_PARTICIPATION:6469|hsa04340	6469	SHH	hsa:6469	KEGG:hsa04340	hsa04340	KEGG
KEGG_PARTICIPATION:6469|hsa04360	6469	SHH	hsa:6469	KEGG:hsa04360	hsa04360	KEGG
KEGG_PARTICIPATION:6469|hsa05200	6469	SHH	hsa:6469	KEGG:hsa05200	hsa05200	KEGG
KEGG_PARTICIPATION:6469|hsa05205	6469	SHH	hsa:6469	KEGG:hsa05205	hsa05205	KEGG
KEGG_PARTICIPATION:6469|hsa05217	6469	SHH	hsa:6469	KEGG:hsa05217	hsa05217	KEGG
KEGG_PARTICIPATION:6469|hsa05226	6469	SHH	hsa:6469	KEGG:hsa05226	hsa05226	KEGG
KEGG_PARTICIPATION:648|hsa03083	648	BMI1	hsa:648	KEGG:hsa03083	hsa03083	KEGG
KEGG_PARTICIPATION:648|hsa04550	648	BMI1	hsa:648	KEGG:hsa04550	hsa04550	KEGG
KEGG_PARTICIPATION:648|hsa05202	648	BMI1	hsa:648	KEGG:hsa05202	hsa05202	KEGG
KEGG_PARTICIPATION:648|hsa05206	648	BMI1	hsa:648	KEGG:hsa05206	hsa05206	KEGG
KEGG_PARTICIPATION:65010|hsa04978	65010	SLC26A6	hsa:65010	KEGG:hsa04978	hsa04978	KEGG
KEGG_PARTICIPATION:65010|hsa05208	65010	SLC26A6	hsa:65010	KEGG:hsa05208	hsa05208	KEGG
KEGG_PARTICIPATION:6502|hsa04068	6502	SKP2	hsa:6502	KEGG:hsa04068	hsa04068	KEGG
KEGG_PARTICIPATION:6502|hsa04110	6502	SKP2	hsa:6502	KEGG:hsa04110	hsa04110	KEGG
KEGG_PARTICIPATION:6502|hsa04120	6502	SKP2	hsa:6502	KEGG:hsa04120	hsa04120	KEGG
KEGG_PARTICIPATION:6502|hsa04150	6502	SKP2	hsa:6502	KEGG:hsa04150	hsa04150	KEGG
KEGG_PARTICIPATION:6502|hsa05169	6502	SKP2	hsa:6502	KEGG:hsa05169	hsa05169	KEGG
KEGG_PARTICIPATION:6502|hsa05200	6502	SKP2	hsa:6502	KEGG:hsa05200	hsa05200	KEGG
KEGG_PARTICIPATION:6502|hsa05203	6502	SKP2	hsa:6502	KEGG:hsa05203	hsa05203	KEGG
KEGG_PARTICIPATION:6502|hsa05222	6502	SKP2	hsa:6502	KEGG:hsa05222	hsa05222	KEGG
KEGG_PARTICIPATION:6513|hsa04066	6513	SLC2A1	hsa:6513	KEGG:hsa04066	hsa04066	KEGG
KEGG_PARTICIPATION:6513|hsa04148	6513	SLC2A1	hsa:6513	KEGG:hsa04148	hsa04148	KEGG
KEGG_PARTICIPATION:6513|hsa04911	6513	SLC2A1	hsa:6513	KEGG:hsa04911	hsa04911	KEGG
KEGG_PARTICIPATION:6513|hsa04919	6513	SLC2A1	hsa:6513	KEGG:hsa04919	hsa04919	KEGG
KEGG_PARTICIPATION:6513|hsa04920	6513	SLC2A1	hsa:6513	KEGG:hsa04920	hsa04920	KEGG
KEGG_PARTICIPATION:6513|hsa04922	6513	SLC2A1	hsa:6513	KEGG:hsa04922	hsa04922	KEGG
KEGG_PARTICIPATION:6513|hsa04931	6513	SLC2A1	hsa:6513	KEGG:hsa04931	hsa04931	KEGG
KEGG_PARTICIPATION:6513|hsa04976	6513	SLC2A1	hsa:6513	KEGG:hsa04976	hsa04976	KEGG
KEGG_PARTICIPATION:6513|hsa05166	6513	SLC2A1	hsa:6513	KEGG:hsa05166	hsa05166	KEGG
KEGG_PARTICIPATION:6513|hsa05200	6513	SLC2A1	hsa:6513	KEGG:hsa05200	hsa05200	KEGG
KEGG_PARTICIPATION:6513|hsa05211	6513	SLC2A1	hsa:6513	KEGG:hsa05211	hsa05211	KEGG
KEGG_PARTICIPATION:6513|hsa05230	6513	SLC2A1	hsa:6513	KEGG:hsa05230	hsa05230	KEGG
KEGG_PARTICIPATION:6513|hsa05415	6513	SLC2A1	hsa:6513	KEGG:hsa05415	hsa05415	KEGG
KEGG_PARTICIPATION:6514|hsa04911	6514	SLC2A2	hsa:6514	KEGG:hsa04911	hsa04911	KEGG
KEGG_PARTICIPATION:6514|hsa04917	6514	SLC2A2	hsa:6514	KEGG:hsa04917	hsa04917	KEGG
KEGG_PARTICIPATION:6514|hsa04922	6514	SLC2A2	hsa:6514	KEGG:hsa04922	hsa04922	KEGG
KEGG_PARTICIPATION:6514|hsa04930	6514	SLC2A2	hsa:6514	KEGG:hsa04930	hsa04930	KEGG
KEGG_PARTICIPATION:6514|hsa04931	6514	SLC2A2	hsa:6514	KEGG:hsa04931	hsa04931	KEGG
KEGG_PARTICIPATION:6514|hsa04950	6514	SLC2A2	hsa:6514	KEGG:hsa04950	hsa04950	KEGG
KEGG_PARTICIPATION:6514|hsa04973	6514	SLC2A2	hsa:6514	KEGG:hsa04973	hsa04973	KEGG
KEGG_PARTICIPATION:6514|hsa05230	6514	SLC2A2	hsa:6514	KEGG:hsa05230	hsa05230	KEGG
KEGG_PARTICIPATION:6528|hsa04918	6528	SLC5A5	hsa:6528	KEGG:hsa04918	hsa04918	KEGG
KEGG_PARTICIPATION:6532|hsa04082	6532	SLC6A4	hsa:6532	KEGG:hsa04082	hsa04082	KEGG
KEGG_PARTICIPATION:6532|hsa04721	6532	SLC6A4	hsa:6532	KEGG:hsa04721	hsa04721	KEGG
KEGG_PARTICIPATION:6532|hsa04726	6532	SLC6A4	hsa:6532	KEGG:hsa04726	hsa04726	KEGG
KEGG_PARTICIPATION:6554|hsa03272	6554	SLC10A1	hsa:6554	KEGG:hsa03272	hsa03272	KEGG
KEGG_PARTICIPATION:6554|hsa04976	6554	SLC10A1	hsa:6554	KEGG:hsa04976	hsa04976	KEGG
KEGG_PARTICIPATION:6554|hsa05161	6554	SLC10A1	hsa:6554	KEGG:hsa05161	hsa05161	KEGG
KEGG_PARTICIPATION:6580|hsa04976	6580	SLC22A1	hsa:6580	KEGG:hsa04976	hsa04976	KEGG
KEGG_PARTICIPATION:6580|hsa05231	6580	SLC22A1	hsa:6580	KEGG:hsa05231	hsa05231	KEGG
KEGG_PARTICIPATION:6597|hsa03082	6597	SMARCA4	hsa:6597	KEGG:hsa03082	hsa03082	KEGG
KEGG_PARTICIPATION:6597|hsa04714	6597	SMARCA4	hsa:6597	KEGG:hsa04714	hsa04714	KEGG
KEGG_PARTICIPATION:6597|hsa05225	6597	SMARCA4	hsa:6597	KEGG:hsa05225	hsa05225	KEGG
KEGG_PARTICIPATION:6608|hsa04340	6608	SMO	hsa:6608	KEGG:hsa04340	hsa04340	KEGG
KEGG_PARTICIPATION:6608|hsa04360	6608	SMO	hsa:6608	KEGG:hsa04360	hsa04360	KEGG
KEGG_PARTICIPATION:6608|hsa05200	6608	SMO	hsa:6608	KEGG:hsa05200	hsa05200	KEGG
KEGG_PARTICIPATION:6608|hsa05205	6608	SMO	hsa:6608	KEGG:hsa05205	hsa05205	KEGG
KEGG_PARTICIPATION:6608|hsa05217	6608	SMO	hsa:6608	KEGG:hsa05217	hsa05217	KEGG
KEGG_PARTICIPATION:6615|hsa04520	6615	SNAI1	hsa:6615	KEGG:hsa04520	hsa04520	KEGG
KEGG_PARTICIPATION:6635|hsa03040	6635	SNRPE	hsa:6635	KEGG:hsa03040	hsa03040	KEGG
KEGG_PARTICIPATION:6647|hsa04146	6647	SOD1	hsa:6647	KEGG:hsa04146	hsa04146	KEGG
KEGG_PARTICIPATION:6647|hsa04213	6647	SOD1	hsa:6647	KEGG:hsa04213	hsa04213	KEGG
KEGG_PARTICIPATION:6647|hsa05012	6647	SOD1	hsa:6647	KEGG:hsa05012	hsa05012	KEGG
KEGG_PARTICIPATION:6647|hsa05014	6647	SOD1	hsa:6647	KEGG:hsa05014	hsa05014	KEGG
KEGG_PARTICIPATION:6647|hsa05016	6647	SOD1	hsa:6647	KEGG:hsa05016	hsa05016	KEGG
KEGG_PARTICIPATION:6647|hsa05020	6647	SOD1	hsa:6647	KEGG:hsa05020	hsa05020	KEGG
KEGG_PARTICIPATION:6647|hsa05022	6647	SOD1	hsa:6647	KEGG:hsa05022	hsa05022	KEGG
KEGG_PARTICIPATION:6647|hsa05208	6647	SOD1	hsa:6647	KEGG:hsa05208	hsa05208	KEGG
KEGG_PARTICIPATION:6648|hsa04068	6648	SOD2	hsa:6648	KEGG:hsa04068	hsa04068	KEGG
KEGG_PARTICIPATION:6648|hsa04146	6648	SOD2	hsa:6648	KEGG:hsa04146	hsa04146	KEGG
KEGG_PARTICIPATION:6648|hsa04211	6648	SOD2	hsa:6648	KEGG:hsa04211	hsa04211	KEGG
KEGG_PARTICIPATION:6648|hsa04213	6648	SOD2	hsa:6648	KEGG:hsa04213	hsa04213	KEGG
KEGG_PARTICIPATION:6648|hsa05016	6648	SOD2	hsa:6648	KEGG:hsa05016	hsa05016	KEGG
KEGG_PARTICIPATION:6648|hsa05208	6648	SOD2	hsa:6648	KEGG:hsa05208	hsa05208	KEGG
KEGG_PARTICIPATION:6648|hsa05417	6648	SOD2	hsa:6648	KEGG:hsa05417	hsa05417	KEGG
KEGG_PARTICIPATION:6696|hsa04151	6696	SPP1	hsa:6696	KEGG:hsa04151	hsa04151	KEGG
KEGG_PARTICIPATION:6696|hsa04371	6696	SPP1	hsa:6696	KEGG:hsa04371	hsa04371	KEGG
KEGG_PARTICIPATION:6696|hsa04510	6696	SPP1	hsa:6696	KEGG:hsa04510	hsa04510	KEGG
KEGG_PARTICIPATION:6696|hsa04512	6696	SPP1	hsa:6696	KEGG:hsa04512	hsa04512	KEGG
KEGG_PARTICIPATION:6696|hsa04518	6696	SPP1	hsa:6696	KEGG:hsa04518	hsa04518	KEGG
KEGG_PARTICIPATION:6696|hsa04620	6696	SPP1	hsa:6696	KEGG:hsa04620	hsa04620	KEGG
KEGG_PARTICIPATION:6696|hsa04929	6696	SPP1	hsa:6696	KEGG:hsa04929	hsa04929	KEGG
KEGG_PARTICIPATION:6696|hsa05165	6696	SPP1	hsa:6696	KEGG:hsa05165	hsa05165	KEGG
KEGG_PARTICIPATION:6720|hsa04152	6720	SREBF1	hsa:6720	KEGG:hsa04152	hsa04152	KEGG
KEGG_PARTICIPATION:6720|hsa04910	6720	SREBF1	hsa:6720	KEGG:hsa04910	hsa04910	KEGG
KEGG_PARTICIPATION:6720|hsa04931	6720	SREBF1	hsa:6720	KEGG:hsa04931	hsa04931	KEGG
KEGG_PARTICIPATION:6720|hsa04932	6720	SREBF1	hsa:6720	KEGG:hsa04932	hsa04932	KEGG
KEGG_PARTICIPATION:6720|hsa04936	6720	SREBF1	hsa:6720	KEGG:hsa04936	hsa04936	KEGG
KEGG_PARTICIPATION:673|hsa01521	673	BRAF	hsa:673	KEGG:hsa01521	hsa01521	KEGG
KEGG_PARTICIPATION:673|hsa01522	673	BRAF	hsa:673	KEGG:hsa01522	hsa01522	KEGG
KEGG_PARTICIPATION:673|hsa04010	673	BRAF	hsa:673	KEGG:hsa04010	hsa04010	KEGG
KEGG_PARTICIPATION:673|hsa04012	673	BRAF	hsa:673	KEGG:hsa04012	hsa04012	KEGG
KEGG_PARTICIPATION:673|hsa04015	673	BRAF	hsa:673	KEGG:hsa04015	hsa04015	KEGG
KEGG_PARTICIPATION:673|hsa04024	673	BRAF	hsa:673	KEGG:hsa04024	hsa04024	KEGG
KEGG_PARTICIPATION:673|hsa04062	673	BRAF	hsa:673	KEGG:hsa04062	hsa04062	KEGG
KEGG_PARTICIPATION:673|hsa04068	673	BRAF	hsa:673	KEGG:hsa04068	hsa04068	KEGG
KEGG_PARTICIPATION:673|hsa04150	673	BRAF	hsa:673	KEGG:hsa04150	hsa04150	KEGG
KEGG_PARTICIPATION:673|hsa04270	673	BRAF	hsa:673	KEGG:hsa04270	hsa04270	KEGG
KEGG_PARTICIPATION:673|hsa04510	673	BRAF	hsa:673	KEGG:hsa04510	hsa04510	KEGG
KEGG_PARTICIPATION:673|hsa04650	673	BRAF	hsa:673	KEGG:hsa04650	hsa04650	KEGG
KEGG_PARTICIPATION:673|hsa04720	673	BRAF	hsa:673	KEGG:hsa04720	hsa04720	KEGG
KEGG_PARTICIPATION:673|hsa04722	673	BRAF	hsa:673	KEGG:hsa04722	hsa04722	KEGG
KEGG_PARTICIPATION:673|hsa04726	673	BRAF	hsa:673	KEGG:hsa04726	hsa04726	KEGG
KEGG_PARTICIPATION:673|hsa04730	673	BRAF	hsa:673	KEGG:hsa04730	hsa04730	KEGG
KEGG_PARTICIPATION:673|hsa04810	673	BRAF	hsa:673	KEGG:hsa04810	hsa04810	KEGG
KEGG_PARTICIPATION:673|hsa04910	673	BRAF	hsa:673	KEGG:hsa04910	hsa04910	KEGG
KEGG_PARTICIPATION:673|hsa04914	673	BRAF	hsa:673	KEGG:hsa04914	hsa04914	KEGG
KEGG_PARTICIPATION:673|hsa04928	673	BRAF	hsa:673	KEGG:hsa04928	hsa04928	KEGG
KEGG_PARTICIPATION:673|hsa04934	673	BRAF	hsa:673	KEGG:hsa04934	hsa04934	KEGG
KEGG_PARTICIPATION:673|hsa05010	673	BRAF	hsa:673	KEGG:hsa05010	hsa05010	KEGG
KEGG_PARTICIPATION:673|hsa05022	673	BRAF	hsa:673	KEGG:hsa05022	hsa05022	KEGG
KEGG_PARTICIPATION:673|hsa05034	673	BRAF	hsa:673	KEGG:hsa05034	hsa05034	KEGG
KEGG_PARTICIPATION:673|hsa05160	673	BRAF	hsa:673	KEGG:hsa05160	hsa05160	KEGG
KEGG_PARTICIPATION:673|hsa05161	673	BRAF	hsa:673	KEGG:hsa05161	hsa05161	KEGG
KEGG_PARTICIPATION:673|hsa05200	673	BRAF	hsa:673	KEGG:hsa05200	hsa05200	KEGG
KEGG_PARTICIPATION:673|hsa05205	673	BRAF	hsa:673	KEGG:hsa05205	hsa05205	KEGG
KEGG_PARTICIPATION:673|hsa05208	673	BRAF	hsa:673	KEGG:hsa05208	hsa05208	KEGG
KEGG_PARTICIPATION:673|hsa05210	673	BRAF	hsa:673	KEGG:hsa05210	hsa05210	KEGG
KEGG_PARTICIPATION:673|hsa05211	673	BRAF	hsa:673	KEGG:hsa05211	hsa05211	KEGG
KEGG_PARTICIPATION:673|hsa05212	673	BRAF	hsa:673	KEGG:hsa05212	hsa05212	KEGG
KEGG_PARTICIPATION:673|hsa05213	673	BRAF	hsa:673	KEGG:hsa05213	hsa05213	KEGG
KEGG_PARTICIPATION:673|hsa05214	673	BRAF	hsa:673	KEGG:hsa05214	hsa05214	KEGG
KEGG_PARTICIPATION:673|hsa05215	673	BRAF	hsa:673	KEGG:hsa05215	hsa05215	KEGG
KEGG_PARTICIPATION:673|hsa05216	673	BRAF	hsa:673	KEGG:hsa05216	hsa05216	KEGG
KEGG_PARTICIPATION:673|hsa05218	673	BRAF	hsa:673	KEGG:hsa05218	hsa05218	KEGG
KEGG_PARTICIPATION:673|hsa05219	673	BRAF	hsa:673	KEGG:hsa05219	hsa05219	KEGG
KEGG_PARTICIPATION:673|hsa05220	673	BRAF	hsa:673	KEGG:hsa05220	hsa05220	KEGG
KEGG_PARTICIPATION:673|hsa05221	673	BRAF	hsa:673	KEGG:hsa05221	hsa05221	KEGG
KEGG_PARTICIPATION:673|hsa05223	673	BRAF	hsa:673	KEGG:hsa05223	hsa05223	KEGG
KEGG_PARTICIPATION:673|hsa05224	673	BRAF	hsa:673	KEGG:hsa05224	hsa05224	KEGG
KEGG_PARTICIPATION:673|hsa05225	673	BRAF	hsa:673	KEGG:hsa05225	hsa05225	KEGG
KEGG_PARTICIPATION:673|hsa05226	673	BRAF	hsa:673	KEGG:hsa05226	hsa05226	KEGG
KEGG_PARTICIPATION:6756|hsa05202	6756	SSX1	hsa:6756	KEGG:hsa05202	hsa05202	KEGG
KEGG_PARTICIPATION:6772|hsa04062	6772	STAT1	hsa:6772	KEGG:hsa04062	hsa04062	KEGG
KEGG_PARTICIPATION:6772|hsa04217	6772	STAT1	hsa:6772	KEGG:hsa04217	hsa04217	KEGG
KEGG_PARTICIPATION:6772|hsa04380	6772	STAT1	hsa:6772	KEGG:hsa04380	hsa04380	KEGG
KEGG_PARTICIPATION:6772|hsa04620	6772	STAT1	hsa:6772	KEGG:hsa04620	hsa04620	KEGG
KEGG_PARTICIPATION:6772|hsa04621	6772	STAT1	hsa:6772	KEGG:hsa04621	hsa04621	KEGG
KEGG_PARTICIPATION:6772|hsa04625	6772	STAT1	hsa:6772	KEGG:hsa04625	hsa04625	KEGG
KEGG_PARTICIPATION:6772|hsa04630	6772	STAT1	hsa:6772	KEGG:hsa04630	hsa04630	KEGG
KEGG_PARTICIPATION:6772|hsa04658	6772	STAT1	hsa:6772	KEGG:hsa04658	hsa04658	KEGG
KEGG_PARTICIPATION:6772|hsa04659	6772	STAT1	hsa:6772	KEGG:hsa04659	hsa04659	KEGG
KEGG_PARTICIPATION:6772|hsa04917	6772	STAT1	hsa:6772	KEGG:hsa04917	hsa04917	KEGG
KEGG_PARTICIPATION:6772|hsa04919	6772	STAT1	hsa:6772	KEGG:hsa04919	hsa04919	KEGG
KEGG_PARTICIPATION:6772|hsa04933	6772	STAT1	hsa:6772	KEGG:hsa04933	hsa04933	KEGG
KEGG_PARTICIPATION:6772|hsa04935	6772	STAT1	hsa:6772	KEGG:hsa04935	hsa04935	KEGG
KEGG_PARTICIPATION:6772|hsa05140	6772	STAT1	hsa:6772	KEGG:hsa05140	hsa05140	KEGG
KEGG_PARTICIPATION:6772|hsa05145	6772	STAT1	hsa:6772	KEGG:hsa05145	hsa05145	KEGG
KEGG_PARTICIPATION:6772|hsa05152	6772	STAT1	hsa:6772	KEGG:hsa05152	hsa05152	KEGG
KEGG_PARTICIPATION:6772|hsa05160	6772	STAT1	hsa:6772	KEGG:hsa05160	hsa05160	KEGG
KEGG_PARTICIPATION:6772|hsa05161	6772	STAT1	hsa:6772	KEGG:hsa05161	hsa05161	KEGG
KEGG_PARTICIPATION:6772|hsa05162	6772	STAT1	hsa:6772	KEGG:hsa05162	hsa05162	KEGG
KEGG_PARTICIPATION:6772|hsa05164	6772	STAT1	hsa:6772	KEGG:hsa05164	hsa05164	KEGG
KEGG_PARTICIPATION:6772|hsa05165	6772	STAT1	hsa:6772	KEGG:hsa05165	hsa05165	KEGG
KEGG_PARTICIPATION:6772|hsa05167	6772	STAT1	hsa:6772	KEGG:hsa05167	hsa05167	KEGG
KEGG_PARTICIPATION:6772|hsa05168	6772	STAT1	hsa:6772	KEGG:hsa05168	hsa05168	KEGG
KEGG_PARTICIPATION:6772|hsa05169	6772	STAT1	hsa:6772	KEGG:hsa05169	hsa05169	KEGG
KEGG_PARTICIPATION:6772|hsa05171	6772	STAT1	hsa:6772	KEGG:hsa05171	hsa05171	KEGG
KEGG_PARTICIPATION:6772|hsa05200	6772	STAT1	hsa:6772	KEGG:hsa05200	hsa05200	KEGG
KEGG_PARTICIPATION:6772|hsa05212	6772	STAT1	hsa:6772	KEGG:hsa05212	hsa05212	KEGG
KEGG_PARTICIPATION:6772|hsa05235	6772	STAT1	hsa:6772	KEGG:hsa05235	hsa05235	KEGG
KEGG_PARTICIPATION:6772|hsa05321	6772	STAT1	hsa:6772	KEGG:hsa05321	hsa05321	KEGG
KEGG_PARTICIPATION:6775|hsa04217	6775	STAT4	hsa:6775	KEGG:hsa04217	hsa04217	KEGG
KEGG_PARTICIPATION:6775|hsa04630	6775	STAT4	hsa:6775	KEGG:hsa04630	hsa04630	KEGG
KEGG_PARTICIPATION:6775|hsa04658	6775	STAT4	hsa:6775	KEGG:hsa04658	hsa04658	KEGG
KEGG_PARTICIPATION:6775|hsa05161	6775	STAT4	hsa:6775	KEGG:hsa05161	hsa05161	KEGG
KEGG_PARTICIPATION:6775|hsa05200	6775	STAT4	hsa:6775	KEGG:hsa05200	hsa05200	KEGG
KEGG_PARTICIPATION:6775|hsa05321	6775	STAT4	hsa:6775	KEGG:hsa05321	hsa05321	KEGG
KEGG_PARTICIPATION:6790|hsa04114	6790	AURKA	hsa:6790	KEGG:hsa04114	hsa04114	KEGG
KEGG_PARTICIPATION:6790|hsa04914	6790	AURKA	hsa:6790	KEGG:hsa04914	hsa04914	KEGG
KEGG_PARTICIPATION:682|hsa04148	682	BSG	hsa:682	KEGG:hsa04148	hsa04148	KEGG
KEGG_PARTICIPATION:6888|hsa00030	6888	TALDO1	hsa:6888	KEGG:hsa00030	hsa00030	KEGG
KEGG_PARTICIPATION:6888|hsa01100	6888	TALDO1	hsa:6888	KEGG:hsa01100	hsa01100	KEGG
KEGG_PARTICIPATION:6888|hsa01200	6888	TALDO1	hsa:6888	KEGG:hsa01200	hsa01200	KEGG
KEGG_PARTICIPATION:6888|hsa01230	6888	TALDO1	hsa:6888	KEGG:hsa01230	hsa01230	KEGG
KEGG_PARTICIPATION:688|hsa05207	688	KLF5	hsa:688	KEGG:hsa05207	hsa05207	KEGG
KEGG_PARTICIPATION:6927|hsa04950	6927	HNF1A	hsa:6927	KEGG:hsa04950	hsa04950	KEGG
KEGG_PARTICIPATION:693200|hsa05206	693200	MIR615	hsa:693200	KEGG:hsa05206	hsa05206	KEGG
KEGG_PARTICIPATION:699|hsa04110	699	BUB1	hsa:699	KEGG:hsa04110	hsa04110	KEGG
KEGG_PARTICIPATION:699|hsa04114	699	BUB1	hsa:699	KEGG:hsa04114	hsa04114	KEGG
KEGG_PARTICIPATION:699|hsa04914	699	BUB1	hsa:699	KEGG:hsa04914	hsa04914	KEGG
KEGG_PARTICIPATION:7015|hsa05165	7015	TERT	hsa:7015	KEGG:hsa05165	hsa05165	KEGG
KEGG_PARTICIPATION:7015|hsa05166	7015	TERT	hsa:7015	KEGG:hsa05166	hsa05166	KEGG
KEGG_PARTICIPATION:7015|hsa05200	7015	TERT	hsa:7015	KEGG:hsa05200	hsa05200	KEGG
KEGG_PARTICIPATION:7015|hsa05225	7015	TERT	hsa:7015	KEGG:hsa05225	hsa05225	KEGG
KEGG_PARTICIPATION:7015|hsa05226	7015	TERT	hsa:7015	KEGG:hsa05226	hsa05226	KEGG
KEGG_PARTICIPATION:7019|hsa04371	7019	TFAM	hsa:7019	KEGG:hsa04371	hsa04371	KEGG
KEGG_PARTICIPATION:7019|hsa05016	7019	TFAM	hsa:7019	KEGG:hsa05016	hsa05016	KEGG
KEGG_PARTICIPATION:701|hsa04110	701	BUB1B	hsa:701	KEGG:hsa04110	hsa04110	KEGG
KEGG_PARTICIPATION:701|hsa05166	701	BUB1B	hsa:701	KEGG:hsa05166	hsa05166	KEGG
KEGG_PARTICIPATION:7035|hsa04610	7035	TFPI	hsa:7035	KEGG:hsa04610	hsa04610	KEGG
KEGG_PARTICIPATION:7038|hsa04918	7038	TG	hsa:7038	KEGG:hsa04918	hsa04918	KEGG
KEGG_PARTICIPATION:7038|hsa05320	7038	TG	hsa:7038	KEGG:hsa05320	hsa05320	KEGG
KEGG_PARTICIPATION:7039|hsa01521	7039	TGFA	hsa:7039	KEGG:hsa01521	hsa01521	KEGG
KEGG_PARTICIPATION:7039|hsa04010	7039	TGFA	hsa:7039	KEGG:hsa04010	hsa04010	KEGG
KEGG_PARTICIPATION:7039|hsa04012	7039	TGFA	hsa:7039	KEGG:hsa04012	hsa04012	KEGG
KEGG_PARTICIPATION:7039|hsa04014	7039	TGFA	hsa:7039	KEGG:hsa04014	hsa04014	KEGG
KEGG_PARTICIPATION:7039|hsa04020	7039	TGFA	hsa:7039	KEGG:hsa04020	hsa04020	KEGG
KEGG_PARTICIPATION:7039|hsa04151	7039	TGFA	hsa:7039	KEGG:hsa04151	hsa04151	KEGG
KEGG_PARTICIPATION:7039|hsa04915	7039	TGFA	hsa:7039	KEGG:hsa04915	hsa04915	KEGG
KEGG_PARTICIPATION:7039|hsa05200	7039	TGFA	hsa:7039	KEGG:hsa05200	hsa05200	KEGG
KEGG_PARTICIPATION:7039|hsa05210	7039	TGFA	hsa:7039	KEGG:hsa05210	hsa05210	KEGG
KEGG_PARTICIPATION:7039|hsa05211	7039	TGFA	hsa:7039	KEGG:hsa05211	hsa05211	KEGG
KEGG_PARTICIPATION:7039|hsa05212	7039	TGFA	hsa:7039	KEGG:hsa05212	hsa05212	KEGG
KEGG_PARTICIPATION:7039|hsa05214	7039	TGFA	hsa:7039	KEGG:hsa05214	hsa05214	KEGG
KEGG_PARTICIPATION:7039|hsa05215	7039	TGFA	hsa:7039	KEGG:hsa05215	hsa05215	KEGG
KEGG_PARTICIPATION:7039|hsa05223	7039	TGFA	hsa:7039	KEGG:hsa05223	hsa05223	KEGG
KEGG_PARTICIPATION:7039|hsa05225	7039	TGFA	hsa:7039	KEGG:hsa05225	hsa05225	KEGG
KEGG_PARTICIPATION:7040|hsa04010	7040	TGFB1	hsa:7040	KEGG:hsa04010	hsa04010	KEGG
KEGG_PARTICIPATION:7040|hsa04060	7040	TGFB1	hsa:7040	KEGG:hsa04060	hsa04060	KEGG
KEGG_PARTICIPATION:7040|hsa04068	7040	TGFB1	hsa:7040	KEGG:hsa04068	hsa04068	KEGG
KEGG_PARTICIPATION:7040|hsa04110	7040	TGFB1	hsa:7040	KEGG:hsa04110	hsa04110	KEGG
KEGG_PARTICIPATION:7040|hsa04148	7040	TGFB1	hsa:7040	KEGG:hsa04148	hsa04148	KEGG
KEGG_PARTICIPATION:7040|hsa04218	7040	TGFB1	hsa:7040	KEGG:hsa04218	hsa04218	KEGG
KEGG_PARTICIPATION:7040|hsa04350	7040	TGFB1	hsa:7040	KEGG:hsa04350	hsa04350	KEGG
KEGG_PARTICIPATION:7040|hsa04380	7040	TGFB1	hsa:7040	KEGG:hsa04380	hsa04380	KEGG
KEGG_PARTICIPATION:7040|hsa04390	7040	TGFB1	hsa:7040	KEGG:hsa04390	hsa04390	KEGG
KEGG_PARTICIPATION:7040|hsa04518	7040	TGFB1	hsa:7040	KEGG:hsa04518	hsa04518	KEGG
KEGG_PARTICIPATION:7040|hsa04659	7040	TGFB1	hsa:7040	KEGG:hsa04659	hsa04659	KEGG
KEGG_PARTICIPATION:7040|hsa04672	7040	TGFB1	hsa:7040	KEGG:hsa04672	hsa04672	KEGG
KEGG_PARTICIPATION:7040|hsa04926	7040	TGFB1	hsa:7040	KEGG:hsa04926	hsa04926	KEGG
KEGG_PARTICIPATION:7040|hsa04932	7040	TGFB1	hsa:7040	KEGG:hsa04932	hsa04932	KEGG
KEGG_PARTICIPATION:7040|hsa04933	7040	TGFB1	hsa:7040	KEGG:hsa04933	hsa04933	KEGG
KEGG_PARTICIPATION:7040|hsa05140	7040	TGFB1	hsa:7040	KEGG:hsa05140	hsa05140	KEGG
KEGG_PARTICIPATION:7040|hsa05142	7040	TGFB1	hsa:7040	KEGG:hsa05142	hsa05142	KEGG
KEGG_PARTICIPATION:7040|hsa05144	7040	TGFB1	hsa:7040	KEGG:hsa05144	hsa05144	KEGG
KEGG_PARTICIPATION:7040|hsa05145	7040	TGFB1	hsa:7040	KEGG:hsa05145	hsa05145	KEGG
KEGG_PARTICIPATION:7040|hsa05146	7040	TGFB1	hsa:7040	KEGG:hsa05146	hsa05146	KEGG
KEGG_PARTICIPATION:7040|hsa05152	7040	TGFB1	hsa:7040	KEGG:hsa05152	hsa05152	KEGG
KEGG_PARTICIPATION:7040|hsa05161	7040	TGFB1	hsa:7040	KEGG:hsa05161	hsa05161	KEGG
KEGG_PARTICIPATION:7040|hsa05166	7040	TGFB1	hsa:7040	KEGG:hsa05166	hsa05166	KEGG
KEGG_PARTICIPATION:7040|hsa05200	7040	TGFB1	hsa:7040	KEGG:hsa05200	hsa05200	KEGG
KEGG_PARTICIPATION:7040|hsa05205	7040	TGFB1	hsa:7040	KEGG:hsa05205	hsa05205	KEGG
KEGG_PARTICIPATION:7040|hsa05210	7040	TGFB1	hsa:7040	KEGG:hsa05210	hsa05210	KEGG
KEGG_PARTICIPATION:7040|hsa05211	7040	TGFB1	hsa:7040	KEGG:hsa05211	hsa05211	KEGG
KEGG_PARTICIPATION:7040|hsa05212	7040	TGFB1	hsa:7040	KEGG:hsa05212	hsa05212	KEGG
KEGG_PARTICIPATION:7040|hsa05220	7040	TGFB1	hsa:7040	KEGG:hsa05220	hsa05220	KEGG
KEGG_PARTICIPATION:7040|hsa05225	7040	TGFB1	hsa:7040	KEGG:hsa05225	hsa05225	KEGG
KEGG_PARTICIPATION:7040|hsa05226	7040	TGFB1	hsa:7040	KEGG:hsa05226	hsa05226	KEGG
KEGG_PARTICIPATION:7040|hsa05321	7040	TGFB1	hsa:7040	KEGG:hsa05321	hsa05321	KEGG
KEGG_PARTICIPATION:7040|hsa05323	7040	TGFB1	hsa:7040	KEGG:hsa05323	hsa05323	KEGG
KEGG_PARTICIPATION:7040|hsa05410	7040	TGFB1	hsa:7040	KEGG:hsa05410	hsa05410	KEGG
KEGG_PARTICIPATION:7040|hsa05414	7040	TGFB1	hsa:7040	KEGG:hsa05414	hsa05414	KEGG
KEGG_PARTICIPATION:7040|hsa05415	7040	TGFB1	hsa:7040	KEGG:hsa05415	hsa05415	KEGG
KEGG_PARTICIPATION:7042|hsa04010	7042	TGFB2	hsa:7042	KEGG:hsa04010	hsa04010	KEGG
KEGG_PARTICIPATION:7042|hsa04060	7042	TGFB2	hsa:7042	KEGG:hsa04060	hsa04060	KEGG
KEGG_PARTICIPATION:7042|hsa04068	7042	TGFB2	hsa:7042	KEGG:hsa04068	hsa04068	KEGG
KEGG_PARTICIPATION:7042|hsa04110	7042	TGFB2	hsa:7042	KEGG:hsa04110	hsa04110	KEGG
KEGG_PARTICIPATION:7042|hsa04218	7042	TGFB2	hsa:7042	KEGG:hsa04218	hsa04218	KEGG
KEGG_PARTICIPATION:7042|hsa04350	7042	TGFB2	hsa:7042	KEGG:hsa04350	hsa04350	KEGG
KEGG_PARTICIPATION:7042|hsa04380	7042	TGFB2	hsa:7042	KEGG:hsa04380	hsa04380	KEGG
KEGG_PARTICIPATION:7042|hsa04390	7042	TGFB2	hsa:7042	KEGG:hsa04390	hsa04390	KEGG
KEGG_PARTICIPATION:7042|hsa04933	7042	TGFB2	hsa:7042	KEGG:hsa04933	hsa04933	KEGG
KEGG_PARTICIPATION:7042|hsa05140	7042	TGFB2	hsa:7042	KEGG:hsa05140	hsa05140	KEGG
KEGG_PARTICIPATION:7042|hsa05142	7042	TGFB2	hsa:7042	KEGG:hsa05142	hsa05142	KEGG
KEGG_PARTICIPATION:7042|hsa05144	7042	TGFB2	hsa:7042	KEGG:hsa05144	hsa05144	KEGG
KEGG_PARTICIPATION:7042|hsa05145	7042	TGFB2	hsa:7042	KEGG:hsa05145	hsa05145	KEGG
KEGG_PARTICIPATION:7042|hsa05146	7042	TGFB2	hsa:7042	KEGG:hsa05146	hsa05146	KEGG
KEGG_PARTICIPATION:7042|hsa05152	7042	TGFB2	hsa:7042	KEGG:hsa05152	hsa05152	KEGG
KEGG_PARTICIPATION:7042|hsa05161	7042	TGFB2	hsa:7042	KEGG:hsa05161	hsa05161	KEGG
KEGG_PARTICIPATION:7042|hsa05166	7042	TGFB2	hsa:7042	KEGG:hsa05166	hsa05166	KEGG
KEGG_PARTICIPATION:7042|hsa05200	7042	TGFB2	hsa:7042	KEGG:hsa05200	hsa05200	KEGG
KEGG_PARTICIPATION:7042|hsa05205	7042	TGFB2	hsa:7042	KEGG:hsa05205	hsa05205	KEGG
KEGG_PARTICIPATION:7042|hsa05206	7042	TGFB2	hsa:7042	KEGG:hsa05206	hsa05206	KEGG
KEGG_PARTICIPATION:7042|hsa05210	7042	TGFB2	hsa:7042	KEGG:hsa05210	hsa05210	KEGG
KEGG_PARTICIPATION:7042|hsa05211	7042	TGFB2	hsa:7042	KEGG:hsa05211	hsa05211	KEGG
KEGG_PARTICIPATION:7042|hsa05212	7042	TGFB2	hsa:7042	KEGG:hsa05212	hsa05212	KEGG
KEGG_PARTICIPATION:7042|hsa05220	7042	TGFB2	hsa:7042	KEGG:hsa05220	hsa05220	KEGG
KEGG_PARTICIPATION:7042|hsa05225	7042	TGFB2	hsa:7042	KEGG:hsa05225	hsa05225	KEGG
KEGG_PARTICIPATION:7042|hsa05226	7042	TGFB2	hsa:7042	KEGG:hsa05226	hsa05226	KEGG
KEGG_PARTICIPATION:7042|hsa05321	7042	TGFB2	hsa:7042	KEGG:hsa05321	hsa05321	KEGG
KEGG_PARTICIPATION:7042|hsa05323	7042	TGFB2	hsa:7042	KEGG:hsa05323	hsa05323	KEGG
KEGG_PARTICIPATION:7042|hsa05410	7042	TGFB2	hsa:7042	KEGG:hsa05410	hsa05410	KEGG
KEGG_PARTICIPATION:7042|hsa05414	7042	TGFB2	hsa:7042	KEGG:hsa05414	hsa05414	KEGG
KEGG_PARTICIPATION:7042|hsa05415	7042	TGFB2	hsa:7042	KEGG:hsa05415	hsa05415	KEGG
KEGG_PARTICIPATION:7046|hsa04010	7046	TGFBR1	hsa:7046	KEGG:hsa04010	hsa04010	KEGG
KEGG_PARTICIPATION:7046|hsa04060	7046	TGFBR1	hsa:7046	KEGG:hsa04060	hsa04060	KEGG
KEGG_PARTICIPATION:7046|hsa04068	7046	TGFBR1	hsa:7046	KEGG:hsa04068	hsa04068	KEGG
KEGG_PARTICIPATION:7046|hsa04144	7046	TGFBR1	hsa:7046	KEGG:hsa04144	hsa04144	KEGG
KEGG_PARTICIPATION:7046|hsa04218	7046	TGFBR1	hsa:7046	KEGG:hsa04218	hsa04218	KEGG
KEGG_PARTICIPATION:7046|hsa04350	7046	TGFBR1	hsa:7046	KEGG:hsa04350	hsa04350	KEGG
KEGG_PARTICIPATION:7046|hsa04371	7046	TGFBR1	hsa:7046	KEGG:hsa04371	hsa04371	KEGG
KEGG_PARTICIPATION:7046|hsa04380	7046	TGFBR1	hsa:7046	KEGG:hsa04380	hsa04380	KEGG
KEGG_PARTICIPATION:7046|hsa04390	7046	TGFBR1	hsa:7046	KEGG:hsa04390	hsa04390	KEGG
KEGG_PARTICIPATION:7046|hsa04520	7046	TGFBR1	hsa:7046	KEGG:hsa04520	hsa04520	KEGG
KEGG_PARTICIPATION:7046|hsa04659	7046	TGFBR1	hsa:7046	KEGG:hsa04659	hsa04659	KEGG
KEGG_PARTICIPATION:7046|hsa04926	7046	TGFBR1	hsa:7046	KEGG:hsa04926	hsa04926	KEGG
KEGG_PARTICIPATION:7046|hsa04933	7046	TGFBR1	hsa:7046	KEGG:hsa04933	hsa04933	KEGG
KEGG_PARTICIPATION:7046|hsa05142	7046	TGFBR1	hsa:7046	KEGG:hsa05142	hsa05142	KEGG
KEGG_PARTICIPATION:7046|hsa05161	7046	TGFBR1	hsa:7046	KEGG:hsa05161	hsa05161	KEGG
KEGG_PARTICIPATION:7046|hsa05166	7046	TGFBR1	hsa:7046	KEGG:hsa05166	hsa05166	KEGG
KEGG_PARTICIPATION:7046|hsa05200	7046	TGFBR1	hsa:7046	KEGG:hsa05200	hsa05200	KEGG
KEGG_PARTICIPATION:7046|hsa05210	7046	TGFBR1	hsa:7046	KEGG:hsa05210	hsa05210	KEGG
KEGG_PARTICIPATION:7046|hsa05212	7046	TGFBR1	hsa:7046	KEGG:hsa05212	hsa05212	KEGG
KEGG_PARTICIPATION:7046|hsa05220	7046	TGFBR1	hsa:7046	KEGG:hsa05220	hsa05220	KEGG
KEGG_PARTICIPATION:7046|hsa05225	7046	TGFBR1	hsa:7046	KEGG:hsa05225	hsa05225	KEGG
KEGG_PARTICIPATION:7046|hsa05226	7046	TGFBR1	hsa:7046	KEGG:hsa05226	hsa05226	KEGG
KEGG_PARTICIPATION:7046|hsa05415	7046	TGFBR1	hsa:7046	KEGG:hsa05415	hsa05415	KEGG
KEGG_PARTICIPATION:7053|hsa04382	7053	TGM3	hsa:7053	KEGG:hsa04382	hsa04382	KEGG
KEGG_PARTICIPATION:7054|hsa00350	7054	TH	hsa:7054	KEGG:hsa00350	hsa00350	KEGG
KEGG_PARTICIPATION:7054|hsa00790	7054	TH	hsa:7054	KEGG:hsa00790	hsa00790	KEGG
KEGG_PARTICIPATION:7054|hsa01100	7054	TH	hsa:7054	KEGG:hsa01100	hsa01100	KEGG
KEGG_PARTICIPATION:7054|hsa04728	7054	TH	hsa:7054	KEGG:hsa04728	hsa04728	KEGG
KEGG_PARTICIPATION:7054|hsa04917	7054	TH	hsa:7054	KEGG:hsa04917	hsa04917	KEGG
KEGG_PARTICIPATION:7054|hsa05012	7054	TH	hsa:7054	KEGG:hsa05012	hsa05012	KEGG
KEGG_PARTICIPATION:7054|hsa05030	7054	TH	hsa:7054	KEGG:hsa05030	hsa05030	KEGG
KEGG_PARTICIPATION:7054|hsa05031	7054	TH	hsa:7054	KEGG:hsa05031	hsa05031	KEGG
KEGG_PARTICIPATION:7054|hsa05034	7054	TH	hsa:7054	KEGG:hsa05034	hsa05034	KEGG
KEGG_PARTICIPATION:7057|hsa04015	7057	THBS1	hsa:7057	KEGG:hsa04015	hsa04015	KEGG
KEGG_PARTICIPATION:7057|hsa04115	7057	THBS1	hsa:7057	KEGG:hsa04115	hsa04115	KEGG
KEGG_PARTICIPATION:7057|hsa04145	7057	THBS1	hsa:7057	KEGG:hsa04145	hsa04145	KEGG
KEGG_PARTICIPATION:7057|hsa04148	7057	THBS1	hsa:7057	KEGG:hsa04148	hsa04148	KEGG
KEGG_PARTICIPATION:7057|hsa04151	7057	THBS1	hsa:7057	KEGG:hsa04151	hsa04151	KEGG
KEGG_PARTICIPATION:7057|hsa04350	7057	THBS1	hsa:7057	KEGG:hsa04350	hsa04350	KEGG
KEGG_PARTICIPATION:7057|hsa04510	7057	THBS1	hsa:7057	KEGG:hsa04510	hsa04510	KEGG
KEGG_PARTICIPATION:7057|hsa04512	7057	THBS1	hsa:7057	KEGG:hsa04512	hsa04512	KEGG
KEGG_PARTICIPATION:7057|hsa04518	7057	THBS1	hsa:7057	KEGG:hsa04518	hsa04518	KEGG
KEGG_PARTICIPATION:7057|hsa04820	7057	THBS1	hsa:7057	KEGG:hsa04820	hsa04820	KEGG
KEGG_PARTICIPATION:7057|hsa05144	7057	THBS1	hsa:7057	KEGG:hsa05144	hsa05144	KEGG
KEGG_PARTICIPATION:7057|hsa05165	7057	THBS1	hsa:7057	KEGG:hsa05165	hsa05165	KEGG
KEGG_PARTICIPATION:7057|hsa05205	7057	THBS1	hsa:7057	KEGG:hsa05205	hsa05205	KEGG
KEGG_PARTICIPATION:7057|hsa05206	7057	THBS1	hsa:7057	KEGG:hsa05206	hsa05206	KEGG
KEGG_PARTICIPATION:7057|hsa05219	7057	THBS1	hsa:7057	KEGG:hsa05219	hsa05219	KEGG
KEGG_PARTICIPATION:7070|hsa04670	7070	THY1	hsa:7070	KEGG:hsa04670	hsa04670	KEGG
KEGG_PARTICIPATION:7083|hsa00240	7083	TK1	hsa:7083	KEGG:hsa00240	hsa00240	KEGG
KEGG_PARTICIPATION:7083|hsa00983	7083	TK1	hsa:7083	KEGG:hsa00983	hsa00983	KEGG
KEGG_PARTICIPATION:7083|hsa01100	7083	TK1	hsa:7083	KEGG:hsa01100	hsa01100	KEGG
KEGG_PARTICIPATION:7083|hsa01232	7083	TK1	hsa:7083	KEGG:hsa01232	hsa01232	KEGG
KEGG_PARTICIPATION:7097|hsa04145	7097	TLR2	hsa:7097	KEGG:hsa04145	hsa04145	KEGG
KEGG_PARTICIPATION:7097|hsa04151	7097	TLR2	hsa:7097	KEGG:hsa04151	hsa04151	KEGG
KEGG_PARTICIPATION:7097|hsa04613	7097	TLR2	hsa:7097	KEGG:hsa04613	hsa04613	KEGG
KEGG_PARTICIPATION:7097|hsa04620	7097	TLR2	hsa:7097	KEGG:hsa04620	hsa04620	KEGG
KEGG_PARTICIPATION:7097|hsa05132	7097	TLR2	hsa:7097	KEGG:hsa05132	hsa05132	KEGG
KEGG_PARTICIPATION:7097|hsa05134	7097	TLR2	hsa:7097	KEGG:hsa05134	hsa05134	KEGG
KEGG_PARTICIPATION:7097|hsa05140	7097	TLR2	hsa:7097	KEGG:hsa05140	hsa05140	KEGG
KEGG_PARTICIPATION:7097|hsa05142	7097	TLR2	hsa:7097	KEGG:hsa05142	hsa05142	KEGG
KEGG_PARTICIPATION:7097|hsa05144	7097	TLR2	hsa:7097	KEGG:hsa05144	hsa05144	KEGG
KEGG_PARTICIPATION:7097|hsa05145	7097	TLR2	hsa:7097	KEGG:hsa05145	hsa05145	KEGG
KEGG_PARTICIPATION:7097|hsa05146	7097	TLR2	hsa:7097	KEGG:hsa05146	hsa05146	KEGG
KEGG_PARTICIPATION:7097|hsa05152	7097	TLR2	hsa:7097	KEGG:hsa05152	hsa05152	KEGG
KEGG_PARTICIPATION:7097|hsa05161	7097	TLR2	hsa:7097	KEGG:hsa05161	hsa05161	KEGG
KEGG_PARTICIPATION:7097|hsa05162	7097	TLR2	hsa:7097	KEGG:hsa05162	hsa05162	KEGG
KEGG_PARTICIPATION:7097|hsa05168	7097	TLR2	hsa:7097	KEGG:hsa05168	hsa05168	KEGG
KEGG_PARTICIPATION:7097|hsa05169	7097	TLR2	hsa:7097	KEGG:hsa05169	hsa05169	KEGG
KEGG_PARTICIPATION:7097|hsa05170	7097	TLR2	hsa:7097	KEGG:hsa05170	hsa05170	KEGG
KEGG_PARTICIPATION:7097|hsa05171	7097	TLR2	hsa:7097	KEGG:hsa05171	hsa05171	KEGG
KEGG_PARTICIPATION:7097|hsa05205	7097	TLR2	hsa:7097	KEGG:hsa05205	hsa05205	KEGG
KEGG_PARTICIPATION:7097|hsa05235	7097	TLR2	hsa:7097	KEGG:hsa05235	hsa05235	KEGG
KEGG_PARTICIPATION:7097|hsa05321	7097	TLR2	hsa:7097	KEGG:hsa05321	hsa05321	KEGG
KEGG_PARTICIPATION:7097|hsa05323	7097	TLR2	hsa:7097	KEGG:hsa05323	hsa05323	KEGG
KEGG_PARTICIPATION:7097|hsa05417	7097	TLR2	hsa:7097	KEGG:hsa05417	hsa05417	KEGG
KEGG_PARTICIPATION:7098|hsa04142	7098	TLR3	hsa:7098	KEGG:hsa04142	hsa04142	KEGG
KEGG_PARTICIPATION:7098|hsa04217	7098	TLR3	hsa:7098	KEGG:hsa04217	hsa04217	KEGG
KEGG_PARTICIPATION:7098|hsa04620	7098	TLR3	hsa:7098	KEGG:hsa04620	hsa04620	KEGG
KEGG_PARTICIPATION:7098|hsa05160	7098	TLR3	hsa:7098	KEGG:hsa05160	hsa05160	KEGG
KEGG_PARTICIPATION:7098|hsa05161	7098	TLR3	hsa:7098	KEGG:hsa05161	hsa05161	KEGG
KEGG_PARTICIPATION:7098|hsa05164	7098	TLR3	hsa:7098	KEGG:hsa05164	hsa05164	KEGG
KEGG_PARTICIPATION:7098|hsa05165	7098	TLR3	hsa:7098	KEGG:hsa05165	hsa05165	KEGG
KEGG_PARTICIPATION:7098|hsa05167	7098	TLR3	hsa:7098	KEGG:hsa05167	hsa05167	KEGG
KEGG_PARTICIPATION:7098|hsa05168	7098	TLR3	hsa:7098	KEGG:hsa05168	hsa05168	KEGG
KEGG_PARTICIPATION:7098|hsa05171	7098	TLR3	hsa:7098	KEGG:hsa05171	hsa05171	KEGG
KEGG_PARTICIPATION:7099|hsa04064	7099	TLR4	hsa:7099	KEGG:hsa04064	hsa04064	KEGG
KEGG_PARTICIPATION:7099|hsa04066	7099	TLR4	hsa:7099	KEGG:hsa04066	hsa04066	KEGG
KEGG_PARTICIPATION:7099|hsa04145	7099	TLR4	hsa:7099	KEGG:hsa04145	hsa04145	KEGG
KEGG_PARTICIPATION:7099|hsa04151	7099	TLR4	hsa:7099	KEGG:hsa04151	hsa04151	KEGG
KEGG_PARTICIPATION:7099|hsa04217	7099	TLR4	hsa:7099	KEGG:hsa04217	hsa04217	KEGG
KEGG_PARTICIPATION:7099|hsa04613	7099	TLR4	hsa:7099	KEGG:hsa04613	hsa04613	KEGG
KEGG_PARTICIPATION:7099|hsa04620	7099	TLR4	hsa:7099	KEGG:hsa04620	hsa04620	KEGG
KEGG_PARTICIPATION:7099|hsa04621	7099	TLR4	hsa:7099	KEGG:hsa04621	hsa04621	KEGG
KEGG_PARTICIPATION:7099|hsa04936	7099	TLR4	hsa:7099	KEGG:hsa04936	hsa04936	KEGG
KEGG_PARTICIPATION:7099|hsa05130	7099	TLR4	hsa:7099	KEGG:hsa05130	hsa05130	KEGG
KEGG_PARTICIPATION:7099|hsa05131	7099	TLR4	hsa:7099	KEGG:hsa05131	hsa05131	KEGG
KEGG_PARTICIPATION:7099|hsa05132	7099	TLR4	hsa:7099	KEGG:hsa05132	hsa05132	KEGG
KEGG_PARTICIPATION:7099|hsa05133	7099	TLR4	hsa:7099	KEGG:hsa05133	hsa05133	KEGG
KEGG_PARTICIPATION:7099|hsa05134	7099	TLR4	hsa:7099	KEGG:hsa05134	hsa05134	KEGG
KEGG_PARTICIPATION:7099|hsa05135	7099	TLR4	hsa:7099	KEGG:hsa05135	hsa05135	KEGG
KEGG_PARTICIPATION:7099|hsa05140	7099	TLR4	hsa:7099	KEGG:hsa05140	hsa05140	KEGG
KEGG_PARTICIPATION:7099|hsa05142	7099	TLR4	hsa:7099	KEGG:hsa05142	hsa05142	KEGG
KEGG_PARTICIPATION:7099|hsa05144	7099	TLR4	hsa:7099	KEGG:hsa05144	hsa05144	KEGG
KEGG_PARTICIPATION:7099|hsa05145	7099	TLR4	hsa:7099	KEGG:hsa05145	hsa05145	KEGG
KEGG_PARTICIPATION:7099|hsa05146	7099	TLR4	hsa:7099	KEGG:hsa05146	hsa05146	KEGG
KEGG_PARTICIPATION:7099|hsa05152	7099	TLR4	hsa:7099	KEGG:hsa05152	hsa05152	KEGG
KEGG_PARTICIPATION:7099|hsa05161	7099	TLR4	hsa:7099	KEGG:hsa05161	hsa05161	KEGG
KEGG_PARTICIPATION:7099|hsa05162	7099	TLR4	hsa:7099	KEGG:hsa05162	hsa05162	KEGG
KEGG_PARTICIPATION:7099|hsa05164	7099	TLR4	hsa:7099	KEGG:hsa05164	hsa05164	KEGG
KEGG_PARTICIPATION:7099|hsa05170	7099	TLR4	hsa:7099	KEGG:hsa05170	hsa05170	KEGG
KEGG_PARTICIPATION:7099|hsa05171	7099	TLR4	hsa:7099	KEGG:hsa05171	hsa05171	KEGG
KEGG_PARTICIPATION:7099|hsa05205	7099	TLR4	hsa:7099	KEGG:hsa05205	hsa05205	KEGG
KEGG_PARTICIPATION:7099|hsa05235	7099	TLR4	hsa:7099	KEGG:hsa05235	hsa05235	KEGG
KEGG_PARTICIPATION:7099|hsa05321	7099	TLR4	hsa:7099	KEGG:hsa05321	hsa05321	KEGG
KEGG_PARTICIPATION:7099|hsa05323	7099	TLR4	hsa:7099	KEGG:hsa05323	hsa05323	KEGG
KEGG_PARTICIPATION:7099|hsa05417	7099	TLR4	hsa:7099	KEGG:hsa05417	hsa05417	KEGG
KEGG_PARTICIPATION:710|hsa04610	710	SERPING1	hsa:710	KEGG:hsa04610	hsa04610	KEGG
KEGG_PARTICIPATION:710|hsa05133	710	SERPING1	hsa:710	KEGG:hsa05133	hsa05133	KEGG
KEGG_PARTICIPATION:7124|hsa01523	7124	TNF	hsa:7124	KEGG:hsa01523	hsa01523	KEGG
KEGG_PARTICIPATION:7124|hsa04010	7124	TNF	hsa:7124	KEGG:hsa04010	hsa04010	KEGG
KEGG_PARTICIPATION:7124|hsa04060	7124	TNF	hsa:7124	KEGG:hsa04060	hsa04060	KEGG
KEGG_PARTICIPATION:7124|hsa04061	7124	TNF	hsa:7124	KEGG:hsa04061	hsa04061	KEGG
KEGG_PARTICIPATION:7124|hsa04064	7124	TNF	hsa:7124	KEGG:hsa04064	hsa04064	KEGG
KEGG_PARTICIPATION:7124|hsa04071	7124	TNF	hsa:7124	KEGG:hsa04071	hsa04071	KEGG
KEGG_PARTICIPATION:7124|hsa04150	7124	TNF	hsa:7124	KEGG:hsa04150	hsa04150	KEGG
KEGG_PARTICIPATION:7124|hsa04210	7124	TNF	hsa:7124	KEGG:hsa04210	hsa04210	KEGG
KEGG_PARTICIPATION:7124|hsa04217	7124	TNF	hsa:7124	KEGG:hsa04217	hsa04217	KEGG
KEGG_PARTICIPATION:7124|hsa04350	7124	TNF	hsa:7124	KEGG:hsa04350	hsa04350	KEGG
KEGG_PARTICIPATION:7124|hsa04380	7124	TNF	hsa:7124	KEGG:hsa04380	hsa04380	KEGG
KEGG_PARTICIPATION:7124|hsa04612	7124	TNF	hsa:7124	KEGG:hsa04612	hsa04612	KEGG
KEGG_PARTICIPATION:7124|hsa04620	7124	TNF	hsa:7124	KEGG:hsa04620	hsa04620	KEGG
KEGG_PARTICIPATION:7124|hsa04621	7124	TNF	hsa:7124	KEGG:hsa04621	hsa04621	KEGG
KEGG_PARTICIPATION:7124|hsa04622	7124	TNF	hsa:7124	KEGG:hsa04622	hsa04622	KEGG
KEGG_PARTICIPATION:7124|hsa04625	7124	TNF	hsa:7124	KEGG:hsa04625	hsa04625	KEGG
KEGG_PARTICIPATION:7124|hsa04640	7124	TNF	hsa:7124	KEGG:hsa04640	hsa04640	KEGG
KEGG_PARTICIPATION:7124|hsa04650	7124	TNF	hsa:7124	KEGG:hsa04650	hsa04650	KEGG
KEGG_PARTICIPATION:7124|hsa04657	7124	TNF	hsa:7124	KEGG:hsa04657	hsa04657	KEGG
KEGG_PARTICIPATION:7124|hsa04660	7124	TNF	hsa:7124	KEGG:hsa04660	hsa04660	KEGG
KEGG_PARTICIPATION:7124|hsa04664	7124	TNF	hsa:7124	KEGG:hsa04664	hsa04664	KEGG
KEGG_PARTICIPATION:7124|hsa04668	7124	TNF	hsa:7124	KEGG:hsa04668	hsa04668	KEGG
KEGG_PARTICIPATION:7124|hsa04920	7124	TNF	hsa:7124	KEGG:hsa04920	hsa04920	KEGG
KEGG_PARTICIPATION:7124|hsa04930	7124	TNF	hsa:7124	KEGG:hsa04930	hsa04930	KEGG
KEGG_PARTICIPATION:7124|hsa04931	7124	TNF	hsa:7124	KEGG:hsa04931	hsa04931	KEGG
KEGG_PARTICIPATION:7124|hsa04932	7124	TNF	hsa:7124	KEGG:hsa04932	hsa04932	KEGG
KEGG_PARTICIPATION:7124|hsa04933	7124	TNF	hsa:7124	KEGG:hsa04933	hsa04933	KEGG
KEGG_PARTICIPATION:7124|hsa04936	7124	TNF	hsa:7124	KEGG:hsa04936	hsa04936	KEGG
KEGG_PARTICIPATION:7124|hsa04940	7124	TNF	hsa:7124	KEGG:hsa04940	hsa04940	KEGG
KEGG_PARTICIPATION:7124|hsa05010	7124	TNF	hsa:7124	KEGG:hsa05010	hsa05010	KEGG
KEGG_PARTICIPATION:7124|hsa05014	7124	TNF	hsa:7124	KEGG:hsa05014	hsa05014	KEGG
KEGG_PARTICIPATION:7124|hsa05020	7124	TNF	hsa:7124	KEGG:hsa05020	hsa05020	KEGG
KEGG_PARTICIPATION:7124|hsa05022	7124	TNF	hsa:7124	KEGG:hsa05022	hsa05022	KEGG
KEGG_PARTICIPATION:7124|hsa05130	7124	TNF	hsa:7124	KEGG:hsa05130	hsa05130	KEGG
KEGG_PARTICIPATION:7124|hsa05131	7124	TNF	hsa:7124	KEGG:hsa05131	hsa05131	KEGG
KEGG_PARTICIPATION:7124|hsa05132	7124	TNF	hsa:7124	KEGG:hsa05132	hsa05132	KEGG
KEGG_PARTICIPATION:7124|hsa05133	7124	TNF	hsa:7124	KEGG:hsa05133	hsa05133	KEGG
KEGG_PARTICIPATION:7124|hsa05134	7124	TNF	hsa:7124	KEGG:hsa05134	hsa05134	KEGG
KEGG_PARTICIPATION:7124|hsa05135	7124	TNF	hsa:7124	KEGG:hsa05135	hsa05135	KEGG
KEGG_PARTICIPATION:7124|hsa05140	7124	TNF	hsa:7124	KEGG:hsa05140	hsa05140	KEGG
KEGG_PARTICIPATION:7124|hsa05142	7124	TNF	hsa:7124	KEGG:hsa05142	hsa05142	KEGG
KEGG_PARTICIPATION:7124|hsa05143	7124	TNF	hsa:7124	KEGG:hsa05143	hsa05143	KEGG
KEGG_PARTICIPATION:7124|hsa05144	7124	TNF	hsa:7124	KEGG:hsa05144	hsa05144	KEGG
KEGG_PARTICIPATION:7124|hsa05145	7124	TNF	hsa:7124	KEGG:hsa05145	hsa05145	KEGG
KEGG_PARTICIPATION:7124|hsa05146	7124	TNF	hsa:7124	KEGG:hsa05146	hsa05146	KEGG
KEGG_PARTICIPATION:7124|hsa05152	7124	TNF	hsa:7124	KEGG:hsa05152	hsa05152	KEGG
KEGG_PARTICIPATION:7124|hsa05160	7124	TNF	hsa:7124	KEGG:hsa05160	hsa05160	KEGG
KEGG_PARTICIPATION:7124|hsa05161	7124	TNF	hsa:7124	KEGG:hsa05161	hsa05161	KEGG
KEGG_PARTICIPATION:7124|hsa05163	7124	TNF	hsa:7124	KEGG:hsa05163	hsa05163	KEGG
KEGG_PARTICIPATION:7124|hsa05164	7124	TNF	hsa:7124	KEGG:hsa05164	hsa05164	KEGG
KEGG_PARTICIPATION:7124|hsa05165	7124	TNF	hsa:7124	KEGG:hsa05165	hsa05165	KEGG
KEGG_PARTICIPATION:7124|hsa05166	7124	TNF	hsa:7124	KEGG:hsa05166	hsa05166	KEGG
KEGG_PARTICIPATION:7124|hsa05168	7124	TNF	hsa:7124	KEGG:hsa05168	hsa05168	KEGG
KEGG_PARTICIPATION:7124|hsa05169	7124	TNF	hsa:7124	KEGG:hsa05169	hsa05169	KEGG
KEGG_PARTICIPATION:7124|hsa05170	7124	TNF	hsa:7124	KEGG:hsa05170	hsa05170	KEGG
KEGG_PARTICIPATION:7124|hsa05171	7124	TNF	hsa:7124	KEGG:hsa05171	hsa05171	KEGG
KEGG_PARTICIPATION:7124|hsa05205	7124	TNF	hsa:7124	KEGG:hsa05205	hsa05205	KEGG
KEGG_PARTICIPATION:7124|hsa05310	7124	TNF	hsa:7124	KEGG:hsa05310	hsa05310	KEGG
KEGG_PARTICIPATION:7124|hsa05321	7124	TNF	hsa:7124	KEGG:hsa05321	hsa05321	KEGG
KEGG_PARTICIPATION:7124|hsa05322	7124	TNF	hsa:7124	KEGG:hsa05322	hsa05322	KEGG
KEGG_PARTICIPATION:7124|hsa05323	7124	TNF	hsa:7124	KEGG:hsa05323	hsa05323	KEGG
KEGG_PARTICIPATION:7124|hsa05330	7124	TNF	hsa:7124	KEGG:hsa05330	hsa05330	KEGG
KEGG_PARTICIPATION:7124|hsa05332	7124	TNF	hsa:7124	KEGG:hsa05332	hsa05332	KEGG
KEGG_PARTICIPATION:7124|hsa05410	7124	TNF	hsa:7124	KEGG:hsa05410	hsa05410	KEGG
KEGG_PARTICIPATION:7124|hsa05414	7124	TNF	hsa:7124	KEGG:hsa05414	hsa05414	KEGG
KEGG_PARTICIPATION:7124|hsa05417	7124	TNF	hsa:7124	KEGG:hsa05417	hsa05417	KEGG
KEGG_PARTICIPATION:7124|hsa05418	7124	TNF	hsa:7124	KEGG:hsa05418	hsa05418	KEGG
KEGG_PARTICIPATION:7133|hsa04060	7133	TNFRSF1B	hsa:7133	KEGG:hsa04060	hsa04060	KEGG
KEGG_PARTICIPATION:7133|hsa04061	7133	TNFRSF1B	hsa:7133	KEGG:hsa04061	hsa04061	KEGG
KEGG_PARTICIPATION:7133|hsa04668	7133	TNFRSF1B	hsa:7133	KEGG:hsa04668	hsa04668	KEGG
KEGG_PARTICIPATION:7133|hsa04920	7133	TNFRSF1B	hsa:7133	KEGG:hsa04920	hsa04920	KEGG
KEGG_PARTICIPATION:7133|hsa05014	7133	TNFRSF1B	hsa:7133	KEGG:hsa05014	hsa05014	KEGG
KEGG_PARTICIPATION:7133|hsa05022	7133	TNFRSF1B	hsa:7133	KEGG:hsa05022	hsa05022	KEGG
KEGG_PARTICIPATION:7133|hsa05170	7133	TNFRSF1B	hsa:7133	KEGG:hsa05170	hsa05170	KEGG
KEGG_PARTICIPATION:713|hsa04148	713	C1QB	hsa:713	KEGG:hsa04148	hsa04148	KEGG
KEGG_PARTICIPATION:713|hsa04610	713	C1QB	hsa:713	KEGG:hsa04610	hsa04610	KEGG
KEGG_PARTICIPATION:713|hsa04936	713	C1QB	hsa:713	KEGG:hsa04936	hsa04936	KEGG
KEGG_PARTICIPATION:713|hsa05020	713	C1QB	hsa:713	KEGG:hsa05020	hsa05020	KEGG
KEGG_PARTICIPATION:713|hsa05133	713	C1QB	hsa:713	KEGG:hsa05133	hsa05133	KEGG
KEGG_PARTICIPATION:713|hsa05142	713	C1QB	hsa:713	KEGG:hsa05142	hsa05142	KEGG
KEGG_PARTICIPATION:713|hsa05150	713	C1QB	hsa:713	KEGG:hsa05150	hsa05150	KEGG
KEGG_PARTICIPATION:713|hsa05171	713	C1QB	hsa:713	KEGG:hsa05171	hsa05171	KEGG
KEGG_PARTICIPATION:713|hsa05322	713	C1QB	hsa:713	KEGG:hsa05322	hsa05322	KEGG
KEGG_PARTICIPATION:714|hsa04148	714	C1QC	hsa:714	KEGG:hsa04148	hsa04148	KEGG
KEGG_PARTICIPATION:714|hsa04610	714	C1QC	hsa:714	KEGG:hsa04610	hsa04610	KEGG
KEGG_PARTICIPATION:714|hsa04936	714	C1QC	hsa:714	KEGG:hsa04936	hsa04936	KEGG
KEGG_PARTICIPATION:714|hsa05020	714	C1QC	hsa:714	KEGG:hsa05020	hsa05020	KEGG
KEGG_PARTICIPATION:714|hsa05133	714	C1QC	hsa:714	KEGG:hsa05133	hsa05133	KEGG
KEGG_PARTICIPATION:714|hsa05142	714	C1QC	hsa:714	KEGG:hsa05142	hsa05142	KEGG
KEGG_PARTICIPATION:714|hsa05150	714	C1QC	hsa:714	KEGG:hsa05150	hsa05150	KEGG
KEGG_PARTICIPATION:714|hsa05171	714	C1QC	hsa:714	KEGG:hsa05171	hsa05171	KEGG
KEGG_PARTICIPATION:714|hsa05322	714	C1QC	hsa:714	KEGG:hsa05322	hsa05322	KEGG
KEGG_PARTICIPATION:7153|hsa01524	7153	TOP2A	hsa:7153	KEGG:hsa01524	hsa01524	KEGG
KEGG_PARTICIPATION:7157|hsa01522	7157	TP53	hsa:7157	KEGG:hsa01522	hsa01522	KEGG
KEGG_PARTICIPATION:7157|hsa01524	7157	TP53	hsa:7157	KEGG:hsa01524	hsa01524	KEGG
KEGG_PARTICIPATION:7157|hsa04010	7157	TP53	hsa:7157	KEGG:hsa04010	hsa04010	KEGG
KEGG_PARTICIPATION:7157|hsa04071	7157	TP53	hsa:7157	KEGG:hsa04071	hsa04071	KEGG
KEGG_PARTICIPATION:7157|hsa04110	7157	TP53	hsa:7157	KEGG:hsa04110	hsa04110	KEGG
KEGG_PARTICIPATION:7157|hsa04115	7157	TP53	hsa:7157	KEGG:hsa04115	hsa04115	KEGG
KEGG_PARTICIPATION:7157|hsa04137	7157	TP53	hsa:7157	KEGG:hsa04137	hsa04137	KEGG
KEGG_PARTICIPATION:7157|hsa04151	7157	TP53	hsa:7157	KEGG:hsa04151	hsa04151	KEGG
KEGG_PARTICIPATION:7157|hsa04210	7157	TP53	hsa:7157	KEGG:hsa04210	hsa04210	KEGG
KEGG_PARTICIPATION:7157|hsa04211	7157	TP53	hsa:7157	KEGG:hsa04211	hsa04211	KEGG
KEGG_PARTICIPATION:7157|hsa04216	7157	TP53	hsa:7157	KEGG:hsa04216	hsa04216	KEGG
KEGG_PARTICIPATION:7157|hsa04218	7157	TP53	hsa:7157	KEGG:hsa04218	hsa04218	KEGG
KEGG_PARTICIPATION:7157|hsa04310	7157	TP53	hsa:7157	KEGG:hsa04310	hsa04310	KEGG
KEGG_PARTICIPATION:7157|hsa04722	7157	TP53	hsa:7157	KEGG:hsa04722	hsa04722	KEGG
KEGG_PARTICIPATION:7157|hsa04919	7157	TP53	hsa:7157	KEGG:hsa04919	hsa04919	KEGG
KEGG_PARTICIPATION:7157|hsa05012	7157	TP53	hsa:7157	KEGG:hsa05012	hsa05012	KEGG
KEGG_PARTICIPATION:7157|hsa05014	7157	TP53	hsa:7157	KEGG:hsa05014	hsa05014	KEGG
KEGG_PARTICIPATION:7157|hsa05016	7157	TP53	hsa:7157	KEGG:hsa05016	hsa05016	KEGG
KEGG_PARTICIPATION:7157|hsa05131	7157	TP53	hsa:7157	KEGG:hsa05131	hsa05131	KEGG
KEGG_PARTICIPATION:7157|hsa05160	7157	TP53	hsa:7157	KEGG:hsa05160	hsa05160	KEGG
KEGG_PARTICIPATION:7157|hsa05161	7157	TP53	hsa:7157	KEGG:hsa05161	hsa05161	KEGG
KEGG_PARTICIPATION:7157|hsa05162	7157	TP53	hsa:7157	KEGG:hsa05162	hsa05162	KEGG
KEGG_PARTICIPATION:7157|hsa05163	7157	TP53	hsa:7157	KEGG:hsa05163	hsa05163	KEGG
KEGG_PARTICIPATION:7157|hsa05165	7157	TP53	hsa:7157	KEGG:hsa05165	hsa05165	KEGG
KEGG_PARTICIPATION:7157|hsa05166	7157	TP53	hsa:7157	KEGG:hsa05166	hsa05166	KEGG
KEGG_PARTICIPATION:7157|hsa05167	7157	TP53	hsa:7157	KEGG:hsa05167	hsa05167	KEGG
KEGG_PARTICIPATION:7157|hsa05168	7157	TP53	hsa:7157	KEGG:hsa05168	hsa05168	KEGG
KEGG_PARTICIPATION:7157|hsa05169	7157	TP53	hsa:7157	KEGG:hsa05169	hsa05169	KEGG
KEGG_PARTICIPATION:7157|hsa05200	7157	TP53	hsa:7157	KEGG:hsa05200	hsa05200	KEGG
KEGG_PARTICIPATION:7157|hsa05202	7157	TP53	hsa:7157	KEGG:hsa05202	hsa05202	KEGG
KEGG_PARTICIPATION:7157|hsa05203	7157	TP53	hsa:7157	KEGG:hsa05203	hsa05203	KEGG
KEGG_PARTICIPATION:7157|hsa05205	7157	TP53	hsa:7157	KEGG:hsa05205	hsa05205	KEGG
KEGG_PARTICIPATION:7157|hsa05206	7157	TP53	hsa:7157	KEGG:hsa05206	hsa05206	KEGG
KEGG_PARTICIPATION:7157|hsa05210	7157	TP53	hsa:7157	KEGG:hsa05210	hsa05210	KEGG
KEGG_PARTICIPATION:7157|hsa05212	7157	TP53	hsa:7157	KEGG:hsa05212	hsa05212	KEGG
KEGG_PARTICIPATION:7157|hsa05213	7157	TP53	hsa:7157	KEGG:hsa05213	hsa05213	KEGG
KEGG_PARTICIPATION:7157|hsa05214	7157	TP53	hsa:7157	KEGG:hsa05214	hsa05214	KEGG
KEGG_PARTICIPATION:7157|hsa05215	7157	TP53	hsa:7157	KEGG:hsa05215	hsa05215	KEGG
KEGG_PARTICIPATION:7157|hsa05216	7157	TP53	hsa:7157	KEGG:hsa05216	hsa05216	KEGG
KEGG_PARTICIPATION:7157|hsa05217	7157	TP53	hsa:7157	KEGG:hsa05217	hsa05217	KEGG
KEGG_PARTICIPATION:7157|hsa05218	7157	TP53	hsa:7157	KEGG:hsa05218	hsa05218	KEGG
KEGG_PARTICIPATION:7157|hsa05219	7157	TP53	hsa:7157	KEGG:hsa05219	hsa05219	KEGG
KEGG_PARTICIPATION:7157|hsa05220	7157	TP53	hsa:7157	KEGG:hsa05220	hsa05220	KEGG
KEGG_PARTICIPATION:7157|hsa05222	7157	TP53	hsa:7157	KEGG:hsa05222	hsa05222	KEGG
KEGG_PARTICIPATION:7157|hsa05223	7157	TP53	hsa:7157	KEGG:hsa05223	hsa05223	KEGG
KEGG_PARTICIPATION:7157|hsa05224	7157	TP53	hsa:7157	KEGG:hsa05224	hsa05224	KEGG
KEGG_PARTICIPATION:7157|hsa05225	7157	TP53	hsa:7157	KEGG:hsa05225	hsa05225	KEGG
KEGG_PARTICIPATION:7157|hsa05226	7157	TP53	hsa:7157	KEGG:hsa05226	hsa05226	KEGG
KEGG_PARTICIPATION:7157|hsa05230	7157	TP53	hsa:7157	KEGG:hsa05230	hsa05230	KEGG
KEGG_PARTICIPATION:7157|hsa05417	7157	TP53	hsa:7157	KEGG:hsa05417	hsa05417	KEGG
KEGG_PARTICIPATION:7157|hsa05418	7157	TP53	hsa:7157	KEGG:hsa05418	hsa05418	KEGG
KEGG_PARTICIPATION:7248|hsa04072	7248	TSC1	hsa:7248	KEGG:hsa04072	hsa04072	KEGG
KEGG_PARTICIPATION:7248|hsa04140	7248	TSC1	hsa:7248	KEGG:hsa04140	hsa04140	KEGG
KEGG_PARTICIPATION:7248|hsa04150	7248	TSC1	hsa:7248	KEGG:hsa04150	hsa04150	KEGG
KEGG_PARTICIPATION:7248|hsa04151	7248	TSC1	hsa:7248	KEGG:hsa04151	hsa04151	KEGG
KEGG_PARTICIPATION:7248|hsa04152	7248	TSC1	hsa:7248	KEGG:hsa04152	hsa04152	KEGG
KEGG_PARTICIPATION:7248|hsa04211	7248	TSC1	hsa:7248	KEGG:hsa04211	hsa04211	KEGG
KEGG_PARTICIPATION:7248|hsa04218	7248	TSC1	hsa:7248	KEGG:hsa04218	hsa04218	KEGG
KEGG_PARTICIPATION:7248|hsa04714	7248	TSC1	hsa:7248	KEGG:hsa04714	hsa04714	KEGG
KEGG_PARTICIPATION:7248|hsa04910	7248	TSC1	hsa:7248	KEGG:hsa04910	hsa04910	KEGG
KEGG_PARTICIPATION:7248|hsa05163	7248	TSC1	hsa:7248	KEGG:hsa05163	hsa05163	KEGG
KEGG_PARTICIPATION:7248|hsa05165	7248	TSC1	hsa:7248	KEGG:hsa05165	hsa05165	KEGG
KEGG_PARTICIPATION:7248|hsa05168	7248	TSC1	hsa:7248	KEGG:hsa05168	hsa05168	KEGG
KEGG_PARTICIPATION:7248|hsa05231	7248	TSC1	hsa:7248	KEGG:hsa05231	hsa05231	KEGG
KEGG_PARTICIPATION:7263|hsa00270	7263	TST	hsa:7263	KEGG:hsa00270	hsa00270	KEGG
KEGG_PARTICIPATION:7263|hsa00920	7263	TST	hsa:7263	KEGG:hsa00920	hsa00920	KEGG
KEGG_PARTICIPATION:7263|hsa01100	7263	TST	hsa:7263	KEGG:hsa01100	hsa01100	KEGG
KEGG_PARTICIPATION:7263|hsa04122	7263	TST	hsa:7263	KEGG:hsa04122	hsa04122	KEGG
KEGG_PARTICIPATION:7272|hsa04110	7272	TTK	hsa:7272	KEGG:hsa04110	hsa04110	KEGG
KEGG_PARTICIPATION:727|hsa04080	727	C5	hsa:727	KEGG:hsa04080	hsa04080	KEGG
KEGG_PARTICIPATION:727|hsa04610	727	C5	hsa:727	KEGG:hsa04610	hsa04610	KEGG
KEGG_PARTICIPATION:727|hsa04613	727	C5	hsa:727	KEGG:hsa04613	hsa04613	KEGG
KEGG_PARTICIPATION:727|hsa04810	727	C5	hsa:727	KEGG:hsa04810	hsa04810	KEGG
KEGG_PARTICIPATION:727|hsa04936	727	C5	hsa:727	KEGG:hsa04936	hsa04936	KEGG
KEGG_PARTICIPATION:727|hsa05020	727	C5	hsa:727	KEGG:hsa05020	hsa05020	KEGG
KEGG_PARTICIPATION:727|hsa05133	727	C5	hsa:727	KEGG:hsa05133	hsa05133	KEGG
KEGG_PARTICIPATION:727|hsa05150	727	C5	hsa:727	KEGG:hsa05150	hsa05150	KEGG
KEGG_PARTICIPATION:727|hsa05168	727	C5	hsa:727	KEGG:hsa05168	hsa05168	KEGG
KEGG_PARTICIPATION:727|hsa05171	727	C5	hsa:727	KEGG:hsa05171	hsa05171	KEGG
KEGG_PARTICIPATION:727|hsa05322	727	C5	hsa:727	KEGG:hsa05322	hsa05322	KEGG
KEGG_PARTICIPATION:729230|hsa04060	729230	CCR2	hsa:729230	KEGG:hsa04060	hsa04060	KEGG
KEGG_PARTICIPATION:729230|hsa04061	729230	CCR2	hsa:729230	KEGG:hsa04061	hsa04061	KEGG
KEGG_PARTICIPATION:729230|hsa04062	729230	CCR2	hsa:729230	KEGG:hsa04062	hsa04062	KEGG
KEGG_PARTICIPATION:7298|hsa00240	7298	TYMS	hsa:7298	KEGG:hsa00240	hsa00240	KEGG
KEGG_PARTICIPATION:7298|hsa00670	7298	TYMS	hsa:7298	KEGG:hsa00670	hsa00670	KEGG
KEGG_PARTICIPATION:7298|hsa01100	7298	TYMS	hsa:7298	KEGG:hsa01100	hsa01100	KEGG
KEGG_PARTICIPATION:7298|hsa01232	7298	TYMS	hsa:7298	KEGG:hsa01232	hsa01232	KEGG
KEGG_PARTICIPATION:7298|hsa01523	7298	TYMS	hsa:7298	KEGG:hsa01523	hsa01523	KEGG
KEGG_PARTICIPATION:7298|hsa04981	7298	TYMS	hsa:7298	KEGG:hsa04981	hsa04981	KEGG
KEGG_PARTICIPATION:7325|hsa04120	7325	UBE2E2	hsa:7325	KEGG:hsa04120	hsa04120	KEGG
KEGG_PARTICIPATION:7345|hsa05012	7345	UCHL1	hsa:7345	KEGG:hsa05012	hsa05012	KEGG
KEGG_PARTICIPATION:7345|hsa05022	7345	UCHL1	hsa:7345	KEGG:hsa05022	hsa05022	KEGG
KEGG_PARTICIPATION:735|hsa04610	735	C9	hsa:735	KEGG:hsa04610	hsa04610	KEGG
KEGG_PARTICIPATION:735|hsa04810	735	C9	hsa:735	KEGG:hsa04810	hsa04810	KEGG
KEGG_PARTICIPATION:735|hsa05020	735	C9	hsa:735	KEGG:hsa05020	hsa05020	KEGG
KEGG_PARTICIPATION:735|hsa05146	735	C9	hsa:735	KEGG:hsa05146	hsa05146	KEGG
KEGG_PARTICIPATION:735|hsa05171	735	C9	hsa:735	KEGG:hsa05171	hsa05171	KEGG
KEGG_PARTICIPATION:735|hsa05322	735	C9	hsa:735	KEGG:hsa05322	hsa05322	KEGG
KEGG_PARTICIPATION:7372|hsa00240	7372	UMPS	hsa:7372	KEGG:hsa00240	hsa00240	KEGG
KEGG_PARTICIPATION:7372|hsa00983	7372	UMPS	hsa:7372	KEGG:hsa00983	hsa00983	KEGG
KEGG_PARTICIPATION:7372|hsa01100	7372	UMPS	hsa:7372	KEGG:hsa01100	hsa01100	KEGG
KEGG_PARTICIPATION:7372|hsa01240	7372	UMPS	hsa:7372	KEGG:hsa01240	hsa01240	KEGG
KEGG_PARTICIPATION:7376|hsa04148	7376	NR1H2	hsa:7376	KEGG:hsa04148	hsa04148	KEGG
KEGG_PARTICIPATION:7376|hsa04931	7376	NR1H2	hsa:7376	KEGG:hsa04931	hsa04931	KEGG
KEGG_PARTICIPATION:7403|hsa05202	7403	KDM6A	hsa:7403	KEGG:hsa05202	hsa05202	KEGG
KEGG_PARTICIPATION:7412|hsa04064	7412	VCAM1	hsa:7412	KEGG:hsa04064	hsa04064	KEGG
KEGG_PARTICIPATION:7412|hsa04514	7412	VCAM1	hsa:7412	KEGG:hsa04514	hsa04514	KEGG
KEGG_PARTICIPATION:7412|hsa04518	7412	VCAM1	hsa:7412	KEGG:hsa04518	hsa04518	KEGG
KEGG_PARTICIPATION:7412|hsa04668	7412	VCAM1	hsa:7412	KEGG:hsa04668	hsa04668	KEGG
KEGG_PARTICIPATION:7412|hsa04670	7412	VCAM1	hsa:7412	KEGG:hsa04670	hsa04670	KEGG
KEGG_PARTICIPATION:7412|hsa04933	7412	VCAM1	hsa:7412	KEGG:hsa04933	hsa04933	KEGG
KEGG_PARTICIPATION:7412|hsa05143	7412	VCAM1	hsa:7412	KEGG:hsa05143	hsa05143	KEGG
KEGG_PARTICIPATION:7412|hsa05144	7412	VCAM1	hsa:7412	KEGG:hsa05144	hsa05144	KEGG
KEGG_PARTICIPATION:7412|hsa05417	7412	VCAM1	hsa:7412	KEGG:hsa05417	hsa05417	KEGG
KEGG_PARTICIPATION:7412|hsa05418	7412	VCAM1	hsa:7412	KEGG:hsa05418	hsa05418	KEGG
KEGG_PARTICIPATION:7421|hsa04928	7421	VDR	hsa:7421	KEGG:hsa04928	hsa04928	KEGG
KEGG_PARTICIPATION:7421|hsa04961	7421	VDR	hsa:7421	KEGG:hsa04961	hsa04961	KEGG
KEGG_PARTICIPATION:7421|hsa04978	7421	VDR	hsa:7421	KEGG:hsa04978	hsa04978	KEGG
KEGG_PARTICIPATION:7421|hsa05152	7421	VDR	hsa:7421	KEGG:hsa05152	hsa05152	KEGG
KEGG_PARTICIPATION:7421|hsa05207	7421	VDR	hsa:7421	KEGG:hsa05207	hsa05207	KEGG
KEGG_PARTICIPATION:7422|hsa01521	7422	VEGFA	hsa:7422	KEGG:hsa01521	hsa01521	KEGG
KEGG_PARTICIPATION:7422|hsa04010	7422	VEGFA	hsa:7422	KEGG:hsa04010	hsa04010	KEGG
KEGG_PARTICIPATION:7422|hsa04014	7422	VEGFA	hsa:7422	KEGG:hsa04014	hsa04014	KEGG
KEGG_PARTICIPATION:7422|hsa04015	7422	VEGFA	hsa:7422	KEGG:hsa04015	hsa04015	KEGG
KEGG_PARTICIPATION:7422|hsa04020	7422	VEGFA	hsa:7422	KEGG:hsa04020	hsa04020	KEGG
KEGG_PARTICIPATION:7422|hsa04066	7422	VEGFA	hsa:7422	KEGG:hsa04066	hsa04066	KEGG
KEGG_PARTICIPATION:7422|hsa04151	7422	VEGFA	hsa:7422	KEGG:hsa04151	hsa04151	KEGG
KEGG_PARTICIPATION:7422|hsa04370	7422	VEGFA	hsa:7422	KEGG:hsa04370	hsa04370	KEGG
KEGG_PARTICIPATION:7422|hsa04510	7422	VEGFA	hsa:7422	KEGG:hsa04510	hsa04510	KEGG
KEGG_PARTICIPATION:7422|hsa04518	7422	VEGFA	hsa:7422	KEGG:hsa04518	hsa04518	KEGG
KEGG_PARTICIPATION:7422|hsa04926	7422	VEGFA	hsa:7422	KEGG:hsa04926	hsa04926	KEGG
KEGG_PARTICIPATION:7422|hsa04933	7422	VEGFA	hsa:7422	KEGG:hsa04933	hsa04933	KEGG
KEGG_PARTICIPATION:7422|hsa05163	7422	VEGFA	hsa:7422	KEGG:hsa05163	hsa05163	KEGG
KEGG_PARTICIPATION:7422|hsa05165	7422	VEGFA	hsa:7422	KEGG:hsa05165	hsa05165	KEGG
KEGG_PARTICIPATION:7422|hsa05167	7422	VEGFA	hsa:7422	KEGG:hsa05167	hsa05167	KEGG
KEGG_PARTICIPATION:7422|hsa05200	7422	VEGFA	hsa:7422	KEGG:hsa05200	hsa05200	KEGG
KEGG_PARTICIPATION:7422|hsa05205	7422	VEGFA	hsa:7422	KEGG:hsa05205	hsa05205	KEGG
KEGG_PARTICIPATION:7422|hsa05206	7422	VEGFA	hsa:7422	KEGG:hsa05206	hsa05206	KEGG
KEGG_PARTICIPATION:7422|hsa05207	7422	VEGFA	hsa:7422	KEGG:hsa05207	hsa05207	KEGG
KEGG_PARTICIPATION:7422|hsa05208	7422	VEGFA	hsa:7422	KEGG:hsa05208	hsa05208	KEGG
KEGG_PARTICIPATION:7422|hsa05211	7422	VEGFA	hsa:7422	KEGG:hsa05211	hsa05211	KEGG
KEGG_PARTICIPATION:7422|hsa05212	7422	VEGFA	hsa:7422	KEGG:hsa05212	hsa05212	KEGG
KEGG_PARTICIPATION:7422|hsa05219	7422	VEGFA	hsa:7422	KEGG:hsa05219	hsa05219	KEGG
KEGG_PARTICIPATION:7422|hsa05323	7422	VEGFA	hsa:7422	KEGG:hsa05323	hsa05323	KEGG
KEGG_PARTICIPATION:7422|hsa05418	7422	VEGFA	hsa:7422	KEGG:hsa05418	hsa05418	KEGG
KEGG_PARTICIPATION:7423|hsa04010	7423	VEGFB	hsa:7423	KEGG:hsa04010	hsa04010	KEGG
KEGG_PARTICIPATION:7423|hsa04014	7423	VEGFB	hsa:7423	KEGG:hsa04014	hsa04014	KEGG
KEGG_PARTICIPATION:7423|hsa04015	7423	VEGFB	hsa:7423	KEGG:hsa04015	hsa04015	KEGG
KEGG_PARTICIPATION:7423|hsa04020	7423	VEGFB	hsa:7423	KEGG:hsa04020	hsa04020	KEGG
KEGG_PARTICIPATION:7423|hsa04151	7423	VEGFB	hsa:7423	KEGG:hsa04151	hsa04151	KEGG
KEGG_PARTICIPATION:7423|hsa04510	7423	VEGFB	hsa:7423	KEGG:hsa04510	hsa04510	KEGG
KEGG_PARTICIPATION:7423|hsa04518	7423	VEGFB	hsa:7423	KEGG:hsa04518	hsa04518	KEGG
KEGG_PARTICIPATION:7423|hsa04926	7423	VEGFB	hsa:7423	KEGG:hsa04926	hsa04926	KEGG
KEGG_PARTICIPATION:7423|hsa04933	7423	VEGFB	hsa:7423	KEGG:hsa04933	hsa04933	KEGG
KEGG_PARTICIPATION:7423|hsa05200	7423	VEGFB	hsa:7423	KEGG:hsa05200	hsa05200	KEGG
KEGG_PARTICIPATION:7431|hsa04519	7431	VIM	hsa:7431	KEGG:hsa04519	hsa04519	KEGG
KEGG_PARTICIPATION:7431|hsa04820	7431	VIM	hsa:7431	KEGG:hsa04820	hsa04820	KEGG
KEGG_PARTICIPATION:7431|hsa05169	7431	VIM	hsa:7431	KEGG:hsa05169	hsa05169	KEGG
KEGG_PARTICIPATION:7431|hsa05206	7431	VIM	hsa:7431	KEGG:hsa05206	hsa05206	KEGG
KEGG_PARTICIPATION:7433|hsa04080	7433	VIPR1	hsa:7433	KEGG:hsa04080	hsa04080	KEGG
KEGG_PARTICIPATION:7433|hsa04081	7433	VIPR1	hsa:7433	KEGG:hsa04081	hsa04081	KEGG
KEGG_PARTICIPATION:7436|hsa05017	7436	VLDLR	hsa:7436	KEGG:hsa05017	hsa05017	KEGG
KEGG_PARTICIPATION:7436|hsa05417	7436	VLDLR	hsa:7436	KEGG:hsa05417	hsa05417	KEGG
KEGG_PARTICIPATION:7448|hsa04151	7448	VTN	hsa:7448	KEGG:hsa04151	hsa04151	KEGG
KEGG_PARTICIPATION:7448|hsa04510	7448	VTN	hsa:7448	KEGG:hsa04510	hsa04510	KEGG
KEGG_PARTICIPATION:7448|hsa04512	7448	VTN	hsa:7448	KEGG:hsa04512	hsa04512	KEGG
KEGG_PARTICIPATION:7448|hsa04518	7448	VTN	hsa:7448	KEGG:hsa04518	hsa04518	KEGG
KEGG_PARTICIPATION:7448|hsa04610	7448	VTN	hsa:7448	KEGG:hsa04610	hsa04610	KEGG
KEGG_PARTICIPATION:7448|hsa05165	7448	VTN	hsa:7448	KEGG:hsa05165	hsa05165	KEGG
KEGG_PARTICIPATION:7448|hsa05205	7448	VTN	hsa:7448	KEGG:hsa05205	hsa05205	KEGG
KEGG_PARTICIPATION:7472|hsa04150	7472	WNT2	hsa:7472	KEGG:hsa04150	hsa04150	KEGG
KEGG_PARTICIPATION:7472|hsa04310	7472	WNT2	hsa:7472	KEGG:hsa04310	hsa04310	KEGG
KEGG_PARTICIPATION:7472|hsa04390	7472	WNT2	hsa:7472	KEGG:hsa04390	hsa04390	KEGG
KEGG_PARTICIPATION:7472|hsa04519	7472	WNT2	hsa:7472	KEGG:hsa04519	hsa04519	KEGG
KEGG_PARTICIPATION:7472|hsa04550	7472	WNT2	hsa:7472	KEGG:hsa04550	hsa04550	KEGG
KEGG_PARTICIPATION:7472|hsa04916	7472	WNT2	hsa:7472	KEGG:hsa04916	hsa04916	KEGG
KEGG_PARTICIPATION:7472|hsa04934	7472	WNT2	hsa:7472	KEGG:hsa04934	hsa04934	KEGG
KEGG_PARTICIPATION:7472|hsa05010	7472	WNT2	hsa:7472	KEGG:hsa05010	hsa05010	KEGG
KEGG_PARTICIPATION:7472|hsa05022	7472	WNT2	hsa:7472	KEGG:hsa05022	hsa05022	KEGG
KEGG_PARTICIPATION:7472|hsa05165	7472	WNT2	hsa:7472	KEGG:hsa05165	hsa05165	KEGG
KEGG_PARTICIPATION:7472|hsa05200	7472	WNT2	hsa:7472	KEGG:hsa05200	hsa05200	KEGG
KEGG_PARTICIPATION:7472|hsa05205	7472	WNT2	hsa:7472	KEGG:hsa05205	hsa05205	KEGG
KEGG_PARTICIPATION:7472|hsa05217	7472	WNT2	hsa:7472	KEGG:hsa05217	hsa05217	KEGG
KEGG_PARTICIPATION:7472|hsa05224	7472	WNT2	hsa:7472	KEGG:hsa05224	hsa05224	KEGG
KEGG_PARTICIPATION:7472|hsa05225	7472	WNT2	hsa:7472	KEGG:hsa05225	hsa05225	KEGG
KEGG_PARTICIPATION:7472|hsa05226	7472	WNT2	hsa:7472	KEGG:hsa05226	hsa05226	KEGG
KEGG_PARTICIPATION:7494|hsa04141	7494	XBP1	hsa:7494	KEGG:hsa04141	hsa04141	KEGG
KEGG_PARTICIPATION:7494|hsa04932	7494	XBP1	hsa:7494	KEGG:hsa04932	hsa04932	KEGG
KEGG_PARTICIPATION:7494|hsa05010	7494	XBP1	hsa:7494	KEGG:hsa05010	hsa05010	KEGG
KEGG_PARTICIPATION:7494|hsa05012	7494	XBP1	hsa:7494	KEGG:hsa05012	hsa05012	KEGG
KEGG_PARTICIPATION:7494|hsa05014	7494	XBP1	hsa:7494	KEGG:hsa05014	hsa05014	KEGG
KEGG_PARTICIPATION:7494|hsa05017	7494	XBP1	hsa:7494	KEGG:hsa05017	hsa05017	KEGG
KEGG_PARTICIPATION:7494|hsa05022	7494	XBP1	hsa:7494	KEGG:hsa05022	hsa05022	KEGG
KEGG_PARTICIPATION:7494|hsa05417	7494	XBP1	hsa:7494	KEGG:hsa05417	hsa05417	KEGG
KEGG_PARTICIPATION:7514|hsa03008	7514	XPO1	hsa:7514	KEGG:hsa03008	hsa03008	KEGG
KEGG_PARTICIPATION:7514|hsa03013	7514	XPO1	hsa:7514	KEGG:hsa03013	hsa03013	KEGG
KEGG_PARTICIPATION:7514|hsa03250	7514	XPO1	hsa:7514	KEGG:hsa03250	hsa03250	KEGG
KEGG_PARTICIPATION:7514|hsa05164	7514	XPO1	hsa:7514	KEGG:hsa05164	hsa05164	KEGG
KEGG_PARTICIPATION:7514|hsa05166	7514	XPO1	hsa:7514	KEGG:hsa05166	hsa05166	KEGG
KEGG_PARTICIPATION:7515|hsa03410	7515	XRCC1	hsa:7515	KEGG:hsa03410	hsa03410	KEGG
KEGG_PARTICIPATION:7538|hsa05166	7538	ZFP36	hsa:7538	KEGG:hsa05166	hsa05166	KEGG
KEGG_PARTICIPATION:7538|hsa05167	7538	ZFP36	hsa:7538	KEGG:hsa05167	hsa05167	KEGG
KEGG_PARTICIPATION:760|hsa00910	760	CA2	hsa:760	KEGG:hsa00910	hsa00910	KEGG
KEGG_PARTICIPATION:760|hsa01100	760	CA2	hsa:760	KEGG:hsa01100	hsa01100	KEGG
KEGG_PARTICIPATION:760|hsa04964	760	CA2	hsa:760	KEGG:hsa04964	hsa04964	KEGG
KEGG_PARTICIPATION:760|hsa04966	760	CA2	hsa:760	KEGG:hsa04966	hsa04966	KEGG
KEGG_PARTICIPATION:760|hsa04971	760	CA2	hsa:760	KEGG:hsa04971	hsa04971	KEGG
KEGG_PARTICIPATION:760|hsa04972	760	CA2	hsa:760	KEGG:hsa04972	hsa04972	KEGG
KEGG_PARTICIPATION:760|hsa04976	760	CA2	hsa:760	KEGG:hsa04976	hsa04976	KEGG
KEGG_PARTICIPATION:7832|hsa03018	7832	BTG2	hsa:7832	KEGG:hsa03018	hsa03018	KEGG
KEGG_PARTICIPATION:79602|hsa04081	79602	ADIPOR2	hsa:79602	KEGG:hsa04081	hsa04081	KEGG
KEGG_PARTICIPATION:79602|hsa04152	79602	ADIPOR2	hsa:79602	KEGG:hsa04152	hsa04152	KEGG
KEGG_PARTICIPATION:79602|hsa04211	79602	ADIPOR2	hsa:79602	KEGG:hsa04211	hsa04211	KEGG
KEGG_PARTICIPATION:79602|hsa04920	79602	ADIPOR2	hsa:79602	KEGG:hsa04920	hsa04920	KEGG
KEGG_PARTICIPATION:79602|hsa04932	79602	ADIPOR2	hsa:79602	KEGG:hsa04932	hsa04932	KEGG
KEGG_PARTICIPATION:79602|hsa04936	79602	ADIPOR2	hsa:79602	KEGG:hsa04936	hsa04936	KEGG
KEGG_PARTICIPATION:80168|hsa00561	80168	MOGAT2	hsa:80168	KEGG:hsa00561	hsa00561	KEGG
KEGG_PARTICIPATION:80168|hsa01100	80168	MOGAT2	hsa:80168	KEGG:hsa01100	hsa01100	KEGG
KEGG_PARTICIPATION:80168|hsa04975	80168	MOGAT2	hsa:80168	KEGG:hsa04975	hsa04975	KEGG
KEGG_PARTICIPATION:80339|hsa00561	80339	PNPLA3	hsa:80339	KEGG:hsa00561	hsa00561	KEGG
KEGG_PARTICIPATION:80339|hsa01100	80339	PNPLA3	hsa:80339	KEGG:hsa01100	hsa01100	KEGG
KEGG_PARTICIPATION:80381|hsa04514	80381	CD276	hsa:80381	KEGG:hsa04514	hsa04514	KEGG
KEGG_PARTICIPATION:811|hsa04141	811	CALR	hsa:811	KEGG:hsa04141	hsa04141	KEGG
KEGG_PARTICIPATION:811|hsa04145	811	CALR	hsa:811	KEGG:hsa04145	hsa04145	KEGG
KEGG_PARTICIPATION:811|hsa04148	811	CALR	hsa:811	KEGG:hsa04148	hsa04148	KEGG
KEGG_PARTICIPATION:811|hsa04612	811	CALR	hsa:811	KEGG:hsa04612	hsa04612	KEGG
KEGG_PARTICIPATION:811|hsa05142	811	CALR	hsa:811	KEGG:hsa05142	hsa05142	KEGG
KEGG_PARTICIPATION:811|hsa05163	811	CALR	hsa:811	KEGG:hsa05163	hsa05163	KEGG
KEGG_PARTICIPATION:811|hsa05166	811	CALR	hsa:811	KEGG:hsa05166	hsa05166	KEGG
KEGG_PARTICIPATION:811|hsa05168	811	CALR	hsa:811	KEGG:hsa05168	hsa05168	KEGG
KEGG_PARTICIPATION:811|hsa05169	811	CALR	hsa:811	KEGG:hsa05169	hsa05169	KEGG
KEGG_PARTICIPATION:811|hsa05170	811	CALR	hsa:811	KEGG:hsa05170	hsa05170	KEGG
KEGG_PARTICIPATION:8140|hsa04150	8140	SLC7A5	hsa:8140	KEGG:hsa04150	hsa04150	KEGG
KEGG_PARTICIPATION:8140|hsa05230	8140	SLC7A5	hsa:8140	KEGG:hsa05230	hsa05230	KEGG
KEGG_PARTICIPATION:81539|hsa04724	81539	SLC38A1	hsa:81539	KEGG:hsa04724	hsa04724	KEGG
KEGG_PARTICIPATION:81539|hsa04727	81539	SLC38A1	hsa:81539	KEGG:hsa04727	hsa04727	KEGG
KEGG_PARTICIPATION:81620|hsa04110	81620	CDT1	hsa:81620	KEGG:hsa04110	hsa04110	KEGG
KEGG_PARTICIPATION:81930|hsa04814	81930	KIF18A	hsa:81930	KEGG:hsa04814	hsa04814	KEGG
KEGG_PARTICIPATION:8289|hsa03082	8289	ARID1A	hsa:8289	KEGG:hsa03082	hsa03082	KEGG
KEGG_PARTICIPATION:8289|hsa04714	8289	ARID1A	hsa:8289	KEGG:hsa04714	hsa04714	KEGG
KEGG_PARTICIPATION:8289|hsa05225	8289	ARID1A	hsa:8289	KEGG:hsa05225	hsa05225	KEGG
KEGG_PARTICIPATION:8312|hsa04310	8312	AXIN1	hsa:8312	KEGG:hsa04310	hsa04310	KEGG
KEGG_PARTICIPATION:8312|hsa04390	8312	AXIN1	hsa:8312	KEGG:hsa04390	hsa04390	KEGG
KEGG_PARTICIPATION:8312|hsa04519	8312	AXIN1	hsa:8312	KEGG:hsa04519	hsa04519	KEGG
KEGG_PARTICIPATION:8312|hsa04550	8312	AXIN1	hsa:8312	KEGG:hsa04550	hsa04550	KEGG
KEGG_PARTICIPATION:8312|hsa04934	8312	AXIN1	hsa:8312	KEGG:hsa04934	hsa04934	KEGG
KEGG_PARTICIPATION:8312|hsa05010	8312	AXIN1	hsa:8312	KEGG:hsa05010	hsa05010	KEGG
KEGG_PARTICIPATION:8312|hsa05022	8312	AXIN1	hsa:8312	KEGG:hsa05022	hsa05022	KEGG
KEGG_PARTICIPATION:8312|hsa05165	8312	AXIN1	hsa:8312	KEGG:hsa05165	hsa05165	KEGG
KEGG_PARTICIPATION:8312|hsa05200	8312	AXIN1	hsa:8312	KEGG:hsa05200	hsa05200	KEGG
KEGG_PARTICIPATION:8312|hsa05210	8312	AXIN1	hsa:8312	KEGG:hsa05210	hsa05210	KEGG
KEGG_PARTICIPATION:8312|hsa05213	8312	AXIN1	hsa:8312	KEGG:hsa05213	hsa05213	KEGG
KEGG_PARTICIPATION:8312|hsa05217	8312	AXIN1	hsa:8312	KEGG:hsa05217	hsa05217	KEGG
KEGG_PARTICIPATION:8312|hsa05224	8312	AXIN1	hsa:8312	KEGG:hsa05224	hsa05224	KEGG
KEGG_PARTICIPATION:8312|hsa05225	8312	AXIN1	hsa:8312	KEGG:hsa05225	hsa05225	KEGG
KEGG_PARTICIPATION:8312|hsa05226	8312	AXIN1	hsa:8312	KEGG:hsa05226	hsa05226	KEGG
KEGG_PARTICIPATION:8318|hsa04110	8318	CDC45	hsa:8318	KEGG:hsa04110	hsa04110	KEGG
KEGG_PARTICIPATION:8405|hsa04340	8405	SPOP	hsa:8405	KEGG:hsa04340	hsa04340	KEGG
KEGG_PARTICIPATION:841|hsa01524	841	CASP8	hsa:841	KEGG:hsa01524	hsa01524	KEGG
KEGG_PARTICIPATION:841|hsa04115	841	CASP8	hsa:841	KEGG:hsa04115	hsa04115	KEGG
KEGG_PARTICIPATION:841|hsa04210	841	CASP8	hsa:841	KEGG:hsa04210	hsa04210	KEGG
KEGG_PARTICIPATION:841|hsa04215	841	CASP8	hsa:841	KEGG:hsa04215	hsa04215	KEGG
KEGG_PARTICIPATION:841|hsa04217	841	CASP8	hsa:841	KEGG:hsa04217	hsa04217	KEGG
KEGG_PARTICIPATION:841|hsa04620	841	CASP8	hsa:841	KEGG:hsa04620	hsa04620	KEGG
KEGG_PARTICIPATION:841|hsa04621	841	CASP8	hsa:841	KEGG:hsa04621	hsa04621	KEGG
KEGG_PARTICIPATION:841|hsa04622	841	CASP8	hsa:841	KEGG:hsa04622	hsa04622	KEGG
KEGG_PARTICIPATION:841|hsa04623	841	CASP8	hsa:841	KEGG:hsa04623	hsa04623	KEGG
KEGG_PARTICIPATION:841|hsa04625	841	CASP8	hsa:841	KEGG:hsa04625	hsa04625	KEGG
KEGG_PARTICIPATION:841|hsa04657	841	CASP8	hsa:841	KEGG:hsa04657	hsa04657	KEGG
KEGG_PARTICIPATION:841|hsa04668	841	CASP8	hsa:841	KEGG:hsa04668	hsa04668	KEGG
KEGG_PARTICIPATION:841|hsa04932	841	CASP8	hsa:841	KEGG:hsa04932	hsa04932	KEGG
KEGG_PARTICIPATION:841|hsa04936	841	CASP8	hsa:841	KEGG:hsa04936	hsa04936	KEGG
KEGG_PARTICIPATION:841|hsa05010	841	CASP8	hsa:841	KEGG:hsa05010	hsa05010	KEGG
KEGG_PARTICIPATION:841|hsa05016	841	CASP8	hsa:841	KEGG:hsa05016	hsa05016	KEGG
KEGG_PARTICIPATION:841|hsa05022	841	CASP8	hsa:841	KEGG:hsa05022	hsa05022	KEGG
KEGG_PARTICIPATION:841|hsa05130	841	CASP8	hsa:841	KEGG:hsa05130	hsa05130	KEGG
KEGG_PARTICIPATION:841|hsa05132	841	CASP8	hsa:841	KEGG:hsa05132	hsa05132	KEGG
KEGG_PARTICIPATION:841|hsa05134	841	CASP8	hsa:841	KEGG:hsa05134	hsa05134	KEGG
KEGG_PARTICIPATION:841|hsa05142	841	CASP8	hsa:841	KEGG:hsa05142	hsa05142	KEGG
KEGG_PARTICIPATION:841|hsa05145	841	CASP8	hsa:841	KEGG:hsa05145	hsa05145	KEGG
KEGG_PARTICIPATION:841|hsa05152	841	CASP8	hsa:841	KEGG:hsa05152	hsa05152	KEGG
KEGG_PARTICIPATION:841|hsa05160	841	CASP8	hsa:841	KEGG:hsa05160	hsa05160	KEGG
KEGG_PARTICIPATION:841|hsa05161	841	CASP8	hsa:841	KEGG:hsa05161	hsa05161	KEGG
KEGG_PARTICIPATION:841|hsa05162	841	CASP8	hsa:841	KEGG:hsa05162	hsa05162	KEGG
KEGG_PARTICIPATION:841|hsa05163	841	CASP8	hsa:841	KEGG:hsa05163	hsa05163	KEGG
KEGG_PARTICIPATION:841|hsa05164	841	CASP8	hsa:841	KEGG:hsa05164	hsa05164	KEGG
KEGG_PARTICIPATION:841|hsa05165	841	CASP8	hsa:841	KEGG:hsa05165	hsa05165	KEGG
KEGG_PARTICIPATION:841|hsa05167	841	CASP8	hsa:841	KEGG:hsa05167	hsa05167	KEGG
KEGG_PARTICIPATION:841|hsa05168	841	CASP8	hsa:841	KEGG:hsa05168	hsa05168	KEGG
KEGG_PARTICIPATION:841|hsa05169	841	CASP8	hsa:841	KEGG:hsa05169	hsa05169	KEGG
KEGG_PARTICIPATION:841|hsa05170	841	CASP8	hsa:841	KEGG:hsa05170	hsa05170	KEGG
KEGG_PARTICIPATION:841|hsa05200	841	CASP8	hsa:841	KEGG:hsa05200	hsa05200	KEGG
KEGG_PARTICIPATION:841|hsa05203	841	CASP8	hsa:841	KEGG:hsa05203	hsa05203	KEGG
KEGG_PARTICIPATION:841|hsa05416	841	CASP8	hsa:841	KEGG:hsa05416	hsa05416	KEGG
KEGG_PARTICIPATION:841|hsa05417	841	CASP8	hsa:841	KEGG:hsa05417	hsa05417	KEGG
KEGG_PARTICIPATION:8431|hsa04976	8431	NR0B2	hsa:8431	KEGG:hsa04976	hsa04976	KEGG
KEGG_PARTICIPATION:8435|hsa00100	8435	SOAT2	hsa:8435	KEGG:hsa00100	hsa00100	KEGG
KEGG_PARTICIPATION:8435|hsa04979	8435	SOAT2	hsa:8435	KEGG:hsa04979	hsa04979	KEGG
KEGG_PARTICIPATION:8438|hsa03440	8438	RAD54L	hsa:8438	KEGG:hsa03440	hsa03440	KEGG
KEGG_PARTICIPATION:84649|hsa00561	84649	DGAT2	hsa:84649	KEGG:hsa00561	hsa00561	KEGG
KEGG_PARTICIPATION:84649|hsa01100	84649	DGAT2	hsa:84649	KEGG:hsa01100	hsa01100	KEGG
KEGG_PARTICIPATION:84649|hsa04975	84649	DGAT2	hsa:84649	KEGG:hsa04975	hsa04975	KEGG
KEGG_PARTICIPATION:84735|hsa00330	84735	CNDP1	hsa:84735	KEGG:hsa00330	hsa00330	KEGG
KEGG_PARTICIPATION:84735|hsa00340	84735	CNDP1	hsa:84735	KEGG:hsa00340	hsa00340	KEGG
KEGG_PARTICIPATION:84735|hsa00410	84735	CNDP1	hsa:84735	KEGG:hsa00410	hsa00410	KEGG
KEGG_PARTICIPATION:84735|hsa01100	84735	CNDP1	hsa:84735	KEGG:hsa01100	hsa01100	KEGG
KEGG_PARTICIPATION:847|hsa00380	847	CAT	hsa:847	KEGG:hsa00380	hsa00380	KEGG
KEGG_PARTICIPATION:847|hsa00630	847	CAT	hsa:847	KEGG:hsa00630	hsa00630	KEGG
KEGG_PARTICIPATION:847|hsa01100	847	CAT	hsa:847	KEGG:hsa01100	hsa01100	KEGG
KEGG_PARTICIPATION:847|hsa01200	847	CAT	hsa:847	KEGG:hsa01200	hsa01200	KEGG
KEGG_PARTICIPATION:847|hsa04068	847	CAT	hsa:847	KEGG:hsa04068	hsa04068	KEGG
KEGG_PARTICIPATION:847|hsa04146	847	CAT	hsa:847	KEGG:hsa04146	hsa04146	KEGG
KEGG_PARTICIPATION:847|hsa04211	847	CAT	hsa:847	KEGG:hsa04211	hsa04211	KEGG
KEGG_PARTICIPATION:847|hsa04213	847	CAT	hsa:847	KEGG:hsa04213	hsa04213	KEGG
KEGG_PARTICIPATION:847|hsa05014	847	CAT	hsa:847	KEGG:hsa05014	hsa05014	KEGG
KEGG_PARTICIPATION:847|hsa05022	847	CAT	hsa:847	KEGG:hsa05022	hsa05022	KEGG
KEGG_PARTICIPATION:847|hsa05208	847	CAT	hsa:847	KEGG:hsa05208	hsa05208	KEGG
KEGG_PARTICIPATION:84868|hsa04148	84868	HAVCR2	hsa:84868	KEGG:hsa04148	hsa04148	KEGG
KEGG_PARTICIPATION:84870|hsa04310	84870	RSPO3	hsa:84870	KEGG:hsa04310	hsa04310	KEGG
KEGG_PARTICIPATION:8517|hsa01523	8517	IKBKG	hsa:8517	KEGG:hsa01523	hsa01523	KEGG
KEGG_PARTICIPATION:8517|hsa04010	8517	IKBKG	hsa:8517	KEGG:hsa04010	hsa04010	KEGG
KEGG_PARTICIPATION:8517|hsa04014	8517	IKBKG	hsa:8517	KEGG:hsa04014	hsa04014	KEGG
KEGG_PARTICIPATION:8517|hsa04062	8517	IKBKG	hsa:8517	KEGG:hsa04062	hsa04062	KEGG
KEGG_PARTICIPATION:8517|hsa04064	8517	IKBKG	hsa:8517	KEGG:hsa04064	hsa04064	KEGG
KEGG_PARTICIPATION:8517|hsa04151	8517	IKBKG	hsa:8517	KEGG:hsa04151	hsa04151	KEGG
KEGG_PARTICIPATION:8517|hsa04210	8517	IKBKG	hsa:8517	KEGG:hsa04210	hsa04210	KEGG
KEGG_PARTICIPATION:8517|hsa04380	8517	IKBKG	hsa:8517	KEGG:hsa04380	hsa04380	KEGG
KEGG_PARTICIPATION:8517|hsa04519	8517	IKBKG	hsa:8517	KEGG:hsa04519	hsa04519	KEGG
KEGG_PARTICIPATION:8517|hsa04620	8517	IKBKG	hsa:8517	KEGG:hsa04620	hsa04620	KEGG
KEGG_PARTICIPATION:8517|hsa04621	8517	IKBKG	hsa:8517	KEGG:hsa04621	hsa04621	KEGG
KEGG_PARTICIPATION:8517|hsa04622	8517	IKBKG	hsa:8517	KEGG:hsa04622	hsa04622	KEGG
KEGG_PARTICIPATION:8517|hsa04623	8517	IKBKG	hsa:8517	KEGG:hsa04623	hsa04623	KEGG
KEGG_PARTICIPATION:8517|hsa04625	8517	IKBKG	hsa:8517	KEGG:hsa04625	hsa04625	KEGG
KEGG_PARTICIPATION:8517|hsa04657	8517	IKBKG	hsa:8517	KEGG:hsa04657	hsa04657	KEGG
KEGG_PARTICIPATION:8517|hsa04658	8517	IKBKG	hsa:8517	KEGG:hsa04658	hsa04658	KEGG
KEGG_PARTICIPATION:8517|hsa04659	8517	IKBKG	hsa:8517	KEGG:hsa04659	hsa04659	KEGG
KEGG_PARTICIPATION:8517|hsa04660	8517	IKBKG	hsa:8517	KEGG:hsa04660	hsa04660	KEGG
KEGG_PARTICIPATION:8517|hsa04662	8517	IKBKG	hsa:8517	KEGG:hsa04662	hsa04662	KEGG
KEGG_PARTICIPATION:8517|hsa04668	8517	IKBKG	hsa:8517	KEGG:hsa04668	hsa04668	KEGG
KEGG_PARTICIPATION:8517|hsa04920	8517	IKBKG	hsa:8517	KEGG:hsa04920	hsa04920	KEGG
KEGG_PARTICIPATION:8517|hsa04936	8517	IKBKG	hsa:8517	KEGG:hsa04936	hsa04936	KEGG
KEGG_PARTICIPATION:8517|hsa05010	8517	IKBKG	hsa:8517	KEGG:hsa05010	hsa05010	KEGG
KEGG_PARTICIPATION:8517|hsa05120	8517	IKBKG	hsa:8517	KEGG:hsa05120	hsa05120	KEGG
KEGG_PARTICIPATION:8517|hsa05130	8517	IKBKG	hsa:8517	KEGG:hsa05130	hsa05130	KEGG
KEGG_PARTICIPATION:8517|hsa05131	8517	IKBKG	hsa:8517	KEGG:hsa05131	hsa05131	KEGG
KEGG_PARTICIPATION:8517|hsa05132	8517	IKBKG	hsa:8517	KEGG:hsa05132	hsa05132	KEGG
KEGG_PARTICIPATION:8517|hsa05135	8517	IKBKG	hsa:8517	KEGG:hsa05135	hsa05135	KEGG
KEGG_PARTICIPATION:8517|hsa05142	8517	IKBKG	hsa:8517	KEGG:hsa05142	hsa05142	KEGG
KEGG_PARTICIPATION:8517|hsa05145	8517	IKBKG	hsa:8517	KEGG:hsa05145	hsa05145	KEGG
KEGG_PARTICIPATION:8517|hsa05160	8517	IKBKG	hsa:8517	KEGG:hsa05160	hsa05160	KEGG
KEGG_PARTICIPATION:8517|hsa05161	8517	IKBKG	hsa:8517	KEGG:hsa05161	hsa05161	KEGG
KEGG_PARTICIPATION:8517|hsa05162	8517	IKBKG	hsa:8517	KEGG:hsa05162	hsa05162	KEGG
KEGG_PARTICIPATION:8517|hsa05163	8517	IKBKG	hsa:8517	KEGG:hsa05163	hsa05163	KEGG
KEGG_PARTICIPATION:8517|hsa05164	8517	IKBKG	hsa:8517	KEGG:hsa05164	hsa05164	KEGG
KEGG_PARTICIPATION:8517|hsa05165	8517	IKBKG	hsa:8517	KEGG:hsa05165	hsa05165	KEGG
KEGG_PARTICIPATION:8517|hsa05166	8517	IKBKG	hsa:8517	KEGG:hsa05166	hsa05166	KEGG
KEGG_PARTICIPATION:8517|hsa05167	8517	IKBKG	hsa:8517	KEGG:hsa05167	hsa05167	KEGG
KEGG_PARTICIPATION:8517|hsa05168	8517	IKBKG	hsa:8517	KEGG:hsa05168	hsa05168	KEGG
KEGG_PARTICIPATION:8517|hsa05169	8517	IKBKG	hsa:8517	KEGG:hsa05169	hsa05169	KEGG
KEGG_PARTICIPATION:8517|hsa05170	8517	IKBKG	hsa:8517	KEGG:hsa05170	hsa05170	KEGG
KEGG_PARTICIPATION:8517|hsa05171	8517	IKBKG	hsa:8517	KEGG:hsa05171	hsa05171	KEGG
KEGG_PARTICIPATION:8517|hsa05200	8517	IKBKG	hsa:8517	KEGG:hsa05200	hsa05200	KEGG
KEGG_PARTICIPATION:8517|hsa05203	8517	IKBKG	hsa:8517	KEGG:hsa05203	hsa05203	KEGG
KEGG_PARTICIPATION:8517|hsa05208	8517	IKBKG	hsa:8517	KEGG:hsa05208	hsa05208	KEGG
KEGG_PARTICIPATION:8517|hsa05212	8517	IKBKG	hsa:8517	KEGG:hsa05212	hsa05212	KEGG
KEGG_PARTICIPATION:8517|hsa05215	8517	IKBKG	hsa:8517	KEGG:hsa05215	hsa05215	KEGG
KEGG_PARTICIPATION:8517|hsa05220	8517	IKBKG	hsa:8517	KEGG:hsa05220	hsa05220	KEGG
KEGG_PARTICIPATION:8517|hsa05221	8517	IKBKG	hsa:8517	KEGG:hsa05221	hsa05221	KEGG
KEGG_PARTICIPATION:8517|hsa05222	8517	IKBKG	hsa:8517	KEGG:hsa05222	hsa05222	KEGG
KEGG_PARTICIPATION:8517|hsa05235	8517	IKBKG	hsa:8517	KEGG:hsa05235	hsa05235	KEGG
KEGG_PARTICIPATION:8517|hsa05340	8517	IKBKG	hsa:8517	KEGG:hsa05340	hsa05340	KEGG
KEGG_PARTICIPATION:8517|hsa05417	8517	IKBKG	hsa:8517	KEGG:hsa05417	hsa05417	KEGG
KEGG_PARTICIPATION:8517|hsa05418	8517	IKBKG	hsa:8517	KEGG:hsa05418	hsa05418	KEGG
KEGG_PARTICIPATION:8535|hsa03083	8535	CBX4	hsa:8535	KEGG:hsa03083	hsa03083	KEGG
KEGG_PARTICIPATION:85480|hsa04060	85480	TSLP	hsa:85480	KEGG:hsa04060	hsa04060	KEGG
KEGG_PARTICIPATION:85480|hsa04630	85480	TSLP	hsa:85480	KEGG:hsa04630	hsa04630	KEGG
KEGG_PARTICIPATION:8647|hsa01522	8647	ABCB11	hsa:8647	KEGG:hsa01522	hsa01522	KEGG
KEGG_PARTICIPATION:8647|hsa02010	8647	ABCB11	hsa:8647	KEGG:hsa02010	hsa02010	KEGG
KEGG_PARTICIPATION:8647|hsa04976	8647	ABCB11	hsa:8647	KEGG:hsa04976	hsa04976	KEGG
KEGG_PARTICIPATION:8647|hsa04979	8647	ABCB11	hsa:8647	KEGG:hsa04979	hsa04979	KEGG
KEGG_PARTICIPATION:864|hsa04658	864	RUNX3	hsa:864	KEGG:hsa04658	hsa04658	KEGG
KEGG_PARTICIPATION:864|hsa05169	864	RUNX3	hsa:864	KEGG:hsa05169	hsa05169	KEGG
KEGG_PARTICIPATION:8651|hsa04120	8651	SOCS1	hsa:8651	KEGG:hsa04120	hsa04120	KEGG
KEGG_PARTICIPATION:8651|hsa04380	8651	SOCS1	hsa:8651	KEGG:hsa04380	hsa04380	KEGG
KEGG_PARTICIPATION:8651|hsa04630	8651	SOCS1	hsa:8651	KEGG:hsa04630	hsa04630	KEGG
KEGG_PARTICIPATION:8651|hsa04910	8651	SOCS1	hsa:8651	KEGG:hsa04910	hsa04910	KEGG
KEGG_PARTICIPATION:8651|hsa04917	8651	SOCS1	hsa:8651	KEGG:hsa04917	hsa04917	KEGG
KEGG_PARTICIPATION:8651|hsa04930	8651	SOCS1	hsa:8651	KEGG:hsa04930	hsa04930	KEGG
KEGG_PARTICIPATION:8651|hsa04935	8651	SOCS1	hsa:8651	KEGG:hsa04935	hsa04935	KEGG
KEGG_PARTICIPATION:8651|hsa05145	8651	SOCS1	hsa:8651	KEGG:hsa05145	hsa05145	KEGG
KEGG_PARTICIPATION:8651|hsa05206	8651	SOCS1	hsa:8651	KEGG:hsa05206	hsa05206	KEGG
KEGG_PARTICIPATION:8659|hsa00250	8659	ALDH4A1	hsa:8659	KEGG:hsa00250	hsa00250	KEGG
KEGG_PARTICIPATION:8659|hsa00330	8659	ALDH4A1	hsa:8659	KEGG:hsa00330	hsa00330	KEGG
KEGG_PARTICIPATION:8659|hsa01100	8659	ALDH4A1	hsa:8659	KEGG:hsa01100	hsa01100	KEGG
KEGG_PARTICIPATION:8660|hsa04022	8660	IRS2	hsa:8660	KEGG:hsa04022	hsa04022	KEGG
KEGG_PARTICIPATION:8660|hsa04068	8660	IRS2	hsa:8660	KEGG:hsa04068	hsa04068	KEGG
KEGG_PARTICIPATION:8660|hsa04081	8660	IRS2	hsa:8660	KEGG:hsa04081	hsa04081	KEGG
KEGG_PARTICIPATION:8660|hsa04140	8660	IRS2	hsa:8660	KEGG:hsa04140	hsa04140	KEGG
KEGG_PARTICIPATION:8660|hsa04152	8660	IRS2	hsa:8660	KEGG:hsa04152	hsa04152	KEGG
KEGG_PARTICIPATION:8660|hsa04211	8660	IRS2	hsa:8660	KEGG:hsa04211	hsa04211	KEGG
KEGG_PARTICIPATION:8660|hsa04213	8660	IRS2	hsa:8660	KEGG:hsa04213	hsa04213	KEGG
KEGG_PARTICIPATION:8660|hsa04910	8660	IRS2	hsa:8660	KEGG:hsa04910	hsa04910	KEGG
KEGG_PARTICIPATION:8660|hsa04920	8660	IRS2	hsa:8660	KEGG:hsa04920	hsa04920	KEGG
KEGG_PARTICIPATION:8660|hsa04923	8660	IRS2	hsa:8660	KEGG:hsa04923	hsa04923	KEGG
KEGG_PARTICIPATION:8660|hsa04930	8660	IRS2	hsa:8660	KEGG:hsa04930	hsa04930	KEGG
KEGG_PARTICIPATION:8660|hsa04931	8660	IRS2	hsa:8660	KEGG:hsa04931	hsa04931	KEGG
KEGG_PARTICIPATION:8660|hsa04932	8660	IRS2	hsa:8660	KEGG:hsa04932	hsa04932	KEGG
KEGG_PARTICIPATION:8660|hsa04935	8660	IRS2	hsa:8660	KEGG:hsa04935	hsa04935	KEGG
KEGG_PARTICIPATION:8660|hsa05010	8660	IRS2	hsa:8660	KEGG:hsa05010	hsa05010	KEGG
KEGG_PARTICIPATION:8660|hsa05206	8660	IRS2	hsa:8660	KEGG:hsa05206	hsa05206	KEGG
KEGG_PARTICIPATION:8667|hsa05162	8667	EIF3H	hsa:8667	KEGG:hsa05162	hsa05162	KEGG
KEGG_PARTICIPATION:8685|hsa04145	8685	MARCO	hsa:8685	KEGG:hsa04145	hsa04145	KEGG
KEGG_PARTICIPATION:87178|hsa03018	87178	PNPT1	hsa:87178	KEGG:hsa03018	hsa03018	KEGG
KEGG_PARTICIPATION:8720|hsa04141	8720	MBTPS1	hsa:8720	KEGG:hsa04141	hsa04141	KEGG
KEGG_PARTICIPATION:873|hsa00590	873	CBR1	hsa:873	KEGG:hsa00590	hsa00590	KEGG
KEGG_PARTICIPATION:873|hsa00790	873	CBR1	hsa:873	KEGG:hsa00790	hsa00790	KEGG
KEGG_PARTICIPATION:873|hsa00980	873	CBR1	hsa:873	KEGG:hsa00980	hsa00980	KEGG
KEGG_PARTICIPATION:873|hsa01100	873	CBR1	hsa:873	KEGG:hsa01100	hsa01100	KEGG
KEGG_PARTICIPATION:873|hsa05204	873	CBR1	hsa:873	KEGG:hsa05204	hsa05204	KEGG
KEGG_PARTICIPATION:873|hsa05208	873	CBR1	hsa:873	KEGG:hsa05208	hsa05208	KEGG
KEGG_PARTICIPATION:8743|hsa04060	8743	TNFSF10	hsa:8743	KEGG:hsa04060	hsa04060	KEGG
KEGG_PARTICIPATION:8743|hsa04061	8743	TNFSF10	hsa:8743	KEGG:hsa04061	hsa04061	KEGG
KEGG_PARTICIPATION:8743|hsa04068	8743	TNFSF10	hsa:8743	KEGG:hsa04068	hsa04068	KEGG
KEGG_PARTICIPATION:8743|hsa04210	8743	TNFSF10	hsa:8743	KEGG:hsa04210	hsa04210	KEGG
KEGG_PARTICIPATION:8743|hsa04217	8743	TNFSF10	hsa:8743	KEGG:hsa04217	hsa04217	KEGG
KEGG_PARTICIPATION:8743|hsa04650	8743	TNFSF10	hsa:8743	KEGG:hsa04650	hsa04650	KEGG
KEGG_PARTICIPATION:8743|hsa05130	8743	TNFSF10	hsa:8743	KEGG:hsa05130	hsa05130	KEGG
KEGG_PARTICIPATION:8743|hsa05132	8743	TNFSF10	hsa:8743	KEGG:hsa05132	hsa05132	KEGG
KEGG_PARTICIPATION:8743|hsa05164	8743	TNFSF10	hsa:8743	KEGG:hsa05164	hsa05164	KEGG
KEGG_PARTICIPATION:8743|hsa05417	8743	TNFSF10	hsa:8743	KEGG:hsa05417	hsa05417	KEGG
KEGG_PARTICIPATION:8821|hsa00562	8821	INPP4B	hsa:8821	KEGG:hsa00562	hsa00562	KEGG
KEGG_PARTICIPATION:8821|hsa01100	8821	INPP4B	hsa:8821	KEGG:hsa01100	hsa01100	KEGG
KEGG_PARTICIPATION:8821|hsa04070	8821	INPP4B	hsa:8821	KEGG:hsa04070	hsa04070	KEGG
KEGG_PARTICIPATION:8826|hsa04517	8826	IQGAP1	hsa:8826	KEGG:hsa04517	hsa04517	KEGG
KEGG_PARTICIPATION:8826|hsa04520	8826	IQGAP1	hsa:8826	KEGG:hsa04520	hsa04520	KEGG
KEGG_PARTICIPATION:8826|hsa04810	8826	IQGAP1	hsa:8826	KEGG:hsa04810	hsa04810	KEGG
KEGG_PARTICIPATION:8826|hsa05205	8826	IQGAP1	hsa:8826	KEGG:hsa05205	hsa05205	KEGG
KEGG_PARTICIPATION:8835|hsa04630	8835	SOCS2	hsa:8835	KEGG:hsa04630	hsa04630	KEGG
KEGG_PARTICIPATION:8835|hsa04910	8835	SOCS2	hsa:8835	KEGG:hsa04910	hsa04910	KEGG
KEGG_PARTICIPATION:8835|hsa04917	8835	SOCS2	hsa:8835	KEGG:hsa04917	hsa04917	KEGG
KEGG_PARTICIPATION:8835|hsa04930	8835	SOCS2	hsa:8835	KEGG:hsa04930	hsa04930	KEGG
KEGG_PARTICIPATION:8835|hsa04935	8835	SOCS2	hsa:8835	KEGG:hsa04935	hsa04935	KEGG
KEGG_PARTICIPATION:8862|hsa04080	8862	APLN	hsa:8862	KEGG:hsa04080	hsa04080	KEGG
KEGG_PARTICIPATION:8862|hsa04371	8862	APLN	hsa:8862	KEGG:hsa04371	hsa04371	KEGG
KEGG_PARTICIPATION:8900|hsa04110	8900	CCNA1	hsa:8900	KEGG:hsa04110	hsa04110	KEGG
KEGG_PARTICIPATION:8900|hsa04152	8900	CCNA1	hsa:8900	KEGG:hsa04152	hsa04152	KEGG
KEGG_PARTICIPATION:8900|hsa04218	8900	CCNA1	hsa:8900	KEGG:hsa04218	hsa04218	KEGG
KEGG_PARTICIPATION:8900|hsa04914	8900	CCNA1	hsa:8900	KEGG:hsa04914	hsa04914	KEGG
KEGG_PARTICIPATION:8900|hsa05161	8900	CCNA1	hsa:8900	KEGG:hsa05161	hsa05161	KEGG
KEGG_PARTICIPATION:8900|hsa05165	8900	CCNA1	hsa:8900	KEGG:hsa05165	hsa05165	KEGG
KEGG_PARTICIPATION:8900|hsa05166	8900	CCNA1	hsa:8900	KEGG:hsa05166	hsa05166	KEGG
KEGG_PARTICIPATION:8900|hsa05169	8900	CCNA1	hsa:8900	KEGG:hsa05169	hsa05169	KEGG
KEGG_PARTICIPATION:8900|hsa05200	8900	CCNA1	hsa:8900	KEGG:hsa05200	hsa05200	KEGG
KEGG_PARTICIPATION:8900|hsa05202	8900	CCNA1	hsa:8900	KEGG:hsa05202	hsa05202	KEGG
KEGG_PARTICIPATION:8900|hsa05203	8900	CCNA1	hsa:8900	KEGG:hsa05203	hsa05203	KEGG
KEGG_PARTICIPATION:8900|hsa05221	8900	CCNA1	hsa:8900	KEGG:hsa05221	hsa05221	KEGG
KEGG_PARTICIPATION:891|hsa04068	891	CCNB1	hsa:891	KEGG:hsa04068	hsa04068	KEGG
KEGG_PARTICIPATION:891|hsa04110	891	CCNB1	hsa:891	KEGG:hsa04110	hsa04110	KEGG
KEGG_PARTICIPATION:891|hsa04114	891	CCNB1	hsa:891	KEGG:hsa04114	hsa04114	KEGG
KEGG_PARTICIPATION:891|hsa04115	891	CCNB1	hsa:891	KEGG:hsa04115	hsa04115	KEGG
KEGG_PARTICIPATION:891|hsa04218	891	CCNB1	hsa:891	KEGG:hsa04218	hsa04218	KEGG
KEGG_PARTICIPATION:891|hsa04914	891	CCNB1	hsa:891	KEGG:hsa04914	hsa04914	KEGG
KEGG_PARTICIPATION:891|hsa05170	891	CCNB1	hsa:891	KEGG:hsa05170	hsa05170	KEGG
KEGG_PARTICIPATION:894|hsa04068	894	CCND2	hsa:894	KEGG:hsa04068	hsa04068	KEGG
KEGG_PARTICIPATION:894|hsa04110	894	CCND2	hsa:894	KEGG:hsa04110	hsa04110	KEGG
KEGG_PARTICIPATION:894|hsa04115	894	CCND2	hsa:894	KEGG:hsa04115	hsa04115	KEGG
KEGG_PARTICIPATION:894|hsa04151	894	CCND2	hsa:894	KEGG:hsa04151	hsa04151	KEGG
KEGG_PARTICIPATION:894|hsa04218	894	CCND2	hsa:894	KEGG:hsa04218	hsa04218	KEGG
KEGG_PARTICIPATION:894|hsa04310	894	CCND2	hsa:894	KEGG:hsa04310	hsa04310	KEGG
KEGG_PARTICIPATION:894|hsa04340	894	CCND2	hsa:894	KEGG:hsa04340	hsa04340	KEGG
KEGG_PARTICIPATION:894|hsa04390	894	CCND2	hsa:894	KEGG:hsa04390	hsa04390	KEGG
KEGG_PARTICIPATION:894|hsa04510	894	CCND2	hsa:894	KEGG:hsa04510	hsa04510	KEGG
KEGG_PARTICIPATION:894|hsa04518	894	CCND2	hsa:894	KEGG:hsa04518	hsa04518	KEGG
KEGG_PARTICIPATION:894|hsa04630	894	CCND2	hsa:894	KEGG:hsa04630	hsa04630	KEGG
KEGG_PARTICIPATION:894|hsa04917	894	CCND2	hsa:894	KEGG:hsa04917	hsa04917	KEGG
KEGG_PARTICIPATION:894|hsa05162	894	CCND2	hsa:894	KEGG:hsa05162	hsa05162	KEGG
KEGG_PARTICIPATION:894|hsa05165	894	CCND2	hsa:894	KEGG:hsa05165	hsa05165	KEGG
KEGG_PARTICIPATION:894|hsa05166	894	CCND2	hsa:894	KEGG:hsa05166	hsa05166	KEGG
KEGG_PARTICIPATION:894|hsa05169	894	CCND2	hsa:894	KEGG:hsa05169	hsa05169	KEGG
KEGG_PARTICIPATION:894|hsa05200	894	CCND2	hsa:894	KEGG:hsa05200	hsa05200	KEGG
KEGG_PARTICIPATION:894|hsa05202	894	CCND2	hsa:894	KEGG:hsa05202	hsa05202	KEGG
KEGG_PARTICIPATION:894|hsa05203	894	CCND2	hsa:894	KEGG:hsa05203	hsa05203	KEGG
KEGG_PARTICIPATION:894|hsa05206	894	CCND2	hsa:894	KEGG:hsa05206	hsa05206	KEGG
KEGG_PARTICIPATION:898|hsa04110	898	CCNE1	hsa:898	KEGG:hsa04110	hsa04110	KEGG
KEGG_PARTICIPATION:898|hsa04114	898	CCNE1	hsa:898	KEGG:hsa04114	hsa04114	KEGG
KEGG_PARTICIPATION:898|hsa04115	898	CCNE1	hsa:898	KEGG:hsa04115	hsa04115	KEGG
KEGG_PARTICIPATION:898|hsa04151	898	CCNE1	hsa:898	KEGG:hsa04151	hsa04151	KEGG
KEGG_PARTICIPATION:898|hsa04218	898	CCNE1	hsa:898	KEGG:hsa04218	hsa04218	KEGG
KEGG_PARTICIPATION:898|hsa04934	898	CCNE1	hsa:898	KEGG:hsa04934	hsa04934	KEGG
KEGG_PARTICIPATION:898|hsa05161	898	CCNE1	hsa:898	KEGG:hsa05161	hsa05161	KEGG
KEGG_PARTICIPATION:898|hsa05162	898	CCNE1	hsa:898	KEGG:hsa05162	hsa05162	KEGG
KEGG_PARTICIPATION:898|hsa05165	898	CCNE1	hsa:898	KEGG:hsa05165	hsa05165	KEGG
KEGG_PARTICIPATION:898|hsa05166	898	CCNE1	hsa:898	KEGG:hsa05166	hsa05166	KEGG
KEGG_PARTICIPATION:898|hsa05169	898	CCNE1	hsa:898	KEGG:hsa05169	hsa05169	KEGG
KEGG_PARTICIPATION:898|hsa05200	898	CCNE1	hsa:898	KEGG:hsa05200	hsa05200	KEGG
KEGG_PARTICIPATION:898|hsa05203	898	CCNE1	hsa:898	KEGG:hsa05203	hsa05203	KEGG
KEGG_PARTICIPATION:898|hsa05206	898	CCNE1	hsa:898	KEGG:hsa05206	hsa05206	KEGG
KEGG_PARTICIPATION:898|hsa05215	898	CCNE1	hsa:898	KEGG:hsa05215	hsa05215	KEGG
KEGG_PARTICIPATION:898|hsa05222	898	CCNE1	hsa:898	KEGG:hsa05222	hsa05222	KEGG
KEGG_PARTICIPATION:898|hsa05226	898	CCNE1	hsa:898	KEGG:hsa05226	hsa05226	KEGG
KEGG_PARTICIPATION:900|hsa04115	900	CCNG1	hsa:900	KEGG:hsa04115	hsa04115	KEGG
KEGG_PARTICIPATION:900|hsa05206	900	CCNG1	hsa:900	KEGG:hsa05206	hsa05206	KEGG
KEGG_PARTICIPATION:9021|hsa04120	9021	SOCS3	hsa:9021	KEGG:hsa04120	hsa04120	KEGG
KEGG_PARTICIPATION:9021|hsa04380	9021	SOCS3	hsa:9021	KEGG:hsa04380	hsa04380	KEGG
KEGG_PARTICIPATION:9021|hsa04630	9021	SOCS3	hsa:9021	KEGG:hsa04630	hsa04630	KEGG
KEGG_PARTICIPATION:9021|hsa04668	9021	SOCS3	hsa:9021	KEGG:hsa04668	hsa04668	KEGG
KEGG_PARTICIPATION:9021|hsa04910	9021	SOCS3	hsa:9021	KEGG:hsa04910	hsa04910	KEGG
KEGG_PARTICIPATION:9021|hsa04917	9021	SOCS3	hsa:9021	KEGG:hsa04917	hsa04917	KEGG
KEGG_PARTICIPATION:9021|hsa04920	9021	SOCS3	hsa:9021	KEGG:hsa04920	hsa04920	KEGG
KEGG_PARTICIPATION:9021|hsa04930	9021	SOCS3	hsa:9021	KEGG:hsa04930	hsa04930	KEGG
KEGG_PARTICIPATION:9021|hsa04931	9021	SOCS3	hsa:9021	KEGG:hsa04931	hsa04931	KEGG
KEGG_PARTICIPATION:9021|hsa04932	9021	SOCS3	hsa:9021	KEGG:hsa04932	hsa04932	KEGG
KEGG_PARTICIPATION:9021|hsa04935	9021	SOCS3	hsa:9021	KEGG:hsa04935	hsa04935	KEGG
KEGG_PARTICIPATION:9021|hsa05160	9021	SOCS3	hsa:9021	KEGG:hsa05160	hsa05160	KEGG
KEGG_PARTICIPATION:9021|hsa05164	9021	SOCS3	hsa:9021	KEGG:hsa05164	hsa05164	KEGG
KEGG_PARTICIPATION:9021|hsa05168	9021	SOCS3	hsa:9021	KEGG:hsa05168	hsa05168	KEGG
KEGG_PARTICIPATION:90381|hsa04110	90381	TICRR	hsa:90381	KEGG:hsa04110	hsa04110	KEGG
KEGG_PARTICIPATION:9088|hsa04110	9088	PKMYT1	hsa:9088	KEGG:hsa04110	hsa04110	KEGG
KEGG_PARTICIPATION:9088|hsa04114	9088	PKMYT1	hsa:9088	KEGG:hsa04114	hsa04114	KEGG
KEGG_PARTICIPATION:9088|hsa04914	9088	PKMYT1	hsa:9088	KEGG:hsa04914	hsa04914	KEGG
KEGG_PARTICIPATION:9104|hsa00030	9104	RGN	hsa:9104	KEGG:hsa00030	hsa00030	KEGG
KEGG_PARTICIPATION:9104|hsa00053	9104	RGN	hsa:9104	KEGG:hsa00053	hsa00053	KEGG
KEGG_PARTICIPATION:9104|hsa01100	9104	RGN	hsa:9104	KEGG:hsa01100	hsa01100	KEGG
KEGG_PARTICIPATION:9104|hsa01200	9104	RGN	hsa:9104	KEGG:hsa01200	hsa01200	KEGG
KEGG_PARTICIPATION:9104|hsa01240	9104	RGN	hsa:9104	KEGG:hsa01240	hsa01240	KEGG
KEGG_PARTICIPATION:9126|hsa04110	9126	SMC3	hsa:9126	KEGG:hsa04110	hsa04110	KEGG
KEGG_PARTICIPATION:9126|hsa04114	9126	SMC3	hsa:9126	KEGG:hsa04114	hsa04114	KEGG
KEGG_PARTICIPATION:9133|hsa04068	9133	CCNB2	hsa:9133	KEGG:hsa04068	hsa04068	KEGG
KEGG_PARTICIPATION:9133|hsa04110	9133	CCNB2	hsa:9133	KEGG:hsa04110	hsa04110	KEGG
KEGG_PARTICIPATION:9133|hsa04114	9133	CCNB2	hsa:9133	KEGG:hsa04114	hsa04114	KEGG
KEGG_PARTICIPATION:9133|hsa04115	9133	CCNB2	hsa:9133	KEGG:hsa04115	hsa04115	KEGG
KEGG_PARTICIPATION:9133|hsa04218	9133	CCNB2	hsa:9133	KEGG:hsa04218	hsa04218	KEGG
KEGG_PARTICIPATION:9133|hsa04914	9133	CCNB2	hsa:9133	KEGG:hsa04914	hsa04914	KEGG
KEGG_PARTICIPATION:9133|hsa05166	9133	CCNB2	hsa:9133	KEGG:hsa05166	hsa05166	KEGG
KEGG_PARTICIPATION:9133|hsa05170	9133	CCNB2	hsa:9133	KEGG:hsa05170	hsa05170	KEGG
KEGG_PARTICIPATION:9156|hsa03430	9156	EXO1	hsa:9156	KEGG:hsa03430	hsa03430	KEGG
KEGG_PARTICIPATION:91937|hsa04145	91937	TIMD4	hsa:91937	KEGG:hsa04145	hsa04145	KEGG
KEGG_PARTICIPATION:91937|hsa04148	91937	TIMD4	hsa:91937	KEGG:hsa04148	hsa04148	KEGG
KEGG_PARTICIPATION:9212|hsa03083	9212	AURKB	hsa:9212	KEGG:hsa03083	hsa03083	KEGG
KEGG_PARTICIPATION:9212|hsa04110	9212	AURKB	hsa:9212	KEGG:hsa04110	hsa04110	KEGG
KEGG_PARTICIPATION:9227|hsa00830	9227	LRAT	hsa:9227	KEGG:hsa00830	hsa00830	KEGG
KEGG_PARTICIPATION:9227|hsa01100	9227	LRAT	hsa:9227	KEGG:hsa01100	hsa01100	KEGG
KEGG_PARTICIPATION:9227|hsa04977	9227	LRAT	hsa:9227	KEGG:hsa04977	hsa04977	KEGG
KEGG_PARTICIPATION:9232|hsa04110	9232	PTTG1	hsa:9232	KEGG:hsa04110	hsa04110	KEGG
KEGG_PARTICIPATION:9232|hsa04114	9232	PTTG1	hsa:9232	KEGG:hsa04114	hsa04114	KEGG
KEGG_PARTICIPATION:9232|hsa05166	9232	PTTG1	hsa:9232	KEGG:hsa05166	hsa05166	KEGG
KEGG_PARTICIPATION:928|hsa03272	928	CD9	hsa:928	KEGG:hsa03272	hsa03272	KEGG
KEGG_PARTICIPATION:928|hsa04640	928	CD9	hsa:928	KEGG:hsa04640	hsa04640	KEGG
KEGG_PARTICIPATION:929|hsa04010	929	CD14	hsa:929	KEGG:hsa04010	hsa04010	KEGG
KEGG_PARTICIPATION:929|hsa04064	929	CD14	hsa:929	KEGG:hsa04064	hsa04064	KEGG
KEGG_PARTICIPATION:929|hsa04145	929	CD14	hsa:929	KEGG:hsa04145	hsa04145	KEGG
KEGG_PARTICIPATION:929|hsa04620	929	CD14	hsa:929	KEGG:hsa04620	hsa04620	KEGG
KEGG_PARTICIPATION:929|hsa04640	929	CD14	hsa:929	KEGG:hsa04640	hsa04640	KEGG
KEGG_PARTICIPATION:929|hsa04936	929	CD14	hsa:929	KEGG:hsa04936	hsa04936	KEGG
KEGG_PARTICIPATION:929|hsa05131	929	CD14	hsa:929	KEGG:hsa05131	hsa05131	KEGG
KEGG_PARTICIPATION:929|hsa05132	929	CD14	hsa:929	KEGG:hsa05132	hsa05132	KEGG
KEGG_PARTICIPATION:929|hsa05133	929	CD14	hsa:929	KEGG:hsa05133	hsa05133	KEGG
KEGG_PARTICIPATION:929|hsa05134	929	CD14	hsa:929	KEGG:hsa05134	hsa05134	KEGG
KEGG_PARTICIPATION:929|hsa05146	929	CD14	hsa:929	KEGG:hsa05146	hsa05146	KEGG
KEGG_PARTICIPATION:929|hsa05152	929	CD14	hsa:929	KEGG:hsa05152	hsa05152	KEGG
KEGG_PARTICIPATION:929|hsa05202	929	CD14	hsa:929	KEGG:hsa05202	hsa05202	KEGG
KEGG_PARTICIPATION:929|hsa05221	929	CD14	hsa:929	KEGG:hsa05221	hsa05221	KEGG
KEGG_PARTICIPATION:929|hsa05417	929	CD14	hsa:929	KEGG:hsa05417	hsa05417	KEGG
KEGG_PARTICIPATION:9314|hsa04550	9314	KLF4	hsa:9314	KEGG:hsa04550	hsa04550	KEGG
KEGG_PARTICIPATION:9314|hsa05207	9314	KLF4	hsa:9314	KEGG:hsa05207	hsa05207	KEGG
KEGG_PARTICIPATION:9319|hsa04110	9319	TRIP13	hsa:9319	KEGG:hsa04110	hsa04110	KEGG
KEGG_PARTICIPATION:9343|hsa03040	9343	EFTUD2	hsa:9343	KEGG:hsa03040	hsa03040	KEGG
KEGG_PARTICIPATION:9353|hsa04360	9353	SLIT2	hsa:9353	KEGG:hsa04360	hsa04360	KEGG
KEGG_PARTICIPATION:9353|hsa04517	9353	SLIT2	hsa:9353	KEGG:hsa04517	hsa04517	KEGG
KEGG_PARTICIPATION:9370|hsa03320	9370	ADIPOQ	hsa:9370	KEGG:hsa03320	hsa03320	KEGG
KEGG_PARTICIPATION:9370|hsa04081	9370	ADIPOQ	hsa:9370	KEGG:hsa04081	hsa04081	KEGG
KEGG_PARTICIPATION:9370|hsa04152	9370	ADIPOQ	hsa:9370	KEGG:hsa04152	hsa04152	KEGG
KEGG_PARTICIPATION:9370|hsa04211	9370	ADIPOQ	hsa:9370	KEGG:hsa04211	hsa04211	KEGG
KEGG_PARTICIPATION:9370|hsa04920	9370	ADIPOQ	hsa:9370	KEGG:hsa04920	hsa04920	KEGG
KEGG_PARTICIPATION:9370|hsa04930	9370	ADIPOQ	hsa:9370	KEGG:hsa04930	hsa04930	KEGG
KEGG_PARTICIPATION:9370|hsa04932	9370	ADIPOQ	hsa:9370	KEGG:hsa04932	hsa04932	KEGG
KEGG_PARTICIPATION:9370|hsa04936	9370	ADIPOQ	hsa:9370	KEGG:hsa04936	hsa04936	KEGG
KEGG_PARTICIPATION:9376|hsa04976	9376	SLC22A8	hsa:9376	KEGG:hsa04976	hsa04976	KEGG
KEGG_PARTICIPATION:9376|hsa04981	9376	SLC22A8	hsa:9376	KEGG:hsa04981	hsa04981	KEGG
KEGG_PARTICIPATION:9448|hsa04010	9448	MAP4K4	hsa:9448	KEGG:hsa04010	hsa04010	KEGG
KEGG_PARTICIPATION:9474|hsa04136	9474	ATG5	hsa:9474	KEGG:hsa04136	hsa04136	KEGG
KEGG_PARTICIPATION:9474|hsa04140	9474	ATG5	hsa:9474	KEGG:hsa04140	hsa04140	KEGG
KEGG_PARTICIPATION:9474|hsa04145	9474	ATG5	hsa:9474	KEGG:hsa04145	hsa04145	KEGG
KEGG_PARTICIPATION:9474|hsa04211	9474	ATG5	hsa:9474	KEGG:hsa04211	hsa04211	KEGG
KEGG_PARTICIPATION:9474|hsa04213	9474	ATG5	hsa:9474	KEGG:hsa04213	hsa04213	KEGG
KEGG_PARTICIPATION:9474|hsa04216	9474	ATG5	hsa:9474	KEGG:hsa04216	hsa04216	KEGG
KEGG_PARTICIPATION:9474|hsa04621	9474	ATG5	hsa:9474	KEGG:hsa04621	hsa04621	KEGG
KEGG_PARTICIPATION:9474|hsa04622	9474	ATG5	hsa:9474	KEGG:hsa04622	hsa04622	KEGG
KEGG_PARTICIPATION:9474|hsa05131	9474	ATG5	hsa:9474	KEGG:hsa05131	hsa05131	KEGG
KEGG_PARTICIPATION:947|hsa04514	947	CD34	hsa:947	KEGG:hsa04514	hsa04514	KEGG
KEGG_PARTICIPATION:947|hsa04640	947	CD34	hsa:947	KEGG:hsa04640	hsa04640	KEGG
KEGG_PARTICIPATION:9493|hsa04814	9493	KIF23	hsa:9493	KEGG:hsa04814	hsa04814	KEGG
KEGG_PARTICIPATION:9493|hsa05206	9493	KIF23	hsa:9493	KEGG:hsa05206	hsa05206	KEGG
KEGG_PARTICIPATION:949|hsa03272	949	SCARB1	hsa:949	KEGG:hsa03272	hsa03272	KEGG
KEGG_PARTICIPATION:949|hsa04145	949	SCARB1	hsa:949	KEGG:hsa04145	hsa04145	KEGG
KEGG_PARTICIPATION:949|hsa04913	949	SCARB1	hsa:949	KEGG:hsa04913	hsa04913	KEGG
KEGG_PARTICIPATION:949|hsa04925	949	SCARB1	hsa:949	KEGG:hsa04925	hsa04925	KEGG
KEGG_PARTICIPATION:949|hsa04927	949	SCARB1	hsa:949	KEGG:hsa04927	hsa04927	KEGG
KEGG_PARTICIPATION:949|hsa04934	949	SCARB1	hsa:949	KEGG:hsa04934	hsa04934	KEGG
KEGG_PARTICIPATION:949|hsa04975	949	SCARB1	hsa:949	KEGG:hsa04975	hsa04975	KEGG
KEGG_PARTICIPATION:949|hsa04976	949	SCARB1	hsa:949	KEGG:hsa04976	hsa04976	KEGG
KEGG_PARTICIPATION:949|hsa04977	949	SCARB1	hsa:949	KEGG:hsa04977	hsa04977	KEGG
KEGG_PARTICIPATION:949|hsa04979	949	SCARB1	hsa:949	KEGG:hsa04979	hsa04979	KEGG
KEGG_PARTICIPATION:949|hsa05160	949	SCARB1	hsa:949	KEGG:hsa05160	hsa05160	KEGG
KEGG_PARTICIPATION:9518|hsa04060	9518	GDF15	hsa:9518	KEGG:hsa04060	hsa04060	KEGG
KEGG_PARTICIPATION:9547|hsa04060	9547	CXCL14	hsa:9547	KEGG:hsa04060	hsa04060	KEGG
KEGG_PARTICIPATION:9547|hsa04061	9547	CXCL14	hsa:9547	KEGG:hsa04061	hsa04061	KEGG
KEGG_PARTICIPATION:9547|hsa04062	9547	CXCL14	hsa:9547	KEGG:hsa04062	hsa04062	KEGG
KEGG_PARTICIPATION:9588|hsa00480	9588	PRDX6	hsa:9588	KEGG:hsa00480	hsa00480	KEGG
KEGG_PARTICIPATION:9588|hsa01100	9588	PRDX6	hsa:9588	KEGG:hsa01100	hsa01100	KEGG
KEGG_PARTICIPATION:9636|hsa04622	9636	ISG15	hsa:9636	KEGG:hsa04622	hsa04622	KEGG
KEGG_PARTICIPATION:9636|hsa05165	9636	ISG15	hsa:9636	KEGG:hsa05165	hsa05165	KEGG
KEGG_PARTICIPATION:9636|hsa05169	9636	ISG15	hsa:9636	KEGG:hsa05169	hsa05169	KEGG
KEGG_PARTICIPATION:9636|hsa05171	9636	ISG15	hsa:9636	KEGG:hsa05171	hsa05171	KEGG
KEGG_PARTICIPATION:9681|hsa04150	9681	DEPDC5	hsa:9681	KEGG:hsa04150	hsa04150	KEGG
KEGG_PARTICIPATION:9757|hsa00310	9757	KMT2B	hsa:9757	KEGG:hsa00310	hsa00310	KEGG
KEGG_PARTICIPATION:9757|hsa01100	9757	KMT2B	hsa:9757	KEGG:hsa01100	hsa01100	KEGG
KEGG_PARTICIPATION:9829|hsa04144	9829	DNAJC6	hsa:9829	KEGG:hsa04144	hsa04144	KEGG
KEGG_PARTICIPATION:983|hsa04110	983	CDK1	hsa:983	KEGG:hsa04110	hsa04110	KEGG
KEGG_PARTICIPATION:983|hsa04114	983	CDK1	hsa:983	KEGG:hsa04114	hsa04114	KEGG
KEGG_PARTICIPATION:983|hsa04115	983	CDK1	hsa:983	KEGG:hsa04115	hsa04115	KEGG
KEGG_PARTICIPATION:983|hsa04218	983	CDK1	hsa:983	KEGG:hsa04218	hsa04218	KEGG
KEGG_PARTICIPATION:983|hsa04540	983	CDK1	hsa:983	KEGG:hsa04540	hsa04540	KEGG
KEGG_PARTICIPATION:983|hsa04914	983	CDK1	hsa:983	KEGG:hsa04914	hsa04914	KEGG
KEGG_PARTICIPATION:983|hsa05170	983	CDK1	hsa:983	KEGG:hsa05170	hsa05170	KEGG
KEGG_PARTICIPATION:983|hsa05203	983	CDK1	hsa:983	KEGG:hsa05203	hsa05203	KEGG
KEGG_PARTICIPATION:990|hsa04110	990	CDC6	hsa:990	KEGG:hsa04110	hsa04110	KEGG
KEGG_PARTICIPATION:990|hsa05207	990	CDC6	hsa:990	KEGG:hsa05207	hsa05207	KEGG
KEGG_PARTICIPATION:991|hsa04110	991	CDC20	hsa:991	KEGG:hsa04110	hsa04110	KEGG
KEGG_PARTICIPATION:991|hsa04114	991	CDC20	hsa:991	KEGG:hsa04114	hsa04114	KEGG
KEGG_PARTICIPATION:991|hsa04120	991	CDC20	hsa:991	KEGG:hsa04120	hsa04120	KEGG
KEGG_PARTICIPATION:991|hsa05166	991	CDC20	hsa:991	KEGG:hsa05166	hsa05166	KEGG
KEGG_PARTICIPATION:991|hsa05203	991	CDC20	hsa:991	KEGG:hsa05203	hsa05203	KEGG
KEGG_PARTICIPATION:9928|hsa04814	9928	KIF14	hsa:9928	KEGG:hsa04814	hsa04814	KEGG
KEGG_PARTICIPATION:995|hsa04110	995	CDC25C	hsa:995	KEGG:hsa04110	hsa04110	KEGG
KEGG_PARTICIPATION:995|hsa04114	995	CDC25C	hsa:995	KEGG:hsa04114	hsa04114	KEGG
KEGG_PARTICIPATION:995|hsa04914	995	CDC25C	hsa:995	KEGG:hsa04914	hsa04914	KEGG
KEGG_PARTICIPATION:995|hsa05170	995	CDC25C	hsa:995	KEGG:hsa05170	hsa05170	KEGG
KEGG_PARTICIPATION:995|hsa05206	995	CDC25C	hsa:995	KEGG:hsa05206	hsa05206	KEGG
KEGG_PARTICIPATION:9965|hsa04010	9965	FGF19	hsa:9965	KEGG:hsa04010	hsa04010	KEGG
KEGG_PARTICIPATION:9965|hsa04014	9965	FGF19	hsa:9965	KEGG:hsa04014	hsa04014	KEGG
KEGG_PARTICIPATION:9965|hsa04015	9965	FGF19	hsa:9965	KEGG:hsa04015	hsa04015	KEGG
KEGG_PARTICIPATION:9965|hsa04020	9965	FGF19	hsa:9965	KEGG:hsa04020	hsa04020	KEGG
KEGG_PARTICIPATION:9965|hsa04151	9965	FGF19	hsa:9965	KEGG:hsa04151	hsa04151	KEGG
KEGG_PARTICIPATION:9965|hsa04810	9965	FGF19	hsa:9965	KEGG:hsa04810	hsa04810	KEGG
KEGG_PARTICIPATION:9965|hsa05200	9965	FGF19	hsa:9965	KEGG:hsa05200	hsa05200	KEGG
KEGG_PARTICIPATION:9965|hsa05218	9965	FGF19	hsa:9965	KEGG:hsa05218	hsa05218	KEGG
KEGG_PARTICIPATION:9965|hsa05224	9965	FGF19	hsa:9965	KEGG:hsa05224	hsa05224	KEGG
KEGG_PARTICIPATION:9965|hsa05226	9965	FGF19	hsa:9965	KEGG:hsa05226	hsa05226	KEGG
KEGG_PARTICIPATION:9971|hsa04976	9971	NR1H4	hsa:9971	KEGG:hsa04976	hsa04976	KEGG
KEGG_PARTICIPATION:999|hsa04015	999	CDH1	hsa:999	KEGG:hsa04015	hsa04015	KEGG
KEGG_PARTICIPATION:999|hsa04371	999	CDH1	hsa:999	KEGG:hsa04371	hsa04371	KEGG
KEGG_PARTICIPATION:999|hsa04390	999	CDH1	hsa:999	KEGG:hsa04390	hsa04390	KEGG
KEGG_PARTICIPATION:999|hsa04514	999	CDH1	hsa:999	KEGG:hsa04514	hsa04514	KEGG
KEGG_PARTICIPATION:999|hsa04517	999	CDH1	hsa:999	KEGG:hsa04517	hsa04517	KEGG
KEGG_PARTICIPATION:999|hsa04518	999	CDH1	hsa:999	KEGG:hsa04518	hsa04518	KEGG
KEGG_PARTICIPATION:999|hsa04519	999	CDH1	hsa:999	KEGG:hsa04519	hsa04519	KEGG
KEGG_PARTICIPATION:999|hsa04520	999	CDH1	hsa:999	KEGG:hsa04520	hsa04520	KEGG
KEGG_PARTICIPATION:999|hsa05100	999	CDH1	hsa:999	KEGG:hsa05100	hsa05100	KEGG
KEGG_PARTICIPATION:999|hsa05200	999	CDH1	hsa:999	KEGG:hsa05200	hsa05200	KEGG
KEGG_PARTICIPATION:999|hsa05213	999	CDH1	hsa:999	KEGG:hsa05213	hsa05213	KEGG
KEGG_PARTICIPATION:999|hsa05216	999	CDH1	hsa:999	KEGG:hsa05216	hsa05216	KEGG
KEGG_PARTICIPATION:999|hsa05218	999	CDH1	hsa:999	KEGG:hsa05218	hsa05218	KEGG
KEGG_PARTICIPATION:999|hsa05219	999	CDH1	hsa:999	KEGG:hsa05219	hsa05219	KEGG
KEGG_PARTICIPATION:999|hsa05226	999	CDH1	hsa:999	KEGG:hsa05226	hsa05226	KEGG
