relationship_id	gene_id	gene_symbol	ensembl_gene_id	disease_id	cancer	cohort	prognostic_status	prognostic_direction	p_value	source
HPA_LIHC_PROGNOSTIC:10024|tcga	10024	TROAP	ENSG00000135451	UMLS:C2239176	Liver Hepatocellular Carcinoma (TCGA)	tcga	validated prognostic	unfavorable	6.215e-06	Human Protein Atlas
HPA_LIHC_PROGNOSTIC:10024|validation	10024	TROAP	ENSG00000135451	UMLS:C2239176	Liver Hepatocellular Carcinoma (validation)	validation	validated prognostic	unfavorable	4.417e-08	Human Protein Atlas
HPA_LIHC_PROGNOSTIC:100507436|tcga	100507436	MICA	ENSG00000204520	UMLS:C2239176	Liver Hepatocellular Carcinoma (TCGA)	tcga	unprognostic	unfavorable	0.007384	Human Protein Atlas
HPA_LIHC_PROGNOSTIC:100507436|validation	100507436	MICA	ENSG00000204520	UMLS:C2239176	Liver Hepatocellular Carcinoma (validation)	validation	unprognostic	favorable	0.03706	Human Protein Atlas
HPA_LIHC_PROGNOSTIC:10056|tcga	10056	FARSB	ENSG00000116120	UMLS:C2239176	Liver Hepatocellular Carcinoma (TCGA)	tcga	validated prognostic	unfavorable	4.595e-13	Human Protein Atlas
HPA_LIHC_PROGNOSTIC:10056|validation	10056	FARSB	ENSG00000116120	UMLS:C2239176	Liver Hepatocellular Carcinoma (validation)	validation	validated prognostic	unfavorable	8.304e-09	Human Protein Atlas
HPA_LIHC_PROGNOSTIC:10111|tcga	10111	RAD50	ENSG00000113522	UMLS:C2239176	Liver Hepatocellular Carcinoma (TCGA)	tcga	unprognostic	unfavorable	0.01835	Human Protein Atlas
HPA_LIHC_PROGNOSTIC:10111|validation	10111	RAD50	ENSG00000113522	UMLS:C2239176	Liver Hepatocellular Carcinoma (validation)	validation	unprognostic	favorable	0.2583	Human Protein Atlas
HPA_LIHC_PROGNOSTIC:10112|tcga	10112	KIF20A	ENSG00000112984	UMLS:C2239176	Liver Hepatocellular Carcinoma (TCGA)	tcga	validated prognostic	unfavorable	2.1e-09	Human Protein Atlas
HPA_LIHC_PROGNOSTIC:10112|validation	10112	KIF20A	ENSG00000112984	UMLS:C2239176	Liver Hepatocellular Carcinoma (validation)	validation	validated prognostic	unfavorable	1.505e-07	Human Protein Atlas
HPA_LIHC_PROGNOSTIC:1012|tcga	1012	CDH13	ENSG00000140945	UMLS:C2239176	Liver Hepatocellular Carcinoma (TCGA)	tcga	unprognostic	unfavorable	0.1339	Human Protein Atlas
HPA_LIHC_PROGNOSTIC:1012|validation	1012	CDH13	ENSG00000140945	UMLS:C2239176	Liver Hepatocellular Carcinoma (validation)	validation	unprognostic	favorable	0.008409	Human Protein Atlas
HPA_LIHC_PROGNOSTIC:1019|tcga	1019	CDK4	ENSG00000135446	UMLS:C2239176	Liver Hepatocellular Carcinoma (TCGA)	tcga	validated prognostic	unfavorable	3.429e-06	Human Protein Atlas
HPA_LIHC_PROGNOSTIC:1019|validation	1019	CDK4	ENSG00000135446	UMLS:C2239176	Liver Hepatocellular Carcinoma (validation)	validation	validated prognostic	unfavorable	2.849e-08	Human Protein Atlas
HPA_LIHC_PROGNOSTIC:10221|tcga	10221	TRIB1	ENSG00000173334	UMLS:C2239176	Liver Hepatocellular Carcinoma (TCGA)	tcga	unprognostic	unfavorable	0.08384	Human Protein Atlas
HPA_LIHC_PROGNOSTIC:10221|validation	10221	TRIB1	ENSG00000173334	UMLS:C2239176	Liver Hepatocellular Carcinoma (validation)	validation	unprognostic	favorable	0.06953	Human Protein Atlas
HPA_LIHC_PROGNOSTIC:10231|tcga	10231	RCAN2	ENSG00000172348	UMLS:C2239176	Liver Hepatocellular Carcinoma (TCGA)	tcga	unprognostic	favorable	0.002426	Human Protein Atlas
HPA_LIHC_PROGNOSTIC:10231|validation	10231	RCAN2	ENSG00000172348	UMLS:C2239176	Liver Hepatocellular Carcinoma (validation)	validation	unprognostic	favorable	0.05772	Human Protein Atlas
HPA_LIHC_PROGNOSTIC:10246|tcga	10246	SLC17A2	ENSG00000112337	UMLS:C2239176	Liver Hepatocellular Carcinoma (TCGA)	tcga	potential prognostic	favorable	0.000739	Human Protein Atlas
HPA_LIHC_PROGNOSTIC:10246|validation	10246	SLC17A2	ENSG00000112337	UMLS:C2239176	Liver Hepatocellular Carcinoma (validation)	validation	unprognostic	favorable	0.03354	Human Protein Atlas
HPA_LIHC_PROGNOSTIC:10262|tcga	10262	SF3B4	ENSG00000143368	UMLS:C2239176	Liver Hepatocellular Carcinoma (TCGA)	tcga	potential prognostic	unfavorable	5.203e-05	Human Protein Atlas
HPA_LIHC_PROGNOSTIC:10262|validation	10262	SF3B4	ENSG00000143368	UMLS:C2239176	Liver Hepatocellular Carcinoma (validation)	validation	unprognostic	unfavorable	0.002328	Human Protein Atlas
HPA_LIHC_PROGNOSTIC:1027|tcga	1027	CDKN1B	ENSG00000111276	UMLS:C2239176	Liver Hepatocellular Carcinoma (TCGA)	tcga	unprognostic	unfavorable	0.01519	Human Protein Atlas
HPA_LIHC_PROGNOSTIC:1027|validation	1027	CDKN1B	ENSG00000111276	UMLS:C2239176	Liver Hepatocellular Carcinoma (validation)	validation	unprognostic	unfavorable	0.004282	Human Protein Atlas
HPA_LIHC_PROGNOSTIC:10293|tcga	10293	TRAIP	ENSG00000183763	UMLS:C2239176	Liver Hepatocellular Carcinoma (TCGA)	tcga	validated prognostic	unfavorable	6.328e-08	Human Protein Atlas
HPA_LIHC_PROGNOSTIC:10293|validation	10293	TRAIP	ENSG00000183763	UMLS:C2239176	Liver Hepatocellular Carcinoma (validation)	validation	validated prognostic	unfavorable	9.261e-07	Human Protein Atlas
HPA_LIHC_PROGNOSTIC:1029|tcga	1029	CDKN2A	ENSG00000147889	UMLS:C2239176	Liver Hepatocellular Carcinoma (TCGA)	tcga	validated prognostic	unfavorable	2.162e-05	Human Protein Atlas
HPA_LIHC_PROGNOSTIC:1029|validation	1029	CDKN2A	ENSG00000147889	UMLS:C2239176	Liver Hepatocellular Carcinoma (validation)	validation	validated prognostic	unfavorable	9.981e-06	Human Protein Atlas
HPA_LIHC_PROGNOSTIC:1030|tcga	1030	CDKN2B	ENSG00000147883	UMLS:C2239176	Liver Hepatocellular Carcinoma (TCGA)	tcga	potential prognostic	unfavorable	0.0001567	Human Protein Atlas
HPA_LIHC_PROGNOSTIC:1030|validation	1030	CDKN2B	ENSG00000147883	UMLS:C2239176	Liver Hepatocellular Carcinoma (validation)	validation	unprognostic	favorable	0.08703	Human Protein Atlas
HPA_LIHC_PROGNOSTIC:1031|tcga	1031	CDKN2C	ENSG00000123080	UMLS:C2239176	Liver Hepatocellular Carcinoma (TCGA)	tcga	potential prognostic	unfavorable	3.699e-05	Human Protein Atlas
HPA_LIHC_PROGNOSTIC:1031|validation	1031	CDKN2C	ENSG00000123080	UMLS:C2239176	Liver Hepatocellular Carcinoma (validation)	validation	unprognostic	unfavorable	0.005777	Human Protein Atlas
HPA_LIHC_PROGNOSTIC:10327|tcga	10327	AKR1A1	ENSG00000117448	UMLS:C2239176	Liver Hepatocellular Carcinoma (TCGA)	tcga	unprognostic	unfavorable	0.04065	Human Protein Atlas
HPA_LIHC_PROGNOSTIC:10327|validation	10327	AKR1A1	ENSG00000117448	UMLS:C2239176	Liver Hepatocellular Carcinoma (validation)	validation	unprognostic	favorable	0.0796	Human Protein Atlas
HPA_LIHC_PROGNOSTIC:10332|validation	10332	CLEC4M	ENSG00000104938	UMLS:C2239176	Liver Hepatocellular Carcinoma (validation)	validation	unprognostic	favorable	0.02495	Human Protein Atlas
HPA_LIHC_PROGNOSTIC:1033|tcga	1033	CDKN3	ENSG00000100526	UMLS:C2239176	Liver Hepatocellular Carcinoma (TCGA)	tcga	validated prognostic	unfavorable	0.0007732	Human Protein Atlas
HPA_LIHC_PROGNOSTIC:1033|validation	1033	CDKN3	ENSG00000100526	UMLS:C2239176	Liver Hepatocellular Carcinoma (validation)	validation	validated prognostic	unfavorable	2.421e-09	Human Protein Atlas
HPA_LIHC_PROGNOSTIC:103|tcga	103	ADAR	ENSG00000160710	UMLS:C2239176	Liver Hepatocellular Carcinoma (TCGA)	tcga	unprognostic	unfavorable	0.07537	Human Protein Atlas
HPA_LIHC_PROGNOSTIC:103|validation	103	ADAR	ENSG00000160710	UMLS:C2239176	Liver Hepatocellular Carcinoma (validation)	validation	unprognostic	favorable	0.1092	Human Protein Atlas
HPA_LIHC_PROGNOSTIC:10400|tcga	10400	PEMT	ENSG00000133027	UMLS:C2239176	Liver Hepatocellular Carcinoma (TCGA)	tcga	unprognostic	favorable	0.0912	Human Protein Atlas
HPA_LIHC_PROGNOSTIC:10400|validation	10400	PEMT	ENSG00000133027	UMLS:C2239176	Liver Hepatocellular Carcinoma (validation)	validation	unprognostic	favorable	0.04499	Human Protein Atlas
HPA_LIHC_PROGNOSTIC:10403|tcga	10403	NDC80	ENSG00000080986	UMLS:C2239176	Liver Hepatocellular Carcinoma (TCGA)	tcga	validated prognostic	unfavorable	4.196e-07	Human Protein Atlas
HPA_LIHC_PROGNOSTIC:10403|validation	10403	NDC80	ENSG00000080986	UMLS:C2239176	Liver Hepatocellular Carcinoma (validation)	validation	validated prognostic	unfavorable	2.188e-08	Human Protein Atlas
HPA_LIHC_PROGNOSTIC:10413|tcga	10413	YAP1	ENSG00000137693	UMLS:C2239176	Liver Hepatocellular Carcinoma (TCGA)	tcga	unprognostic	unfavorable	0.08979	Human Protein Atlas
HPA_LIHC_PROGNOSTIC:10413|validation	10413	YAP1	ENSG00000137693	UMLS:C2239176	Liver Hepatocellular Carcinoma (validation)	validation	unprognostic	unfavorable	0.07424	Human Protein Atlas
HPA_LIHC_PROGNOSTIC:10437|tcga	10437	IFI30	ENSG00000216490	UMLS:C2239176	Liver Hepatocellular Carcinoma (TCGA)	tcga	unprognostic	unfavorable	0.01427	Human Protein Atlas
HPA_LIHC_PROGNOSTIC:10437|validation	10437	IFI30	ENSG00000216490	UMLS:C2239176	Liver Hepatocellular Carcinoma (validation)	validation	unprognostic	unfavorable	0.02484	Human Protein Atlas
HPA_LIHC_PROGNOSTIC:10460|tcga	10460	TACC3	ENSG00000013810	UMLS:C2239176	Liver Hepatocellular Carcinoma (TCGA)	tcga	validated prognostic	unfavorable	1.349e-05	Human Protein Atlas
HPA_LIHC_PROGNOSTIC:10460|validation	10460	TACC3	ENSG00000013810	UMLS:C2239176	Liver Hepatocellular Carcinoma (validation)	validation	validated prognostic	unfavorable	3.081e-06	Human Protein Atlas
HPA_LIHC_PROGNOSTIC:10468|tcga	10468	FST	ENSG00000134363	UMLS:C2239176	Liver Hepatocellular Carcinoma (TCGA)	tcga	unprognostic	favorable	0.06026	Human Protein Atlas
HPA_LIHC_PROGNOSTIC:10468|validation	10468	FST	ENSG00000134363	UMLS:C2239176	Liver Hepatocellular Carcinoma (validation)	validation	unprognostic	favorable	0.06753	Human Protein Atlas
HPA_LIHC_PROGNOSTIC:10476|tcga	10476	ATP5PD	ENSG00000167863	UMLS:C2239176	Liver Hepatocellular Carcinoma (TCGA)	tcga	potential prognostic	unfavorable	0.0002947	Human Protein Atlas
HPA_LIHC_PROGNOSTIC:10486|tcga	10486	CAP2	ENSG00000112186	UMLS:C2239176	Liver Hepatocellular Carcinoma (TCGA)	tcga	unprognostic	unfavorable	0.03786	Human Protein Atlas
HPA_LIHC_PROGNOSTIC:10486|validation	10486	CAP2	ENSG00000112186	UMLS:C2239176	Liver Hepatocellular Carcinoma (validation)	validation	unprognostic	unfavorable	0.02971	Human Protein Atlas
HPA_LIHC_PROGNOSTIC:1050|tcga	1050	CEBPA	ENSG00000245848	UMLS:C2239176	Liver Hepatocellular Carcinoma (TCGA)	tcga	unprognostic	unfavorable	0.1972	Human Protein Atlas
HPA_LIHC_PROGNOSTIC:1050|validation	1050	CEBPA	ENSG00000245848	UMLS:C2239176	Liver Hepatocellular Carcinoma (validation)	validation	unprognostic	favorable	0.07833	Human Protein Atlas
HPA_LIHC_PROGNOSTIC:1051|tcga	1051	CEBPB	ENSG00000172216	UMLS:C2239176	Liver Hepatocellular Carcinoma (TCGA)	tcga	unprognostic	favorable	0.195	Human Protein Atlas
HPA_LIHC_PROGNOSTIC:1051|validation	1051	CEBPB	ENSG00000172216	UMLS:C2239176	Liver Hepatocellular Carcinoma (validation)	validation	unprognostic	unfavorable	0.1746	Human Protein Atlas
HPA_LIHC_PROGNOSTIC:1052|tcga	1052	CEBPD	ENSG00000221869	UMLS:C2239176	Liver Hepatocellular Carcinoma (TCGA)	tcga	unprognostic	favorable	0.04055	Human Protein Atlas
HPA_LIHC_PROGNOSTIC:1052|validation	1052	CEBPD	ENSG00000221869	UMLS:C2239176	Liver Hepatocellular Carcinoma (validation)	validation	unprognostic	favorable	0.07577	Human Protein Atlas
HPA_LIHC_PROGNOSTIC:10533|tcga	10533	ATG7	ENSG00000197548	UMLS:C2239176	Liver Hepatocellular Carcinoma (TCGA)	tcga	potential prognostic	unfavorable	1.528e-05	Human Protein Atlas
HPA_LIHC_PROGNOSTIC:10533|validation	10533	ATG7	ENSG00000197548	UMLS:C2239176	Liver Hepatocellular Carcinoma (validation)	validation	unprognostic	unfavorable	0.01212	Human Protein Atlas
HPA_LIHC_PROGNOSTIC:10537|tcga	10537	UBD	ENSG00000213886	UMLS:C2239176	Liver Hepatocellular Carcinoma (TCGA)	tcga	unprognostic	favorable	0.01228	Human Protein Atlas
HPA_LIHC_PROGNOSTIC:10537|validation	10537	UBD	ENSG00000213886	UMLS:C2239176	Liver Hepatocellular Carcinoma (validation)	validation	unprognostic	unfavorable	0.1245	Human Protein Atlas
HPA_LIHC_PROGNOSTIC:10553|tcga	10553	HTATIP2	ENSG00000109854	UMLS:C2239176	Liver Hepatocellular Carcinoma (TCGA)	tcga	unprognostic	unfavorable	0.001206	Human Protein Atlas
HPA_LIHC_PROGNOSTIC:10553|validation	10553	HTATIP2	ENSG00000109854	UMLS:C2239176	Liver Hepatocellular Carcinoma (validation)	validation	unprognostic	unfavorable	0.04389	Human Protein Atlas
HPA_LIHC_PROGNOSTIC:10584|tcga	10584	COLEC10	ENSG00000184374	UMLS:C2239176	Liver Hepatocellular Carcinoma (TCGA)	tcga	potential prognostic	favorable	0.0008744	Human Protein Atlas
HPA_LIHC_PROGNOSTIC:10584|validation	10584	COLEC10	ENSG00000184374	UMLS:C2239176	Liver Hepatocellular Carcinoma (validation)	validation	unprognostic	favorable	0.002603	Human Protein Atlas
HPA_LIHC_PROGNOSTIC:1058|tcga	1058	CENPA	ENSG00000115163	UMLS:C2239176	Liver Hepatocellular Carcinoma (TCGA)	tcga	validated prognostic	unfavorable	1.956e-10	Human Protein Atlas
HPA_LIHC_PROGNOSTIC:1058|validation	1058	CENPA	ENSG00000115163	UMLS:C2239176	Liver Hepatocellular Carcinoma (validation)	validation	validated prognostic	unfavorable	1.696e-09	Human Protein Atlas
HPA_LIHC_PROGNOSTIC:1062|validation	1062	CENPE	ENSG00000138778	UMLS:C2239176	Liver Hepatocellular Carcinoma (validation)	validation	potential prognostic	unfavorable	4.104e-05	Human Protein Atlas
HPA_LIHC_PROGNOSTIC:10631|tcga	10631	POSTN	ENSG00000133110	UMLS:C2239176	Liver Hepatocellular Carcinoma (TCGA)	tcga	unprognostic	unfavorable	0.006339	Human Protein Atlas
HPA_LIHC_PROGNOSTIC:10631|validation	10631	POSTN	ENSG00000133110	UMLS:C2239176	Liver Hepatocellular Carcinoma (validation)	validation	unprognostic	unfavorable	0.3003	Human Protein Atlas
HPA_LIHC_PROGNOSTIC:1063|tcga	1063	CENPF	ENSG00000117724	UMLS:C2239176	Liver Hepatocellular Carcinoma (TCGA)	tcga	validated prognostic	unfavorable	3.465e-05	Human Protein Atlas
HPA_LIHC_PROGNOSTIC:1063|validation	1063	CENPF	ENSG00000117724	UMLS:C2239176	Liver Hepatocellular Carcinoma (validation)	validation	validated prognostic	unfavorable	1.261e-05	Human Protein Atlas
HPA_LIHC_PROGNOSTIC:10642|tcga	10642	IGF2BP1	ENSG00000159217	UMLS:C2239176	Liver Hepatocellular Carcinoma (TCGA)	tcga	unprognostic	unfavorable	0.03129	Human Protein Atlas
HPA_LIHC_PROGNOSTIC:10642|validation	10642	IGF2BP1	ENSG00000159217	UMLS:C2239176	Liver Hepatocellular Carcinoma (validation)	validation	potential prognostic	unfavorable	6.165e-05	Human Protein Atlas
HPA_LIHC_PROGNOSTIC:10643|tcga	10643	IGF2BP3	ENSG00000136231	UMLS:C2239176	Liver Hepatocellular Carcinoma (TCGA)	tcga	unprognostic	unfavorable	0.002255	Human Protein Atlas
HPA_LIHC_PROGNOSTIC:10643|validation	10643	IGF2BP3	ENSG00000136231	UMLS:C2239176	Liver Hepatocellular Carcinoma (validation)	validation	potential prognostic	unfavorable	2.627e-09	Human Protein Atlas
HPA_LIHC_PROGNOSTIC:10788|tcga	10788	IQGAP2	ENSG00000145703	UMLS:C2239176	Liver Hepatocellular Carcinoma (TCGA)	tcga	unprognostic	favorable	0.1076	Human Protein Atlas
HPA_LIHC_PROGNOSTIC:10788|validation	10788	IQGAP2	ENSG00000145703	UMLS:C2239176	Liver Hepatocellular Carcinoma (validation)	validation	unprognostic	favorable	0.005443	Human Protein Atlas
HPA_LIHC_PROGNOSTIC:10855|validation	10855	HPSE	ENSG00000173083	UMLS:C2239176	Liver Hepatocellular Carcinoma (validation)	validation	unprognostic	favorable	0.0939	Human Protein Atlas
HPA_LIHC_PROGNOSTIC:10891|tcga	10891	PPARGC1A	ENSG00000109819	UMLS:C2239176	Liver Hepatocellular Carcinoma (TCGA)	tcga	potential prognostic	favorable	9.948e-06	Human Protein Atlas
HPA_LIHC_PROGNOSTIC:10891|validation	10891	PPARGC1A	ENSG00000109819	UMLS:C2239176	Liver Hepatocellular Carcinoma (validation)	validation	unprognostic	favorable	0.004248	Human Protein Atlas
HPA_LIHC_PROGNOSTIC:10894|tcga	10894	LYVE1	ENSG00000133800	UMLS:C2239176	Liver Hepatocellular Carcinoma (TCGA)	tcga	unprognostic	unfavorable	0.1296	Human Protein Atlas
HPA_LIHC_PROGNOSTIC:10894|validation	10894	LYVE1	ENSG00000133800	UMLS:C2239176	Liver Hepatocellular Carcinoma (validation)	validation	unprognostic	favorable	0.03622	Human Protein Atlas
HPA_LIHC_PROGNOSTIC:10935|tcga	10935	PRDX3	ENSG00000165672	UMLS:C2239176	Liver Hepatocellular Carcinoma (TCGA)	tcga	potential prognostic	favorable	0.0008703	Human Protein Atlas
HPA_LIHC_PROGNOSTIC:10935|validation	10935	PRDX3	ENSG00000165672	UMLS:C2239176	Liver Hepatocellular Carcinoma (validation)	validation	unprognostic	favorable	0.0669	Human Protein Atlas
HPA_LIHC_PROGNOSTIC:10961|tcga	10961	ERP29	ENSG00000089248	UMLS:C2239176	Liver Hepatocellular Carcinoma (TCGA)	tcga	validated prognostic	unfavorable	2.128e-05	Human Protein Atlas
HPA_LIHC_PROGNOSTIC:10961|validation	10961	ERP29	ENSG00000089248	UMLS:C2239176	Liver Hepatocellular Carcinoma (validation)	validation	validated prognostic	unfavorable	9.438e-05	Human Protein Atlas
HPA_LIHC_PROGNOSTIC:10987|tcga	10987	COPS5	ENSG00000121022	UMLS:C2239176	Liver Hepatocellular Carcinoma (TCGA)	tcga	potential prognostic	unfavorable	0.0007644	Human Protein Atlas
HPA_LIHC_PROGNOSTIC:10987|validation	10987	COPS5	ENSG00000121022	UMLS:C2239176	Liver Hepatocellular Carcinoma (validation)	validation	unprognostic	unfavorable	0.02778	Human Protein Atlas
HPA_LIHC_PROGNOSTIC:10990|validation	10990	LILRB5	ENSG00000105609	UMLS:C2239176	Liver Hepatocellular Carcinoma (validation)	validation	unprognostic	favorable	0.002563	Human Protein Atlas
HPA_LIHC_PROGNOSTIC:10|tcga	10	NAT2	ENSG00000156006	UMLS:C2239176	Liver Hepatocellular Carcinoma (TCGA)	tcga	unprognostic	favorable	0.04417	Human Protein Atlas
HPA_LIHC_PROGNOSTIC:10|validation	10	NAT2	ENSG00000156006	UMLS:C2239176	Liver Hepatocellular Carcinoma (validation)	validation	potential prognostic	favorable	1.964e-05	Human Protein Atlas
HPA_LIHC_PROGNOSTIC:11004|tcga	11004	KIF2C	ENSG00000142945	UMLS:C2239176	Liver Hepatocellular Carcinoma (TCGA)	tcga	validated prognostic	unfavorable	6.268e-08	Human Protein Atlas
HPA_LIHC_PROGNOSTIC:11004|validation	11004	KIF2C	ENSG00000142945	UMLS:C2239176	Liver Hepatocellular Carcinoma (validation)	validation	validated prognostic	unfavorable	5.574e-08	Human Protein Atlas
HPA_LIHC_PROGNOSTIC:11065|tcga	11065	UBE2C	ENSG00000175063	UMLS:C2239176	Liver Hepatocellular Carcinoma (TCGA)	tcga	validated prognostic	unfavorable	5.022e-06	Human Protein Atlas
HPA_LIHC_PROGNOSTIC:11065|validation	11065	UBE2C	ENSG00000175063	UMLS:C2239176	Liver Hepatocellular Carcinoma (validation)	validation	validated prognostic	unfavorable	1.875e-08	Human Protein Atlas
HPA_LIHC_PROGNOSTIC:11082|tcga	11082	ESM1	ENSG00000164283	UMLS:C2239176	Liver Hepatocellular Carcinoma (TCGA)	tcga	unprognostic	unfavorable	0.007581	Human Protein Atlas
HPA_LIHC_PROGNOSTIC:11082|validation	11082	ESM1	ENSG00000164283	UMLS:C2239176	Liver Hepatocellular Carcinoma (validation)	validation	unprognostic	unfavorable	0.00276	Human Protein Atlas
HPA_LIHC_PROGNOSTIC:11093|tcga	11093	ADAMTS13	ENSG00000160323	UMLS:C2239176	Liver Hepatocellular Carcinoma (TCGA)	tcga	unprognostic	favorable	0.2028	Human Protein Atlas
HPA_LIHC_PROGNOSTIC:11093|validation	11093	ADAMTS13	ENSG00000160323	UMLS:C2239176	Liver Hepatocellular Carcinoma (validation)	validation	unprognostic	favorable	0.05425	Human Protein Atlas
HPA_LIHC_PROGNOSTIC:11130|tcga	11130	ZWINT	ENSG00000122952	UMLS:C2239176	Liver Hepatocellular Carcinoma (TCGA)	tcga	validated prognostic	unfavorable	4.927e-09	Human Protein Atlas
HPA_LIHC_PROGNOSTIC:11130|validation	11130	ZWINT	ENSG00000122952	UMLS:C2239176	Liver Hepatocellular Carcinoma (validation)	validation	validated prognostic	unfavorable	2.02e-05	Human Protein Atlas
HPA_LIHC_PROGNOSTIC:11185|tcga	11185	INMT	ENSG00000241644	UMLS:C2239176	Liver Hepatocellular Carcinoma (TCGA)	tcga	unprognostic	favorable	0.001227	Human Protein Atlas
HPA_LIHC_PROGNOSTIC:11185|validation	11185	INMT	ENSG00000241644	UMLS:C2239176	Liver Hepatocellular Carcinoma (validation)	validation	potential prognostic	favorable	1.442e-05	Human Protein Atlas
HPA_LIHC_PROGNOSTIC:113130|tcga	113130	CDCA5	ENSG00000146670	UMLS:C2239176	Liver Hepatocellular Carcinoma (TCGA)	tcga	validated prognostic	unfavorable	5.121e-06	Human Protein Atlas
HPA_LIHC_PROGNOSTIC:113130|validation	113130	CDCA5	ENSG00000146670	UMLS:C2239176	Liver Hepatocellular Carcinoma (validation)	validation	validated prognostic	unfavorable	5.371e-09	Human Protein Atlas
HPA_LIHC_PROGNOSTIC:11315|tcga	11315	PARK7	ENSG00000116288	UMLS:C2239176	Liver Hepatocellular Carcinoma (TCGA)	tcga	unprognostic	unfavorable	0.04397	Human Protein Atlas
HPA_LIHC_PROGNOSTIC:11315|validation	11315	PARK7	ENSG00000116288	UMLS:C2239176	Liver Hepatocellular Carcinoma (validation)	validation	potential prognostic	unfavorable	0.0001769	Human Protein Atlas
HPA_LIHC_PROGNOSTIC:11326|tcga	11326	VSIG4	ENSG00000155659	UMLS:C2239176	Liver Hepatocellular Carcinoma (TCGA)	tcga	unprognostic	unfavorable	0.01214	Human Protein Atlas
HPA_LIHC_PROGNOSTIC:11326|validation	11326	VSIG4	ENSG00000155659	UMLS:C2239176	Liver Hepatocellular Carcinoma (validation)	validation	unprognostic	favorable	0.0135	Human Protein Atlas
HPA_LIHC_PROGNOSTIC:11343|tcga	11343	MGLL	ENSG00000074416	UMLS:C2239176	Liver Hepatocellular Carcinoma (TCGA)	tcga	unprognostic	unfavorable	0.07475	Human Protein Atlas
HPA_LIHC_PROGNOSTIC:11343|validation	11343	MGLL	ENSG00000074416	UMLS:C2239176	Liver Hepatocellular Carcinoma (validation)	validation	unprognostic	favorable	0.05851	Human Protein Atlas
HPA_LIHC_PROGNOSTIC:114804|tcga	114804	RNF157	ENSG00000141576	UMLS:C2239176	Liver Hepatocellular Carcinoma (TCGA)	tcga	unprognostic	unfavorable	0.001309	Human Protein Atlas
HPA_LIHC_PROGNOSTIC:114804|validation	114804	RNF157	ENSG00000141576	UMLS:C2239176	Liver Hepatocellular Carcinoma (validation)	validation	unprognostic	unfavorable	0.006058	Human Protein Atlas
HPA_LIHC_PROGNOSTIC:114990|tcga	114990	VASN	ENSG00000168140	UMLS:C2239176	Liver Hepatocellular Carcinoma (TCGA)	tcga	unprognostic	unfavorable	0.01729	Human Protein Atlas
HPA_LIHC_PROGNOSTIC:114990|validation	114990	VASN	ENSG00000168140	UMLS:C2239176	Liver Hepatocellular Carcinoma (validation)	validation	unprognostic	favorable	0.1578	Human Protein Atlas
HPA_LIHC_PROGNOSTIC:117145|tcga	117145	THEM4	ENSG00000159445	UMLS:C2239176	Liver Hepatocellular Carcinoma (TCGA)	tcga	potential prognostic	unfavorable	0.0009009	Human Protein Atlas
HPA_LIHC_PROGNOSTIC:117145|validation	117145	THEM4	ENSG00000159445	UMLS:C2239176	Liver Hepatocellular Carcinoma (validation)	validation	unprognostic	favorable	0.1832	Human Protein Atlas
HPA_LIHC_PROGNOSTIC:118|tcga	118	ADD1	ENSG00000087274	UMLS:C2239176	Liver Hepatocellular Carcinoma (TCGA)	tcga	unprognostic	unfavorable	0.003207	Human Protein Atlas
HPA_LIHC_PROGNOSTIC:118|validation	118	ADD1	ENSG00000087274	UMLS:C2239176	Liver Hepatocellular Carcinoma (validation)	validation	unprognostic	unfavorable	0.008477	Human Protein Atlas
HPA_LIHC_PROGNOSTIC:120227|tcga	120227	CYP2R1	ENSG00000186104	UMLS:C2239176	Liver Hepatocellular Carcinoma (TCGA)	tcga	unprognostic	unfavorable	0.08034	Human Protein Atlas
HPA_LIHC_PROGNOSTIC:120227|validation	120227	CYP2R1	ENSG00000186104	UMLS:C2239176	Liver Hepatocellular Carcinoma (validation)	validation	unprognostic	favorable	0.02305	Human Protein Atlas
HPA_LIHC_PROGNOSTIC:122953|tcga	122953	JDP2	ENSG00000140044	UMLS:C2239176	Liver Hepatocellular Carcinoma (TCGA)	tcga	unprognostic	favorable	0.02122	Human Protein Atlas
HPA_LIHC_PROGNOSTIC:122953|validation	122953	JDP2	ENSG00000140044	UMLS:C2239176	Liver Hepatocellular Carcinoma (validation)	validation	potential prognostic	favorable	0.0001858	Human Protein Atlas
HPA_LIHC_PROGNOSTIC:1230|tcga	1230	CCR1	ENSG00000163823	UMLS:C2239176	Liver Hepatocellular Carcinoma (TCGA)	tcga	unprognostic	unfavorable	0.07179	Human Protein Atlas
HPA_LIHC_PROGNOSTIC:1230|validation	1230	CCR1	ENSG00000163823	UMLS:C2239176	Liver Hepatocellular Carcinoma (validation)	validation	unprognostic	favorable	0.04612	Human Protein Atlas
HPA_LIHC_PROGNOSTIC:1244|tcga	1244	ABCC2	ENSG00000023839	UMLS:C2239176	Liver Hepatocellular Carcinoma (TCGA)	tcga	unprognostic	unfavorable	0.2142	Human Protein Atlas
HPA_LIHC_PROGNOSTIC:1244|validation	1244	ABCC2	ENSG00000023839	UMLS:C2239176	Liver Hepatocellular Carcinoma (validation)	validation	unprognostic	favorable	0.066	Human Protein Atlas
HPA_LIHC_PROGNOSTIC:1277|tcga	1277	COL1A1	ENSG00000108821	UMLS:C2239176	Liver Hepatocellular Carcinoma (TCGA)	tcga	unprognostic	unfavorable	0.04677	Human Protein Atlas
HPA_LIHC_PROGNOSTIC:1277|validation	1277	COL1A1	ENSG00000108821	UMLS:C2239176	Liver Hepatocellular Carcinoma (validation)	validation	unprognostic	favorable	0.1748	Human Protein Atlas
HPA_LIHC_PROGNOSTIC:1278|tcga	1278	COL1A2	ENSG00000164692	UMLS:C2239176	Liver Hepatocellular Carcinoma (TCGA)	tcga	unprognostic	unfavorable	0.04025	Human Protein Atlas
HPA_LIHC_PROGNOSTIC:1278|validation	1278	COL1A2	ENSG00000164692	UMLS:C2239176	Liver Hepatocellular Carcinoma (validation)	validation	unprognostic	favorable	0.2188	Human Protein Atlas
HPA_LIHC_PROGNOSTIC:127|tcga	127	ADH4	ENSG00000198099	UMLS:C2239176	Liver Hepatocellular Carcinoma (TCGA)	tcga	potential prognostic	favorable	1.89e-06	Human Protein Atlas
HPA_LIHC_PROGNOSTIC:127|validation	127	ADH4	ENSG00000198099	UMLS:C2239176	Liver Hepatocellular Carcinoma (validation)	validation	unprognostic	favorable	0.001201	Human Protein Atlas
HPA_LIHC_PROGNOSTIC:1281|tcga	1281	COL3A1	ENSG00000168542	UMLS:C2239176	Liver Hepatocellular Carcinoma (TCGA)	tcga	unprognostic	unfavorable	0.05863	Human Protein Atlas
HPA_LIHC_PROGNOSTIC:1281|validation	1281	COL3A1	ENSG00000168542	UMLS:C2239176	Liver Hepatocellular Carcinoma (validation)	validation	unprognostic	favorable	0.2072	Human Protein Atlas
HPA_LIHC_PROGNOSTIC:128239|tcga	128239	IQGAP3	ENSG00000183856	UMLS:C2239176	Liver Hepatocellular Carcinoma (TCGA)	tcga	validated prognostic	unfavorable	4.533e-05	Human Protein Atlas
HPA_LIHC_PROGNOSTIC:128239|validation	128239	IQGAP3	ENSG00000183856	UMLS:C2239176	Liver Hepatocellular Carcinoma (validation)	validation	validated prognostic	unfavorable	0.0004575	Human Protein Atlas
HPA_LIHC_PROGNOSTIC:1290|tcga	1290	COL5A2	ENSG00000204262	UMLS:C2239176	Liver Hepatocellular Carcinoma (TCGA)	tcga	unprognostic	unfavorable	0.03616	Human Protein Atlas
HPA_LIHC_PROGNOSTIC:1290|validation	1290	COL5A2	ENSG00000204262	UMLS:C2239176	Liver Hepatocellular Carcinoma (validation)	validation	unprognostic	unfavorable	0.04179	Human Protein Atlas
HPA_LIHC_PROGNOSTIC:1306|tcga	1306	COL15A1	ENSG00000204291	UMLS:C2239176	Liver Hepatocellular Carcinoma (TCGA)	tcga	potential prognostic	favorable	0.0009952	Human Protein Atlas
HPA_LIHC_PROGNOSTIC:1306|validation	1306	COL15A1	ENSG00000204291	UMLS:C2239176	Liver Hepatocellular Carcinoma (validation)	validation	unprognostic	favorable	0.004754	Human Protein Atlas
HPA_LIHC_PROGNOSTIC:1312|tcga	1312	COMT	ENSG00000093010	UMLS:C2239176	Liver Hepatocellular Carcinoma (TCGA)	tcga	unprognostic	favorable	0.07456	Human Protein Atlas
HPA_LIHC_PROGNOSTIC:1312|validation	1312	COMT	ENSG00000093010	UMLS:C2239176	Liver Hepatocellular Carcinoma (validation)	validation	unprognostic	favorable	0.0392	Human Protein Atlas
HPA_LIHC_PROGNOSTIC:131669|tcga	131669	UROC1	ENSG00000159650	UMLS:C2239176	Liver Hepatocellular Carcinoma (TCGA)	tcga	potential prognostic	favorable	0.0004675	Human Protein Atlas
HPA_LIHC_PROGNOSTIC:131669|validation	131669	UROC1	ENSG00000159650	UMLS:C2239176	Liver Hepatocellular Carcinoma (validation)	validation	unprognostic	favorable	0.01828	Human Protein Atlas
HPA_LIHC_PROGNOSTIC:1356|tcga	1356	CP	ENSG00000047457	UMLS:C2239176	Liver Hepatocellular Carcinoma (TCGA)	tcga	unprognostic	unfavorable	0.1192	Human Protein Atlas
HPA_LIHC_PROGNOSTIC:1356|validation	1356	CP	ENSG00000047457	UMLS:C2239176	Liver Hepatocellular Carcinoma (validation)	validation	unprognostic	unfavorable	0.05402	Human Protein Atlas
HPA_LIHC_PROGNOSTIC:1374|tcga	1374	CPT1A	ENSG00000110090	UMLS:C2239176	Liver Hepatocellular Carcinoma (TCGA)	tcga	unprognostic	favorable	0.1755	Human Protein Atlas
HPA_LIHC_PROGNOSTIC:1374|validation	1374	CPT1A	ENSG00000110090	UMLS:C2239176	Liver Hepatocellular Carcinoma (validation)	validation	unprognostic	favorable	0.0094	Human Protein Atlas
HPA_LIHC_PROGNOSTIC:1393|tcga	1393	CRHBP	ENSG00000145708	UMLS:C2239176	Liver Hepatocellular Carcinoma (TCGA)	tcga	validated prognostic	favorable	0.0006748	Human Protein Atlas
HPA_LIHC_PROGNOSTIC:1393|validation	1393	CRHBP	ENSG00000145708	UMLS:C2239176	Liver Hepatocellular Carcinoma (validation)	validation	validated prognostic	favorable	4.802e-05	Human Protein Atlas
HPA_LIHC_PROGNOSTIC:1401|tcga	1401	CRP	ENSG00000132693	UMLS:C2239176	Liver Hepatocellular Carcinoma (TCGA)	tcga	unprognostic	unfavorable	0.1633	Human Protein Atlas
HPA_LIHC_PROGNOSTIC:1401|validation	1401	CRP	ENSG00000132693	UMLS:C2239176	Liver Hepatocellular Carcinoma (validation)	validation	unprognostic	favorable	0.1297	Human Protein Atlas
HPA_LIHC_PROGNOSTIC:142|tcga	142	PARP1	ENSG00000143799	UMLS:C2239176	Liver Hepatocellular Carcinoma (TCGA)	tcga	unprognostic	unfavorable	0.01148	Human Protein Atlas
HPA_LIHC_PROGNOSTIC:142|validation	142	PARP1	ENSG00000143799	UMLS:C2239176	Liver Hepatocellular Carcinoma (validation)	validation	unprognostic	unfavorable	0.003229	Human Protein Atlas
HPA_LIHC_PROGNOSTIC:1436|tcga	1436	CSF1R	ENSG00000182578	UMLS:C2239176	Liver Hepatocellular Carcinoma (TCGA)	tcga	unprognostic	unfavorable	0.05098	Human Protein Atlas
HPA_LIHC_PROGNOSTIC:1436|validation	1436	CSF1R	ENSG00000182578	UMLS:C2239176	Liver Hepatocellular Carcinoma (validation)	validation	unprognostic	favorable	0.08869	Human Protein Atlas
HPA_LIHC_PROGNOSTIC:143941|tcga	143941	TTC36	ENSG00000172425	UMLS:C2239176	Liver Hepatocellular Carcinoma (TCGA)	tcga	validated prognostic	favorable	3.19e-05	Human Protein Atlas
HPA_LIHC_PROGNOSTIC:143941|validation	143941	TTC36	ENSG00000172425	UMLS:C2239176	Liver Hepatocellular Carcinoma (validation)	validation	validated prognostic	favorable	0.000172	Human Protein Atlas
HPA_LIHC_PROGNOSTIC:1464|tcga	1464	CSPG4	ENSG00000173546	UMLS:C2239176	Liver Hepatocellular Carcinoma (TCGA)	tcga	unprognostic	unfavorable	0.01704	Human Protein Atlas
HPA_LIHC_PROGNOSTIC:1464|validation	1464	CSPG4	ENSG00000173546	UMLS:C2239176	Liver Hepatocellular Carcinoma (validation)	validation	unprognostic	unfavorable	0.2342	Human Protein Atlas
HPA_LIHC_PROGNOSTIC:146909|tcga	146909	KIF18B	ENSG00000186185	UMLS:C2239176	Liver Hepatocellular Carcinoma (TCGA)	tcga	validated prognostic	unfavorable	1.05e-06	Human Protein Atlas
HPA_LIHC_PROGNOSTIC:146909|validation	146909	KIF18B	ENSG00000186185	UMLS:C2239176	Liver Hepatocellular Carcinoma (validation)	validation	validated prognostic	unfavorable	8.911e-05	Human Protein Atlas
HPA_LIHC_PROGNOSTIC:148|tcga	148	ADRA1A	ENSG00000120907	UMLS:C2239176	Liver Hepatocellular Carcinoma (TCGA)	tcga	unprognostic	favorable	0.001306	Human Protein Atlas
HPA_LIHC_PROGNOSTIC:148|validation	148	ADRA1A	ENSG00000120907	UMLS:C2239176	Liver Hepatocellular Carcinoma (validation)	validation	potential prognostic	favorable	0.0001354	Human Protein Atlas
HPA_LIHC_PROGNOSTIC:1490|tcga	1490	CCN2	ENSG00000118523	UMLS:C2239176	Liver Hepatocellular Carcinoma (TCGA)	tcga	unprognostic	unfavorable	0.2964	Human Protein Atlas
HPA_LIHC_PROGNOSTIC:1493|validation	1493	CTLA4	ENSG00000163599	UMLS:C2239176	Liver Hepatocellular Carcinoma (validation)	validation	unprognostic	favorable	0.04873	Human Protein Atlas
HPA_LIHC_PROGNOSTIC:1499|tcga	1499	CTNNB1	ENSG00000168036	UMLS:C2239176	Liver Hepatocellular Carcinoma (TCGA)	tcga	potential prognostic	unfavorable	0.0006513	Human Protein Atlas
HPA_LIHC_PROGNOSTIC:1499|validation	1499	CTNNB1	ENSG00000168036	UMLS:C2239176	Liver Hepatocellular Carcinoma (validation)	validation	unprognostic	unfavorable	0.01474	Human Protein Atlas
HPA_LIHC_PROGNOSTIC:150468|tcga	150468	CKAP2L	ENSG00000169607	UMLS:C2239176	Liver Hepatocellular Carcinoma (TCGA)	tcga	validated prognostic	unfavorable	9.059e-05	Human Protein Atlas
HPA_LIHC_PROGNOSTIC:150468|validation	150468	CKAP2L	ENSG00000169607	UMLS:C2239176	Liver Hepatocellular Carcinoma (validation)	validation	validated prognostic	unfavorable	2.293e-06	Human Protein Atlas
HPA_LIHC_PROGNOSTIC:150684|tcga	150684	COMMD1	ENSG00000173163	UMLS:C2239176	Liver Hepatocellular Carcinoma (TCGA)	tcga	potential prognostic	unfavorable	0.0007839	Human Protein Atlas
HPA_LIHC_PROGNOSTIC:150684|validation	150684	COMMD1	ENSG00000173163	UMLS:C2239176	Liver Hepatocellular Carcinoma (validation)	validation	unprognostic	unfavorable	0.04232	Human Protein Atlas
HPA_LIHC_PROGNOSTIC:1509|tcga	1509	CTSD	ENSG00000117984	UMLS:C2239176	Liver Hepatocellular Carcinoma (TCGA)	tcga	unprognostic	unfavorable	0.01639	Human Protein Atlas
HPA_LIHC_PROGNOSTIC:1509|validation	1509	CTSD	ENSG00000117984	UMLS:C2239176	Liver Hepatocellular Carcinoma (validation)	validation	unprognostic	favorable	0.05263	Human Protein Atlas
HPA_LIHC_PROGNOSTIC:152831|tcga	152831	KLB	ENSG00000134962	UMLS:C2239176	Liver Hepatocellular Carcinoma (TCGA)	tcga	unprognostic	favorable	0.4629	Human Protein Atlas
HPA_LIHC_PROGNOSTIC:152831|validation	152831	KLB	ENSG00000134962	UMLS:C2239176	Liver Hepatocellular Carcinoma (validation)	validation	unprognostic	unfavorable	0.0276	Human Protein Atlas
HPA_LIHC_PROGNOSTIC:1535|tcga	1535	CYBA	ENSG00000051523	UMLS:C2239176	Liver Hepatocellular Carcinoma (TCGA)	tcga	unprognostic	unfavorable	0.04675	Human Protein Atlas
HPA_LIHC_PROGNOSTIC:1535|validation	1535	CYBA	ENSG00000051523	UMLS:C2239176	Liver Hepatocellular Carcinoma (validation)	validation	unprognostic	unfavorable	0.1416	Human Protein Atlas
HPA_LIHC_PROGNOSTIC:1540|tcga	1540	CYLD	ENSG00000083799	UMLS:C2239176	Liver Hepatocellular Carcinoma (TCGA)	tcga	unprognostic	unfavorable	0.07946	Human Protein Atlas
HPA_LIHC_PROGNOSTIC:1540|validation	1540	CYLD	ENSG00000083799	UMLS:C2239176	Liver Hepatocellular Carcinoma (validation)	validation	unprognostic	favorable	0.004167	Human Protein Atlas
HPA_LIHC_PROGNOSTIC:1543|tcga	1543	CYP1A1	ENSG00000140465	UMLS:C2239176	Liver Hepatocellular Carcinoma (TCGA)	tcga	unprognostic	unfavorable	0.2071	Human Protein Atlas
HPA_LIHC_PROGNOSTIC:1543|validation	1543	CYP1A1	ENSG00000140465	UMLS:C2239176	Liver Hepatocellular Carcinoma (validation)	validation	unprognostic	favorable	0.04727	Human Protein Atlas
HPA_LIHC_PROGNOSTIC:1544|tcga	1544	CYP1A2	ENSG00000140505	UMLS:C2239176	Liver Hepatocellular Carcinoma (TCGA)	tcga	unprognostic	favorable	0.1501	Human Protein Atlas
HPA_LIHC_PROGNOSTIC:1544|validation	1544	CYP1A2	ENSG00000140505	UMLS:C2239176	Liver Hepatocellular Carcinoma (validation)	validation	potential prognostic	favorable	9.273e-05	Human Protein Atlas
HPA_LIHC_PROGNOSTIC:1555|tcga	1555	CYP2B6	ENSG00000197408	UMLS:C2239176	Liver Hepatocellular Carcinoma (TCGA)	tcga	unprognostic	favorable	0.0993	Human Protein Atlas
HPA_LIHC_PROGNOSTIC:1555|validation	1555	CYP2B6	ENSG00000197408	UMLS:C2239176	Liver Hepatocellular Carcinoma (validation)	validation	unprognostic	favorable	0.03261	Human Protein Atlas
HPA_LIHC_PROGNOSTIC:1557|tcga	1557	CYP2C19	ENSG00000165841	UMLS:C2239176	Liver Hepatocellular Carcinoma (TCGA)	tcga	unprognostic	unfavorable	0.124	Human Protein Atlas
HPA_LIHC_PROGNOSTIC:1557|validation	1557	CYP2C19	ENSG00000165841	UMLS:C2239176	Liver Hepatocellular Carcinoma (validation)	validation	potential prognostic	favorable	0.0001236	Human Protein Atlas
HPA_LIHC_PROGNOSTIC:1558|tcga	1558	CYP2C8	ENSG00000138115	UMLS:C2239176	Liver Hepatocellular Carcinoma (TCGA)	tcga	unprognostic	favorable	0.001541	Human Protein Atlas
HPA_LIHC_PROGNOSTIC:1558|validation	1558	CYP2C8	ENSG00000138115	UMLS:C2239176	Liver Hepatocellular Carcinoma (validation)	validation	potential prognostic	favorable	2.088e-06	Human Protein Atlas
HPA_LIHC_PROGNOSTIC:1571|tcga	1571	CYP2E1	ENSG00000130649	UMLS:C2239176	Liver Hepatocellular Carcinoma (TCGA)	tcga	unprognostic	favorable	0.00144	Human Protein Atlas
HPA_LIHC_PROGNOSTIC:1571|validation	1571	CYP2E1	ENSG00000130649	UMLS:C2239176	Liver Hepatocellular Carcinoma (validation)	validation	unprognostic	favorable	0.1271	Human Protein Atlas
HPA_LIHC_PROGNOSTIC:157313|validation	157313	CDCA2	ENSG00000184661	UMLS:C2239176	Liver Hepatocellular Carcinoma (validation)	validation	potential prognostic	unfavorable	1.193e-05	Human Protein Atlas
HPA_LIHC_PROGNOSTIC:1586|tcga	1586	CYP17A1	ENSG00000148795	UMLS:C2239176	Liver Hepatocellular Carcinoma (TCGA)	tcga	unprognostic	favorable	0.002138	Human Protein Atlas
HPA_LIHC_PROGNOSTIC:1586|validation	1586	CYP17A1	ENSG00000148795	UMLS:C2239176	Liver Hepatocellular Carcinoma (validation)	validation	unprognostic	favorable	0.00368	Human Protein Atlas
HPA_LIHC_PROGNOSTIC:1593|tcga	1593	CYP27A1	ENSG00000135929	UMLS:C2239176	Liver Hepatocellular Carcinoma (TCGA)	tcga	validated prognostic	favorable	3.284e-05	Human Protein Atlas
HPA_LIHC_PROGNOSTIC:1593|validation	1593	CYP27A1	ENSG00000135929	UMLS:C2239176	Liver Hepatocellular Carcinoma (validation)	validation	validated prognostic	favorable	1.327e-05	Human Protein Atlas
HPA_LIHC_PROGNOSTIC:1621|tcga	1621	DBH	ENSG00000123454	UMLS:C2239176	Liver Hepatocellular Carcinoma (TCGA)	tcga	unprognostic	favorable	0.007342	Human Protein Atlas
HPA_LIHC_PROGNOSTIC:1621|validation	1621	DBH	ENSG00000123454	UMLS:C2239176	Liver Hepatocellular Carcinoma (validation)	validation	potential prognostic	favorable	1.858e-05	Human Protein Atlas
HPA_LIHC_PROGNOSTIC:1634|tcga	1634	DCN	ENSG00000011465	UMLS:C2239176	Liver Hepatocellular Carcinoma (TCGA)	tcga	unprognostic	favorable	0.03201	Human Protein Atlas
HPA_LIHC_PROGNOSTIC:1634|validation	1634	DCN	ENSG00000011465	UMLS:C2239176	Liver Hepatocellular Carcinoma (validation)	validation	unprognostic	favorable	0.004035	Human Protein Atlas
HPA_LIHC_PROGNOSTIC:1636|tcga	1636	ACE	ENSG00000159640	UMLS:C2239176	Liver Hepatocellular Carcinoma (TCGA)	tcga	unprognostic	unfavorable	0.2769	Human Protein Atlas
HPA_LIHC_PROGNOSTIC:1636|validation	1636	ACE	ENSG00000159640	UMLS:C2239176	Liver Hepatocellular Carcinoma (validation)	validation	unprognostic	unfavorable	0.2615	Human Protein Atlas
HPA_LIHC_PROGNOSTIC:1646|tcga	1646	AKR1C2	ENSG00000151632	UMLS:C2239176	Liver Hepatocellular Carcinoma (TCGA)	tcga	unprognostic	unfavorable	0.007969	Human Protein Atlas
HPA_LIHC_PROGNOSTIC:1646|validation	1646	AKR1C2	ENSG00000151632	UMLS:C2239176	Liver Hepatocellular Carcinoma (validation)	validation	unprognostic	unfavorable	0.1204	Human Protein Atlas
HPA_LIHC_PROGNOSTIC:169355|validation	169355	IDO2	ENSG00000188676	UMLS:C2239176	Liver Hepatocellular Carcinoma (validation)	validation	potential prognostic	favorable	0.0001958	Human Protein Atlas
HPA_LIHC_PROGNOSTIC:169611|tcga	169611	OLFML2A	ENSG00000185585	UMLS:C2239176	Liver Hepatocellular Carcinoma (TCGA)	tcga	unprognostic	favorable	0.1213	Human Protein Atlas
HPA_LIHC_PROGNOSTIC:169611|validation	169611	OLFML2A	ENSG00000185585	UMLS:C2239176	Liver Hepatocellular Carcinoma (validation)	validation	unprognostic	favorable	0.2368	Human Protein Atlas
HPA_LIHC_PROGNOSTIC:170392|tcga	170392	OIT3	ENSG00000138315	UMLS:C2239176	Liver Hepatocellular Carcinoma (TCGA)	tcga	unprognostic	favorable	0.07091	Human Protein Atlas
HPA_LIHC_PROGNOSTIC:170392|validation	170392	OIT3	ENSG00000138315	UMLS:C2239176	Liver Hepatocellular Carcinoma (validation)	validation	unprognostic	favorable	0.03189	Human Protein Atlas
HPA_LIHC_PROGNOSTIC:170712|tcga	170712	COX7B2	ENSG00000170516	UMLS:C2239176	Liver Hepatocellular Carcinoma (TCGA)	tcga	unprognostic	unfavorable	0.1249	Human Protein Atlas
HPA_LIHC_PROGNOSTIC:170712|validation	170712	COX7B2	ENSG00000170516	UMLS:C2239176	Liver Hepatocellular Carcinoma (validation)	validation	unprognostic	unfavorable	0.02199	Human Protein Atlas
HPA_LIHC_PROGNOSTIC:1717|tcga	1717	DHCR7	ENSG00000172893	UMLS:C2239176	Liver Hepatocellular Carcinoma (TCGA)	tcga	unprognostic	unfavorable	0.009297	Human Protein Atlas
HPA_LIHC_PROGNOSTIC:1717|validation	1717	DHCR7	ENSG00000172893	UMLS:C2239176	Liver Hepatocellular Carcinoma (validation)	validation	potential prognostic	unfavorable	0.000323	Human Protein Atlas
HPA_LIHC_PROGNOSTIC:1728|tcga	1728	NQO1	ENSG00000181019	UMLS:C2239176	Liver Hepatocellular Carcinoma (TCGA)	tcga	potential prognostic	unfavorable	0.0008105	Human Protein Atlas
HPA_LIHC_PROGNOSTIC:1728|validation	1728	NQO1	ENSG00000181019	UMLS:C2239176	Liver Hepatocellular Carcinoma (validation)	validation	unprognostic	unfavorable	0.005501	Human Protein Atlas
HPA_LIHC_PROGNOSTIC:174|tcga	174	AFP	ENSG00000081051	UMLS:C2239176	Liver Hepatocellular Carcinoma (TCGA)	tcga	unprognostic	unfavorable	0.2133	Human Protein Atlas
HPA_LIHC_PROGNOSTIC:174|validation	174	AFP	ENSG00000081051	UMLS:C2239176	Liver Hepatocellular Carcinoma (validation)	validation	unprognostic	unfavorable	0.04959	Human Protein Atlas
HPA_LIHC_PROGNOSTIC:1776|tcga	1776	DNASE1L3	ENSG00000163687	UMLS:C2239176	Liver Hepatocellular Carcinoma (TCGA)	tcga	validated prognostic	favorable	4.435e-07	Human Protein Atlas
HPA_LIHC_PROGNOSTIC:1776|validation	1776	DNASE1L3	ENSG00000163687	UMLS:C2239176	Liver Hepatocellular Carcinoma (validation)	validation	validated prognostic	favorable	2.024e-05	Human Protein Atlas
HPA_LIHC_PROGNOSTIC:1806|tcga	1806	DPYD	ENSG00000188641	UMLS:C2239176	Liver Hepatocellular Carcinoma (TCGA)	tcga	unprognostic	unfavorable	0.223	Human Protein Atlas
HPA_LIHC_PROGNOSTIC:1806|validation	1806	DPYD	ENSG00000188641	UMLS:C2239176	Liver Hepatocellular Carcinoma (validation)	validation	unprognostic	favorable	0.05421	Human Protein Atlas
HPA_LIHC_PROGNOSTIC:1815|validation	1815	DRD4	ENSG00000069696	UMLS:C2239176	Liver Hepatocellular Carcinoma (validation)	validation	unprognostic	favorable	0.1253	Human Protein Atlas
HPA_LIHC_PROGNOSTIC:1820|tcga	1820	ARID3A	ENSG00000116017	UMLS:C2239176	Liver Hepatocellular Carcinoma (TCGA)	tcga	unprognostic	unfavorable	0.01506	Human Protein Atlas
HPA_LIHC_PROGNOSTIC:1820|validation	1820	ARID3A	ENSG00000116017	UMLS:C2239176	Liver Hepatocellular Carcinoma (validation)	validation	unprognostic	unfavorable	0.002534	Human Protein Atlas
HPA_LIHC_PROGNOSTIC:1827|tcga	1827	RCAN1	ENSG00000159200	UMLS:C2239176	Liver Hepatocellular Carcinoma (TCGA)	tcga	unprognostic	favorable	0.01523	Human Protein Atlas
HPA_LIHC_PROGNOSTIC:1827|validation	1827	RCAN1	ENSG00000159200	UMLS:C2239176	Liver Hepatocellular Carcinoma (validation)	validation	unprognostic	favorable	0.00272	Human Protein Atlas
HPA_LIHC_PROGNOSTIC:183|tcga	183	AGT	ENSG00000135744	UMLS:C2239176	Liver Hepatocellular Carcinoma (TCGA)	tcga	unprognostic	unfavorable	0.03893	Human Protein Atlas
HPA_LIHC_PROGNOSTIC:183|validation	183	AGT	ENSG00000135744	UMLS:C2239176	Liver Hepatocellular Carcinoma (validation)	validation	unprognostic	unfavorable	0.02395	Human Protein Atlas
HPA_LIHC_PROGNOSTIC:1869|tcga	1869	E2F1	ENSG00000101412	UMLS:C2239176	Liver Hepatocellular Carcinoma (TCGA)	tcga	validated prognostic	unfavorable	0.0001272	Human Protein Atlas
HPA_LIHC_PROGNOSTIC:1869|validation	1869	E2F1	ENSG00000101412	UMLS:C2239176	Liver Hepatocellular Carcinoma (validation)	validation	validated prognostic	unfavorable	4.856e-07	Human Protein Atlas
HPA_LIHC_PROGNOSTIC:1893|tcga	1893	ECM1	ENSG00000143369	UMLS:C2239176	Liver Hepatocellular Carcinoma (TCGA)	tcga	unprognostic	unfavorable	0.2403	Human Protein Atlas
HPA_LIHC_PROGNOSTIC:1893|validation	1893	ECM1	ENSG00000143369	UMLS:C2239176	Liver Hepatocellular Carcinoma (validation)	validation	unprognostic	favorable	0.01095	Human Protein Atlas
HPA_LIHC_PROGNOSTIC:1894|tcga	1894	ECT2	ENSG00000114346	UMLS:C2239176	Liver Hepatocellular Carcinoma (TCGA)	tcga	validated prognostic	unfavorable	2.93e-06	Human Protein Atlas
HPA_LIHC_PROGNOSTIC:1894|validation	1894	ECT2	ENSG00000114346	UMLS:C2239176	Liver Hepatocellular Carcinoma (validation)	validation	validated prognostic	unfavorable	1.658e-06	Human Protein Atlas
HPA_LIHC_PROGNOSTIC:191|tcga	191	AHCY	ENSG00000101444	UMLS:C2239176	Liver Hepatocellular Carcinoma (TCGA)	tcga	unprognostic	unfavorable	0.0219	Human Protein Atlas
HPA_LIHC_PROGNOSTIC:191|validation	191	AHCY	ENSG00000101444	UMLS:C2239176	Liver Hepatocellular Carcinoma (validation)	validation	potential prognostic	unfavorable	1.931e-07	Human Protein Atlas
HPA_LIHC_PROGNOSTIC:1951|validation	1951	CELSR3	ENSG00000008300	UMLS:C2239176	Liver Hepatocellular Carcinoma (validation)	validation	unprognostic	unfavorable	0.003967	Human Protein Atlas
HPA_LIHC_PROGNOSTIC:1956|tcga	1956	EGFR	ENSG00000146648	UMLS:C2239176	Liver Hepatocellular Carcinoma (TCGA)	tcga	unprognostic	favorable	0.1352	Human Protein Atlas
HPA_LIHC_PROGNOSTIC:1956|validation	1956	EGFR	ENSG00000146648	UMLS:C2239176	Liver Hepatocellular Carcinoma (validation)	validation	unprognostic	favorable	0.0101	Human Protein Atlas
HPA_LIHC_PROGNOSTIC:1958|tcga	1958	EGR1	ENSG00000120738	UMLS:C2239176	Liver Hepatocellular Carcinoma (TCGA)	tcga	unprognostic	favorable	0.324	Human Protein Atlas
HPA_LIHC_PROGNOSTIC:1958|validation	1958	EGR1	ENSG00000120738	UMLS:C2239176	Liver Hepatocellular Carcinoma (validation)	validation	unprognostic	favorable	0.004447	Human Protein Atlas
HPA_LIHC_PROGNOSTIC:1959|tcga	1959	EGR2	ENSG00000122877	UMLS:C2239176	Liver Hepatocellular Carcinoma (TCGA)	tcga	unprognostic	unfavorable	0.2231	Human Protein Atlas
HPA_LIHC_PROGNOSTIC:1959|validation	1959	EGR2	ENSG00000122877	UMLS:C2239176	Liver Hepatocellular Carcinoma (validation)	validation	potential prognostic	favorable	0.0006354	Human Protein Atlas
HPA_LIHC_PROGNOSTIC:196528|tcga	196528	ARID2	ENSG00000189079	UMLS:C2239176	Liver Hepatocellular Carcinoma (TCGA)	tcga	unprognostic	unfavorable	0.003627	Human Protein Atlas
HPA_LIHC_PROGNOSTIC:196528|validation	196528	ARID2	ENSG00000189079	UMLS:C2239176	Liver Hepatocellular Carcinoma (validation)	validation	unprognostic	favorable	0.081	Human Protein Atlas
HPA_LIHC_PROGNOSTIC:196|tcga	196	AHR	ENSG00000106546	UMLS:C2239176	Liver Hepatocellular Carcinoma (TCGA)	tcga	unprognostic	unfavorable	0.1193	Human Protein Atlas
HPA_LIHC_PROGNOSTIC:196|validation	196	AHR	ENSG00000106546	UMLS:C2239176	Liver Hepatocellular Carcinoma (validation)	validation	unprognostic	favorable	0.2366	Human Protein Atlas
HPA_LIHC_PROGNOSTIC:197358|validation	197358	NLRC3	ENSG00000167984	UMLS:C2239176	Liver Hepatocellular Carcinoma (validation)	validation	potential prognostic	favorable	9.361e-05	Human Protein Atlas
HPA_LIHC_PROGNOSTIC:2023|tcga	2023	ENO1	ENSG00000074800	UMLS:C2239176	Liver Hepatocellular Carcinoma (TCGA)	tcga	validated prognostic	unfavorable	8.234e-08	Human Protein Atlas
HPA_LIHC_PROGNOSTIC:2023|validation	2023	ENO1	ENSG00000074800	UMLS:C2239176	Liver Hepatocellular Carcinoma (validation)	validation	validated prognostic	unfavorable	1.247e-08	Human Protein Atlas
HPA_LIHC_PROGNOSTIC:203286|tcga	203286	ANKS6	ENSG00000165138	UMLS:C2239176	Liver Hepatocellular Carcinoma (TCGA)	tcga	unprognostic	unfavorable	0.005206	Human Protein Atlas
HPA_LIHC_PROGNOSTIC:203286|validation	203286	ANKS6	ENSG00000165138	UMLS:C2239176	Liver Hepatocellular Carcinoma (validation)	validation	unprognostic	unfavorable	0.04653	Human Protein Atlas
HPA_LIHC_PROGNOSTIC:2034|tcga	2034	EPAS1	ENSG00000116016	UMLS:C2239176	Liver Hepatocellular Carcinoma (TCGA)	tcga	unprognostic	favorable	0.1027	Human Protein Atlas
HPA_LIHC_PROGNOSTIC:2034|validation	2034	EPAS1	ENSG00000116016	UMLS:C2239176	Liver Hepatocellular Carcinoma (validation)	validation	unprognostic	favorable	0.03499	Human Protein Atlas
HPA_LIHC_PROGNOSTIC:2052|tcga	2052	EPHX1	ENSG00000143819	UMLS:C2239176	Liver Hepatocellular Carcinoma (TCGA)	tcga	unprognostic	favorable	0.04649	Human Protein Atlas
HPA_LIHC_PROGNOSTIC:2052|validation	2052	EPHX1	ENSG00000143819	UMLS:C2239176	Liver Hepatocellular Carcinoma (validation)	validation	potential prognostic	favorable	0.0002654	Human Protein Atlas
HPA_LIHC_PROGNOSTIC:2056|tcga	2056	EPO	ENSG00000130427	UMLS:C2239176	Liver Hepatocellular Carcinoma (TCGA)	tcga	potential prognostic	unfavorable	2.736e-05	Human Protein Atlas
HPA_LIHC_PROGNOSTIC:2056|validation	2056	EPO	ENSG00000130427	UMLS:C2239176	Liver Hepatocellular Carcinoma (validation)	validation	unprognostic	unfavorable	0.001817	Human Protein Atlas
HPA_LIHC_PROGNOSTIC:2068|tcga	2068	ERCC2	ENSG00000104884	UMLS:C2239176	Liver Hepatocellular Carcinoma (TCGA)	tcga	unprognostic	unfavorable	0.002922	Human Protein Atlas
HPA_LIHC_PROGNOSTIC:2068|validation	2068	ERCC2	ENSG00000104884	UMLS:C2239176	Liver Hepatocellular Carcinoma (validation)	validation	unprognostic	unfavorable	0.002308	Human Protein Atlas
HPA_LIHC_PROGNOSTIC:207|tcga	207	AKT1	ENSG00000142208	UMLS:C2239176	Liver Hepatocellular Carcinoma (TCGA)	tcga	potential prognostic	unfavorable	7.836e-05	Human Protein Atlas
HPA_LIHC_PROGNOSTIC:207|validation	207	AKT1	ENSG00000142208	UMLS:C2239176	Liver Hepatocellular Carcinoma (validation)	validation	unprognostic	favorable	0.08904	Human Protein Atlas
HPA_LIHC_PROGNOSTIC:2081|tcga	2081	ERN1	ENSG00000178607	UMLS:C2239176	Liver Hepatocellular Carcinoma (TCGA)	tcga	unprognostic	unfavorable	0.1904	Human Protein Atlas
HPA_LIHC_PROGNOSTIC:2081|validation	2081	ERN1	ENSG00000178607	UMLS:C2239176	Liver Hepatocellular Carcinoma (validation)	validation	unprognostic	favorable	0.1449	Human Protein Atlas
HPA_LIHC_PROGNOSTIC:2099|tcga	2099	ESR1	ENSG00000091831	UMLS:C2239176	Liver Hepatocellular Carcinoma (TCGA)	tcga	validated prognostic	favorable	3.285e-05	Human Protein Atlas
HPA_LIHC_PROGNOSTIC:2099|validation	2099	ESR1	ENSG00000091831	UMLS:C2239176	Liver Hepatocellular Carcinoma (validation)	validation	validated prognostic	favorable	1.085e-09	Human Protein Atlas
HPA_LIHC_PROGNOSTIC:2108|tcga	2108	ETFA	ENSG00000140374	UMLS:C2239176	Liver Hepatocellular Carcinoma (TCGA)	tcga	unprognostic	favorable	0.03765	Human Protein Atlas
HPA_LIHC_PROGNOSTIC:2108|validation	2108	ETFA	ENSG00000140374	UMLS:C2239176	Liver Hepatocellular Carcinoma (validation)	validation	unprognostic	unfavorable	0.007862	Human Protein Atlas
HPA_LIHC_PROGNOSTIC:210|tcga	210	ALAD	ENSG00000148218	UMLS:C2239176	Liver Hepatocellular Carcinoma (TCGA)	tcga	validated prognostic	favorable	0.0003617	Human Protein Atlas
HPA_LIHC_PROGNOSTIC:210|validation	210	ALAD	ENSG00000148218	UMLS:C2239176	Liver Hepatocellular Carcinoma (validation)	validation	validated prognostic	favorable	1.725e-05	Human Protein Atlas
HPA_LIHC_PROGNOSTIC:213|tcga	213	ALB	ENSG00000163631	UMLS:C2239176	Liver Hepatocellular Carcinoma (TCGA)	tcga	unprognostic	favorable	0.01317	Human Protein Atlas
HPA_LIHC_PROGNOSTIC:213|validation	213	ALB	ENSG00000163631	UMLS:C2239176	Liver Hepatocellular Carcinoma (validation)	validation	unprognostic	favorable	0.002166	Human Protein Atlas
HPA_LIHC_PROGNOSTIC:2146|tcga	2146	EZH2	ENSG00000106462	UMLS:C2239176	Liver Hepatocellular Carcinoma (TCGA)	tcga	validated prognostic	unfavorable	1.911e-07	Human Protein Atlas
HPA_LIHC_PROGNOSTIC:2146|validation	2146	EZH2	ENSG00000106462	UMLS:C2239176	Liver Hepatocellular Carcinoma (validation)	validation	validated prognostic	unfavorable	2.429e-05	Human Protein Atlas
HPA_LIHC_PROGNOSTIC:2147|tcga	2147	F2	ENSG00000180210	UMLS:C2239176	Liver Hepatocellular Carcinoma (TCGA)	tcga	unprognostic	favorable	0.1428	Human Protein Atlas
HPA_LIHC_PROGNOSTIC:2147|validation	2147	F2	ENSG00000180210	UMLS:C2239176	Liver Hepatocellular Carcinoma (validation)	validation	unprognostic	favorable	0.001694	Human Protein Atlas
HPA_LIHC_PROGNOSTIC:2149|tcga	2149	F2R	ENSG00000181104	UMLS:C2239176	Liver Hepatocellular Carcinoma (TCGA)	tcga	unprognostic	unfavorable	0.0859	Human Protein Atlas
HPA_LIHC_PROGNOSTIC:2149|validation	2149	F2R	ENSG00000181104	UMLS:C2239176	Liver Hepatocellular Carcinoma (validation)	validation	unprognostic	favorable	0.07323	Human Protein Atlas
HPA_LIHC_PROGNOSTIC:2152|tcga	2152	F3	ENSG00000117525	UMLS:C2239176	Liver Hepatocellular Carcinoma (TCGA)	tcga	unprognostic	unfavorable	0.05217	Human Protein Atlas
HPA_LIHC_PROGNOSTIC:2152|validation	2152	F3	ENSG00000117525	UMLS:C2239176	Liver Hepatocellular Carcinoma (validation)	validation	unprognostic	favorable	0.0406	Human Protein Atlas
HPA_LIHC_PROGNOSTIC:2153|tcga	2153	F5	ENSG00000198734	UMLS:C2239176	Liver Hepatocellular Carcinoma (TCGA)	tcga	potential prognostic	favorable	0.0009554	Human Protein Atlas
HPA_LIHC_PROGNOSTIC:2153|validation	2153	F5	ENSG00000198734	UMLS:C2239176	Liver Hepatocellular Carcinoma (validation)	validation	unprognostic	favorable	0.3334	Human Protein Atlas
HPA_LIHC_PROGNOSTIC:216|tcga	216	ALDH1A1	ENSG00000165092	UMLS:C2239176	Liver Hepatocellular Carcinoma (TCGA)	tcga	unprognostic	favorable	0.03969	Human Protein Atlas
HPA_LIHC_PROGNOSTIC:216|validation	216	ALDH1A1	ENSG00000165092	UMLS:C2239176	Liver Hepatocellular Carcinoma (validation)	validation	unprognostic	favorable	0.009147	Human Protein Atlas
HPA_LIHC_PROGNOSTIC:2171|tcga	2171	FABP5	ENSG00000164687	UMLS:C2239176	Liver Hepatocellular Carcinoma (TCGA)	tcga	potential prognostic	unfavorable	5.739e-06	Human Protein Atlas
HPA_LIHC_PROGNOSTIC:2171|validation	2171	FABP5	ENSG00000164687	UMLS:C2239176	Liver Hepatocellular Carcinoma (validation)	validation	unprognostic	unfavorable	0.01839	Human Protein Atlas
HPA_LIHC_PROGNOSTIC:2177|tcga	2177	FANCD2	ENSG00000144554	UMLS:C2239176	Liver Hepatocellular Carcinoma (TCGA)	tcga	unprognostic	unfavorable	0.001341	Human Protein Atlas
HPA_LIHC_PROGNOSTIC:2177|validation	2177	FANCD2	ENSG00000144554	UMLS:C2239176	Liver Hepatocellular Carcinoma (validation)	validation	potential prognostic	unfavorable	0.00015	Human Protein Atlas
HPA_LIHC_PROGNOSTIC:217|tcga	217	ALDH2	ENSG00000111275	UMLS:C2239176	Liver Hepatocellular Carcinoma (TCGA)	tcga	validated prognostic	favorable	4.949e-07	Human Protein Atlas
HPA_LIHC_PROGNOSTIC:217|validation	217	ALDH2	ENSG00000111275	UMLS:C2239176	Liver Hepatocellular Carcinoma (validation)	validation	validated prognostic	favorable	0.0003121	Human Protein Atlas
HPA_LIHC_PROGNOSTIC:2182|tcga	2182	ACSL4	ENSG00000068366	UMLS:C2239176	Liver Hepatocellular Carcinoma (TCGA)	tcga	unprognostic	unfavorable	0.0313	Human Protein Atlas
HPA_LIHC_PROGNOSTIC:2182|validation	2182	ACSL4	ENSG00000068366	UMLS:C2239176	Liver Hepatocellular Carcinoma (validation)	validation	unprognostic	unfavorable	0.04984	Human Protein Atlas
HPA_LIHC_PROGNOSTIC:2194|tcga	2194	FASN	ENSG00000169710	UMLS:C2239176	Liver Hepatocellular Carcinoma (TCGA)	tcga	unprognostic	unfavorable	0.03833	Human Protein Atlas
HPA_LIHC_PROGNOSTIC:2194|validation	2194	FASN	ENSG00000169710	UMLS:C2239176	Liver Hepatocellular Carcinoma (validation)	validation	unprognostic	unfavorable	0.2127	Human Protein Atlas
HPA_LIHC_PROGNOSTIC:219|tcga	219	ALDH1B1	ENSG00000137124	UMLS:C2239176	Liver Hepatocellular Carcinoma (TCGA)	tcga	unprognostic	favorable	0.02554	Human Protein Atlas
HPA_LIHC_PROGNOSTIC:219|validation	219	ALDH1B1	ENSG00000137124	UMLS:C2239176	Liver Hepatocellular Carcinoma (validation)	validation	unprognostic	favorable	0.002674	Human Protein Atlas
HPA_LIHC_PROGNOSTIC:2200|tcga	2200	FBN1	ENSG00000166147	UMLS:C2239176	Liver Hepatocellular Carcinoma (TCGA)	tcga	unprognostic	favorable	0.1627	Human Protein Atlas
HPA_LIHC_PROGNOSTIC:2200|validation	2200	FBN1	ENSG00000166147	UMLS:C2239176	Liver Hepatocellular Carcinoma (validation)	validation	unprognostic	favorable	0.04064	Human Protein Atlas
HPA_LIHC_PROGNOSTIC:220134|tcga	220134	SKA1	ENSG00000154839	UMLS:C2239176	Liver Hepatocellular Carcinoma (TCGA)	tcga	validated prognostic	unfavorable	1.685e-06	Human Protein Atlas
HPA_LIHC_PROGNOSTIC:220134|validation	220134	SKA1	ENSG00000154839	UMLS:C2239176	Liver Hepatocellular Carcinoma (validation)	validation	validated prognostic	unfavorable	1.196e-08	Human Protein Atlas
HPA_LIHC_PROGNOSTIC:2203|tcga	2203	FBP1	ENSG00000165140	UMLS:C2239176	Liver Hepatocellular Carcinoma (TCGA)	tcga	unprognostic	favorable	0.001902	Human Protein Atlas
HPA_LIHC_PROGNOSTIC:2203|validation	2203	FBP1	ENSG00000165140	UMLS:C2239176	Liver Hepatocellular Carcinoma (validation)	validation	unprognostic	favorable	0.0021	Human Protein Atlas
HPA_LIHC_PROGNOSTIC:221150|tcga	221150	SKA3	ENSG00000165480	UMLS:C2239176	Liver Hepatocellular Carcinoma (TCGA)	tcga	validated prognostic	unfavorable	2.725e-06	Human Protein Atlas
HPA_LIHC_PROGNOSTIC:221150|validation	221150	SKA3	ENSG00000165480	UMLS:C2239176	Liver Hepatocellular Carcinoma (validation)	validation	validated prognostic	unfavorable	9.752e-09	Human Protein Atlas
HPA_LIHC_PROGNOSTIC:2222|tcga	2222	FDFT1	ENSG00000079459	UMLS:C2239176	Liver Hepatocellular Carcinoma (TCGA)	tcga	validated prognostic	unfavorable	0.000246	Human Protein Atlas
HPA_LIHC_PROGNOSTIC:2222|validation	2222	FDFT1	ENSG00000079459	UMLS:C2239176	Liver Hepatocellular Carcinoma (validation)	validation	validated prognostic	unfavorable	0.0004873	Human Protein Atlas
HPA_LIHC_PROGNOSTIC:2242|tcga	2242	FES	ENSG00000182511	UMLS:C2239176	Liver Hepatocellular Carcinoma (TCGA)	tcga	unprognostic	unfavorable	0.1854	Human Protein Atlas
HPA_LIHC_PROGNOSTIC:2242|validation	2242	FES	ENSG00000182511	UMLS:C2239176	Liver Hepatocellular Carcinoma (validation)	validation	unprognostic	favorable	0.04116	Human Protein Atlas
HPA_LIHC_PROGNOSTIC:2247|tcga	2247	FGF2	ENSG00000138685	UMLS:C2239176	Liver Hepatocellular Carcinoma (TCGA)	tcga	unprognostic	unfavorable	0.0918	Human Protein Atlas
HPA_LIHC_PROGNOSTIC:2247|validation	2247	FGF2	ENSG00000138685	UMLS:C2239176	Liver Hepatocellular Carcinoma (validation)	validation	unprognostic	favorable	0.0738	Human Protein Atlas
HPA_LIHC_PROGNOSTIC:2252|validation	2252	FGF7	ENSG00000140285	UMLS:C2239176	Liver Hepatocellular Carcinoma (validation)	validation	unprognostic	favorable	0.01047	Human Protein Atlas
HPA_LIHC_PROGNOSTIC:2260|tcga	2260	FGFR1	ENSG00000077782	UMLS:C2239176	Liver Hepatocellular Carcinoma (TCGA)	tcga	unprognostic	unfavorable	0.2577	Human Protein Atlas
HPA_LIHC_PROGNOSTIC:2260|validation	2260	FGFR1	ENSG00000077782	UMLS:C2239176	Liver Hepatocellular Carcinoma (validation)	validation	unprognostic	favorable	0.05193	Human Protein Atlas
HPA_LIHC_PROGNOSTIC:2263|tcga	2263	FGFR2	ENSG00000066468	UMLS:C2239176	Liver Hepatocellular Carcinoma (TCGA)	tcga	unprognostic	unfavorable	0.0826	Human Protein Atlas
HPA_LIHC_PROGNOSTIC:2263|validation	2263	FGFR2	ENSG00000066468	UMLS:C2239176	Liver Hepatocellular Carcinoma (validation)	validation	unprognostic	favorable	0.006575	Human Protein Atlas
HPA_LIHC_PROGNOSTIC:2264|tcga	2264	FGFR4	ENSG00000160867	UMLS:C2239176	Liver Hepatocellular Carcinoma (TCGA)	tcga	unprognostic	unfavorable	0.01101	Human Protein Atlas
HPA_LIHC_PROGNOSTIC:2264|validation	2264	FGFR4	ENSG00000160867	UMLS:C2239176	Liver Hepatocellular Carcinoma (validation)	validation	unprognostic	unfavorable	0.04142	Human Protein Atlas
HPA_LIHC_PROGNOSTIC:2271|tcga	2271	FH	ENSG00000091483	UMLS:C2239176	Liver Hepatocellular Carcinoma (TCGA)	tcga	unprognostic	favorable	0.1067	Human Protein Atlas
HPA_LIHC_PROGNOSTIC:2271|validation	2271	FH	ENSG00000091483	UMLS:C2239176	Liver Hepatocellular Carcinoma (validation)	validation	unprognostic	favorable	0.02485	Human Protein Atlas
HPA_LIHC_PROGNOSTIC:22822|tcga	22822	PHLDA1	ENSG00000139289	UMLS:C2239176	Liver Hepatocellular Carcinoma (TCGA)	tcga	unprognostic	unfavorable	0.2745	Human Protein Atlas
HPA_LIHC_PROGNOSTIC:22822|validation	22822	PHLDA1	ENSG00000139289	UMLS:C2239176	Liver Hepatocellular Carcinoma (validation)	validation	unprognostic	favorable	0.1189	Human Protein Atlas
HPA_LIHC_PROGNOSTIC:22837|tcga	22837	COBLL1	ENSG00000082438	UMLS:C2239176	Liver Hepatocellular Carcinoma (TCGA)	tcga	unprognostic	favorable	0.005559	Human Protein Atlas
HPA_LIHC_PROGNOSTIC:22837|validation	22837	COBLL1	ENSG00000082438	UMLS:C2239176	Liver Hepatocellular Carcinoma (validation)	validation	potential prognostic	favorable	0.0004406	Human Protein Atlas
HPA_LIHC_PROGNOSTIC:22846|tcga	22846	VASH1	ENSG00000071246	UMLS:C2239176	Liver Hepatocellular Carcinoma (TCGA)	tcga	unprognostic	unfavorable	0.007357	Human Protein Atlas
HPA_LIHC_PROGNOSTIC:22846|validation	22846	VASH1	ENSG00000071246	UMLS:C2239176	Liver Hepatocellular Carcinoma (validation)	validation	unprognostic	favorable	0.04984	Human Protein Atlas
HPA_LIHC_PROGNOSTIC:22849|tcga	22849	CPEB3	ENSG00000107864	UMLS:C2239176	Liver Hepatocellular Carcinoma (TCGA)	tcga	validated prognostic	favorable	0.000316	Human Protein Atlas
HPA_LIHC_PROGNOSTIC:22849|validation	22849	CPEB3	ENSG00000107864	UMLS:C2239176	Liver Hepatocellular Carcinoma (validation)	validation	validated prognostic	favorable	2.637e-06	Human Protein Atlas
HPA_LIHC_PROGNOSTIC:22897|tcga	22897	CEP164	ENSG00000110274	UMLS:C2239176	Liver Hepatocellular Carcinoma (TCGA)	tcga	potential prognostic	unfavorable	0.0002696	Human Protein Atlas
HPA_LIHC_PROGNOSTIC:22897|validation	22897	CEP164	ENSG00000110274	UMLS:C2239176	Liver Hepatocellular Carcinoma (validation)	validation	unprognostic	favorable	0.1162	Human Protein Atlas
HPA_LIHC_PROGNOSTIC:22937|tcga	22937	SCAP	ENSG00000114650	UMLS:C2239176	Liver Hepatocellular Carcinoma (TCGA)	tcga	unprognostic	unfavorable	0.1118	Human Protein Atlas
HPA_LIHC_PROGNOSTIC:22937|validation	22937	SCAP	ENSG00000114650	UMLS:C2239176	Liver Hepatocellular Carcinoma (validation)	validation	unprognostic	favorable	0.142	Human Protein Atlas
HPA_LIHC_PROGNOSTIC:22974|tcga	22974	TPX2	ENSG00000088325	UMLS:C2239176	Liver Hepatocellular Carcinoma (TCGA)	tcga	validated prognostic	unfavorable	4.311e-07	Human Protein Atlas
HPA_LIHC_PROGNOSTIC:22974|validation	22974	TPX2	ENSG00000088325	UMLS:C2239176	Liver Hepatocellular Carcinoma (validation)	validation	validated prognostic	unfavorable	2.385e-10	Human Protein Atlas
HPA_LIHC_PROGNOSTIC:22994|tcga	22994	CEP131	ENSG00000141577	UMLS:C2239176	Liver Hepatocellular Carcinoma (TCGA)	tcga	potential prognostic	unfavorable	1.021e-05	Human Protein Atlas
HPA_LIHC_PROGNOSTIC:2305|tcga	2305	FOXM1	ENSG00000111206	UMLS:C2239176	Liver Hepatocellular Carcinoma (TCGA)	tcga	validated prognostic	unfavorable	9.302e-05	Human Protein Atlas
HPA_LIHC_PROGNOSTIC:2305|validation	2305	FOXM1	ENSG00000111206	UMLS:C2239176	Liver Hepatocellular Carcinoma (validation)	validation	validated prognostic	unfavorable	7.32e-07	Human Protein Atlas
HPA_LIHC_PROGNOSTIC:23095|tcga	23095	KIF1B	ENSG00000054523	UMLS:C2239176	Liver Hepatocellular Carcinoma (TCGA)	tcga	unprognostic	unfavorable	0.02343	Human Protein Atlas
HPA_LIHC_PROGNOSTIC:23095|validation	23095	KIF1B	ENSG00000054523	UMLS:C2239176	Liver Hepatocellular Carcinoma (validation)	validation	unprognostic	unfavorable	0.01535	Human Protein Atlas
HPA_LIHC_PROGNOSTIC:2309|tcga	2309	FOXO3	ENSG00000118689	UMLS:C2239176	Liver Hepatocellular Carcinoma (TCGA)	tcga	unprognostic	unfavorable	0.001677	Human Protein Atlas
HPA_LIHC_PROGNOSTIC:2309|validation	2309	FOXO3	ENSG00000118689	UMLS:C2239176	Liver Hepatocellular Carcinoma (validation)	validation	unprognostic	unfavorable	0.05028	Human Protein Atlas
HPA_LIHC_PROGNOSTIC:2316|tcga	2316	FLNA	ENSG00000196924	UMLS:C2239176	Liver Hepatocellular Carcinoma (TCGA)	tcga	unprognostic	unfavorable	0.1296	Human Protein Atlas
HPA_LIHC_PROGNOSTIC:2316|validation	2316	FLNA	ENSG00000196924	UMLS:C2239176	Liver Hepatocellular Carcinoma (validation)	validation	unprognostic	favorable	0.1027	Human Protein Atlas
HPA_LIHC_PROGNOSTIC:2321|tcga	2321	FLT1	ENSG00000102755	UMLS:C2239176	Liver Hepatocellular Carcinoma (TCGA)	tcga	unprognostic	unfavorable	0.07664	Human Protein Atlas
HPA_LIHC_PROGNOSTIC:2321|validation	2321	FLT1	ENSG00000102755	UMLS:C2239176	Liver Hepatocellular Carcinoma (validation)	validation	unprognostic	favorable	0.1433	Human Protein Atlas
HPA_LIHC_PROGNOSTIC:23235|tcga	23235	SIK2	ENSG00000170145	UMLS:C2239176	Liver Hepatocellular Carcinoma (TCGA)	tcga	unprognostic	favorable	0.001651	Human Protein Atlas
HPA_LIHC_PROGNOSTIC:23235|validation	23235	SIK2	ENSG00000170145	UMLS:C2239176	Liver Hepatocellular Carcinoma (validation)	validation	unprognostic	favorable	0.01332	Human Protein Atlas
HPA_LIHC_PROGNOSTIC:23397|tcga	23397	NCAPH	ENSG00000121152	UMLS:C2239176	Liver Hepatocellular Carcinoma (TCGA)	tcga	validated prognostic	unfavorable	4.182e-06	Human Protein Atlas
HPA_LIHC_PROGNOSTIC:23397|validation	23397	NCAPH	ENSG00000121152	UMLS:C2239176	Liver Hepatocellular Carcinoma (validation)	validation	validated prognostic	unfavorable	3.911e-07	Human Protein Atlas
HPA_LIHC_PROGNOSTIC:23405|tcga	23405	DICER1	ENSG00000100697	UMLS:C2239176	Liver Hepatocellular Carcinoma (TCGA)	tcga	unprognostic	unfavorable	0.03368	Human Protein Atlas
HPA_LIHC_PROGNOSTIC:23405|validation	23405	DICER1	ENSG00000100697	UMLS:C2239176	Liver Hepatocellular Carcinoma (validation)	validation	unprognostic	favorable	0.01612	Human Protein Atlas
HPA_LIHC_PROGNOSTIC:23411|tcga	23411	SIRT1	ENSG00000096717	UMLS:C2239176	Liver Hepatocellular Carcinoma (TCGA)	tcga	unprognostic	unfavorable	0.2247	Human Protein Atlas
HPA_LIHC_PROGNOSTIC:23411|validation	23411	SIRT1	ENSG00000096717	UMLS:C2239176	Liver Hepatocellular Carcinoma (validation)	validation	unprognostic	unfavorable	0.3584	Human Protein Atlas
HPA_LIHC_PROGNOSTIC:23451|tcga	23451	SF3B1	ENSG00000115524	UMLS:C2239176	Liver Hepatocellular Carcinoma (TCGA)	tcga	potential prognostic	unfavorable	1.444e-05	Human Protein Atlas
HPA_LIHC_PROGNOSTIC:23451|validation	23451	SF3B1	ENSG00000115524	UMLS:C2239176	Liver Hepatocellular Carcinoma (validation)	validation	unprognostic	unfavorable	0.3517	Human Protein Atlas
HPA_LIHC_PROGNOSTIC:2350|tcga	2350	FOLR2	ENSG00000165457	UMLS:C2239176	Liver Hepatocellular Carcinoma (TCGA)	tcga	unprognostic	unfavorable	0.08878	Human Protein Atlas
HPA_LIHC_PROGNOSTIC:2350|validation	2350	FOLR2	ENSG00000165457	UMLS:C2239176	Liver Hepatocellular Carcinoma (validation)	validation	unprognostic	favorable	0.04346	Human Protein Atlas
HPA_LIHC_PROGNOSTIC:2353|tcga	2353	FOS	ENSG00000170345	UMLS:C2239176	Liver Hepatocellular Carcinoma (TCGA)	tcga	unprognostic	unfavorable	0.1563	Human Protein Atlas
HPA_LIHC_PROGNOSTIC:2353|validation	2353	FOS	ENSG00000170345	UMLS:C2239176	Liver Hepatocellular Carcinoma (validation)	validation	unprognostic	favorable	0.002959	Human Protein Atlas
HPA_LIHC_PROGNOSTIC:2354|tcga	2354	FOSB	ENSG00000125740	UMLS:C2239176	Liver Hepatocellular Carcinoma (TCGA)	tcga	unprognostic	favorable	0.01064	Human Protein Atlas
HPA_LIHC_PROGNOSTIC:2354|validation	2354	FOSB	ENSG00000125740	UMLS:C2239176	Liver Hepatocellular Carcinoma (validation)	validation	unprognostic	favorable	0.001904	Human Protein Atlas
HPA_LIHC_PROGNOSTIC:24137|tcga	24137	KIF4A	ENSG00000090889	UMLS:C2239176	Liver Hepatocellular Carcinoma (TCGA)	tcga	validated prognostic	unfavorable	2.451e-07	Human Protein Atlas
HPA_LIHC_PROGNOSTIC:24137|validation	24137	KIF4A	ENSG00000090889	UMLS:C2239176	Liver Hepatocellular Carcinoma (validation)	validation	validated prognostic	unfavorable	1.012e-10	Human Protein Atlas
HPA_LIHC_PROGNOSTIC:2475|tcga	2475	MTOR	ENSG00000198793	UMLS:C2239176	Liver Hepatocellular Carcinoma (TCGA)	tcga	unprognostic	unfavorable	0.04394	Human Protein Atlas
HPA_LIHC_PROGNOSTIC:2475|validation	2475	MTOR	ENSG00000198793	UMLS:C2239176	Liver Hepatocellular Carcinoma (validation)	validation	unprognostic	unfavorable	0.03094	Human Protein Atlas
HPA_LIHC_PROGNOSTIC:2494|tcga	2494	NR5A2	ENSG00000116833	UMLS:C2239176	Liver Hepatocellular Carcinoma (TCGA)	tcga	unprognostic	favorable	0.02762	Human Protein Atlas
HPA_LIHC_PROGNOSTIC:2494|validation	2494	NR5A2	ENSG00000116833	UMLS:C2239176	Liver Hepatocellular Carcinoma (validation)	validation	unprognostic	favorable	0.06038	Human Protein Atlas
HPA_LIHC_PROGNOSTIC:2538|tcga	2538	G6PC1	ENSG00000131482	UMLS:C2239176	Liver Hepatocellular Carcinoma (TCGA)	tcga	potential prognostic	favorable	0.000175	Human Protein Atlas
HPA_LIHC_PROGNOSTIC:2538|validation	2538	G6PC1	ENSG00000131482	UMLS:C2239176	Liver Hepatocellular Carcinoma (validation)	validation	unprognostic	favorable	0.002595	Human Protein Atlas
HPA_LIHC_PROGNOSTIC:2563|tcga	2563	GABRD	ENSG00000187730	UMLS:C2239176	Liver Hepatocellular Carcinoma (TCGA)	tcga	unprognostic	unfavorable	0.04203	Human Protein Atlas
HPA_LIHC_PROGNOSTIC:2563|validation	2563	GABRD	ENSG00000187730	UMLS:C2239176	Liver Hepatocellular Carcinoma (validation)	validation	unprognostic	favorable	0.02296	Human Protein Atlas
HPA_LIHC_PROGNOSTIC:25805|tcga	25805	BAMBI	ENSG00000095739	UMLS:C2239176	Liver Hepatocellular Carcinoma (TCGA)	tcga	potential prognostic	unfavorable	1.014e-05	Human Protein Atlas
HPA_LIHC_PROGNOSTIC:25805|validation	25805	BAMBI	ENSG00000095739	UMLS:C2239176	Liver Hepatocellular Carcinoma (validation)	validation	unprognostic	unfavorable	0.008067	Human Protein Atlas
HPA_LIHC_PROGNOSTIC:25813|tcga	25813	SAMM50	ENSG00000100347	UMLS:C2239176	Liver Hepatocellular Carcinoma (TCGA)	tcga	unprognostic	unfavorable	0.007636	Human Protein Atlas
HPA_LIHC_PROGNOSTIC:25813|validation	25813	SAMM50	ENSG00000100347	UMLS:C2239176	Liver Hepatocellular Carcinoma (validation)	validation	unprognostic	unfavorable	0.002503	Human Protein Atlas
HPA_LIHC_PROGNOSTIC:25891|tcga	25891	PAMR1	ENSG00000149090	UMLS:C2239176	Liver Hepatocellular Carcinoma (TCGA)	tcga	unprognostic	unfavorable	0.08391	Human Protein Atlas
HPA_LIHC_PROGNOSTIC:25891|validation	25891	PAMR1	ENSG00000149090	UMLS:C2239176	Liver Hepatocellular Carcinoma (validation)	validation	unprognostic	favorable	0.03148	Human Protein Atlas
HPA_LIHC_PROGNOSTIC:25903|tcga	25903	OLFML2B	ENSG00000162745	UMLS:C2239176	Liver Hepatocellular Carcinoma (TCGA)	tcga	potential prognostic	unfavorable	0.0001554	Human Protein Atlas
HPA_LIHC_PROGNOSTIC:25903|validation	25903	OLFML2B	ENSG00000162745	UMLS:C2239176	Liver Hepatocellular Carcinoma (validation)	validation	unprognostic	unfavorable	0.003158	Human Protein Atlas
HPA_LIHC_PROGNOSTIC:25913|tcga	25913	POT1	ENSG00000128513	UMLS:C2239176	Liver Hepatocellular Carcinoma (TCGA)	tcga	unprognostic	unfavorable	0.002008	Human Protein Atlas
HPA_LIHC_PROGNOSTIC:25913|validation	25913	POT1	ENSG00000128513	UMLS:C2239176	Liver Hepatocellular Carcinoma (validation)	validation	unprognostic	unfavorable	0.01403	Human Protein Atlas
HPA_LIHC_PROGNOSTIC:259266|tcga	259266	ASPM	ENSG00000066279	UMLS:C2239176	Liver Hepatocellular Carcinoma (TCGA)	tcga	unprognostic	unfavorable	0.001094	Human Protein Atlas
HPA_LIHC_PROGNOSTIC:259266|validation	259266	ASPM	ENSG00000066279	UMLS:C2239176	Liver Hepatocellular Carcinoma (validation)	validation	potential prognostic	unfavorable	1.529e-05	Human Protein Atlas
HPA_LIHC_PROGNOSTIC:2597|tcga	2597	GAPDH	ENSG00000111640	UMLS:C2239176	Liver Hepatocellular Carcinoma (TCGA)	tcga	validated prognostic	unfavorable	3.952e-06	Human Protein Atlas
HPA_LIHC_PROGNOSTIC:2597|validation	2597	GAPDH	ENSG00000111640	UMLS:C2239176	Liver Hepatocellular Carcinoma (validation)	validation	validated prognostic	unfavorable	8.796e-10	Human Protein Atlas
HPA_LIHC_PROGNOSTIC:26291|tcga	26291	FGF21	ENSG00000105550	UMLS:C2239176	Liver Hepatocellular Carcinoma (TCGA)	tcga	unprognostic	favorable	0.04488	Human Protein Atlas
HPA_LIHC_PROGNOSTIC:26291|validation	26291	FGF21	ENSG00000105550	UMLS:C2239176	Liver Hepatocellular Carcinoma (validation)	validation	unprognostic	favorable	0.002513	Human Protein Atlas
HPA_LIHC_PROGNOSTIC:2638|tcga	2638	GC	ENSG00000145321	UMLS:C2239176	Liver Hepatocellular Carcinoma (TCGA)	tcga	potential prognostic	favorable	0.0008661	Human Protein Atlas
HPA_LIHC_PROGNOSTIC:2638|validation	2638	GC	ENSG00000145321	UMLS:C2239176	Liver Hepatocellular Carcinoma (validation)	validation	unprognostic	favorable	0.09969	Human Protein Atlas
HPA_LIHC_PROGNOSTIC:2690|tcga	2690	GHR	ENSG00000112964	UMLS:C2239176	Liver Hepatocellular Carcinoma (TCGA)	tcga	validated prognostic	favorable	3.059e-06	Human Protein Atlas
HPA_LIHC_PROGNOSTIC:2690|validation	2690	GHR	ENSG00000112964	UMLS:C2239176	Liver Hepatocellular Carcinoma (validation)	validation	validated prognostic	favorable	0.0001708	Human Protein Atlas
HPA_LIHC_PROGNOSTIC:2705|tcga	2705	GJB1	ENSG00000169562	UMLS:C2239176	Liver Hepatocellular Carcinoma (TCGA)	tcga	unprognostic	favorable	0.4607	Human Protein Atlas
HPA_LIHC_PROGNOSTIC:2705|validation	2705	GJB1	ENSG00000169562	UMLS:C2239176	Liver Hepatocellular Carcinoma (validation)	validation	unprognostic	favorable	0.2609	Human Protein Atlas
HPA_LIHC_PROGNOSTIC:27085|tcga	27085	MTBP	ENSG00000172167	UMLS:C2239176	Liver Hepatocellular Carcinoma (TCGA)	tcga	potential prognostic	unfavorable	4.031e-05	Human Protein Atlas
HPA_LIHC_PROGNOSTIC:27085|validation	27085	MTBP	ENSG00000172167	UMLS:C2239176	Liver Hepatocellular Carcinoma (validation)	validation	unprognostic	unfavorable	0.001238	Human Protein Atlas
HPA_LIHC_PROGNOSTIC:27087|tcga	27087	B3GAT1	ENSG00000109956	UMLS:C2239176	Liver Hepatocellular Carcinoma (TCGA)	tcga	unprognostic	unfavorable	0.009432	Human Protein Atlas
HPA_LIHC_PROGNOSTIC:27087|validation	27087	B3GAT1	ENSG00000109956	UMLS:C2239176	Liver Hepatocellular Carcinoma (validation)	validation	unprognostic	favorable	0.001075	Human Protein Atlas
HPA_LIHC_PROGNOSTIC:27102|tcga	27102	EIF2AK1	ENSG00000086232	UMLS:C2239176	Liver Hepatocellular Carcinoma (TCGA)	tcga	unprognostic	unfavorable	0.002699	Human Protein Atlas
HPA_LIHC_PROGNOSTIC:27102|validation	27102	EIF2AK1	ENSG00000086232	UMLS:C2239176	Liver Hepatocellular Carcinoma (validation)	validation	potential prognostic	unfavorable	0.0002638	Human Protein Atlas
HPA_LIHC_PROGNOSTIC:2719|tcga	2719	GPC3	ENSG00000147257	UMLS:C2239176	Liver Hepatocellular Carcinoma (TCGA)	tcga	unprognostic	unfavorable	0.06587	Human Protein Atlas
HPA_LIHC_PROGNOSTIC:2719|validation	2719	GPC3	ENSG00000147257	UMLS:C2239176	Liver Hepatocellular Carcinoma (validation)	validation	unprognostic	unfavorable	0.004971	Human Protein Atlas
HPA_LIHC_PROGNOSTIC:27232|tcga	27232	GNMT	ENSG00000124713	UMLS:C2239176	Liver Hepatocellular Carcinoma (TCGA)	tcga	validated prognostic	favorable	0.0002629	Human Protein Atlas
HPA_LIHC_PROGNOSTIC:27232|validation	27232	GNMT	ENSG00000124713	UMLS:C2239176	Liver Hepatocellular Carcinoma (validation)	validation	validated prognostic	favorable	0.0004006	Human Protein Atlas
HPA_LIHC_PROGNOSTIC:2752|tcga	2752	GLUL	ENSG00000135821	UMLS:C2239176	Liver Hepatocellular Carcinoma (TCGA)	tcga	unprognostic	unfavorable	0.0889	Human Protein Atlas
HPA_LIHC_PROGNOSTIC:2752|validation	2752	GLUL	ENSG00000135821	UMLS:C2239176	Liver Hepatocellular Carcinoma (validation)	validation	unprognostic	favorable	0.05057	Human Protein Atlas
HPA_LIHC_PROGNOSTIC:2775|tcga	2775	GNAO1	ENSG00000087258	UMLS:C2239176	Liver Hepatocellular Carcinoma (TCGA)	tcga	unprognostic	favorable	0.1889	Human Protein Atlas
HPA_LIHC_PROGNOSTIC:2775|validation	2775	GNAO1	ENSG00000087258	UMLS:C2239176	Liver Hepatocellular Carcinoma (validation)	validation	potential prognostic	favorable	0.000417	Human Protein Atlas
HPA_LIHC_PROGNOSTIC:2781|tcga	2781	GNAZ	ENSG00000128266	UMLS:C2239176	Liver Hepatocellular Carcinoma (TCGA)	tcga	potential prognostic	unfavorable	0.0007449	Human Protein Atlas
HPA_LIHC_PROGNOSTIC:2781|validation	2781	GNAZ	ENSG00000128266	UMLS:C2239176	Liver Hepatocellular Carcinoma (validation)	validation	unprognostic	unfavorable	0.0127	Human Protein Atlas
HPA_LIHC_PROGNOSTIC:2810|tcga	2810	SFN	ENSG00000175793	UMLS:C2239176	Liver Hepatocellular Carcinoma (TCGA)	tcga	validated prognostic	unfavorable	1.029e-05	Human Protein Atlas
HPA_LIHC_PROGNOSTIC:2810|validation	2810	SFN	ENSG00000175793	UMLS:C2239176	Liver Hepatocellular Carcinoma (validation)	validation	validated prognostic	unfavorable	1.283e-06	Human Protein Atlas
HPA_LIHC_PROGNOSTIC:2823|validation	2823	GPM6A	ENSG00000150625	UMLS:C2239176	Liver Hepatocellular Carcinoma (validation)	validation	potential prognostic	favorable	7.544e-06	Human Protein Atlas
HPA_LIHC_PROGNOSTIC:283600|tcga	283600	SLC25A47	ENSG00000140107	UMLS:C2239176	Liver Hepatocellular Carcinoma (TCGA)	tcga	unprognostic	favorable	0.04185	Human Protein Atlas
HPA_LIHC_PROGNOSTIC:283600|validation	283600	SLC25A47	ENSG00000140107	UMLS:C2239176	Liver Hepatocellular Carcinoma (validation)	validation	unprognostic	favorable	0.005851	Human Protein Atlas
HPA_LIHC_PROGNOSTIC:284403|tcga	284403	WDR62	ENSG00000075702	UMLS:C2239176	Liver Hepatocellular Carcinoma (TCGA)	tcga	validated prognostic	unfavorable	1.43e-06	Human Protein Atlas
HPA_LIHC_PROGNOSTIC:284403|validation	284403	WDR62	ENSG00000075702	UMLS:C2239176	Liver Hepatocellular Carcinoma (validation)	validation	validated prognostic	unfavorable	0.00018	Human Protein Atlas
HPA_LIHC_PROGNOSTIC:2875|tcga	2875	GPT	ENSG00000167701	UMLS:C2239176	Liver Hepatocellular Carcinoma (TCGA)	tcga	validated prognostic	favorable	2.662e-05	Human Protein Atlas
HPA_LIHC_PROGNOSTIC:2875|validation	2875	GPT	ENSG00000167701	UMLS:C2239176	Liver Hepatocellular Carcinoma (validation)	validation	validated prognostic	favorable	0.0002937	Human Protein Atlas
HPA_LIHC_PROGNOSTIC:2876|tcga	2876	GPX1	ENSG00000233276	UMLS:C2239176	Liver Hepatocellular Carcinoma (TCGA)	tcga	unprognostic	unfavorable	0.02547	Human Protein Atlas
HPA_LIHC_PROGNOSTIC:2876|validation	2876	GPX1	ENSG00000233276	UMLS:C2239176	Liver Hepatocellular Carcinoma (validation)	validation	unprognostic	favorable	0.07885	Human Protein Atlas
HPA_LIHC_PROGNOSTIC:2878|tcga	2878	GPX3	ENSG00000211445	UMLS:C2239176	Liver Hepatocellular Carcinoma (TCGA)	tcga	unprognostic	unfavorable	0.02353	Human Protein Atlas
HPA_LIHC_PROGNOSTIC:2878|validation	2878	GPX3	ENSG00000211445	UMLS:C2239176	Liver Hepatocellular Carcinoma (validation)	validation	unprognostic	unfavorable	0.03674	Human Protein Atlas
HPA_LIHC_PROGNOSTIC:28982|tcga	28982	FLVCR1	ENSG00000162769	UMLS:C2239176	Liver Hepatocellular Carcinoma (TCGA)	tcga	validated prognostic	unfavorable	1.642e-05	Human Protein Atlas
HPA_LIHC_PROGNOSTIC:28982|validation	28982	FLVCR1	ENSG00000162769	UMLS:C2239176	Liver Hepatocellular Carcinoma (validation)	validation	validated prognostic	unfavorable	1.424e-05	Human Protein Atlas
HPA_LIHC_PROGNOSTIC:29089|tcga	29089	UBE2T	ENSG00000077152	UMLS:C2239176	Liver Hepatocellular Carcinoma (TCGA)	tcga	validated prognostic	unfavorable	4.373e-07	Human Protein Atlas
HPA_LIHC_PROGNOSTIC:29089|validation	29089	UBE2T	ENSG00000077152	UMLS:C2239176	Liver Hepatocellular Carcinoma (validation)	validation	validated prognostic	unfavorable	4.684e-08	Human Protein Atlas
HPA_LIHC_PROGNOSTIC:29108|tcga	29108	PYCARD	ENSG00000103490	UMLS:C2239176	Liver Hepatocellular Carcinoma (TCGA)	tcga	unprognostic	unfavorable	0.00713	Human Protein Atlas
HPA_LIHC_PROGNOSTIC:29108|validation	29108	PYCARD	ENSG00000103490	UMLS:C2239176	Liver Hepatocellular Carcinoma (validation)	validation	unprognostic	unfavorable	0.1277	Human Protein Atlas
HPA_LIHC_PROGNOSTIC:29126|validation	29126	CD274	ENSG00000120217	UMLS:C2239176	Liver Hepatocellular Carcinoma (validation)	validation	unprognostic	favorable	0.003016	Human Protein Atlas
HPA_LIHC_PROGNOSTIC:29127|tcga	29127	RACGAP1	ENSG00000161800	UMLS:C2239176	Liver Hepatocellular Carcinoma (TCGA)	tcga	validated prognostic	unfavorable	2.742e-06	Human Protein Atlas
HPA_LIHC_PROGNOSTIC:29127|validation	29127	RACGAP1	ENSG00000161800	UMLS:C2239176	Liver Hepatocellular Carcinoma (validation)	validation	validated prognostic	unfavorable	3.267e-07	Human Protein Atlas
HPA_LIHC_PROGNOSTIC:29128|tcga	29128	UHRF1	ENSG00000276043	UMLS:C2239176	Liver Hepatocellular Carcinoma (TCGA)	tcga	validated prognostic	unfavorable	0.0001144	Human Protein Atlas
HPA_LIHC_PROGNOSTIC:29128|validation	29128	UHRF1	ENSG00000276043	UMLS:C2239176	Liver Hepatocellular Carcinoma (validation)	validation	validated prognostic	unfavorable	9.648e-05	Human Protein Atlas
HPA_LIHC_PROGNOSTIC:2923|tcga	2923	PDIA3	ENSG00000167004	UMLS:C2239176	Liver Hepatocellular Carcinoma (TCGA)	tcga	unprognostic	favorable	0.04253	Human Protein Atlas
HPA_LIHC_PROGNOSTIC:2923|validation	2923	PDIA3	ENSG00000167004	UMLS:C2239176	Liver Hepatocellular Carcinoma (validation)	validation	potential prognostic	unfavorable	0.0008675	Human Protein Atlas
HPA_LIHC_PROGNOSTIC:2938|tcga	2938	GSTA1	ENSG00000243955	UMLS:C2239176	Liver Hepatocellular Carcinoma (TCGA)	tcga	unprognostic	favorable	0.05405	Human Protein Atlas
HPA_LIHC_PROGNOSTIC:2938|validation	2938	GSTA1	ENSG00000243955	UMLS:C2239176	Liver Hepatocellular Carcinoma (validation)	validation	unprognostic	favorable	0.004293	Human Protein Atlas
HPA_LIHC_PROGNOSTIC:2944|tcga	2944	GSTM1	ENSG00000134184	UMLS:C2239176	Liver Hepatocellular Carcinoma (TCGA)	tcga	unprognostic	favorable	0.03025	Human Protein Atlas
HPA_LIHC_PROGNOSTIC:2944|validation	2944	GSTM1	ENSG00000134184	UMLS:C2239176	Liver Hepatocellular Carcinoma (validation)	validation	unprognostic	favorable	0.0147	Human Protein Atlas
HPA_LIHC_PROGNOSTIC:2950|tcga	2950	GSTP1	ENSG00000084207	UMLS:C2239176	Liver Hepatocellular Carcinoma (TCGA)	tcga	unprognostic	unfavorable	0.1978	Human Protein Atlas
HPA_LIHC_PROGNOSTIC:2950|validation	2950	GSTP1	ENSG00000084207	UMLS:C2239176	Liver Hepatocellular Carcinoma (validation)	validation	unprognostic	favorable	0.1653	Human Protein Atlas
HPA_LIHC_PROGNOSTIC:29923|tcga	29923	HILPDA	ENSG00000135245	UMLS:C2239176	Liver Hepatocellular Carcinoma (TCGA)	tcga	potential prognostic	unfavorable	5.462e-12	Human Protein Atlas
HPA_LIHC_PROGNOSTIC:2998|tcga	2998	GYS2	ENSG00000111713	UMLS:C2239176	Liver Hepatocellular Carcinoma (TCGA)	tcga	validated prognostic	favorable	4.655e-05	Human Protein Atlas
HPA_LIHC_PROGNOSTIC:2998|validation	2998	GYS2	ENSG00000111713	UMLS:C2239176	Liver Hepatocellular Carcinoma (validation)	validation	validated prognostic	favorable	5.611e-05	Human Protein Atlas
HPA_LIHC_PROGNOSTIC:2|tcga	2	A2M	ENSG00000175899	UMLS:C2239176	Liver Hepatocellular Carcinoma (TCGA)	tcga	unprognostic	favorable	0.16	Human Protein Atlas
HPA_LIHC_PROGNOSTIC:2|validation	2	A2M	ENSG00000175899	UMLS:C2239176	Liver Hepatocellular Carcinoma (validation)	validation	unprognostic	unfavorable	0.3094	Human Protein Atlas
HPA_LIHC_PROGNOSTIC:3066|tcga	3066	HDAC2	ENSG00000196591	UMLS:C2239176	Liver Hepatocellular Carcinoma (TCGA)	tcga	validated prognostic	unfavorable	1.806e-11	Human Protein Atlas
HPA_LIHC_PROGNOSTIC:3066|validation	3066	HDAC2	ENSG00000196591	UMLS:C2239176	Liver Hepatocellular Carcinoma (validation)	validation	validated prognostic	unfavorable	7.881e-05	Human Protein Atlas
HPA_LIHC_PROGNOSTIC:3077|tcga	3077	HFE	ENSG00000010704	UMLS:C2239176	Liver Hepatocellular Carcinoma (TCGA)	tcga	unprognostic	unfavorable	0.2906	Human Protein Atlas
HPA_LIHC_PROGNOSTIC:3077|validation	3077	HFE	ENSG00000010704	UMLS:C2239176	Liver Hepatocellular Carcinoma (validation)	validation	unprognostic	favorable	0.2456	Human Protein Atlas
HPA_LIHC_PROGNOSTIC:307|tcga	307	ANXA4	ENSG00000196975	UMLS:C2239176	Liver Hepatocellular Carcinoma (TCGA)	tcga	unprognostic	unfavorable	0.2535	Human Protein Atlas
HPA_LIHC_PROGNOSTIC:307|validation	307	ANXA4	ENSG00000196975	UMLS:C2239176	Liver Hepatocellular Carcinoma (validation)	validation	unprognostic	unfavorable	0.1315	Human Protein Atlas
HPA_LIHC_PROGNOSTIC:3082|tcga	3082	HGF	ENSG00000019991	UMLS:C2239176	Liver Hepatocellular Carcinoma (TCGA)	tcga	unprognostic	favorable	0.2461	Human Protein Atlas
HPA_LIHC_PROGNOSTIC:3082|validation	3082	HGF	ENSG00000019991	UMLS:C2239176	Liver Hepatocellular Carcinoma (validation)	validation	unprognostic	favorable	0.001251	Human Protein Atlas
HPA_LIHC_PROGNOSTIC:3083|tcga	3083	HGFAC	ENSG00000109758	UMLS:C2239176	Liver Hepatocellular Carcinoma (TCGA)	tcga	unprognostic	favorable	0.003668	Human Protein Atlas
HPA_LIHC_PROGNOSTIC:3083|validation	3083	HGFAC	ENSG00000109758	UMLS:C2239176	Liver Hepatocellular Carcinoma (validation)	validation	potential prognostic	favorable	0.0005099	Human Protein Atlas
HPA_LIHC_PROGNOSTIC:30845|tcga	30845	EHD3	ENSG00000013016	UMLS:C2239176	Liver Hepatocellular Carcinoma (TCGA)	tcga	unprognostic	unfavorable	0.0924	Human Protein Atlas
HPA_LIHC_PROGNOSTIC:30845|validation	30845	EHD3	ENSG00000013016	UMLS:C2239176	Liver Hepatocellular Carcinoma (validation)	validation	unprognostic	favorable	0.02374	Human Protein Atlas
HPA_LIHC_PROGNOSTIC:3091|tcga	3091	HIF1A	ENSG00000100644	UMLS:C2239176	Liver Hepatocellular Carcinoma (TCGA)	tcga	unprognostic	unfavorable	0.005757	Human Protein Atlas
HPA_LIHC_PROGNOSTIC:3091|validation	3091	HIF1A	ENSG00000100644	UMLS:C2239176	Liver Hepatocellular Carcinoma (validation)	validation	unprognostic	unfavorable	0.2396	Human Protein Atlas
HPA_LIHC_PROGNOSTIC:3113|tcga	3113	HLA-DPA1	ENSG00000231389	UMLS:C2239176	Liver Hepatocellular Carcinoma (TCGA)	tcga	unprognostic	unfavorable	0.1867	Human Protein Atlas
HPA_LIHC_PROGNOSTIC:3117|tcga	3117	HLA-DQA1	ENSG00000196735	UMLS:C2239176	Liver Hepatocellular Carcinoma (TCGA)	tcga	unprognostic	favorable	0.0401	Human Protein Atlas
HPA_LIHC_PROGNOSTIC:3119|tcga	3119	HLA-DQB1	ENSG00000179344	UMLS:C2239176	Liver Hepatocellular Carcinoma (TCGA)	tcga	unprognostic	favorable	0.02237	Human Protein Atlas
HPA_LIHC_PROGNOSTIC:3123|tcga	3123	HLA-DRB1	ENSG00000196126	UMLS:C2239176	Liver Hepatocellular Carcinoma (TCGA)	tcga	unprognostic	favorable	0.02493	Human Protein Atlas
HPA_LIHC_PROGNOSTIC:3148|tcga	3148	HMGB2	ENSG00000164104	UMLS:C2239176	Liver Hepatocellular Carcinoma (TCGA)	tcga	validated prognostic	unfavorable	1.017e-06	Human Protein Atlas
HPA_LIHC_PROGNOSTIC:3148|validation	3148	HMGB2	ENSG00000164104	UMLS:C2239176	Liver Hepatocellular Carcinoma (validation)	validation	validated prognostic	unfavorable	7.882e-05	Human Protein Atlas
HPA_LIHC_PROGNOSTIC:3156|tcga	3156	HMGCR	ENSG00000113161	UMLS:C2239176	Liver Hepatocellular Carcinoma (TCGA)	tcga	unprognostic	unfavorable	0.05182	Human Protein Atlas
HPA_LIHC_PROGNOSTIC:3156|validation	3156	HMGCR	ENSG00000113161	UMLS:C2239176	Liver Hepatocellular Carcinoma (validation)	validation	unprognostic	unfavorable	0.01879	Human Protein Atlas
HPA_LIHC_PROGNOSTIC:3161|tcga	3161	HMMR	ENSG00000072571	UMLS:C2239176	Liver Hepatocellular Carcinoma (TCGA)	tcga	validated prognostic	unfavorable	4.036e-08	Human Protein Atlas
HPA_LIHC_PROGNOSTIC:3161|validation	3161	HMMR	ENSG00000072571	UMLS:C2239176	Liver Hepatocellular Carcinoma (validation)	validation	validated prognostic	unfavorable	2.899e-10	Human Protein Atlas
HPA_LIHC_PROGNOSTIC:3169|tcga	3169	FOXA1	ENSG00000129514	UMLS:C2239176	Liver Hepatocellular Carcinoma (TCGA)	tcga	unprognostic	unfavorable	0.1569	Human Protein Atlas
HPA_LIHC_PROGNOSTIC:3169|validation	3169	FOXA1	ENSG00000129514	UMLS:C2239176	Liver Hepatocellular Carcinoma (validation)	validation	unprognostic	unfavorable	0.01137	Human Protein Atlas
HPA_LIHC_PROGNOSTIC:3182|tcga	3182	HNRNPAB	ENSG00000197451	UMLS:C2239176	Liver Hepatocellular Carcinoma (TCGA)	tcga	potential prognostic	unfavorable	0.0009316	Human Protein Atlas
HPA_LIHC_PROGNOSTIC:3182|validation	3182	HNRNPAB	ENSG00000197451	UMLS:C2239176	Liver Hepatocellular Carcinoma (validation)	validation	unprognostic	unfavorable	0.002106	Human Protein Atlas
HPA_LIHC_PROGNOSTIC:3191|tcga	3191	HNRNPL	ENSG00000104824	UMLS:C2239176	Liver Hepatocellular Carcinoma (TCGA)	tcga	validated prognostic	unfavorable	2.385e-05	Human Protein Atlas
HPA_LIHC_PROGNOSTIC:3191|validation	3191	HNRNPL	ENSG00000104824	UMLS:C2239176	Liver Hepatocellular Carcinoma (validation)	validation	validated prognostic	unfavorable	0.0005308	Human Protein Atlas
HPA_LIHC_PROGNOSTIC:319|tcga	319	APOF	ENSG00000175336	UMLS:C2239176	Liver Hepatocellular Carcinoma (TCGA)	tcga	unprognostic	favorable	0.004292	Human Protein Atlas
HPA_LIHC_PROGNOSTIC:319|validation	319	APOF	ENSG00000175336	UMLS:C2239176	Liver Hepatocellular Carcinoma (validation)	validation	unprognostic	favorable	0.007255	Human Protein Atlas
HPA_LIHC_PROGNOSTIC:31|tcga	31	ACACA	ENSG00000278540	UMLS:C2239176	Liver Hepatocellular Carcinoma (TCGA)	tcga	potential prognostic	unfavorable	9.718e-07	Human Protein Atlas
HPA_LIHC_PROGNOSTIC:31|validation	31	ACACA	ENSG00000278540	UMLS:C2239176	Liver Hepatocellular Carcinoma (validation)	validation	unprognostic	unfavorable	0.001179	Human Protein Atlas
HPA_LIHC_PROGNOSTIC:3206|tcga	3206	HOXA10	ENSG00000253293	UMLS:C2239176	Liver Hepatocellular Carcinoma (TCGA)	tcga	unprognostic	unfavorable	0.03295	Human Protein Atlas
HPA_LIHC_PROGNOSTIC:3206|validation	3206	HOXA10	ENSG00000253293	UMLS:C2239176	Liver Hepatocellular Carcinoma (validation)	validation	unprognostic	unfavorable	0.005183	Human Protein Atlas
HPA_LIHC_PROGNOSTIC:3209|tcga	3209	HOXA13	ENSG00000106031	UMLS:C2239176	Liver Hepatocellular Carcinoma (TCGA)	tcga	unprognostic	unfavorable	0.3057	Human Protein Atlas
HPA_LIHC_PROGNOSTIC:3209|validation	3209	HOXA13	ENSG00000106031	UMLS:C2239176	Liver Hepatocellular Carcinoma (validation)	validation	unprognostic	favorable	0.2347	Human Protein Atlas
HPA_LIHC_PROGNOSTIC:3235|tcga	3235	HOXD9	ENSG00000128709	UMLS:C2239176	Liver Hepatocellular Carcinoma (TCGA)	tcga	potential prognostic	unfavorable	7.694e-06	Human Protein Atlas
HPA_LIHC_PROGNOSTIC:3235|validation	3235	HOXD9	ENSG00000128709	UMLS:C2239176	Liver Hepatocellular Carcinoma (validation)	validation	unprognostic	unfavorable	0.006115	Human Protein Atlas
HPA_LIHC_PROGNOSTIC:324|tcga	324	APC	ENSG00000134982	UMLS:C2239176	Liver Hepatocellular Carcinoma (TCGA)	tcga	unprognostic	unfavorable	0.2568	Human Protein Atlas
HPA_LIHC_PROGNOSTIC:324|validation	324	APC	ENSG00000134982	UMLS:C2239176	Liver Hepatocellular Carcinoma (validation)	validation	unprognostic	favorable	0.04037	Human Protein Atlas
HPA_LIHC_PROGNOSTIC:325|tcga	325	APCS	ENSG00000132703	UMLS:C2239176	Liver Hepatocellular Carcinoma (TCGA)	tcga	unprognostic	favorable	0.0145	Human Protein Atlas
HPA_LIHC_PROGNOSTIC:325|validation	325	APCS	ENSG00000132703	UMLS:C2239176	Liver Hepatocellular Carcinoma (validation)	validation	potential prognostic	favorable	1.234e-06	Human Protein Atlas
HPA_LIHC_PROGNOSTIC:3265|tcga	3265	HRAS	ENSG00000174775	UMLS:C2239176	Liver Hepatocellular Carcinoma (TCGA)	tcga	validated prognostic	unfavorable	5.526e-06	Human Protein Atlas
HPA_LIHC_PROGNOSTIC:3265|validation	3265	HRAS	ENSG00000174775	UMLS:C2239176	Liver Hepatocellular Carcinoma (validation)	validation	validated prognostic	unfavorable	0.0003478	Human Protein Atlas
HPA_LIHC_PROGNOSTIC:328|tcga	328	APEX1	ENSG00000100823	UMLS:C2239176	Liver Hepatocellular Carcinoma (TCGA)	tcga	validated prognostic	unfavorable	1.405e-05	Human Protein Atlas
HPA_LIHC_PROGNOSTIC:328|validation	328	APEX1	ENSG00000100823	UMLS:C2239176	Liver Hepatocellular Carcinoma (validation)	validation	validated prognostic	unfavorable	8.782e-06	Human Protein Atlas
HPA_LIHC_PROGNOSTIC:3291|tcga	3291	HSD11B2	ENSG00000176387	UMLS:C2239176	Liver Hepatocellular Carcinoma (TCGA)	tcga	unprognostic	unfavorable	0.03357	Human Protein Atlas
HPA_LIHC_PROGNOSTIC:3291|validation	3291	HSD11B2	ENSG00000176387	UMLS:C2239176	Liver Hepatocellular Carcinoma (validation)	validation	unprognostic	unfavorable	0.01544	Human Protein Atlas
HPA_LIHC_PROGNOSTIC:3309|tcga	3309	HSPA5	ENSG00000044574	UMLS:C2239176	Liver Hepatocellular Carcinoma (TCGA)	tcga	unprognostic	unfavorable	0.004573	Human Protein Atlas
HPA_LIHC_PROGNOSTIC:3309|validation	3309	HSPA5	ENSG00000044574	UMLS:C2239176	Liver Hepatocellular Carcinoma (validation)	validation	unprognostic	unfavorable	0.003516	Human Protein Atlas
HPA_LIHC_PROGNOSTIC:330|tcga	330	BIRC3	ENSG00000023445	UMLS:C2239176	Liver Hepatocellular Carcinoma (TCGA)	tcga	unprognostic	unfavorable	0.2527	Human Protein Atlas
HPA_LIHC_PROGNOSTIC:330|validation	330	BIRC3	ENSG00000023445	UMLS:C2239176	Liver Hepatocellular Carcinoma (validation)	validation	unprognostic	favorable	0.03537	Human Protein Atlas
HPA_LIHC_PROGNOSTIC:3313|tcga	3313	HSPA9	ENSG00000113013	UMLS:C2239176	Liver Hepatocellular Carcinoma (TCGA)	tcga	unprognostic	unfavorable	0.3935	Human Protein Atlas
HPA_LIHC_PROGNOSTIC:3313|validation	3313	HSPA9	ENSG00000113013	UMLS:C2239176	Liver Hepatocellular Carcinoma (validation)	validation	unprognostic	unfavorable	0.1355	Human Protein Atlas
HPA_LIHC_PROGNOSTIC:3315|tcga	3315	HSPB1	ENSG00000106211	UMLS:C2239176	Liver Hepatocellular Carcinoma (TCGA)	tcga	unprognostic	unfavorable	0.006902	Human Protein Atlas
HPA_LIHC_PROGNOSTIC:3315|validation	3315	HSPB1	ENSG00000106211	UMLS:C2239176	Liver Hepatocellular Carcinoma (validation)	validation	unprognostic	unfavorable	0.001065	Human Protein Atlas
HPA_LIHC_PROGNOSTIC:332|tcga	332	BIRC5	ENSG00000089685	UMLS:C2239176	Liver Hepatocellular Carcinoma (TCGA)	tcga	validated prognostic	unfavorable	8.708e-06	Human Protein Atlas
HPA_LIHC_PROGNOSTIC:332|validation	332	BIRC5	ENSG00000089685	UMLS:C2239176	Liver Hepatocellular Carcinoma (validation)	validation	validated prognostic	unfavorable	4.417e-10	Human Protein Atlas
HPA_LIHC_PROGNOSTIC:3357|tcga	3357	HTR2B	ENSG00000135914	UMLS:C2239176	Liver Hepatocellular Carcinoma (TCGA)	tcga	unprognostic	favorable	0.03636	Human Protein Atlas
HPA_LIHC_PROGNOSTIC:3357|validation	3357	HTR2B	ENSG00000135914	UMLS:C2239176	Liver Hepatocellular Carcinoma (validation)	validation	unprognostic	favorable	0.003669	Human Protein Atlas
HPA_LIHC_PROGNOSTIC:335|tcga	335	APOA1	ENSG00000118137	UMLS:C2239176	Liver Hepatocellular Carcinoma (TCGA)	tcga	unprognostic	favorable	0.001898	Human Protein Atlas
HPA_LIHC_PROGNOSTIC:335|validation	335	APOA1	ENSG00000118137	UMLS:C2239176	Liver Hepatocellular Carcinoma (validation)	validation	unprognostic	favorable	0.01208	Human Protein Atlas
HPA_LIHC_PROGNOSTIC:3383|tcga	3383	ICAM1	ENSG00000090339	UMLS:C2239176	Liver Hepatocellular Carcinoma (TCGA)	tcga	unprognostic	unfavorable	0.001951	Human Protein Atlas
HPA_LIHC_PROGNOSTIC:3383|validation	3383	ICAM1	ENSG00000090339	UMLS:C2239176	Liver Hepatocellular Carcinoma (validation)	validation	unprognostic	unfavorable	0.3279	Human Protein Atlas
HPA_LIHC_PROGNOSTIC:339390|tcga	339390	CLEC4G	ENSG00000182566	UMLS:C2239176	Liver Hepatocellular Carcinoma (TCGA)	tcga	unprognostic	unfavorable	0.1102	Human Protein Atlas
HPA_LIHC_PROGNOSTIC:339390|validation	339390	CLEC4G	ENSG00000182566	UMLS:C2239176	Liver Hepatocellular Carcinoma (validation)	validation	unprognostic	favorable	0.04785	Human Protein Atlas
HPA_LIHC_PROGNOSTIC:3417|tcga	3417	IDH1	ENSG00000138413	UMLS:C2239176	Liver Hepatocellular Carcinoma (TCGA)	tcga	unprognostic	unfavorable	0.001541	Human Protein Atlas
HPA_LIHC_PROGNOSTIC:3417|validation	3417	IDH1	ENSG00000138413	UMLS:C2239176	Liver Hepatocellular Carcinoma (validation)	validation	unprognostic	unfavorable	0.04105	Human Protein Atlas
HPA_LIHC_PROGNOSTIC:3458|validation	3458	IFNG	ENSG00000111537	UMLS:C2239176	Liver Hepatocellular Carcinoma (validation)	validation	unprognostic	favorable	0.02681	Human Protein Atlas
HPA_LIHC_PROGNOSTIC:345|tcga	345	APOC3	ENSG00000110245	UMLS:C2239176	Liver Hepatocellular Carcinoma (TCGA)	tcga	validated prognostic	favorable	0.0003076	Human Protein Atlas
HPA_LIHC_PROGNOSTIC:345|validation	345	APOC3	ENSG00000110245	UMLS:C2239176	Liver Hepatocellular Carcinoma (validation)	validation	validated prognostic	favorable	0.0002303	Human Protein Atlas
HPA_LIHC_PROGNOSTIC:3476|tcga	3476	IGBP1	ENSG00000089289	UMLS:C2239176	Liver Hepatocellular Carcinoma (TCGA)	tcga	unprognostic	unfavorable	0.00375	Human Protein Atlas
HPA_LIHC_PROGNOSTIC:3476|validation	3476	IGBP1	ENSG00000089289	UMLS:C2239176	Liver Hepatocellular Carcinoma (validation)	validation	potential prognostic	unfavorable	7.165e-05	Human Protein Atlas
HPA_LIHC_PROGNOSTIC:3479|tcga	3479	IGF1	ENSG00000017427	UMLS:C2239176	Liver Hepatocellular Carcinoma (TCGA)	tcga	unprognostic	favorable	0.003801	Human Protein Atlas
HPA_LIHC_PROGNOSTIC:3479|validation	3479	IGF1	ENSG00000017427	UMLS:C2239176	Liver Hepatocellular Carcinoma (validation)	validation	potential prognostic	favorable	2.844e-08	Human Protein Atlas
HPA_LIHC_PROGNOSTIC:3480|validation	3480	IGF1R	ENSG00000140443	UMLS:C2239176	Liver Hepatocellular Carcinoma (validation)	validation	unprognostic	favorable	0.04718	Human Protein Atlas
HPA_LIHC_PROGNOSTIC:3481|tcga	3481	IGF2	ENSG00000167244	UMLS:C2239176	Liver Hepatocellular Carcinoma (TCGA)	tcga	unprognostic	favorable	0.002634	Human Protein Atlas
HPA_LIHC_PROGNOSTIC:3481|validation	3481	IGF2	ENSG00000167244	UMLS:C2239176	Liver Hepatocellular Carcinoma (validation)	validation	unprognostic	favorable	0.005387	Human Protein Atlas
HPA_LIHC_PROGNOSTIC:3482|tcga	3482	IGF2R	ENSG00000197081	UMLS:C2239176	Liver Hepatocellular Carcinoma (TCGA)	tcga	potential prognostic	unfavorable	0.0006076	Human Protein Atlas
HPA_LIHC_PROGNOSTIC:3482|validation	3482	IGF2R	ENSG00000197081	UMLS:C2239176	Liver Hepatocellular Carcinoma (validation)	validation	unprognostic	unfavorable	0.05161	Human Protein Atlas
HPA_LIHC_PROGNOSTIC:3483|tcga	3483	IGFALS	ENSG00000099769	UMLS:C2239176	Liver Hepatocellular Carcinoma (TCGA)	tcga	unprognostic	favorable	0.001155	Human Protein Atlas
HPA_LIHC_PROGNOSTIC:3483|validation	3483	IGFALS	ENSG00000099769	UMLS:C2239176	Liver Hepatocellular Carcinoma (validation)	validation	potential prognostic	favorable	4.371e-05	Human Protein Atlas
HPA_LIHC_PROGNOSTIC:3484|tcga	3484	IGFBP1	ENSG00000146678	UMLS:C2239176	Liver Hepatocellular Carcinoma (TCGA)	tcga	unprognostic	favorable	0.08698	Human Protein Atlas
HPA_LIHC_PROGNOSTIC:3484|validation	3484	IGFBP1	ENSG00000146678	UMLS:C2239176	Liver Hepatocellular Carcinoma (validation)	validation	unprognostic	favorable	0.3438	Human Protein Atlas
HPA_LIHC_PROGNOSTIC:3485|tcga	3485	IGFBP2	ENSG00000115457	UMLS:C2239176	Liver Hepatocellular Carcinoma (TCGA)	tcga	unprognostic	unfavorable	0.2293	Human Protein Atlas
HPA_LIHC_PROGNOSTIC:3485|validation	3485	IGFBP2	ENSG00000115457	UMLS:C2239176	Liver Hepatocellular Carcinoma (validation)	validation	unprognostic	favorable	0.01025	Human Protein Atlas
HPA_LIHC_PROGNOSTIC:3491|tcga	3491	CCN1	ENSG00000142871	UMLS:C2239176	Liver Hepatocellular Carcinoma (TCGA)	tcga	unprognostic	favorable	0.09336	Human Protein Atlas
HPA_LIHC_PROGNOSTIC:350|tcga	350	APOH	ENSG00000091583	UMLS:C2239176	Liver Hepatocellular Carcinoma (TCGA)	tcga	potential prognostic	favorable	5.449e-07	Human Protein Atlas
HPA_LIHC_PROGNOSTIC:350|validation	350	APOH	ENSG00000091583	UMLS:C2239176	Liver Hepatocellular Carcinoma (validation)	validation	unprognostic	favorable	0.005163	Human Protein Atlas
HPA_LIHC_PROGNOSTIC:3553|tcga	3553	IL1B	ENSG00000125538	UMLS:C2239176	Liver Hepatocellular Carcinoma (TCGA)	tcga	unprognostic	unfavorable	0.009357	Human Protein Atlas
HPA_LIHC_PROGNOSTIC:3553|validation	3553	IL1B	ENSG00000125538	UMLS:C2239176	Liver Hepatocellular Carcinoma (validation)	validation	unprognostic	favorable	0.2004	Human Protein Atlas
HPA_LIHC_PROGNOSTIC:3556|tcga	3556	IL1RAP	ENSG00000196083	UMLS:C2239176	Liver Hepatocellular Carcinoma (TCGA)	tcga	unprognostic	unfavorable	0.02691	Human Protein Atlas
HPA_LIHC_PROGNOSTIC:3556|validation	3556	IL1RAP	ENSG00000196083	UMLS:C2239176	Liver Hepatocellular Carcinoma (validation)	validation	unprognostic	unfavorable	0.008566	Human Protein Atlas
HPA_LIHC_PROGNOSTIC:3557|tcga	3557	IL1RN	ENSG00000136689	UMLS:C2239176	Liver Hepatocellular Carcinoma (TCGA)	tcga	unprognostic	favorable	0.01442	Human Protein Atlas
HPA_LIHC_PROGNOSTIC:3557|validation	3557	IL1RN	ENSG00000136689	UMLS:C2239176	Liver Hepatocellular Carcinoma (validation)	validation	unprognostic	favorable	0.03013	Human Protein Atlas
HPA_LIHC_PROGNOSTIC:355|tcga	355	FAS	ENSG00000026103	UMLS:C2239176	Liver Hepatocellular Carcinoma (TCGA)	tcga	unprognostic	favorable	0.1157	Human Protein Atlas
HPA_LIHC_PROGNOSTIC:355|validation	355	FAS	ENSG00000026103	UMLS:C2239176	Liver Hepatocellular Carcinoma (validation)	validation	unprognostic	favorable	0.002034	Human Protein Atlas
HPA_LIHC_PROGNOSTIC:3569|validation	3569	IL6	ENSG00000136244	UMLS:C2239176	Liver Hepatocellular Carcinoma (validation)	validation	unprognostic	favorable	0.01638	Human Protein Atlas
HPA_LIHC_PROGNOSTIC:3576|tcga	3576	CXCL8	ENSG00000169429	UMLS:C2239176	Liver Hepatocellular Carcinoma (TCGA)	tcga	potential prognostic	unfavorable	1.31e-05	Human Protein Atlas
HPA_LIHC_PROGNOSTIC:3606|tcga	3606	IL18	ENSG00000150782	UMLS:C2239176	Liver Hepatocellular Carcinoma (TCGA)	tcga	unprognostic	unfavorable	0.07116	Human Protein Atlas
HPA_LIHC_PROGNOSTIC:3606|validation	3606	IL18	ENSG00000150782	UMLS:C2239176	Liver Hepatocellular Carcinoma (validation)	validation	unprognostic	favorable	0.08771	Human Protein Atlas
HPA_LIHC_PROGNOSTIC:3660|tcga	3660	IRF2	ENSG00000168310	UMLS:C2239176	Liver Hepatocellular Carcinoma (TCGA)	tcga	unprognostic	unfavorable	0.004037	Human Protein Atlas
HPA_LIHC_PROGNOSTIC:3660|validation	3660	IRF2	ENSG00000168310	UMLS:C2239176	Liver Hepatocellular Carcinoma (validation)	validation	unprognostic	favorable	0.02431	Human Protein Atlas
HPA_LIHC_PROGNOSTIC:3667|tcga	3667	IRS1	ENSG00000169047	UMLS:C2239176	Liver Hepatocellular Carcinoma (TCGA)	tcga	unprognostic	favorable	0.1288	Human Protein Atlas
HPA_LIHC_PROGNOSTIC:3667|validation	3667	IRS1	ENSG00000169047	UMLS:C2239176	Liver Hepatocellular Carcinoma (validation)	validation	unprognostic	unfavorable	0.2975	Human Protein Atlas
HPA_LIHC_PROGNOSTIC:367|tcga	367	AR	ENSG00000169083	UMLS:C2239176	Liver Hepatocellular Carcinoma (TCGA)	tcga	unprognostic	favorable	0.004245	Human Protein Atlas
HPA_LIHC_PROGNOSTIC:367|validation	367	AR	ENSG00000169083	UMLS:C2239176	Liver Hepatocellular Carcinoma (validation)	validation	unprognostic	favorable	0.009701	Human Protein Atlas
HPA_LIHC_PROGNOSTIC:3699|tcga	3699	ITIH3	ENSG00000162267	UMLS:C2239176	Liver Hepatocellular Carcinoma (TCGA)	tcga	unprognostic	favorable	0.06	Human Protein Atlas
HPA_LIHC_PROGNOSTIC:3699|validation	3699	ITIH3	ENSG00000162267	UMLS:C2239176	Liver Hepatocellular Carcinoma (validation)	validation	potential prognostic	favorable	1.279e-06	Human Protein Atlas
HPA_LIHC_PROGNOSTIC:3716|tcga	3716	JAK1	ENSG00000162434	UMLS:C2239176	Liver Hepatocellular Carcinoma (TCGA)	tcga	unprognostic	favorable	0.06044	Human Protein Atlas
HPA_LIHC_PROGNOSTIC:3716|validation	3716	JAK1	ENSG00000162434	UMLS:C2239176	Liver Hepatocellular Carcinoma (validation)	validation	unprognostic	unfavorable	0.2269	Human Protein Atlas
HPA_LIHC_PROGNOSTIC:3717|tcga	3717	JAK2	ENSG00000096968	UMLS:C2239176	Liver Hepatocellular Carcinoma (TCGA)	tcga	unprognostic	unfavorable	0.2893	Human Protein Atlas
HPA_LIHC_PROGNOSTIC:3717|validation	3717	JAK2	ENSG00000096968	UMLS:C2239176	Liver Hepatocellular Carcinoma (validation)	validation	unprognostic	favorable	0.03101	Human Protein Atlas
HPA_LIHC_PROGNOSTIC:3725|tcga	3725	JUN	ENSG00000177606	UMLS:C2239176	Liver Hepatocellular Carcinoma (TCGA)	tcga	unprognostic	unfavorable	0.001811	Human Protein Atlas
HPA_LIHC_PROGNOSTIC:3725|validation	3725	JUN	ENSG00000177606	UMLS:C2239176	Liver Hepatocellular Carcinoma (validation)	validation	unprognostic	favorable	0.02712	Human Protein Atlas
HPA_LIHC_PROGNOSTIC:3727|tcga	3727	JUND	ENSG00000130522	UMLS:C2239176	Liver Hepatocellular Carcinoma (TCGA)	tcga	unprognostic	favorable	0.01239	Human Protein Atlas
HPA_LIHC_PROGNOSTIC:3727|validation	3727	JUND	ENSG00000130522	UMLS:C2239176	Liver Hepatocellular Carcinoma (validation)	validation	unprognostic	favorable	0.1851	Human Protein Atlas
HPA_LIHC_PROGNOSTIC:374569|tcga	374569	ASPG	ENSG00000166183	UMLS:C2239176	Liver Hepatocellular Carcinoma (TCGA)	tcga	unprognostic	favorable	0.02282	Human Protein Atlas
HPA_LIHC_PROGNOSTIC:374569|validation	374569	ASPG	ENSG00000166183	UMLS:C2239176	Liver Hepatocellular Carcinoma (validation)	validation	unprognostic	favorable	0.004535	Human Protein Atlas
HPA_LIHC_PROGNOSTIC:3781|tcga	3781	KCNN2	ENSG00000080709	UMLS:C2239176	Liver Hepatocellular Carcinoma (TCGA)	tcga	unprognostic	unfavorable	0.09684	Human Protein Atlas
HPA_LIHC_PROGNOSTIC:3781|validation	3781	KCNN2	ENSG00000080709	UMLS:C2239176	Liver Hepatocellular Carcinoma (validation)	validation	unprognostic	favorable	0.173	Human Protein Atlas
HPA_LIHC_PROGNOSTIC:3791|tcga	3791	KDR	ENSG00000128052	UMLS:C2239176	Liver Hepatocellular Carcinoma (TCGA)	tcga	unprognostic	favorable	0.01156	Human Protein Atlas
HPA_LIHC_PROGNOSTIC:3791|validation	3791	KDR	ENSG00000128052	UMLS:C2239176	Liver Hepatocellular Carcinoma (validation)	validation	unprognostic	favorable	0.001622	Human Protein Atlas
HPA_LIHC_PROGNOSTIC:3832|tcga	3832	KIF11	ENSG00000138160	UMLS:C2239176	Liver Hepatocellular Carcinoma (TCGA)	tcga	validated prognostic	unfavorable	7.612e-07	Human Protein Atlas
HPA_LIHC_PROGNOSTIC:3832|validation	3832	KIF11	ENSG00000138160	UMLS:C2239176	Liver Hepatocellular Carcinoma (validation)	validation	validated prognostic	unfavorable	9.177e-05	Human Protein Atlas
HPA_LIHC_PROGNOSTIC:3833|tcga	3833	KIFC1	ENSG00000237649	UMLS:C2239176	Liver Hepatocellular Carcinoma (TCGA)	tcga	validated prognostic	unfavorable	4.077e-07	Human Protein Atlas
HPA_LIHC_PROGNOSTIC:3833|validation	3833	KIFC1	ENSG00000237649	UMLS:C2239176	Liver Hepatocellular Carcinoma (validation)	validation	validated prognostic	unfavorable	3.014e-07	Human Protein Atlas
HPA_LIHC_PROGNOSTIC:383|tcga	383	ARG1	ENSG00000118520	UMLS:C2239176	Liver Hepatocellular Carcinoma (TCGA)	tcga	unprognostic	favorable	0.05545	Human Protein Atlas
HPA_LIHC_PROGNOSTIC:383|validation	383	ARG1	ENSG00000118520	UMLS:C2239176	Liver Hepatocellular Carcinoma (validation)	validation	unprognostic	favorable	0.001999	Human Protein Atlas
HPA_LIHC_PROGNOSTIC:3845|tcga	3845	KRAS	ENSG00000133703	UMLS:C2239176	Liver Hepatocellular Carcinoma (TCGA)	tcga	unprognostic	unfavorable	0.02562	Human Protein Atlas
HPA_LIHC_PROGNOSTIC:3845|validation	3845	KRAS	ENSG00000133703	UMLS:C2239176	Liver Hepatocellular Carcinoma (validation)	validation	unprognostic	unfavorable	0.2367	Human Protein Atlas
HPA_LIHC_PROGNOSTIC:3856|tcga	3856	KRT8	ENSG00000170421	UMLS:C2239176	Liver Hepatocellular Carcinoma (TCGA)	tcga	unprognostic	unfavorable	0.01117	Human Protein Atlas
HPA_LIHC_PROGNOSTIC:3856|validation	3856	KRT8	ENSG00000170421	UMLS:C2239176	Liver Hepatocellular Carcinoma (validation)	validation	unprognostic	unfavorable	0.01098	Human Protein Atlas
HPA_LIHC_PROGNOSTIC:387103|tcga	387103	CENPW	ENSG00000203760	UMLS:C2239176	Liver Hepatocellular Carcinoma (TCGA)	tcga	validated prognostic	unfavorable	7.268e-07	Human Protein Atlas
HPA_LIHC_PROGNOSTIC:387103|validation	387103	CENPW	ENSG00000203760	UMLS:C2239176	Liver Hepatocellular Carcinoma (validation)	validation	validated prognostic	unfavorable	5.323e-08	Human Protein Atlas
HPA_LIHC_PROGNOSTIC:3875|tcga	3875	KRT18	ENSG00000111057	UMLS:C2239176	Liver Hepatocellular Carcinoma (TCGA)	tcga	unprognostic	unfavorable	0.01173	Human Protein Atlas
HPA_LIHC_PROGNOSTIC:3875|validation	3875	KRT18	ENSG00000111057	UMLS:C2239176	Liver Hepatocellular Carcinoma (validation)	validation	unprognostic	unfavorable	0.04872	Human Protein Atlas
HPA_LIHC_PROGNOSTIC:387775|tcga	387775	SLC22A10	ENSG00000184999	UMLS:C2239176	Liver Hepatocellular Carcinoma (TCGA)	tcga	unprognostic	favorable	0.00186	Human Protein Atlas
HPA_LIHC_PROGNOSTIC:387775|validation	387775	SLC22A10	ENSG00000184999	UMLS:C2239176	Liver Hepatocellular Carcinoma (validation)	validation	unprognostic	favorable	0.04545	Human Protein Atlas
HPA_LIHC_PROGNOSTIC:389558|validation	389558	FAM180A	ENSG00000189320	UMLS:C2239176	Liver Hepatocellular Carcinoma (validation)	validation	potential prognostic	favorable	0.0001338	Human Protein Atlas
HPA_LIHC_PROGNOSTIC:390|tcga	390	RND3	ENSG00000115963	UMLS:C2239176	Liver Hepatocellular Carcinoma (TCGA)	tcga	unprognostic	unfavorable	0.1072	Human Protein Atlas
HPA_LIHC_PROGNOSTIC:390|validation	390	RND3	ENSG00000115963	UMLS:C2239176	Liver Hepatocellular Carcinoma (validation)	validation	unprognostic	favorable	0.006934	Human Protein Atlas
HPA_LIHC_PROGNOSTIC:3918|tcga	3918	LAMC2	ENSG00000058085	UMLS:C2239176	Liver Hepatocellular Carcinoma (TCGA)	tcga	unprognostic	unfavorable	0.04423	Human Protein Atlas
HPA_LIHC_PROGNOSTIC:3918|validation	3918	LAMC2	ENSG00000058085	UMLS:C2239176	Liver Hepatocellular Carcinoma (validation)	validation	unprognostic	unfavorable	0.1355	Human Protein Atlas
HPA_LIHC_PROGNOSTIC:3925|tcga	3925	STMN1	ENSG00000117632	UMLS:C2239176	Liver Hepatocellular Carcinoma (TCGA)	tcga	validated prognostic	unfavorable	7.936e-07	Human Protein Atlas
HPA_LIHC_PROGNOSTIC:3925|validation	3925	STMN1	ENSG00000117632	UMLS:C2239176	Liver Hepatocellular Carcinoma (validation)	validation	validated prognostic	unfavorable	5.142e-06	Human Protein Atlas
HPA_LIHC_PROGNOSTIC:3931|tcga	3931	LCAT	ENSG00000213398	UMLS:C2239176	Liver Hepatocellular Carcinoma (TCGA)	tcga	validated prognostic	favorable	1.681e-07	Human Protein Atlas
HPA_LIHC_PROGNOSTIC:3931|validation	3931	LCAT	ENSG00000213398	UMLS:C2239176	Liver Hepatocellular Carcinoma (validation)	validation	validated prognostic	favorable	0.0001053	Human Protein Atlas
HPA_LIHC_PROGNOSTIC:3949|tcga	3949	LDLR	ENSG00000130164	UMLS:C2239176	Liver Hepatocellular Carcinoma (TCGA)	tcga	unprognostic	favorable	0.04174	Human Protein Atlas
HPA_LIHC_PROGNOSTIC:3949|validation	3949	LDLR	ENSG00000130164	UMLS:C2239176	Liver Hepatocellular Carcinoma (validation)	validation	unprognostic	unfavorable	0.08569	Human Protein Atlas
HPA_LIHC_PROGNOSTIC:3950|tcga	3950	LECT2	ENSG00000145826	UMLS:C2239176	Liver Hepatocellular Carcinoma (TCGA)	tcga	potential prognostic	favorable	6.893e-05	Human Protein Atlas
HPA_LIHC_PROGNOSTIC:3950|validation	3950	LECT2	ENSG00000145826	UMLS:C2239176	Liver Hepatocellular Carcinoma (validation)	validation	unprognostic	favorable	0.008754	Human Protein Atlas
HPA_LIHC_PROGNOSTIC:3953|tcga	3953	LEPR	ENSG00000116678	UMLS:C2239176	Liver Hepatocellular Carcinoma (TCGA)	tcga	unprognostic	favorable	0.2261	Human Protein Atlas
HPA_LIHC_PROGNOSTIC:3953|validation	3953	LEPR	ENSG00000116678	UMLS:C2239176	Liver Hepatocellular Carcinoma (validation)	validation	unprognostic	favorable	0.03744	Human Protein Atlas
HPA_LIHC_PROGNOSTIC:3954|tcga	3954	LETM1	ENSG00000168924	UMLS:C2239176	Liver Hepatocellular Carcinoma (TCGA)	tcga	potential prognostic	unfavorable	0.0003778	Human Protein Atlas
HPA_LIHC_PROGNOSTIC:3954|validation	3954	LETM1	ENSG00000168924	UMLS:C2239176	Liver Hepatocellular Carcinoma (validation)	validation	unprognostic	unfavorable	0.003363	Human Protein Atlas
HPA_LIHC_PROGNOSTIC:3956|tcga	3956	LGALS1	ENSG00000100097	UMLS:C2239176	Liver Hepatocellular Carcinoma (TCGA)	tcga	potential prognostic	unfavorable	3.667e-05	Human Protein Atlas
HPA_LIHC_PROGNOSTIC:3956|validation	3956	LGALS1	ENSG00000100097	UMLS:C2239176	Liver Hepatocellular Carcinoma (validation)	validation	unprognostic	unfavorable	0.07002	Human Protein Atlas
HPA_LIHC_PROGNOSTIC:3959|tcga	3959	LGALS3BP	ENSG00000108679	UMLS:C2239176	Liver Hepatocellular Carcinoma (TCGA)	tcga	unprognostic	unfavorable	0.006714	Human Protein Atlas
HPA_LIHC_PROGNOSTIC:3959|validation	3959	LGALS3BP	ENSG00000108679	UMLS:C2239176	Liver Hepatocellular Carcinoma (validation)	validation	unprognostic	favorable	0.07127	Human Protein Atlas
HPA_LIHC_PROGNOSTIC:3976|tcga	3976	LIF	ENSG00000128342	UMLS:C2239176	Liver Hepatocellular Carcinoma (TCGA)	tcga	unprognostic	unfavorable	0.004537	Human Protein Atlas
HPA_LIHC_PROGNOSTIC:3976|validation	3976	LIF	ENSG00000128342	UMLS:C2239176	Liver Hepatocellular Carcinoma (validation)	validation	unprognostic	favorable	0.1954	Human Protein Atlas
HPA_LIHC_PROGNOSTIC:3977|tcga	3977	LIFR	ENSG00000113594	UMLS:C2239176	Liver Hepatocellular Carcinoma (TCGA)	tcga	unprognostic	favorable	0.09214	Human Protein Atlas
HPA_LIHC_PROGNOSTIC:3977|validation	3977	LIFR	ENSG00000113594	UMLS:C2239176	Liver Hepatocellular Carcinoma (validation)	validation	potential prognostic	favorable	0.0004234	Human Protein Atlas
HPA_LIHC_PROGNOSTIC:4015|tcga	4015	LOX	ENSG00000113083	UMLS:C2239176	Liver Hepatocellular Carcinoma (TCGA)	tcga	potential prognostic	unfavorable	0.0003902	Human Protein Atlas
HPA_LIHC_PROGNOSTIC:4015|validation	4015	LOX	ENSG00000113083	UMLS:C2239176	Liver Hepatocellular Carcinoma (validation)	validation	unprognostic	unfavorable	0.02427	Human Protein Atlas
HPA_LIHC_PROGNOSTIC:4016|tcga	4016	LOXL1	ENSG00000129038	UMLS:C2239176	Liver Hepatocellular Carcinoma (TCGA)	tcga	unprognostic	favorable	0.1603	Human Protein Atlas
HPA_LIHC_PROGNOSTIC:4016|validation	4016	LOXL1	ENSG00000129038	UMLS:C2239176	Liver Hepatocellular Carcinoma (validation)	validation	unprognostic	favorable	0.02083	Human Protein Atlas
HPA_LIHC_PROGNOSTIC:405|tcga	405	ARNT	ENSG00000143437	UMLS:C2239176	Liver Hepatocellular Carcinoma (TCGA)	tcga	unprognostic	unfavorable	0.03015	Human Protein Atlas
HPA_LIHC_PROGNOSTIC:405|validation	405	ARNT	ENSG00000143437	UMLS:C2239176	Liver Hepatocellular Carcinoma (validation)	validation	unprognostic	favorable	0.03246	Human Protein Atlas
HPA_LIHC_PROGNOSTIC:4060|tcga	4060	LUM	ENSG00000139329	UMLS:C2239176	Liver Hepatocellular Carcinoma (TCGA)	tcga	unprognostic	favorable	0.2348	Human Protein Atlas
HPA_LIHC_PROGNOSTIC:4060|validation	4060	LUM	ENSG00000139329	UMLS:C2239176	Liver Hepatocellular Carcinoma (validation)	validation	unprognostic	favorable	0.03462	Human Protein Atlas
HPA_LIHC_PROGNOSTIC:4085|validation	4085	MAD2L1	ENSG00000164109	UMLS:C2239176	Liver Hepatocellular Carcinoma (validation)	validation	potential prognostic	unfavorable	9.463e-09	Human Protein Atlas
HPA_LIHC_PROGNOSTIC:4088|tcga	4088	SMAD3	ENSG00000166949	UMLS:C2239176	Liver Hepatocellular Carcinoma (TCGA)	tcga	unprognostic	unfavorable	0.007158	Human Protein Atlas
HPA_LIHC_PROGNOSTIC:4088|validation	4088	SMAD3	ENSG00000166949	UMLS:C2239176	Liver Hepatocellular Carcinoma (validation)	validation	unprognostic	unfavorable	0.02409	Human Protein Atlas
HPA_LIHC_PROGNOSTIC:408|tcga	408	ARRB1	ENSG00000137486	UMLS:C2239176	Liver Hepatocellular Carcinoma (TCGA)	tcga	unprognostic	unfavorable	0.003426	Human Protein Atlas
HPA_LIHC_PROGNOSTIC:408|validation	408	ARRB1	ENSG00000137486	UMLS:C2239176	Liver Hepatocellular Carcinoma (validation)	validation	unprognostic	unfavorable	0.04534	Human Protein Atlas
HPA_LIHC_PROGNOSTIC:409|tcga	409	ARRB2	ENSG00000141480	UMLS:C2239176	Liver Hepatocellular Carcinoma (TCGA)	tcga	potential prognostic	unfavorable	0.0001103	Human Protein Atlas
HPA_LIHC_PROGNOSTIC:409|validation	409	ARRB2	ENSG00000141480	UMLS:C2239176	Liver Hepatocellular Carcinoma (validation)	validation	unprognostic	favorable	0.2711	Human Protein Atlas
HPA_LIHC_PROGNOSTIC:4137|tcga	4137	MAPT	ENSG00000186868	UMLS:C2239176	Liver Hepatocellular Carcinoma (TCGA)	tcga	potential prognostic	unfavorable	6.916e-05	Human Protein Atlas
HPA_LIHC_PROGNOSTIC:4137|validation	4137	MAPT	ENSG00000186868	UMLS:C2239176	Liver Hepatocellular Carcinoma (validation)	validation	unprognostic	unfavorable	0.0522	Human Protein Atlas
HPA_LIHC_PROGNOSTIC:4143|tcga	4143	MAT1A	ENSG00000151224	UMLS:C2239176	Liver Hepatocellular Carcinoma (TCGA)	tcga	unprognostic	favorable	0.009007	Human Protein Atlas
HPA_LIHC_PROGNOSTIC:4143|validation	4143	MAT1A	ENSG00000151224	UMLS:C2239176	Liver Hepatocellular Carcinoma (validation)	validation	unprognostic	favorable	0.1176	Human Protein Atlas
HPA_LIHC_PROGNOSTIC:4153|tcga	4153	MBL2	ENSG00000165471	UMLS:C2239176	Liver Hepatocellular Carcinoma (TCGA)	tcga	unprognostic	favorable	0.01504	Human Protein Atlas
HPA_LIHC_PROGNOSTIC:4153|validation	4153	MBL2	ENSG00000165471	UMLS:C2239176	Liver Hepatocellular Carcinoma (validation)	validation	potential prognostic	favorable	2.516e-07	Human Protein Atlas
HPA_LIHC_PROGNOSTIC:4171|tcga	4171	MCM2	ENSG00000073111	UMLS:C2239176	Liver Hepatocellular Carcinoma (TCGA)	tcga	validated prognostic	unfavorable	1.098e-06	Human Protein Atlas
HPA_LIHC_PROGNOSTIC:4171|validation	4171	MCM2	ENSG00000073111	UMLS:C2239176	Liver Hepatocellular Carcinoma (validation)	validation	validated prognostic	unfavorable	8.168e-08	Human Protein Atlas
HPA_LIHC_PROGNOSTIC:4193|tcga	4193	MDM2	ENSG00000135679	UMLS:C2239176	Liver Hepatocellular Carcinoma (TCGA)	tcga	unprognostic	unfavorable	0.103	Human Protein Atlas
HPA_LIHC_PROGNOSTIC:4193|validation	4193	MDM2	ENSG00000135679	UMLS:C2239176	Liver Hepatocellular Carcinoma (validation)	validation	unprognostic	favorable	0.03751	Human Protein Atlas
HPA_LIHC_PROGNOSTIC:4199|tcga	4199	ME1	ENSG00000065833	UMLS:C2239176	Liver Hepatocellular Carcinoma (TCGA)	tcga	potential prognostic	unfavorable	0.0001543	Human Protein Atlas
HPA_LIHC_PROGNOSTIC:4199|validation	4199	ME1	ENSG00000065833	UMLS:C2239176	Liver Hepatocellular Carcinoma (validation)	validation	unprognostic	unfavorable	0.1744	Human Protein Atlas
HPA_LIHC_PROGNOSTIC:4204|tcga	4204	MECP2	ENSG00000169057	UMLS:C2239176	Liver Hepatocellular Carcinoma (TCGA)	tcga	unprognostic	unfavorable	0.01688	Human Protein Atlas
HPA_LIHC_PROGNOSTIC:4204|validation	4204	MECP2	ENSG00000169057	UMLS:C2239176	Liver Hepatocellular Carcinoma (validation)	validation	unprognostic	unfavorable	0.007435	Human Protein Atlas
HPA_LIHC_PROGNOSTIC:4233|tcga	4233	MET	ENSG00000105976	UMLS:C2239176	Liver Hepatocellular Carcinoma (TCGA)	tcga	unprognostic	unfavorable	0.2858	Human Protein Atlas
HPA_LIHC_PROGNOSTIC:4233|validation	4233	MET	ENSG00000105976	UMLS:C2239176	Liver Hepatocellular Carcinoma (validation)	validation	unprognostic	unfavorable	0.02014	Human Protein Atlas
HPA_LIHC_PROGNOSTIC:4288|tcga	4288	MKI67	ENSG00000148773	UMLS:C2239176	Liver Hepatocellular Carcinoma (TCGA)	tcga	validated prognostic	unfavorable	1.289e-05	Human Protein Atlas
HPA_LIHC_PROGNOSTIC:4288|validation	4288	MKI67	ENSG00000148773	UMLS:C2239176	Liver Hepatocellular Carcinoma (validation)	validation	validated prognostic	unfavorable	6.558e-07	Human Protein Atlas
HPA_LIHC_PROGNOSTIC:4297|tcga	4297	KMT2A	ENSG00000118058	UMLS:C2239176	Liver Hepatocellular Carcinoma (TCGA)	tcga	unprognostic	unfavorable	0.02447	Human Protein Atlas
HPA_LIHC_PROGNOSTIC:4312|tcga	4312	MMP1	ENSG00000196611	UMLS:C2239176	Liver Hepatocellular Carcinoma (TCGA)	tcga	potential prognostic	unfavorable	3.708e-07	Human Protein Atlas
HPA_LIHC_PROGNOSTIC:4312|validation	4312	MMP1	ENSG00000196611	UMLS:C2239176	Liver Hepatocellular Carcinoma (validation)	validation	unprognostic	unfavorable	0.003803	Human Protein Atlas
HPA_LIHC_PROGNOSTIC:4313|tcga	4313	MMP2	ENSG00000087245	UMLS:C2239176	Liver Hepatocellular Carcinoma (TCGA)	tcga	unprognostic	unfavorable	0.2261	Human Protein Atlas
HPA_LIHC_PROGNOSTIC:4313|validation	4313	MMP2	ENSG00000087245	UMLS:C2239176	Liver Hepatocellular Carcinoma (validation)	validation	unprognostic	favorable	0.142	Human Protein Atlas
HPA_LIHC_PROGNOSTIC:4318|tcga	4318	MMP9	ENSG00000100985	UMLS:C2239176	Liver Hepatocellular Carcinoma (TCGA)	tcga	potential prognostic	unfavorable	0.000416	Human Protein Atlas
HPA_LIHC_PROGNOSTIC:4318|validation	4318	MMP9	ENSG00000100985	UMLS:C2239176	Liver Hepatocellular Carcinoma (validation)	validation	unprognostic	unfavorable	0.01458	Human Protein Atlas
HPA_LIHC_PROGNOSTIC:4323|tcga	4323	MMP14	ENSG00000157227	UMLS:C2239176	Liver Hepatocellular Carcinoma (TCGA)	tcga	unprognostic	unfavorable	0.002559	Human Protein Atlas
HPA_LIHC_PROGNOSTIC:4323|validation	4323	MMP14	ENSG00000157227	UMLS:C2239176	Liver Hepatocellular Carcinoma (validation)	validation	unprognostic	unfavorable	0.07446	Human Protein Atlas
HPA_LIHC_PROGNOSTIC:4439|validation	4439	MSH5	ENSG00000204410	UMLS:C2239176	Liver Hepatocellular Carcinoma (validation)	validation	unprognostic	unfavorable	0.008006	Human Protein Atlas
HPA_LIHC_PROGNOSTIC:445|tcga	445	ASS1	ENSG00000130707	UMLS:C2239176	Liver Hepatocellular Carcinoma (TCGA)	tcga	unprognostic	favorable	0.007618	Human Protein Atlas
HPA_LIHC_PROGNOSTIC:445|validation	445	ASS1	ENSG00000130707	UMLS:C2239176	Liver Hepatocellular Carcinoma (validation)	validation	unprognostic	favorable	0.02315	Human Protein Atlas
HPA_LIHC_PROGNOSTIC:4489|tcga	4489	MT1A	ENSG00000205362	UMLS:C2239176	Liver Hepatocellular Carcinoma (TCGA)	tcga	unprognostic	favorable	0.09712	Human Protein Atlas
HPA_LIHC_PROGNOSTIC:4489|validation	4489	MT1A	ENSG00000205362	UMLS:C2239176	Liver Hepatocellular Carcinoma (validation)	validation	unprognostic	favorable	0.4588	Human Protein Atlas
HPA_LIHC_PROGNOSTIC:4493|tcga	4493	MT1E	ENSG00000169715	UMLS:C2239176	Liver Hepatocellular Carcinoma (TCGA)	tcga	unprognostic	favorable	0.3603	Human Protein Atlas
HPA_LIHC_PROGNOSTIC:4493|validation	4493	MT1E	ENSG00000169715	UMLS:C2239176	Liver Hepatocellular Carcinoma (validation)	validation	unprognostic	favorable	0.006194	Human Protein Atlas
HPA_LIHC_PROGNOSTIC:4502|tcga	4502	MT2A	ENSG00000125148	UMLS:C2239176	Liver Hepatocellular Carcinoma (TCGA)	tcga	unprognostic	favorable	0.1189	Human Protein Atlas
HPA_LIHC_PROGNOSTIC:4502|validation	4502	MT2A	ENSG00000125148	UMLS:C2239176	Liver Hepatocellular Carcinoma (validation)	validation	potential prognostic	favorable	0.0008179	Human Protein Atlas
HPA_LIHC_PROGNOSTIC:4524|tcga	4524	MTHFR	ENSG00000177000	UMLS:C2239176	Liver Hepatocellular Carcinoma (TCGA)	tcga	unprognostic	unfavorable	0.001428	Human Protein Atlas
HPA_LIHC_PROGNOSTIC:4524|validation	4524	MTHFR	ENSG00000177000	UMLS:C2239176	Liver Hepatocellular Carcinoma (validation)	validation	unprognostic	favorable	0.06357	Human Protein Atlas
HPA_LIHC_PROGNOSTIC:4547|tcga	4547	MTTP	ENSG00000138823	UMLS:C2239176	Liver Hepatocellular Carcinoma (TCGA)	tcga	unprognostic	favorable	0.3818	Human Protein Atlas
HPA_LIHC_PROGNOSTIC:4547|validation	4547	MTTP	ENSG00000138823	UMLS:C2239176	Liver Hepatocellular Carcinoma (validation)	validation	unprognostic	favorable	0.05468	Human Protein Atlas
HPA_LIHC_PROGNOSTIC:4552|tcga	4552	MTRR	ENSG00000124275	UMLS:C2239176	Liver Hepatocellular Carcinoma (TCGA)	tcga	unprognostic	unfavorable	0.02818	Human Protein Atlas
HPA_LIHC_PROGNOSTIC:4552|validation	4552	MTRR	ENSG00000124275	UMLS:C2239176	Liver Hepatocellular Carcinoma (validation)	validation	unprognostic	unfavorable	0.138	Human Protein Atlas
HPA_LIHC_PROGNOSTIC:4598|tcga	4598	MVK	ENSG00000110921	UMLS:C2239176	Liver Hepatocellular Carcinoma (TCGA)	tcga	unprognostic	unfavorable	0.02968	Human Protein Atlas
HPA_LIHC_PROGNOSTIC:4598|validation	4598	MVK	ENSG00000110921	UMLS:C2239176	Liver Hepatocellular Carcinoma (validation)	validation	unprognostic	favorable	0.2983	Human Protein Atlas
HPA_LIHC_PROGNOSTIC:4605|tcga	4605	MYBL2	ENSG00000101057	UMLS:C2239176	Liver Hepatocellular Carcinoma (TCGA)	tcga	validated prognostic	unfavorable	3.538e-09	Human Protein Atlas
HPA_LIHC_PROGNOSTIC:4605|validation	4605	MYBL2	ENSG00000101057	UMLS:C2239176	Liver Hepatocellular Carcinoma (validation)	validation	validated prognostic	unfavorable	9.587e-09	Human Protein Atlas
HPA_LIHC_PROGNOSTIC:4609|tcga	4609	MYC	ENSG00000136997	UMLS:C2239176	Liver Hepatocellular Carcinoma (TCGA)	tcga	unprognostic	unfavorable	0.05296	Human Protein Atlas
HPA_LIHC_PROGNOSTIC:4609|validation	4609	MYC	ENSG00000136997	UMLS:C2239176	Liver Hepatocellular Carcinoma (validation)	validation	potential prognostic	unfavorable	0.0004835	Human Protein Atlas
HPA_LIHC_PROGNOSTIC:4615|tcga	4615	MYD88	ENSG00000172936	UMLS:C2239176	Liver Hepatocellular Carcinoma (TCGA)	tcga	unprognostic	unfavorable	0.09764	Human Protein Atlas
HPA_LIHC_PROGNOSTIC:4615|validation	4615	MYD88	ENSG00000172936	UMLS:C2239176	Liver Hepatocellular Carcinoma (validation)	validation	unprognostic	favorable	0.08989	Human Protein Atlas
HPA_LIHC_PROGNOSTIC:463|tcga	463	ZFHX3	ENSG00000140836	UMLS:C2239176	Liver Hepatocellular Carcinoma (TCGA)	tcga	unprognostic	unfavorable	0.05586	Human Protein Atlas
HPA_LIHC_PROGNOSTIC:463|validation	463	ZFHX3	ENSG00000140836	UMLS:C2239176	Liver Hepatocellular Carcinoma (validation)	validation	unprognostic	unfavorable	0.05977	Human Protein Atlas
HPA_LIHC_PROGNOSTIC:4683|tcga	4683	NBN	ENSG00000104320	UMLS:C2239176	Liver Hepatocellular Carcinoma (TCGA)	tcga	potential prognostic	unfavorable	0.0006031	Human Protein Atlas
HPA_LIHC_PROGNOSTIC:4683|validation	4683	NBN	ENSG00000104320	UMLS:C2239176	Liver Hepatocellular Carcinoma (validation)	validation	unprognostic	unfavorable	0.02919	Human Protein Atlas
HPA_LIHC_PROGNOSTIC:472|tcga	472	ATM	ENSG00000149311	UMLS:C2239176	Liver Hepatocellular Carcinoma (TCGA)	tcga	unprognostic	unfavorable	0.001086	Human Protein Atlas
HPA_LIHC_PROGNOSTIC:472|validation	472	ATM	ENSG00000149311	UMLS:C2239176	Liver Hepatocellular Carcinoma (validation)	validation	unprognostic	favorable	0.3254	Human Protein Atlas
HPA_LIHC_PROGNOSTIC:4751|tcga	4751	NEK2	ENSG00000117650	UMLS:C2239176	Liver Hepatocellular Carcinoma (TCGA)	tcga	validated prognostic	unfavorable	1.062e-06	Human Protein Atlas
HPA_LIHC_PROGNOSTIC:4751|validation	4751	NEK2	ENSG00000117650	UMLS:C2239176	Liver Hepatocellular Carcinoma (validation)	validation	validated prognostic	unfavorable	1.065e-06	Human Protein Atlas
HPA_LIHC_PROGNOSTIC:4771|tcga	4771	NF2	ENSG00000186575	UMLS:C2239176	Liver Hepatocellular Carcinoma (TCGA)	tcga	unprognostic	unfavorable	0.003485	Human Protein Atlas
HPA_LIHC_PROGNOSTIC:4771|validation	4771	NF2	ENSG00000186575	UMLS:C2239176	Liver Hepatocellular Carcinoma (validation)	validation	unprognostic	unfavorable	0.04807	Human Protein Atlas
HPA_LIHC_PROGNOSTIC:4780|tcga	4780	NFE2L2	ENSG00000116044	UMLS:C2239176	Liver Hepatocellular Carcinoma (TCGA)	tcga	unprognostic	unfavorable	0.01246	Human Protein Atlas
HPA_LIHC_PROGNOSTIC:4780|validation	4780	NFE2L2	ENSG00000116044	UMLS:C2239176	Liver Hepatocellular Carcinoma (validation)	validation	unprognostic	favorable	0.3525	Human Protein Atlas
HPA_LIHC_PROGNOSTIC:4790|tcga	4790	NFKB1	ENSG00000109320	UMLS:C2239176	Liver Hepatocellular Carcinoma (TCGA)	tcga	unprognostic	favorable	0.2335	Human Protein Atlas
HPA_LIHC_PROGNOSTIC:4790|validation	4790	NFKB1	ENSG00000109320	UMLS:C2239176	Liver Hepatocellular Carcinoma (validation)	validation	unprognostic	unfavorable	0.2503	Human Protein Atlas
HPA_LIHC_PROGNOSTIC:4792|tcga	4792	NFKBIA	ENSG00000100906	UMLS:C2239176	Liver Hepatocellular Carcinoma (TCGA)	tcga	unprognostic	unfavorable	0.1189	Human Protein Atlas
HPA_LIHC_PROGNOSTIC:4792|validation	4792	NFKBIA	ENSG00000100906	UMLS:C2239176	Liver Hepatocellular Carcinoma (validation)	validation	unprognostic	favorable	0.04907	Human Protein Atlas
HPA_LIHC_PROGNOSTIC:4796|tcga	4796	TONSL	ENSG00000160949	UMLS:C2239176	Liver Hepatocellular Carcinoma (TCGA)	tcga	validated prognostic	unfavorable	2.518e-06	Human Protein Atlas
HPA_LIHC_PROGNOSTIC:4796|validation	4796	TONSL	ENSG00000160949	UMLS:C2239176	Liver Hepatocellular Carcinoma (validation)	validation	validated prognostic	unfavorable	1.5e-05	Human Protein Atlas
HPA_LIHC_PROGNOSTIC:47|tcga	47	ACLY	ENSG00000131473	UMLS:C2239176	Liver Hepatocellular Carcinoma (TCGA)	tcga	unprognostic	unfavorable	0.001896	Human Protein Atlas
HPA_LIHC_PROGNOSTIC:47|validation	47	ACLY	ENSG00000131473	UMLS:C2239176	Liver Hepatocellular Carcinoma (validation)	validation	unprognostic	unfavorable	0.006074	Human Protein Atlas
HPA_LIHC_PROGNOSTIC:4830|tcga	4830	NME1	ENSG00000239672	UMLS:C2239176	Liver Hepatocellular Carcinoma (TCGA)	tcga	validated prognostic	unfavorable	3.547e-08	Human Protein Atlas
HPA_LIHC_PROGNOSTIC:4830|validation	4830	NME1	ENSG00000239672	UMLS:C2239176	Liver Hepatocellular Carcinoma (validation)	validation	validated prognostic	unfavorable	3.123e-08	Human Protein Atlas
HPA_LIHC_PROGNOSTIC:4837|tcga	4837	NNMT	ENSG00000166741	UMLS:C2239176	Liver Hepatocellular Carcinoma (TCGA)	tcga	unprognostic	favorable	0.05684	Human Protein Atlas
HPA_LIHC_PROGNOSTIC:4837|validation	4837	NNMT	ENSG00000166741	UMLS:C2239176	Liver Hepatocellular Carcinoma (validation)	validation	unprognostic	favorable	0.002323	Human Protein Atlas
HPA_LIHC_PROGNOSTIC:4854|tcga	4854	NOTCH3	ENSG00000074181	UMLS:C2239176	Liver Hepatocellular Carcinoma (TCGA)	tcga	unprognostic	unfavorable	0.2632	Human Protein Atlas
HPA_LIHC_PROGNOSTIC:4854|validation	4854	NOTCH3	ENSG00000074181	UMLS:C2239176	Liver Hepatocellular Carcinoma (validation)	validation	unprognostic	favorable	0.2337	Human Protein Atlas
HPA_LIHC_PROGNOSTIC:4864|tcga	4864	NPC1	ENSG00000141458	UMLS:C2239176	Liver Hepatocellular Carcinoma (TCGA)	tcga	validated prognostic	unfavorable	8.001e-08	Human Protein Atlas
HPA_LIHC_PROGNOSTIC:4864|validation	4864	NPC1	ENSG00000141458	UMLS:C2239176	Liver Hepatocellular Carcinoma (validation)	validation	validated prognostic	unfavorable	6.88e-05	Human Protein Atlas
HPA_LIHC_PROGNOSTIC:4878|validation	4878	NPPA	ENSG00000175206	UMLS:C2239176	Liver Hepatocellular Carcinoma (validation)	validation	unprognostic	unfavorable	0.04768	Human Protein Atlas
HPA_LIHC_PROGNOSTIC:4893|tcga	4893	NRAS	ENSG00000213281	UMLS:C2239176	Liver Hepatocellular Carcinoma (TCGA)	tcga	validated prognostic	unfavorable	1.917e-06	Human Protein Atlas
HPA_LIHC_PROGNOSTIC:4893|validation	4893	NRAS	ENSG00000213281	UMLS:C2239176	Liver Hepatocellular Carcinoma (validation)	validation	validated prognostic	unfavorable	0.0002911	Human Protein Atlas
HPA_LIHC_PROGNOSTIC:4998|tcga	4998	ORC1	ENSG00000085840	UMLS:C2239176	Liver Hepatocellular Carcinoma (TCGA)	tcga	validated prognostic	unfavorable	7.349e-06	Human Protein Atlas
HPA_LIHC_PROGNOSTIC:4998|validation	4998	ORC1	ENSG00000085840	UMLS:C2239176	Liver Hepatocellular Carcinoma (validation)	validation	validated prognostic	unfavorable	1.56e-05	Human Protein Atlas
HPA_LIHC_PROGNOSTIC:5027|tcga	5027	P2RX7	ENSG00000089041	UMLS:C2239176	Liver Hepatocellular Carcinoma (TCGA)	tcga	unprognostic	unfavorable	0.01982	Human Protein Atlas
HPA_LIHC_PROGNOSTIC:5027|validation	5027	P2RX7	ENSG00000089041	UMLS:C2239176	Liver Hepatocellular Carcinoma (validation)	validation	unprognostic	favorable	0.3392	Human Protein Atlas
HPA_LIHC_PROGNOSTIC:5052|tcga	5052	PRDX1	ENSG00000117450	UMLS:C2239176	Liver Hepatocellular Carcinoma (TCGA)	tcga	potential prognostic	unfavorable	3.637e-07	Human Protein Atlas
HPA_LIHC_PROGNOSTIC:5052|validation	5052	PRDX1	ENSG00000117450	UMLS:C2239176	Liver Hepatocellular Carcinoma (validation)	validation	unprognostic	unfavorable	0.004825	Human Protein Atlas
HPA_LIHC_PROGNOSTIC:5054|tcga	5054	SERPINE1	ENSG00000106366	UMLS:C2239176	Liver Hepatocellular Carcinoma (TCGA)	tcga	unprognostic	unfavorable	0.001897	Human Protein Atlas
HPA_LIHC_PROGNOSTIC:5054|validation	5054	SERPINE1	ENSG00000106366	UMLS:C2239176	Liver Hepatocellular Carcinoma (validation)	validation	unprognostic	unfavorable	0.1941	Human Protein Atlas
HPA_LIHC_PROGNOSTIC:5055|validation	5055	SERPINB2	ENSG00000197632	UMLS:C2239176	Liver Hepatocellular Carcinoma (validation)	validation	unprognostic	unfavorable	0.1815	Human Protein Atlas
HPA_LIHC_PROGNOSTIC:506|tcga	506	ATP5F1B	ENSG00000110955	UMLS:C2239176	Liver Hepatocellular Carcinoma (TCGA)	tcga	unprognostic	unfavorable	0.00463	Human Protein Atlas
HPA_LIHC_PROGNOSTIC:50|tcga	50	ACO2	ENSG00000100412	UMLS:C2239176	Liver Hepatocellular Carcinoma (TCGA)	tcga	unprognostic	unfavorable	0.01368	Human Protein Atlas
HPA_LIHC_PROGNOSTIC:50|validation	50	ACO2	ENSG00000100412	UMLS:C2239176	Liver Hepatocellular Carcinoma (validation)	validation	unprognostic	unfavorable	0.008498	Human Protein Atlas
HPA_LIHC_PROGNOSTIC:51053|tcga	51053	GMNN	ENSG00000112312	UMLS:C2239176	Liver Hepatocellular Carcinoma (TCGA)	tcga	unprognostic	unfavorable	0.008387	Human Protein Atlas
HPA_LIHC_PROGNOSTIC:51053|validation	51053	GMNN	ENSG00000112312	UMLS:C2239176	Liver Hepatocellular Carcinoma (validation)	validation	unprognostic	unfavorable	0.00562	Human Protein Atlas
HPA_LIHC_PROGNOSTIC:5105|tcga	5105	PCK1	ENSG00000124253	UMLS:C2239176	Liver Hepatocellular Carcinoma (TCGA)	tcga	unprognostic	favorable	0.004529	Human Protein Atlas
HPA_LIHC_PROGNOSTIC:5105|validation	5105	PCK1	ENSG00000124253	UMLS:C2239176	Liver Hepatocellular Carcinoma (validation)	validation	potential prognostic	favorable	0.000384	Human Protein Atlas
HPA_LIHC_PROGNOSTIC:51085|tcga	51085	MLXIPL	ENSG00000009950	UMLS:C2239176	Liver Hepatocellular Carcinoma (TCGA)	tcga	unprognostic	favorable	0.003078	Human Protein Atlas
HPA_LIHC_PROGNOSTIC:51085|validation	51085	MLXIPL	ENSG00000009950	UMLS:C2239176	Liver Hepatocellular Carcinoma (validation)	validation	unprognostic	favorable	0.0113	Human Protein Atlas
HPA_LIHC_PROGNOSTIC:51166|tcga	51166	AADAT	ENSG00000109576	UMLS:C2239176	Liver Hepatocellular Carcinoma (TCGA)	tcga	unprognostic	favorable	0.1425	Human Protein Atlas
HPA_LIHC_PROGNOSTIC:51166|validation	51166	AADAT	ENSG00000109576	UMLS:C2239176	Liver Hepatocellular Carcinoma (validation)	validation	unprognostic	favorable	0.02594	Human Protein Atlas
HPA_LIHC_PROGNOSTIC:51179|tcga	51179	HAO2	ENSG00000116882	UMLS:C2239176	Liver Hepatocellular Carcinoma (TCGA)	tcga	unprognostic	favorable	0.02676	Human Protein Atlas
HPA_LIHC_PROGNOSTIC:51179|validation	51179	HAO2	ENSG00000116882	UMLS:C2239176	Liver Hepatocellular Carcinoma (validation)	validation	potential prognostic	favorable	1.001e-05	Human Protein Atlas
HPA_LIHC_PROGNOSTIC:5118|tcga	5118	PCOLCE	ENSG00000106333	UMLS:C2239176	Liver Hepatocellular Carcinoma (TCGA)	tcga	unprognostic	favorable	0.01109	Human Protein Atlas
HPA_LIHC_PROGNOSTIC:5118|validation	5118	PCOLCE	ENSG00000106333	UMLS:C2239176	Liver Hepatocellular Carcinoma (validation)	validation	unprognostic	favorable	0.005785	Human Protein Atlas
HPA_LIHC_PROGNOSTIC:51201|tcga	51201	ZDHHC2	ENSG00000104219	UMLS:C2239176	Liver Hepatocellular Carcinoma (TCGA)	tcga	unprognostic	unfavorable	0.1789	Human Protein Atlas
HPA_LIHC_PROGNOSTIC:51201|validation	51201	ZDHHC2	ENSG00000104219	UMLS:C2239176	Liver Hepatocellular Carcinoma (validation)	validation	unprognostic	unfavorable	0.1397	Human Protein Atlas
HPA_LIHC_PROGNOSTIC:51203|tcga	51203	NUSAP1	ENSG00000137804	UMLS:C2239176	Liver Hepatocellular Carcinoma (TCGA)	tcga	validated prognostic	unfavorable	0.0004103	Human Protein Atlas
HPA_LIHC_PROGNOSTIC:51203|validation	51203	NUSAP1	ENSG00000137804	UMLS:C2239176	Liver Hepatocellular Carcinoma (validation)	validation	validated prognostic	unfavorable	1.959e-07	Human Protein Atlas
HPA_LIHC_PROGNOSTIC:51266|validation	51266	CLEC1B	ENSG00000165682	UMLS:C2239176	Liver Hepatocellular Carcinoma (validation)	validation	unprognostic	favorable	0.02417	Human Protein Atlas
HPA_LIHC_PROGNOSTIC:51302|tcga	51302	CYP39A1	ENSG00000146233	UMLS:C2239176	Liver Hepatocellular Carcinoma (TCGA)	tcga	unprognostic	favorable	0.1488	Human Protein Atlas
HPA_LIHC_PROGNOSTIC:51302|validation	51302	CYP39A1	ENSG00000146233	UMLS:C2239176	Liver Hepatocellular Carcinoma (validation)	validation	unprognostic	favorable	0.002534	Human Protein Atlas
HPA_LIHC_PROGNOSTIC:51316|tcga	51316	PLAC8	ENSG00000145287	UMLS:C2239176	Liver Hepatocellular Carcinoma (TCGA)	tcga	unprognostic	favorable	0.1702	Human Protein Atlas
HPA_LIHC_PROGNOSTIC:51316|validation	51316	PLAC8	ENSG00000145287	UMLS:C2239176	Liver Hepatocellular Carcinoma (validation)	validation	unprognostic	favorable	0.05671	Human Protein Atlas
HPA_LIHC_PROGNOSTIC:5133|tcga	5133	PDCD1	ENSG00000188389	UMLS:C2239176	Liver Hepatocellular Carcinoma (TCGA)	tcga	unprognostic	favorable	0.3452	Human Protein Atlas
HPA_LIHC_PROGNOSTIC:5133|validation	5133	PDCD1	ENSG00000188389	UMLS:C2239176	Liver Hepatocellular Carcinoma (validation)	validation	unprognostic	favorable	0.007171	Human Protein Atlas
HPA_LIHC_PROGNOSTIC:51360|tcga	51360	MBTPS2	ENSG00000012174	UMLS:C2239176	Liver Hepatocellular Carcinoma (TCGA)	tcga	unprognostic	unfavorable	0.09605	Human Protein Atlas
HPA_LIHC_PROGNOSTIC:51360|validation	51360	MBTPS2	ENSG00000012174	UMLS:C2239176	Liver Hepatocellular Carcinoma (validation)	validation	unprognostic	unfavorable	0.07541	Human Protein Atlas
HPA_LIHC_PROGNOSTIC:51438|tcga	51438	MAGEC2	ENSG00000046774	UMLS:C2239176	Liver Hepatocellular Carcinoma (TCGA)	tcga	unprognostic	unfavorable	0.07183	Human Protein Atlas
HPA_LIHC_PROGNOSTIC:51438|validation	51438	MAGEC2	ENSG00000046774	UMLS:C2239176	Liver Hepatocellular Carcinoma (validation)	validation	unprognostic	unfavorable	0.06898	Human Protein Atlas
HPA_LIHC_PROGNOSTIC:51441|tcga	51441	YTHDF2	ENSG00000198492	UMLS:C2239176	Liver Hepatocellular Carcinoma (TCGA)	tcga	potential prognostic	unfavorable	1.938e-09	Human Protein Atlas
HPA_LIHC_PROGNOSTIC:51441|validation	51441	YTHDF2	ENSG00000198492	UMLS:C2239176	Liver Hepatocellular Carcinoma (validation)	validation	unprognostic	unfavorable	0.003694	Human Protein Atlas
HPA_LIHC_PROGNOSTIC:51512|tcga	51512	GTSE1	ENSG00000075218	UMLS:C2239176	Liver Hepatocellular Carcinoma (TCGA)	tcga	validated prognostic	unfavorable	2.081e-08	Human Protein Atlas
HPA_LIHC_PROGNOSTIC:51512|validation	51512	GTSE1	ENSG00000075218	UMLS:C2239176	Liver Hepatocellular Carcinoma (validation)	validation	validated prognostic	unfavorable	1.2e-05	Human Protein Atlas
HPA_LIHC_PROGNOSTIC:51514|tcga	51514	DTL	ENSG00000143476	UMLS:C2239176	Liver Hepatocellular Carcinoma (TCGA)	tcga	validated prognostic	unfavorable	0.0001883	Human Protein Atlas
HPA_LIHC_PROGNOSTIC:51514|validation	51514	DTL	ENSG00000143476	UMLS:C2239176	Liver Hepatocellular Carcinoma (validation)	validation	validated prognostic	unfavorable	3.933e-05	Human Protein Atlas
HPA_LIHC_PROGNOSTIC:5154|tcga	5154	PDGFA	ENSG00000197461	UMLS:C2239176	Liver Hepatocellular Carcinoma (TCGA)	tcga	unprognostic	unfavorable	0.002928	Human Protein Atlas
HPA_LIHC_PROGNOSTIC:5154|validation	5154	PDGFA	ENSG00000197461	UMLS:C2239176	Liver Hepatocellular Carcinoma (validation)	validation	unprognostic	favorable	0.001763	Human Protein Atlas
HPA_LIHC_PROGNOSTIC:5155|tcga	5155	PDGFB	ENSG00000100311	UMLS:C2239176	Liver Hepatocellular Carcinoma (TCGA)	tcga	unprognostic	unfavorable	0.3385	Human Protein Atlas
HPA_LIHC_PROGNOSTIC:5155|validation	5155	PDGFB	ENSG00000100311	UMLS:C2239176	Liver Hepatocellular Carcinoma (validation)	validation	unprognostic	favorable	0.2213	Human Protein Atlas
HPA_LIHC_PROGNOSTIC:5157|tcga	5157	PDGFRL	ENSG00000104213	UMLS:C2239176	Liver Hepatocellular Carcinoma (TCGA)	tcga	unprognostic	unfavorable	0.08335	Human Protein Atlas
HPA_LIHC_PROGNOSTIC:5157|validation	5157	PDGFRL	ENSG00000104213	UMLS:C2239176	Liver Hepatocellular Carcinoma (validation)	validation	potential prognostic	unfavorable	0.0008323	Human Protein Atlas
HPA_LIHC_PROGNOSTIC:51582|tcga	51582	AZIN1	ENSG00000155096	UMLS:C2239176	Liver Hepatocellular Carcinoma (TCGA)	tcga	unprognostic	unfavorable	0.05369	Human Protein Atlas
HPA_LIHC_PROGNOSTIC:51582|validation	51582	AZIN1	ENSG00000155096	UMLS:C2239176	Liver Hepatocellular Carcinoma (validation)	validation	unprognostic	unfavorable	0.005381	Human Protein Atlas
HPA_LIHC_PROGNOSTIC:5166|tcga	5166	PDK4	ENSG00000004799	UMLS:C2239176	Liver Hepatocellular Carcinoma (TCGA)	tcga	validated prognostic	favorable	0.0006752	Human Protein Atlas
HPA_LIHC_PROGNOSTIC:5166|validation	5166	PDK4	ENSG00000004799	UMLS:C2239176	Liver Hepatocellular Carcinoma (validation)	validation	validated prognostic	favorable	0.0002625	Human Protein Atlas
HPA_LIHC_PROGNOSTIC:51719|tcga	51719	CAB39	ENSG00000135932	UMLS:C2239176	Liver Hepatocellular Carcinoma (TCGA)	tcga	unprognostic	unfavorable	0.04278	Human Protein Atlas
HPA_LIHC_PROGNOSTIC:51719|validation	51719	CAB39	ENSG00000135932	UMLS:C2239176	Liver Hepatocellular Carcinoma (validation)	validation	unprognostic	unfavorable	0.01115	Human Protein Atlas
HPA_LIHC_PROGNOSTIC:5176|tcga	5176	SERPINF1	ENSG00000132386	UMLS:C2239176	Liver Hepatocellular Carcinoma (TCGA)	tcga	unprognostic	favorable	0.01456	Human Protein Atlas
HPA_LIHC_PROGNOSTIC:5176|validation	5176	SERPINF1	ENSG00000132386	UMLS:C2239176	Liver Hepatocellular Carcinoma (validation)	validation	potential prognostic	favorable	5.172e-05	Human Protein Atlas
HPA_LIHC_PROGNOSTIC:5199|tcga	5199	CFP	ENSG00000126759	UMLS:C2239176	Liver Hepatocellular Carcinoma (TCGA)	tcga	unprognostic	favorable	0.008877	Human Protein Atlas
HPA_LIHC_PROGNOSTIC:5199|validation	5199	CFP	ENSG00000126759	UMLS:C2239176	Liver Hepatocellular Carcinoma (validation)	validation	unprognostic	favorable	0.00116	Human Protein Atlas
HPA_LIHC_PROGNOSTIC:51|tcga	51	ACOX1	ENSG00000161533	UMLS:C2239176	Liver Hepatocellular Carcinoma (TCGA)	tcga	unprognostic	favorable	0.02487	Human Protein Atlas
HPA_LIHC_PROGNOSTIC:51|validation	51	ACOX1	ENSG00000161533	UMLS:C2239176	Liver Hepatocellular Carcinoma (validation)	validation	unprognostic	favorable	0.02249	Human Protein Atlas
HPA_LIHC_PROGNOSTIC:5218|tcga	5218	CDK14	ENSG00000058091	UMLS:C2239176	Liver Hepatocellular Carcinoma (TCGA)	tcga	unprognostic	unfavorable	0.08187	Human Protein Atlas
HPA_LIHC_PROGNOSTIC:5218|validation	5218	CDK14	ENSG00000058091	UMLS:C2239176	Liver Hepatocellular Carcinoma (validation)	validation	potential prognostic	unfavorable	3.895e-06	Human Protein Atlas
HPA_LIHC_PROGNOSTIC:5226|tcga	5226	PGD	ENSG00000142657	UMLS:C2239176	Liver Hepatocellular Carcinoma (TCGA)	tcga	validated prognostic	unfavorable	7.012e-05	Human Protein Atlas
HPA_LIHC_PROGNOSTIC:5226|validation	5226	PGD	ENSG00000142657	UMLS:C2239176	Liver Hepatocellular Carcinoma (validation)	validation	validated prognostic	unfavorable	6.706e-05	Human Protein Atlas
HPA_LIHC_PROGNOSTIC:5230|tcga	5230	PGK1	ENSG00000102144	UMLS:C2239176	Liver Hepatocellular Carcinoma (TCGA)	tcga	potential prognostic	unfavorable	0.0006748	Human Protein Atlas
HPA_LIHC_PROGNOSTIC:5230|validation	5230	PGK1	ENSG00000102144	UMLS:C2239176	Liver Hepatocellular Carcinoma (validation)	validation	unprognostic	unfavorable	0.02498	Human Protein Atlas
HPA_LIHC_PROGNOSTIC:5243|tcga	5243	ABCB1	ENSG00000085563	UMLS:C2239176	Liver Hepatocellular Carcinoma (TCGA)	tcga	unprognostic	unfavorable	0.01063	Human Protein Atlas
HPA_LIHC_PROGNOSTIC:5243|validation	5243	ABCB1	ENSG00000085563	UMLS:C2239176	Liver Hepatocellular Carcinoma (validation)	validation	unprognostic	favorable	0.07361	Human Protein Atlas
HPA_LIHC_PROGNOSTIC:5244|tcga	5244	ABCB4	ENSG00000005471	UMLS:C2239176	Liver Hepatocellular Carcinoma (TCGA)	tcga	unprognostic	favorable	0.002058	Human Protein Atlas
HPA_LIHC_PROGNOSTIC:5244|validation	5244	ABCB4	ENSG00000005471	UMLS:C2239176	Liver Hepatocellular Carcinoma (validation)	validation	potential prognostic	favorable	9.658e-07	Human Protein Atlas
HPA_LIHC_PROGNOSTIC:5245|tcga	5245	PHB1	ENSG00000167085	UMLS:C2239176	Liver Hepatocellular Carcinoma (TCGA)	tcga	unprognostic	unfavorable	0.02019	Human Protein Atlas
HPA_LIHC_PROGNOSTIC:5245|validation	5245	PHB1	ENSG00000167085	UMLS:C2239176	Liver Hepatocellular Carcinoma (validation)	validation	potential prognostic	unfavorable	1.185e-08	Human Protein Atlas
HPA_LIHC_PROGNOSTIC:5261|tcga	5261	PHKG2	ENSG00000156873	UMLS:C2239176	Liver Hepatocellular Carcinoma (TCGA)	tcga	unprognostic	unfavorable	0.009885	Human Protein Atlas
HPA_LIHC_PROGNOSTIC:5261|validation	5261	PHKG2	ENSG00000156873	UMLS:C2239176	Liver Hepatocellular Carcinoma (validation)	validation	unprognostic	unfavorable	0.09508	Human Protein Atlas
HPA_LIHC_PROGNOSTIC:5265|tcga	5265	SERPINA1	ENSG00000197249	UMLS:C2239176	Liver Hepatocellular Carcinoma (TCGA)	tcga	unprognostic	unfavorable	0.02019	Human Protein Atlas
HPA_LIHC_PROGNOSTIC:5265|validation	5265	SERPINA1	ENSG00000197249	UMLS:C2239176	Liver Hepatocellular Carcinoma (validation)	validation	unprognostic	favorable	0.0243	Human Protein Atlas
HPA_LIHC_PROGNOSTIC:5267|tcga	5267	SERPINA4	ENSG00000100665	UMLS:C2239176	Liver Hepatocellular Carcinoma (TCGA)	tcga	validated prognostic	favorable	0.0009729	Human Protein Atlas
HPA_LIHC_PROGNOSTIC:5267|validation	5267	SERPINA4	ENSG00000100665	UMLS:C2239176	Liver Hepatocellular Carcinoma (validation)	validation	validated prognostic	favorable	0.000341	Human Protein Atlas
HPA_LIHC_PROGNOSTIC:5290|tcga	5290	PIK3CA	ENSG00000121879	UMLS:C2239176	Liver Hepatocellular Carcinoma (TCGA)	tcga	unprognostic	unfavorable	0.02605	Human Protein Atlas
HPA_LIHC_PROGNOSTIC:5290|validation	5290	PIK3CA	ENSG00000121879	UMLS:C2239176	Liver Hepatocellular Carcinoma (validation)	validation	unprognostic	unfavorable	0.3555	Human Protein Atlas
HPA_LIHC_PROGNOSTIC:5307|tcga	5307	PITX1	ENSG00000069011	UMLS:C2239176	Liver Hepatocellular Carcinoma (TCGA)	tcga	unprognostic	unfavorable	0.006137	Human Protein Atlas
HPA_LIHC_PROGNOSTIC:5307|validation	5307	PITX1	ENSG00000069011	UMLS:C2239176	Liver Hepatocellular Carcinoma (validation)	validation	unprognostic	unfavorable	0.04542	Human Protein Atlas
HPA_LIHC_PROGNOSTIC:5315|tcga	5315	PKM	ENSG00000067225	UMLS:C2239176	Liver Hepatocellular Carcinoma (TCGA)	tcga	potential prognostic	unfavorable	7.672e-06	Human Protein Atlas
HPA_LIHC_PROGNOSTIC:5317|validation	5317	PKP1	ENSG00000081277	UMLS:C2239176	Liver Hepatocellular Carcinoma (validation)	validation	unprognostic	favorable	0.01875	Human Protein Atlas
HPA_LIHC_PROGNOSTIC:5328|tcga	5328	PLAU	ENSG00000122861	UMLS:C2239176	Liver Hepatocellular Carcinoma (TCGA)	tcga	unprognostic	unfavorable	0.004936	Human Protein Atlas
HPA_LIHC_PROGNOSTIC:5328|validation	5328	PLAU	ENSG00000122861	UMLS:C2239176	Liver Hepatocellular Carcinoma (validation)	validation	unprognostic	favorable	0.1683	Human Protein Atlas
HPA_LIHC_PROGNOSTIC:53345|tcga	53345	TM6SF2	ENSG00000213996	UMLS:C2239176	Liver Hepatocellular Carcinoma (TCGA)	tcga	unprognostic	favorable	0.01272	Human Protein Atlas
HPA_LIHC_PROGNOSTIC:53345|validation	53345	TM6SF2	ENSG00000213996	UMLS:C2239176	Liver Hepatocellular Carcinoma (validation)	validation	unprognostic	favorable	0.001207	Human Protein Atlas
HPA_LIHC_PROGNOSTIC:5335|tcga	5335	PLCG1	ENSG00000124181	UMLS:C2239176	Liver Hepatocellular Carcinoma (TCGA)	tcga	potential prognostic	unfavorable	0.0008793	Human Protein Atlas
HPA_LIHC_PROGNOSTIC:5335|validation	5335	PLCG1	ENSG00000124181	UMLS:C2239176	Liver Hepatocellular Carcinoma (validation)	validation	unprognostic	unfavorable	0.07286	Human Protein Atlas
HPA_LIHC_PROGNOSTIC:5347|tcga	5347	PLK1	ENSG00000166851	UMLS:C2239176	Liver Hepatocellular Carcinoma (TCGA)	tcga	validated prognostic	unfavorable	1.318e-07	Human Protein Atlas
HPA_LIHC_PROGNOSTIC:5347|validation	5347	PLK1	ENSG00000166851	UMLS:C2239176	Liver Hepatocellular Carcinoma (validation)	validation	validated prognostic	unfavorable	9.695e-09	Human Protein Atlas
HPA_LIHC_PROGNOSTIC:5352|tcga	5352	PLOD2	ENSG00000152952	UMLS:C2239176	Liver Hepatocellular Carcinoma (TCGA)	tcga	validated prognostic	unfavorable	3.092e-09	Human Protein Atlas
HPA_LIHC_PROGNOSTIC:5352|validation	5352	PLOD2	ENSG00000152952	UMLS:C2239176	Liver Hepatocellular Carcinoma (validation)	validation	validated prognostic	unfavorable	2.421e-05	Human Protein Atlas
HPA_LIHC_PROGNOSTIC:5395|tcga	5395	PMS2	ENSG00000122512	UMLS:C2239176	Liver Hepatocellular Carcinoma (TCGA)	tcga	unprognostic	unfavorable	0.002994	Human Protein Atlas
HPA_LIHC_PROGNOSTIC:5395|validation	5395	PMS2	ENSG00000122512	UMLS:C2239176	Liver Hepatocellular Carcinoma (validation)	validation	unprognostic	unfavorable	0.05871	Human Protein Atlas
HPA_LIHC_PROGNOSTIC:540|tcga	540	ATP7B	ENSG00000123191	UMLS:C2239176	Liver Hepatocellular Carcinoma (TCGA)	tcga	unprognostic	unfavorable	0.3161	Human Protein Atlas
HPA_LIHC_PROGNOSTIC:540|validation	540	ATP7B	ENSG00000123191	UMLS:C2239176	Liver Hepatocellular Carcinoma (validation)	validation	unprognostic	unfavorable	0.01675	Human Protein Atlas
HPA_LIHC_PROGNOSTIC:5428|tcga	5428	POLG	ENSG00000140521	UMLS:C2239176	Liver Hepatocellular Carcinoma (TCGA)	tcga	unprognostic	favorable	0.04137	Human Protein Atlas
HPA_LIHC_PROGNOSTIC:5428|validation	5428	POLG	ENSG00000140521	UMLS:C2239176	Liver Hepatocellular Carcinoma (validation)	validation	unprognostic	unfavorable	0.01473	Human Protein Atlas
HPA_LIHC_PROGNOSTIC:54443|tcga	54443	ANLN	ENSG00000011426	UMLS:C2239176	Liver Hepatocellular Carcinoma (TCGA)	tcga	validated prognostic	unfavorable	6.498e-06	Human Protein Atlas
HPA_LIHC_PROGNOSTIC:54443|validation	54443	ANLN	ENSG00000011426	UMLS:C2239176	Liver Hepatocellular Carcinoma (validation)	validation	validated prognostic	unfavorable	8.722e-10	Human Protein Atlas
HPA_LIHC_PROGNOSTIC:5465|tcga	5465	PPARA	ENSG00000186951	UMLS:C2239176	Liver Hepatocellular Carcinoma (TCGA)	tcga	unprognostic	unfavorable	0.1251	Human Protein Atlas
HPA_LIHC_PROGNOSTIC:5465|validation	5465	PPARA	ENSG00000186951	UMLS:C2239176	Liver Hepatocellular Carcinoma (validation)	validation	unprognostic	favorable	0.004164	Human Protein Atlas
HPA_LIHC_PROGNOSTIC:5467|tcga	5467	PPARD	ENSG00000112033	UMLS:C2239176	Liver Hepatocellular Carcinoma (TCGA)	tcga	potential prognostic	unfavorable	0.0004537	Human Protein Atlas
HPA_LIHC_PROGNOSTIC:5467|validation	5467	PPARD	ENSG00000112033	UMLS:C2239176	Liver Hepatocellular Carcinoma (validation)	validation	unprognostic	unfavorable	0.4257	Human Protein Atlas
HPA_LIHC_PROGNOSTIC:5468|tcga	5468	PPARG	ENSG00000132170	UMLS:C2239176	Liver Hepatocellular Carcinoma (TCGA)	tcga	validated prognostic	unfavorable	8.149e-07	Human Protein Atlas
HPA_LIHC_PROGNOSTIC:5468|validation	5468	PPARG	ENSG00000132170	UMLS:C2239176	Liver Hepatocellular Carcinoma (validation)	validation	validated prognostic	unfavorable	8.34e-06	Human Protein Atlas
HPA_LIHC_PROGNOSTIC:5469|tcga	5469	MED1	ENSG00000125686	UMLS:C2239176	Liver Hepatocellular Carcinoma (TCGA)	tcga	potential prognostic	unfavorable	0.0008497	Human Protein Atlas
HPA_LIHC_PROGNOSTIC:5469|validation	5469	MED1	ENSG00000125686	UMLS:C2239176	Liver Hepatocellular Carcinoma (validation)	validation	unprognostic	unfavorable	0.03983	Human Protein Atlas
HPA_LIHC_PROGNOSTIC:54790|validation	54790	TET2	ENSG00000168769	UMLS:C2239176	Liver Hepatocellular Carcinoma (validation)	validation	unprognostic	favorable	0.0615	Human Protein Atlas
HPA_LIHC_PROGNOSTIC:54822|tcga	54822	TRPM7	ENSG00000092439	UMLS:C2239176	Liver Hepatocellular Carcinoma (TCGA)	tcga	unprognostic	favorable	0.03342	Human Protein Atlas
HPA_LIHC_PROGNOSTIC:54822|validation	54822	TRPM7	ENSG00000092439	UMLS:C2239176	Liver Hepatocellular Carcinoma (validation)	validation	unprognostic	favorable	0.1596	Human Protein Atlas
HPA_LIHC_PROGNOSTIC:54894|tcga	54894	RNF43	ENSG00000108375	UMLS:C2239176	Liver Hepatocellular Carcinoma (TCGA)	tcga	unprognostic	unfavorable	0.1075	Human Protein Atlas
HPA_LIHC_PROGNOSTIC:54894|validation	54894	RNF43	ENSG00000108375	UMLS:C2239176	Liver Hepatocellular Carcinoma (validation)	validation	unprognostic	unfavorable	0.001858	Human Protein Atlas
HPA_LIHC_PROGNOSTIC:54914|tcga	54914	FOCAD	ENSG00000188352	UMLS:C2239176	Liver Hepatocellular Carcinoma (TCGA)	tcga	potential prognostic	unfavorable	5.285e-05	Human Protein Atlas
HPA_LIHC_PROGNOSTIC:54968|tcga	54968	TMEM70	ENSG00000175606	UMLS:C2239176	Liver Hepatocellular Carcinoma (TCGA)	tcga	unprognostic	unfavorable	0.197	Human Protein Atlas
HPA_LIHC_PROGNOSTIC:54968|validation	54968	TMEM70	ENSG00000175606	UMLS:C2239176	Liver Hepatocellular Carcinoma (validation)	validation	unprognostic	favorable	0.1916	Human Protein Atlas
HPA_LIHC_PROGNOSTIC:54984|tcga	54984	PINX1	ENSG00000254093	UMLS:C2239176	Liver Hepatocellular Carcinoma (TCGA)	tcga	unprognostic	unfavorable	0.03384	Human Protein Atlas
HPA_LIHC_PROGNOSTIC:55000|tcga	55000	TUG1	ENSG00000253352	UMLS:C2239176	Liver Hepatocellular Carcinoma (TCGA)	tcga	potential prognostic	unfavorable	0.0002755	Human Protein Atlas
HPA_LIHC_PROGNOSTIC:55000|validation	55000	TUG1	ENSG00000253352	UMLS:C2239176	Liver Hepatocellular Carcinoma (validation)	validation	unprognostic	favorable	0.2098	Human Protein Atlas
HPA_LIHC_PROGNOSTIC:5502|tcga	5502	PPP1R1A	ENSG00000135447	UMLS:C2239176	Liver Hepatocellular Carcinoma (TCGA)	tcga	unprognostic	favorable	0.009064	Human Protein Atlas
HPA_LIHC_PROGNOSTIC:5502|validation	5502	PPP1R1A	ENSG00000135447	UMLS:C2239176	Liver Hepatocellular Carcinoma (validation)	validation	unprognostic	favorable	0.004748	Human Protein Atlas
HPA_LIHC_PROGNOSTIC:55143|tcga	55143	CDCA8	ENSG00000134690	UMLS:C2239176	Liver Hepatocellular Carcinoma (TCGA)	tcga	validated prognostic	unfavorable	4.714e-11	Human Protein Atlas
HPA_LIHC_PROGNOSTIC:55143|validation	55143	CDCA8	ENSG00000134690	UMLS:C2239176	Liver Hepatocellular Carcinoma (validation)	validation	validated prognostic	unfavorable	1.897e-08	Human Protein Atlas
HPA_LIHC_PROGNOSTIC:55165|tcga	55165	CEP55	ENSG00000138180	UMLS:C2239176	Liver Hepatocellular Carcinoma (TCGA)	tcga	validated prognostic	unfavorable	7.311e-09	Human Protein Atlas
HPA_LIHC_PROGNOSTIC:55165|validation	55165	CEP55	ENSG00000138180	UMLS:C2239176	Liver Hepatocellular Carcinoma (validation)	validation	validated prognostic	unfavorable	4.219e-05	Human Protein Atlas
HPA_LIHC_PROGNOSTIC:55215|tcga	55215	FANCI	ENSG00000140525	UMLS:C2239176	Liver Hepatocellular Carcinoma (TCGA)	tcga	validated prognostic	unfavorable	2.594e-05	Human Protein Atlas
HPA_LIHC_PROGNOSTIC:55215|validation	55215	FANCI	ENSG00000140525	UMLS:C2239176	Liver Hepatocellular Carcinoma (validation)	validation	validated prognostic	unfavorable	0.0002621	Human Protein Atlas
HPA_LIHC_PROGNOSTIC:55227|tcga	55227	LRRC1	ENSG00000137269	UMLS:C2239176	Liver Hepatocellular Carcinoma (TCGA)	tcga	unprognostic	unfavorable	0.001123	Human Protein Atlas
HPA_LIHC_PROGNOSTIC:55227|validation	55227	LRRC1	ENSG00000137269	UMLS:C2239176	Liver Hepatocellular Carcinoma (validation)	validation	potential prognostic	unfavorable	7.772e-05	Human Protein Atlas
HPA_LIHC_PROGNOSTIC:55247|tcga	55247	NEIL3	ENSG00000109674	UMLS:C2239176	Liver Hepatocellular Carcinoma (TCGA)	tcga	validated prognostic	unfavorable	6.86e-08	Human Protein Atlas
HPA_LIHC_PROGNOSTIC:55247|validation	55247	NEIL3	ENSG00000109674	UMLS:C2239176	Liver Hepatocellular Carcinoma (validation)	validation	validated prognostic	unfavorable	0.0002359	Human Protein Atlas
HPA_LIHC_PROGNOSTIC:55355|tcga	55355	HJURP	ENSG00000123485	UMLS:C2239176	Liver Hepatocellular Carcinoma (TCGA)	tcga	validated prognostic	unfavorable	1.959e-06	Human Protein Atlas
HPA_LIHC_PROGNOSTIC:55355|validation	55355	HJURP	ENSG00000123485	UMLS:C2239176	Liver Hepatocellular Carcinoma (validation)	validation	validated prognostic	unfavorable	1.143e-09	Human Protein Atlas
HPA_LIHC_PROGNOSTIC:55379|tcga	55379	LRRC59	ENSG00000108829	UMLS:C2239176	Liver Hepatocellular Carcinoma (TCGA)	tcga	validated prognostic	unfavorable	1.274e-05	Human Protein Atlas
HPA_LIHC_PROGNOSTIC:55379|validation	55379	LRRC59	ENSG00000108829	UMLS:C2239176	Liver Hepatocellular Carcinoma (validation)	validation	validated prognostic	unfavorable	1.249e-09	Human Protein Atlas
HPA_LIHC_PROGNOSTIC:55388|tcga	55388	MCM10	ENSG00000065328	UMLS:C2239176	Liver Hepatocellular Carcinoma (TCGA)	tcga	validated prognostic	unfavorable	8.316e-09	Human Protein Atlas
HPA_LIHC_PROGNOSTIC:55388|validation	55388	MCM10	ENSG00000065328	UMLS:C2239176	Liver Hepatocellular Carcinoma (validation)	validation	validated prognostic	unfavorable	4.21e-08	Human Protein Atlas
HPA_LIHC_PROGNOSTIC:5551|tcga	5551	PRF1	ENSG00000180644	UMLS:C2239176	Liver Hepatocellular Carcinoma (TCGA)	tcga	unprognostic	favorable	0.01711	Human Protein Atlas
HPA_LIHC_PROGNOSTIC:5551|validation	5551	PRF1	ENSG00000180644	UMLS:C2239176	Liver Hepatocellular Carcinoma (validation)	validation	unprognostic	favorable	0.04574	Human Protein Atlas
HPA_LIHC_PROGNOSTIC:55532|tcga	55532	SLC30A10	ENSG00000196660	UMLS:C2239176	Liver Hepatocellular Carcinoma (TCGA)	tcga	unprognostic	favorable	0.0209	Human Protein Atlas
HPA_LIHC_PROGNOSTIC:55532|validation	55532	SLC30A10	ENSG00000196660	UMLS:C2239176	Liver Hepatocellular Carcinoma (validation)	validation	unprognostic	favorable	0.0675	Human Protein Atlas
HPA_LIHC_PROGNOSTIC:55576|validation	55576	STAB2	ENSG00000136011	UMLS:C2239176	Liver Hepatocellular Carcinoma (validation)	validation	unprognostic	favorable	0.02886	Human Protein Atlas
HPA_LIHC_PROGNOSTIC:55635|tcga	55635	DEPDC1	ENSG00000024526	UMLS:C2239176	Liver Hepatocellular Carcinoma (TCGA)	tcga	validated prognostic	unfavorable	1.665e-06	Human Protein Atlas
HPA_LIHC_PROGNOSTIC:55635|validation	55635	DEPDC1	ENSG00000024526	UMLS:C2239176	Liver Hepatocellular Carcinoma (validation)	validation	validated prognostic	unfavorable	7.37e-09	Human Protein Atlas
HPA_LIHC_PROGNOSTIC:5566|tcga	5566	PRKACA	ENSG00000072062	UMLS:C2239176	Liver Hepatocellular Carcinoma (TCGA)	tcga	unprognostic	unfavorable	0.3183	Human Protein Atlas
HPA_LIHC_PROGNOSTIC:5566|validation	5566	PRKACA	ENSG00000072062	UMLS:C2239176	Liver Hepatocellular Carcinoma (validation)	validation	unprognostic	favorable	0.0608	Human Protein Atlas
HPA_LIHC_PROGNOSTIC:55723|tcga	55723	ASF1B	ENSG00000105011	UMLS:C2239176	Liver Hepatocellular Carcinoma (TCGA)	tcga	validated prognostic	unfavorable	0.0003844	Human Protein Atlas
HPA_LIHC_PROGNOSTIC:55723|validation	55723	ASF1B	ENSG00000105011	UMLS:C2239176	Liver Hepatocellular Carcinoma (validation)	validation	validated prognostic	unfavorable	3.057e-09	Human Protein Atlas
HPA_LIHC_PROGNOSTIC:55789|tcga	55789	DEPDC1B	ENSG00000035499	UMLS:C2239176	Liver Hepatocellular Carcinoma (TCGA)	tcga	validated prognostic	unfavorable	8.355e-05	Human Protein Atlas
HPA_LIHC_PROGNOSTIC:55789|validation	55789	DEPDC1B	ENSG00000035499	UMLS:C2239176	Liver Hepatocellular Carcinoma (validation)	validation	validated prognostic	unfavorable	8.559e-06	Human Protein Atlas
HPA_LIHC_PROGNOSTIC:5578|tcga	5578	PRKCA	ENSG00000154229	UMLS:C2239176	Liver Hepatocellular Carcinoma (TCGA)	tcga	unprognostic	unfavorable	0.05828	Human Protein Atlas
HPA_LIHC_PROGNOSTIC:5578|validation	5578	PRKCA	ENSG00000154229	UMLS:C2239176	Liver Hepatocellular Carcinoma (validation)	validation	potential prognostic	unfavorable	0.0005018	Human Protein Atlas
HPA_LIHC_PROGNOSTIC:5580|tcga	5580	PRKCD	ENSG00000163932	UMLS:C2239176	Liver Hepatocellular Carcinoma (TCGA)	tcga	unprognostic	unfavorable	0.001579	Human Protein Atlas
HPA_LIHC_PROGNOSTIC:5580|validation	5580	PRKCD	ENSG00000163932	UMLS:C2239176	Liver Hepatocellular Carcinoma (validation)	validation	unprognostic	unfavorable	0.003818	Human Protein Atlas
HPA_LIHC_PROGNOSTIC:5581|tcga	5581	PRKCE	ENSG00000171132	UMLS:C2239176	Liver Hepatocellular Carcinoma (TCGA)	tcga	unprognostic	unfavorable	0.1647	Human Protein Atlas
HPA_LIHC_PROGNOSTIC:5581|validation	5581	PRKCE	ENSG00000171132	UMLS:C2239176	Liver Hepatocellular Carcinoma (validation)	validation	unprognostic	favorable	0.07121	Human Protein Atlas
HPA_LIHC_PROGNOSTIC:55840|tcga	55840	EAF2	ENSG00000145088	UMLS:C2239176	Liver Hepatocellular Carcinoma (TCGA)	tcga	potential prognostic	unfavorable	0.0003429	Human Protein Atlas
HPA_LIHC_PROGNOSTIC:55840|validation	55840	EAF2	ENSG00000145088	UMLS:C2239176	Liver Hepatocellular Carcinoma (validation)	validation	unprognostic	unfavorable	0.005967	Human Protein Atlas
HPA_LIHC_PROGNOSTIC:55872|tcga	55872	PBK	ENSG00000168078	UMLS:C2239176	Liver Hepatocellular Carcinoma (TCGA)	tcga	validated prognostic	unfavorable	7.034e-06	Human Protein Atlas
HPA_LIHC_PROGNOSTIC:55872|validation	55872	PBK	ENSG00000168078	UMLS:C2239176	Liver Hepatocellular Carcinoma (validation)	validation	validated prognostic	unfavorable	3.974e-06	Human Protein Atlas
HPA_LIHC_PROGNOSTIC:56339|tcga	56339	METTL3	ENSG00000165819	UMLS:C2239176	Liver Hepatocellular Carcinoma (TCGA)	tcga	potential prognostic	unfavorable	8.456e-06	Human Protein Atlas
HPA_LIHC_PROGNOSTIC:56339|validation	56339	METTL3	ENSG00000165819	UMLS:C2239176	Liver Hepatocellular Carcinoma (validation)	validation	unprognostic	unfavorable	0.0018	Human Protein Atlas
HPA_LIHC_PROGNOSTIC:56892|tcga	56892	TCIM	ENSG00000176907	UMLS:C2239176	Liver Hepatocellular Carcinoma (TCGA)	tcga	unprognostic	unfavorable	0.1489	Human Protein Atlas
HPA_LIHC_PROGNOSTIC:56992|validation	56992	KIF15	ENSG00000163808	UMLS:C2239176	Liver Hepatocellular Carcinoma (validation)	validation	potential prognostic	unfavorable	6.233e-05	Human Protein Atlas
HPA_LIHC_PROGNOSTIC:57016|tcga	57016	AKR1B10	ENSG00000198074	UMLS:C2239176	Liver Hepatocellular Carcinoma (TCGA)	tcga	unprognostic	unfavorable	0.001667	Human Protein Atlas
HPA_LIHC_PROGNOSTIC:57016|validation	57016	AKR1B10	ENSG00000198074	UMLS:C2239176	Liver Hepatocellular Carcinoma (validation)	validation	unprognostic	unfavorable	0.1359	Human Protein Atlas
HPA_LIHC_PROGNOSTIC:57125|tcga	57125	PLXDC1	ENSG00000161381	UMLS:C2239176	Liver Hepatocellular Carcinoma (TCGA)	tcga	unprognostic	unfavorable	0.02447	Human Protein Atlas
HPA_LIHC_PROGNOSTIC:57125|validation	57125	PLXDC1	ENSG00000161381	UMLS:C2239176	Liver Hepatocellular Carcinoma (validation)	validation	unprognostic	favorable	0.2421	Human Protein Atlas
HPA_LIHC_PROGNOSTIC:5728|tcga	5728	PTEN	ENSG00000171862	UMLS:C2239176	Liver Hepatocellular Carcinoma (TCGA)	tcga	unprognostic	unfavorable	0.04941	Human Protein Atlas
HPA_LIHC_PROGNOSTIC:5728|validation	5728	PTEN	ENSG00000171862	UMLS:C2239176	Liver Hepatocellular Carcinoma (validation)	validation	unprognostic	favorable	0.2001	Human Protein Atlas
HPA_LIHC_PROGNOSTIC:57393|tcga	57393	CLTRN	ENSG00000147003	UMLS:C2239176	Liver Hepatocellular Carcinoma (TCGA)	tcga	unprognostic	favorable	0.108	Human Protein Atlas
HPA_LIHC_PROGNOSTIC:57405|tcga	57405	SPC25	ENSG00000152253	UMLS:C2239176	Liver Hepatocellular Carcinoma (TCGA)	tcga	validated prognostic	unfavorable	0.0002238	Human Protein Atlas
HPA_LIHC_PROGNOSTIC:57405|validation	57405	SPC25	ENSG00000152253	UMLS:C2239176	Liver Hepatocellular Carcinoma (validation)	validation	validated prognostic	unfavorable	8.881e-11	Human Protein Atlas
HPA_LIHC_PROGNOSTIC:5743|validation	5743	PTGS2	ENSG00000073756	UMLS:C2239176	Liver Hepatocellular Carcinoma (validation)	validation	unprognostic	favorable	0.01012	Human Protein Atlas
HPA_LIHC_PROGNOSTIC:5745|tcga	5745	PTH1R	ENSG00000160801	UMLS:C2239176	Liver Hepatocellular Carcinoma (TCGA)	tcga	unprognostic	favorable	0.01083	Human Protein Atlas
HPA_LIHC_PROGNOSTIC:5745|validation	5745	PTH1R	ENSG00000160801	UMLS:C2239176	Liver Hepatocellular Carcinoma (validation)	validation	potential prognostic	favorable	0.0005613	Human Protein Atlas
HPA_LIHC_PROGNOSTIC:5747|tcga	5747	PTK2	ENSG00000169398	UMLS:C2239176	Liver Hepatocellular Carcinoma (TCGA)	tcga	unprognostic	unfavorable	0.02976	Human Protein Atlas
HPA_LIHC_PROGNOSTIC:5747|validation	5747	PTK2	ENSG00000169398	UMLS:C2239176	Liver Hepatocellular Carcinoma (validation)	validation	unprognostic	unfavorable	0.01806	Human Protein Atlas
HPA_LIHC_PROGNOSTIC:57492|tcga	57492	ARID1B	ENSG00000049618	UMLS:C2239176	Liver Hepatocellular Carcinoma (TCGA)	tcga	potential prognostic	unfavorable	0.0002903	Human Protein Atlas
HPA_LIHC_PROGNOSTIC:57492|validation	57492	ARID1B	ENSG00000049618	UMLS:C2239176	Liver Hepatocellular Carcinoma (validation)	validation	unprognostic	favorable	0.4492	Human Protein Atlas
HPA_LIHC_PROGNOSTIC:57509|tcga	57509	MTUS1	ENSG00000129422	UMLS:C2239176	Liver Hepatocellular Carcinoma (TCGA)	tcga	unprognostic	unfavorable	0.2576	Human Protein Atlas
HPA_LIHC_PROGNOSTIC:57509|validation	57509	MTUS1	ENSG00000129422	UMLS:C2239176	Liver Hepatocellular Carcinoma (validation)	validation	unprognostic	unfavorable	0.1411	Human Protein Atlas
HPA_LIHC_PROGNOSTIC:57510|tcga	57510	XPO5	ENSG00000124571	UMLS:C2239176	Liver Hepatocellular Carcinoma (TCGA)	tcga	validated prognostic	unfavorable	5.4e-07	Human Protein Atlas
HPA_LIHC_PROGNOSTIC:57510|validation	57510	XPO5	ENSG00000124571	UMLS:C2239176	Liver Hepatocellular Carcinoma (validation)	validation	validated prognostic	unfavorable	6.528e-05	Human Protein Atlas
HPA_LIHC_PROGNOSTIC:57512|validation	57512	GPR158	ENSG00000151025	UMLS:C2239176	Liver Hepatocellular Carcinoma (validation)	validation	unprognostic	favorable	0.1135	Human Protein Atlas
HPA_LIHC_PROGNOSTIC:57591|tcga	57591	MRTFA	ENSG00000196588	UMLS:C2239176	Liver Hepatocellular Carcinoma (TCGA)	tcga	unprognostic	unfavorable	0.005826	Human Protein Atlas
HPA_LIHC_PROGNOSTIC:57761|tcga	57761	TRIB3	ENSG00000101255	UMLS:C2239176	Liver Hepatocellular Carcinoma (TCGA)	tcga	potential prognostic	unfavorable	2.56e-05	Human Protein Atlas
HPA_LIHC_PROGNOSTIC:57761|validation	57761	TRIB3	ENSG00000101255	UMLS:C2239176	Liver Hepatocellular Carcinoma (validation)	validation	unprognostic	unfavorable	0.00125	Human Protein Atlas
HPA_LIHC_PROGNOSTIC:57817|tcga	57817	HAMP	ENSG00000105697	UMLS:C2239176	Liver Hepatocellular Carcinoma (TCGA)	tcga	unprognostic	favorable	0.07191	Human Protein Atlas
HPA_LIHC_PROGNOSTIC:57817|validation	57817	HAMP	ENSG00000105697	UMLS:C2239176	Liver Hepatocellular Carcinoma (validation)	validation	unprognostic	unfavorable	0.3072	Human Protein Atlas
HPA_LIHC_PROGNOSTIC:5783|validation	5783	PTPN13	ENSG00000163629	UMLS:C2239176	Liver Hepatocellular Carcinoma (validation)	validation	unprognostic	favorable	0.1276	Human Protein Atlas
HPA_LIHC_PROGNOSTIC:5836|tcga	5836	PYGL	ENSG00000100504	UMLS:C2239176	Liver Hepatocellular Carcinoma (TCGA)	tcga	unprognostic	unfavorable	0.228	Human Protein Atlas
HPA_LIHC_PROGNOSTIC:5836|validation	5836	PYGL	ENSG00000100504	UMLS:C2239176	Liver Hepatocellular Carcinoma (validation)	validation	unprognostic	favorable	0.172	Human Protein Atlas
HPA_LIHC_PROGNOSTIC:58508|tcga	58508	KMT2C	ENSG00000055609	UMLS:C2239176	Liver Hepatocellular Carcinoma (TCGA)	tcga	unprognostic	unfavorable	0.1891	Human Protein Atlas
HPA_LIHC_PROGNOSTIC:5858|tcga	5858	PZP	ENSG00000126838	UMLS:C2239176	Liver Hepatocellular Carcinoma (TCGA)	tcga	unprognostic	favorable	0.001443	Human Protein Atlas
HPA_LIHC_PROGNOSTIC:5858|validation	5858	PZP	ENSG00000126838	UMLS:C2239176	Liver Hepatocellular Carcinoma (validation)	validation	unprognostic	favorable	0.00907	Human Protein Atlas
HPA_LIHC_PROGNOSTIC:5879|tcga	5879	RAC1	ENSG00000136238	UMLS:C2239176	Liver Hepatocellular Carcinoma (TCGA)	tcga	validated prognostic	unfavorable	1.116e-05	Human Protein Atlas
HPA_LIHC_PROGNOSTIC:5879|validation	5879	RAC1	ENSG00000136238	UMLS:C2239176	Liver Hepatocellular Carcinoma (validation)	validation	validated prognostic	unfavorable	2.762e-05	Human Protein Atlas
HPA_LIHC_PROGNOSTIC:5885|tcga	5885	RAD21	ENSG00000164754	UMLS:C2239176	Liver Hepatocellular Carcinoma (TCGA)	tcga	unprognostic	unfavorable	0.008109	Human Protein Atlas
HPA_LIHC_PROGNOSTIC:5885|validation	5885	RAD21	ENSG00000164754	UMLS:C2239176	Liver Hepatocellular Carcinoma (validation)	validation	potential prognostic	unfavorable	0.0006221	Human Protein Atlas
HPA_LIHC_PROGNOSTIC:5893|tcga	5893	RAD52	ENSG00000002016	UMLS:C2239176	Liver Hepatocellular Carcinoma (TCGA)	tcga	unprognostic	unfavorable	0.003095	Human Protein Atlas
HPA_LIHC_PROGNOSTIC:5893|validation	5893	RAD52	ENSG00000002016	UMLS:C2239176	Liver Hepatocellular Carcinoma (validation)	validation	unprognostic	unfavorable	0.1437	Human Protein Atlas
HPA_LIHC_PROGNOSTIC:5914|tcga	5914	RARA	ENSG00000131759	UMLS:C2239176	Liver Hepatocellular Carcinoma (TCGA)	tcga	unprognostic	unfavorable	0.2624	Human Protein Atlas
HPA_LIHC_PROGNOSTIC:5914|validation	5914	RARA	ENSG00000131759	UMLS:C2239176	Liver Hepatocellular Carcinoma (validation)	validation	unprognostic	favorable	0.1427	Human Protein Atlas
HPA_LIHC_PROGNOSTIC:5925|tcga	5925	RB1	ENSG00000139687	UMLS:C2239176	Liver Hepatocellular Carcinoma (TCGA)	tcga	unprognostic	unfavorable	0.01824	Human Protein Atlas
HPA_LIHC_PROGNOSTIC:5925|validation	5925	RB1	ENSG00000139687	UMLS:C2239176	Liver Hepatocellular Carcinoma (validation)	validation	unprognostic	unfavorable	0.03776	Human Protein Atlas
HPA_LIHC_PROGNOSTIC:595|tcga	595	CCND1	ENSG00000110092	UMLS:C2239176	Liver Hepatocellular Carcinoma (TCGA)	tcga	unprognostic	favorable	0.05478	Human Protein Atlas
HPA_LIHC_PROGNOSTIC:595|validation	595	CCND1	ENSG00000110092	UMLS:C2239176	Liver Hepatocellular Carcinoma (validation)	validation	unprognostic	favorable	0.04001	Human Protein Atlas
HPA_LIHC_PROGNOSTIC:5962|tcga	5962	RDX	ENSG00000137710	UMLS:C2239176	Liver Hepatocellular Carcinoma (TCGA)	tcga	unprognostic	unfavorable	0.103	Human Protein Atlas
HPA_LIHC_PROGNOSTIC:5962|validation	5962	RDX	ENSG00000137710	UMLS:C2239176	Liver Hepatocellular Carcinoma (validation)	validation	unprognostic	favorable	0.124	Human Protein Atlas
HPA_LIHC_PROGNOSTIC:5965|tcga	5965	RECQL	ENSG00000004700	UMLS:C2239176	Liver Hepatocellular Carcinoma (TCGA)	tcga	unprognostic	unfavorable	0.002509	Human Protein Atlas
HPA_LIHC_PROGNOSTIC:5965|validation	5965	RECQL	ENSG00000004700	UMLS:C2239176	Liver Hepatocellular Carcinoma (validation)	validation	unprognostic	unfavorable	0.01053	Human Protein Atlas
HPA_LIHC_PROGNOSTIC:5972|tcga	5972	REN	ENSG00000143839	UMLS:C2239176	Liver Hepatocellular Carcinoma (TCGA)	tcga	unprognostic	favorable	0.02049	Human Protein Atlas
HPA_LIHC_PROGNOSTIC:5972|validation	5972	REN	ENSG00000143839	UMLS:C2239176	Liver Hepatocellular Carcinoma (validation)	validation	unprognostic	favorable	0.1632	Human Protein Atlas
HPA_LIHC_PROGNOSTIC:598|tcga	598	BCL2L1	ENSG00000171552	UMLS:C2239176	Liver Hepatocellular Carcinoma (TCGA)	tcga	unprognostic	unfavorable	0.02829	Human Protein Atlas
HPA_LIHC_PROGNOSTIC:598|validation	598	BCL2L1	ENSG00000171552	UMLS:C2239176	Liver Hepatocellular Carcinoma (validation)	validation	unprognostic	favorable	0.06209	Human Protein Atlas
HPA_LIHC_PROGNOSTIC:59|tcga	59	ACTA2	ENSG00000107796	UMLS:C2239176	Liver Hepatocellular Carcinoma (TCGA)	tcga	unprognostic	favorable	0.01568	Human Protein Atlas
HPA_LIHC_PROGNOSTIC:59|validation	59	ACTA2	ENSG00000107796	UMLS:C2239176	Liver Hepatocellular Carcinoma (validation)	validation	unprognostic	favorable	0.2804	Human Protein Atlas
HPA_LIHC_PROGNOSTIC:6016|tcga	6016	RIT1	ENSG00000143622	UMLS:C2239176	Liver Hepatocellular Carcinoma (TCGA)	tcga	potential prognostic	unfavorable	3.747e-07	Human Protein Atlas
HPA_LIHC_PROGNOSTIC:6016|validation	6016	RIT1	ENSG00000143622	UMLS:C2239176	Liver Hepatocellular Carcinoma (validation)	validation	unprognostic	unfavorable	0.1241	Human Protein Atlas
HPA_LIHC_PROGNOSTIC:6091|tcga	6091	ROBO1	ENSG00000169855	UMLS:C2239176	Liver Hepatocellular Carcinoma (TCGA)	tcga	potential prognostic	unfavorable	0.0005187	Human Protein Atlas
HPA_LIHC_PROGNOSTIC:6091|validation	6091	ROBO1	ENSG00000169855	UMLS:C2239176	Liver Hepatocellular Carcinoma (validation)	validation	unprognostic	unfavorable	0.09624	Human Protein Atlas
HPA_LIHC_PROGNOSTIC:60|tcga	60	ACTB	ENSG00000075624	UMLS:C2239176	Liver Hepatocellular Carcinoma (TCGA)	tcga	potential prognostic	unfavorable	0.0003612	Human Protein Atlas
HPA_LIHC_PROGNOSTIC:60|validation	60	ACTB	ENSG00000075624	UMLS:C2239176	Liver Hepatocellular Carcinoma (validation)	validation	unprognostic	unfavorable	0.004015	Human Protein Atlas
HPA_LIHC_PROGNOSTIC:6194|tcga	6194	RPS6	ENSG00000137154	UMLS:C2239176	Liver Hepatocellular Carcinoma (TCGA)	tcga	potential prognostic	unfavorable	0.0008934	Human Protein Atlas
HPA_LIHC_PROGNOSTIC:6194|validation	6194	RPS6	ENSG00000137154	UMLS:C2239176	Liver Hepatocellular Carcinoma (validation)	validation	unprognostic	unfavorable	0.001583	Human Protein Atlas
HPA_LIHC_PROGNOSTIC:6197|tcga	6197	RPS6KA3	ENSG00000177189	UMLS:C2239176	Liver Hepatocellular Carcinoma (TCGA)	tcga	unprognostic	unfavorable	0.002356	Human Protein Atlas
HPA_LIHC_PROGNOSTIC:6197|validation	6197	RPS6KA3	ENSG00000177189	UMLS:C2239176	Liver Hepatocellular Carcinoma (validation)	validation	unprognostic	unfavorable	0.002085	Human Protein Atlas
HPA_LIHC_PROGNOSTIC:6240|tcga	6240	RRM1	ENSG00000167325	UMLS:C2239176	Liver Hepatocellular Carcinoma (TCGA)	tcga	unprognostic	unfavorable	0.01334	Human Protein Atlas
HPA_LIHC_PROGNOSTIC:6240|validation	6240	RRM1	ENSG00000167325	UMLS:C2239176	Liver Hepatocellular Carcinoma (validation)	validation	potential prognostic	unfavorable	0.0002175	Human Protein Atlas
HPA_LIHC_PROGNOSTIC:6241|tcga	6241	RRM2	ENSG00000171848	UMLS:C2239176	Liver Hepatocellular Carcinoma (TCGA)	tcga	validated prognostic	unfavorable	4.945e-07	Human Protein Atlas
HPA_LIHC_PROGNOSTIC:6241|validation	6241	RRM2	ENSG00000171848	UMLS:C2239176	Liver Hepatocellular Carcinoma (validation)	validation	validated prognostic	unfavorable	1.473e-08	Human Protein Atlas
HPA_LIHC_PROGNOSTIC:6319|tcga	6319	SCD	ENSG00000099194	UMLS:C2239176	Liver Hepatocellular Carcinoma (TCGA)	tcga	unprognostic	unfavorable	0.05932	Human Protein Atlas
HPA_LIHC_PROGNOSTIC:6319|validation	6319	SCD	ENSG00000099194	UMLS:C2239176	Liver Hepatocellular Carcinoma (validation)	validation	unprognostic	unfavorable	0.01255	Human Protein Atlas
HPA_LIHC_PROGNOSTIC:6347|tcga	6347	CCL2	ENSG00000108691	UMLS:C2239176	Liver Hepatocellular Carcinoma (TCGA)	tcga	unprognostic	favorable	0.1127	Human Protein Atlas
HPA_LIHC_PROGNOSTIC:6347|validation	6347	CCL2	ENSG00000108691	UMLS:C2239176	Liver Hepatocellular Carcinoma (validation)	validation	unprognostic	favorable	0.06675	Human Protein Atlas
HPA_LIHC_PROGNOSTIC:6348|validation	6348	CCL3	ENSG00000277632	UMLS:C2239176	Liver Hepatocellular Carcinoma (validation)	validation	unprognostic	favorable	0.005432	Human Protein Atlas
HPA_LIHC_PROGNOSTIC:6352|tcga	6352	CCL5	ENSG00000271503	UMLS:C2239176	Liver Hepatocellular Carcinoma (TCGA)	tcga	unprognostic	favorable	0.1315	Human Protein Atlas
HPA_LIHC_PROGNOSTIC:6352|validation	6352	CCL5	ENSG00000271503	UMLS:C2239176	Liver Hepatocellular Carcinoma (validation)	validation	unprognostic	favorable	0.008205	Human Protein Atlas
HPA_LIHC_PROGNOSTIC:637|tcga	637	BID	ENSG00000015475	UMLS:C2239176	Liver Hepatocellular Carcinoma (TCGA)	tcga	unprognostic	unfavorable	0.004356	Human Protein Atlas
HPA_LIHC_PROGNOSTIC:637|validation	637	BID	ENSG00000015475	UMLS:C2239176	Liver Hepatocellular Carcinoma (validation)	validation	unprognostic	unfavorable	0.01285	Human Protein Atlas
HPA_LIHC_PROGNOSTIC:6387|tcga	6387	CXCL12	ENSG00000107562	UMLS:C2239176	Liver Hepatocellular Carcinoma (TCGA)	tcga	unprognostic	favorable	0.05308	Human Protein Atlas
HPA_LIHC_PROGNOSTIC:6387|validation	6387	CXCL12	ENSG00000107562	UMLS:C2239176	Liver Hepatocellular Carcinoma (validation)	validation	potential prognostic	favorable	3.066e-05	Human Protein Atlas
HPA_LIHC_PROGNOSTIC:639|tcga	639	PRDM1	ENSG00000057657	UMLS:C2239176	Liver Hepatocellular Carcinoma (TCGA)	tcga	unprognostic	unfavorable	0.213	Human Protein Atlas
HPA_LIHC_PROGNOSTIC:639|validation	639	PRDM1	ENSG00000057657	UMLS:C2239176	Liver Hepatocellular Carcinoma (validation)	validation	unprognostic	favorable	0.3009	Human Protein Atlas
HPA_LIHC_PROGNOSTIC:64151|tcga	64151	NCAPG	ENSG00000109805	UMLS:C2239176	Liver Hepatocellular Carcinoma (TCGA)	tcga	validated prognostic	unfavorable	8.173e-06	Human Protein Atlas
HPA_LIHC_PROGNOSTIC:64151|validation	64151	NCAPG	ENSG00000109805	UMLS:C2239176	Liver Hepatocellular Carcinoma (validation)	validation	validated prognostic	unfavorable	7.022e-08	Human Protein Atlas
HPA_LIHC_PROGNOSTIC:6427|tcga	6427	SRSF2	ENSG00000161547	UMLS:C2239176	Liver Hepatocellular Carcinoma (TCGA)	tcga	validated prognostic	unfavorable	0.0001961	Human Protein Atlas
HPA_LIHC_PROGNOSTIC:6427|validation	6427	SRSF2	ENSG00000161547	UMLS:C2239176	Liver Hepatocellular Carcinoma (validation)	validation	validated prognostic	unfavorable	0.0002354	Human Protein Atlas
HPA_LIHC_PROGNOSTIC:6455|tcga	6455	SH3GL1	ENSG00000141985	UMLS:C2239176	Liver Hepatocellular Carcinoma (TCGA)	tcga	potential prognostic	unfavorable	4.367e-05	Human Protein Atlas
HPA_LIHC_PROGNOSTIC:6455|validation	6455	SH3GL1	ENSG00000141985	UMLS:C2239176	Liver Hepatocellular Carcinoma (validation)	validation	unprognostic	unfavorable	0.002268	Human Protein Atlas
HPA_LIHC_PROGNOSTIC:6464|tcga	6464	SHC1	ENSG00000160691	UMLS:C2239176	Liver Hepatocellular Carcinoma (TCGA)	tcga	unprognostic	unfavorable	0.00291	Human Protein Atlas
HPA_LIHC_PROGNOSTIC:6464|validation	6464	SHC1	ENSG00000160691	UMLS:C2239176	Liver Hepatocellular Carcinoma (validation)	validation	unprognostic	unfavorable	0.001526	Human Protein Atlas
HPA_LIHC_PROGNOSTIC:64651|tcga	64651	CSRNP1	ENSG00000144655	UMLS:C2239176	Liver Hepatocellular Carcinoma (TCGA)	tcga	unprognostic	favorable	0.06707	Human Protein Atlas
HPA_LIHC_PROGNOSTIC:64651|validation	64651	CSRNP1	ENSG00000144655	UMLS:C2239176	Liver Hepatocellular Carcinoma (validation)	validation	unprognostic	favorable	0.007772	Human Protein Atlas
HPA_LIHC_PROGNOSTIC:6469|tcga	6469	SHH	ENSG00000164690	UMLS:C2239176	Liver Hepatocellular Carcinoma (TCGA)	tcga	unprognostic	favorable	0.01687	Human Protein Atlas
HPA_LIHC_PROGNOSTIC:6469|validation	6469	SHH	ENSG00000164690	UMLS:C2239176	Liver Hepatocellular Carcinoma (validation)	validation	potential prognostic	favorable	0.0004888	Human Protein Atlas
HPA_LIHC_PROGNOSTIC:648|tcga	648	BMI1	ENSG00000168283	UMLS:C2239176	Liver Hepatocellular Carcinoma (TCGA)	tcga	potential prognostic	unfavorable	0.0002039	Human Protein Atlas
HPA_LIHC_PROGNOSTIC:648|validation	648	BMI1	ENSG00000168283	UMLS:C2239176	Liver Hepatocellular Carcinoma (validation)	validation	unprognostic	unfavorable	0.09306	Human Protein Atlas
HPA_LIHC_PROGNOSTIC:65010|tcga	65010	SLC26A6	ENSG00000225697	UMLS:C2239176	Liver Hepatocellular Carcinoma (TCGA)	tcga	potential prognostic	unfavorable	0.0004272	Human Protein Atlas
HPA_LIHC_PROGNOSTIC:65010|validation	65010	SLC26A6	ENSG00000225697	UMLS:C2239176	Liver Hepatocellular Carcinoma (validation)	validation	unprognostic	unfavorable	0.009745	Human Protein Atlas
HPA_LIHC_PROGNOSTIC:6502|tcga	6502	SKP2	ENSG00000145604	UMLS:C2239176	Liver Hepatocellular Carcinoma (TCGA)	tcga	potential prognostic	unfavorable	0.0003036	Human Protein Atlas
HPA_LIHC_PROGNOSTIC:6502|validation	6502	SKP2	ENSG00000145604	UMLS:C2239176	Liver Hepatocellular Carcinoma (validation)	validation	unprognostic	unfavorable	0.06807	Human Protein Atlas
HPA_LIHC_PROGNOSTIC:6513|tcga	6513	SLC2A1	ENSG00000117394	UMLS:C2239176	Liver Hepatocellular Carcinoma (TCGA)	tcga	validated prognostic	unfavorable	2.325e-06	Human Protein Atlas
HPA_LIHC_PROGNOSTIC:6513|validation	6513	SLC2A1	ENSG00000117394	UMLS:C2239176	Liver Hepatocellular Carcinoma (validation)	validation	validated prognostic	unfavorable	0.0009769	Human Protein Atlas
HPA_LIHC_PROGNOSTIC:6514|tcga	6514	SLC2A2	ENSG00000163581	UMLS:C2239176	Liver Hepatocellular Carcinoma (TCGA)	tcga	potential prognostic	favorable	1.705e-05	Human Protein Atlas
HPA_LIHC_PROGNOSTIC:6514|validation	6514	SLC2A2	ENSG00000163581	UMLS:C2239176	Liver Hepatocellular Carcinoma (validation)	validation	unprognostic	favorable	0.01464	Human Protein Atlas
HPA_LIHC_PROGNOSTIC:6554|tcga	6554	SLC10A1	ENSG00000100652	UMLS:C2239176	Liver Hepatocellular Carcinoma (TCGA)	tcga	validated prognostic	favorable	3.684e-06	Human Protein Atlas
HPA_LIHC_PROGNOSTIC:6554|validation	6554	SLC10A1	ENSG00000100652	UMLS:C2239176	Liver Hepatocellular Carcinoma (validation)	validation	validated prognostic	favorable	1.606e-06	Human Protein Atlas
HPA_LIHC_PROGNOSTIC:6580|tcga	6580	SLC22A1	ENSG00000175003	UMLS:C2239176	Liver Hepatocellular Carcinoma (TCGA)	tcga	validated prognostic	favorable	3.961e-05	Human Protein Atlas
HPA_LIHC_PROGNOSTIC:6580|validation	6580	SLC22A1	ENSG00000175003	UMLS:C2239176	Liver Hepatocellular Carcinoma (validation)	validation	validated prognostic	favorable	9.293e-08	Human Protein Atlas
HPA_LIHC_PROGNOSTIC:6597|tcga	6597	SMARCA4	ENSG00000127616	UMLS:C2239176	Liver Hepatocellular Carcinoma (TCGA)	tcga	validated prognostic	unfavorable	0.0001424	Human Protein Atlas
HPA_LIHC_PROGNOSTIC:6597|validation	6597	SMARCA4	ENSG00000127616	UMLS:C2239176	Liver Hepatocellular Carcinoma (validation)	validation	validated prognostic	unfavorable	2.192e-05	Human Protein Atlas
HPA_LIHC_PROGNOSTIC:6608|tcga	6608	SMO	ENSG00000128602	UMLS:C2239176	Liver Hepatocellular Carcinoma (TCGA)	tcga	unprognostic	unfavorable	0.2575	Human Protein Atlas
HPA_LIHC_PROGNOSTIC:6608|validation	6608	SMO	ENSG00000128602	UMLS:C2239176	Liver Hepatocellular Carcinoma (validation)	validation	unprognostic	favorable	0.04005	Human Protein Atlas
HPA_LIHC_PROGNOSTIC:6615|tcga	6615	SNAI1	ENSG00000124216	UMLS:C2239176	Liver Hepatocellular Carcinoma (TCGA)	tcga	unprognostic	favorable	0.3458	Human Protein Atlas
HPA_LIHC_PROGNOSTIC:6615|validation	6615	SNAI1	ENSG00000124216	UMLS:C2239176	Liver Hepatocellular Carcinoma (validation)	validation	unprognostic	favorable	0.02324	Human Protein Atlas
HPA_LIHC_PROGNOSTIC:6635|tcga	6635	SNRPE	ENSG00000182004	UMLS:C2239176	Liver Hepatocellular Carcinoma (TCGA)	tcga	potential prognostic	unfavorable	0.0003149	Human Protein Atlas
HPA_LIHC_PROGNOSTIC:6635|validation	6635	SNRPE	ENSG00000182004	UMLS:C2239176	Liver Hepatocellular Carcinoma (validation)	validation	unprognostic	unfavorable	0.001868	Human Protein Atlas
HPA_LIHC_PROGNOSTIC:6647|tcga	6647	SOD1	ENSG00000142168	UMLS:C2239176	Liver Hepatocellular Carcinoma (TCGA)	tcga	unprognostic	favorable	0.1039	Human Protein Atlas
HPA_LIHC_PROGNOSTIC:6647|validation	6647	SOD1	ENSG00000142168	UMLS:C2239176	Liver Hepatocellular Carcinoma (validation)	validation	unprognostic	favorable	0.02046	Human Protein Atlas
HPA_LIHC_PROGNOSTIC:6678|tcga	6678	SPARC	ENSG00000113140	UMLS:C2239176	Liver Hepatocellular Carcinoma (TCGA)	tcga	unprognostic	unfavorable	0.04377	Human Protein Atlas
HPA_LIHC_PROGNOSTIC:6678|validation	6678	SPARC	ENSG00000113140	UMLS:C2239176	Liver Hepatocellular Carcinoma (validation)	validation	unprognostic	favorable	0.4316	Human Protein Atlas
HPA_LIHC_PROGNOSTIC:6695|tcga	6695	SPOCK1	ENSG00000152377	UMLS:C2239176	Liver Hepatocellular Carcinoma (TCGA)	tcga	unprognostic	unfavorable	0.002527	Human Protein Atlas
HPA_LIHC_PROGNOSTIC:6695|validation	6695	SPOCK1	ENSG00000152377	UMLS:C2239176	Liver Hepatocellular Carcinoma (validation)	validation	unprognostic	unfavorable	0.2158	Human Protein Atlas
HPA_LIHC_PROGNOSTIC:6696|tcga	6696	SPP1	ENSG00000118785	UMLS:C2239176	Liver Hepatocellular Carcinoma (TCGA)	tcga	potential prognostic	unfavorable	2.198e-06	Human Protein Atlas
HPA_LIHC_PROGNOSTIC:6696|validation	6696	SPP1	ENSG00000118785	UMLS:C2239176	Liver Hepatocellular Carcinoma (validation)	validation	unprognostic	unfavorable	0.00418	Human Protein Atlas
HPA_LIHC_PROGNOSTIC:6720|tcga	6720	SREBF1	ENSG00000072310	UMLS:C2239176	Liver Hepatocellular Carcinoma (TCGA)	tcga	unprognostic	unfavorable	0.01585	Human Protein Atlas
HPA_LIHC_PROGNOSTIC:6720|validation	6720	SREBF1	ENSG00000072310	UMLS:C2239176	Liver Hepatocellular Carcinoma (validation)	validation	unprognostic	favorable	0.1703	Human Protein Atlas
HPA_LIHC_PROGNOSTIC:6721|tcga	6721	SREBF2	ENSG00000198911	UMLS:C2239176	Liver Hepatocellular Carcinoma (TCGA)	tcga	unprognostic	unfavorable	0.0997	Human Protein Atlas
HPA_LIHC_PROGNOSTIC:6721|validation	6721	SREBF2	ENSG00000198911	UMLS:C2239176	Liver Hepatocellular Carcinoma (validation)	validation	unprognostic	unfavorable	0.05412	Human Protein Atlas
HPA_LIHC_PROGNOSTIC:673|tcga	673	BRAF	ENSG00000157764	UMLS:C2239176	Liver Hepatocellular Carcinoma (TCGA)	tcga	unprognostic	unfavorable	0.03929	Human Protein Atlas
HPA_LIHC_PROGNOSTIC:673|validation	673	BRAF	ENSG00000157764	UMLS:C2239176	Liver Hepatocellular Carcinoma (validation)	validation	unprognostic	unfavorable	0.148	Human Protein Atlas
HPA_LIHC_PROGNOSTIC:6756|tcga	6756	SSX1	ENSG00000126752	UMLS:C2239176	Liver Hepatocellular Carcinoma (TCGA)	tcga	unprognostic	unfavorable	0.002151	Human Protein Atlas
HPA_LIHC_PROGNOSTIC:6756|validation	6756	SSX1	ENSG00000126752	UMLS:C2239176	Liver Hepatocellular Carcinoma (validation)	validation	unprognostic	unfavorable	0.1029	Human Protein Atlas
HPA_LIHC_PROGNOSTIC:6772|tcga	6772	STAT1	ENSG00000115415	UMLS:C2239176	Liver Hepatocellular Carcinoma (TCGA)	tcga	unprognostic	favorable	0.2345	Human Protein Atlas
HPA_LIHC_PROGNOSTIC:6772|validation	6772	STAT1	ENSG00000115415	UMLS:C2239176	Liver Hepatocellular Carcinoma (validation)	validation	unprognostic	favorable	0.01934	Human Protein Atlas
HPA_LIHC_PROGNOSTIC:6775|tcga	6775	STAT4	ENSG00000138378	UMLS:C2239176	Liver Hepatocellular Carcinoma (TCGA)	tcga	unprognostic	favorable	0.0272	Human Protein Atlas
HPA_LIHC_PROGNOSTIC:6775|validation	6775	STAT4	ENSG00000138378	UMLS:C2239176	Liver Hepatocellular Carcinoma (validation)	validation	unprognostic	favorable	0.001334	Human Protein Atlas
HPA_LIHC_PROGNOSTIC:6790|tcga	6790	AURKA	ENSG00000087586	UMLS:C2239176	Liver Hepatocellular Carcinoma (TCGA)	tcga	validated prognostic	unfavorable	4.155e-05	Human Protein Atlas
HPA_LIHC_PROGNOSTIC:6790|validation	6790	AURKA	ENSG00000087586	UMLS:C2239176	Liver Hepatocellular Carcinoma (validation)	validation	validated prognostic	unfavorable	1.47e-09	Human Protein Atlas
HPA_LIHC_PROGNOSTIC:682|tcga	682	BSG	ENSG00000172270	UMLS:C2239176	Liver Hepatocellular Carcinoma (TCGA)	tcga	validated prognostic	unfavorable	2.3e-06	Human Protein Atlas
HPA_LIHC_PROGNOSTIC:682|validation	682	BSG	ENSG00000172270	UMLS:C2239176	Liver Hepatocellular Carcinoma (validation)	validation	validated prognostic	unfavorable	8.847e-05	Human Protein Atlas
HPA_LIHC_PROGNOSTIC:6888|tcga	6888	TALDO1	ENSG00000177156	UMLS:C2239176	Liver Hepatocellular Carcinoma (TCGA)	tcga	potential prognostic	unfavorable	3.164e-05	Human Protein Atlas
HPA_LIHC_PROGNOSTIC:6888|validation	6888	TALDO1	ENSG00000177156	UMLS:C2239176	Liver Hepatocellular Carcinoma (validation)	validation	unprognostic	unfavorable	0.006129	Human Protein Atlas
HPA_LIHC_PROGNOSTIC:688|tcga	688	KLF5	ENSG00000102554	UMLS:C2239176	Liver Hepatocellular Carcinoma (TCGA)	tcga	unprognostic	unfavorable	0.1172	Human Protein Atlas
HPA_LIHC_PROGNOSTIC:688|validation	688	KLF5	ENSG00000102554	UMLS:C2239176	Liver Hepatocellular Carcinoma (validation)	validation	unprognostic	favorable	0.05845	Human Protein Atlas
HPA_LIHC_PROGNOSTIC:6927|tcga	6927	HNF1A	ENSG00000135100	UMLS:C2239176	Liver Hepatocellular Carcinoma (TCGA)	tcga	unprognostic	unfavorable	0.02269	Human Protein Atlas
HPA_LIHC_PROGNOSTIC:6927|validation	6927	HNF1A	ENSG00000135100	UMLS:C2239176	Liver Hepatocellular Carcinoma (validation)	validation	unprognostic	unfavorable	0.06138	Human Protein Atlas
HPA_LIHC_PROGNOSTIC:6941|tcga	6941	TCF19	ENSG00000137310	UMLS:C2239176	Liver Hepatocellular Carcinoma (TCGA)	tcga	unprognostic	unfavorable	0.04602	Human Protein Atlas
HPA_LIHC_PROGNOSTIC:6941|validation	6941	TCF19	ENSG00000137310	UMLS:C2239176	Liver Hepatocellular Carcinoma (validation)	validation	potential prognostic	unfavorable	9.287e-06	Human Protein Atlas
HPA_LIHC_PROGNOSTIC:699|tcga	699	BUB1	ENSG00000169679	UMLS:C2239176	Liver Hepatocellular Carcinoma (TCGA)	tcga	validated prognostic	unfavorable	2.727e-05	Human Protein Atlas
HPA_LIHC_PROGNOSTIC:699|validation	699	BUB1	ENSG00000169679	UMLS:C2239176	Liver Hepatocellular Carcinoma (validation)	validation	validated prognostic	unfavorable	5.056e-07	Human Protein Atlas
HPA_LIHC_PROGNOSTIC:7001|tcga	7001	PRDX2	ENSG00000167815	UMLS:C2239176	Liver Hepatocellular Carcinoma (TCGA)	tcga	unprognostic	unfavorable	0.08183	Human Protein Atlas
HPA_LIHC_PROGNOSTIC:7001|validation	7001	PRDX2	ENSG00000167815	UMLS:C2239176	Liver Hepatocellular Carcinoma (validation)	validation	unprognostic	unfavorable	0.003622	Human Protein Atlas
HPA_LIHC_PROGNOSTIC:7011|tcga	7011	TEP1	ENSG00000129566	UMLS:C2239176	Liver Hepatocellular Carcinoma (TCGA)	tcga	unprognostic	unfavorable	0.004352	Human Protein Atlas
HPA_LIHC_PROGNOSTIC:7011|validation	7011	TEP1	ENSG00000129566	UMLS:C2239176	Liver Hepatocellular Carcinoma (validation)	validation	unprognostic	unfavorable	0.0498	Human Protein Atlas
HPA_LIHC_PROGNOSTIC:7015|validation	7015	TERT	ENSG00000164362	UMLS:C2239176	Liver Hepatocellular Carcinoma (validation)	validation	unprognostic	unfavorable	0.002472	Human Protein Atlas
HPA_LIHC_PROGNOSTIC:7019|tcga	7019	TFAM	ENSG00000108064	UMLS:C2239176	Liver Hepatocellular Carcinoma (TCGA)	tcga	unprognostic	unfavorable	0.002462	Human Protein Atlas
HPA_LIHC_PROGNOSTIC:7019|validation	7019	TFAM	ENSG00000108064	UMLS:C2239176	Liver Hepatocellular Carcinoma (validation)	validation	unprognostic	unfavorable	0.00945	Human Protein Atlas
HPA_LIHC_PROGNOSTIC:701|tcga	701	BUB1B	ENSG00000156970	UMLS:C2239176	Liver Hepatocellular Carcinoma (TCGA)	tcga	validated prognostic	unfavorable	6.639e-06	Human Protein Atlas
HPA_LIHC_PROGNOSTIC:701|validation	701	BUB1B	ENSG00000156970	UMLS:C2239176	Liver Hepatocellular Carcinoma (validation)	validation	validated prognostic	unfavorable	3.996e-08	Human Protein Atlas
HPA_LIHC_PROGNOSTIC:7035|tcga	7035	TFPI	ENSG00000003436	UMLS:C2239176	Liver Hepatocellular Carcinoma (TCGA)	tcga	unprognostic	unfavorable	0.08071	Human Protein Atlas
HPA_LIHC_PROGNOSTIC:7035|validation	7035	TFPI	ENSG00000003436	UMLS:C2239176	Liver Hepatocellular Carcinoma (validation)	validation	unprognostic	favorable	0.2152	Human Protein Atlas
HPA_LIHC_PROGNOSTIC:7039|tcga	7039	TGFA	ENSG00000163235	UMLS:C2239176	Liver Hepatocellular Carcinoma (TCGA)	tcga	unprognostic	unfavorable	0.1313	Human Protein Atlas
HPA_LIHC_PROGNOSTIC:7039|validation	7039	TGFA	ENSG00000163235	UMLS:C2239176	Liver Hepatocellular Carcinoma (validation)	validation	unprognostic	unfavorable	0.1789	Human Protein Atlas
HPA_LIHC_PROGNOSTIC:7040|tcga	7040	TGFB1	ENSG00000105329	UMLS:C2239176	Liver Hepatocellular Carcinoma (TCGA)	tcga	unprognostic	unfavorable	0.01231	Human Protein Atlas
HPA_LIHC_PROGNOSTIC:7040|validation	7040	TGFB1	ENSG00000105329	UMLS:C2239176	Liver Hepatocellular Carcinoma (validation)	validation	unprognostic	favorable	0.06856	Human Protein Atlas
HPA_LIHC_PROGNOSTIC:7042|tcga	7042	TGFB2	ENSG00000092969	UMLS:C2239176	Liver Hepatocellular Carcinoma (TCGA)	tcga	unprognostic	unfavorable	0.07831	Human Protein Atlas
HPA_LIHC_PROGNOSTIC:7042|validation	7042	TGFB2	ENSG00000092969	UMLS:C2239176	Liver Hepatocellular Carcinoma (validation)	validation	unprognostic	favorable	0.08579	Human Protein Atlas
HPA_LIHC_PROGNOSTIC:7046|tcga	7046	TGFBR1	ENSG00000106799	UMLS:C2239176	Liver Hepatocellular Carcinoma (TCGA)	tcga	unprognostic	unfavorable	0.0298	Human Protein Atlas
HPA_LIHC_PROGNOSTIC:7046|validation	7046	TGFBR1	ENSG00000106799	UMLS:C2239176	Liver Hepatocellular Carcinoma (validation)	validation	unprognostic	unfavorable	0.02697	Human Protein Atlas
HPA_LIHC_PROGNOSTIC:7053|tcga	7053	TGM3	ENSG00000125780	UMLS:C2239176	Liver Hepatocellular Carcinoma (TCGA)	tcga	unprognostic	unfavorable	0.08321	Human Protein Atlas
HPA_LIHC_PROGNOSTIC:7053|validation	7053	TGM3	ENSG00000125780	UMLS:C2239176	Liver Hepatocellular Carcinoma (validation)	validation	unprognostic	favorable	0.1312	Human Protein Atlas
HPA_LIHC_PROGNOSTIC:7057|tcga	7057	THBS1	ENSG00000137801	UMLS:C2239176	Liver Hepatocellular Carcinoma (TCGA)	tcga	unprognostic	favorable	0.349	Human Protein Atlas
HPA_LIHC_PROGNOSTIC:7057|validation	7057	THBS1	ENSG00000137801	UMLS:C2239176	Liver Hepatocellular Carcinoma (validation)	validation	unprognostic	favorable	0.1836	Human Protein Atlas
HPA_LIHC_PROGNOSTIC:7070|tcga	7070	THY1	ENSG00000154096	UMLS:C2239176	Liver Hepatocellular Carcinoma (TCGA)	tcga	unprognostic	unfavorable	0.01893	Human Protein Atlas
HPA_LIHC_PROGNOSTIC:7070|validation	7070	THY1	ENSG00000154096	UMLS:C2239176	Liver Hepatocellular Carcinoma (validation)	validation	unprognostic	favorable	0.2588	Human Protein Atlas
HPA_LIHC_PROGNOSTIC:7083|tcga	7083	TK1	ENSG00000167900	UMLS:C2239176	Liver Hepatocellular Carcinoma (TCGA)	tcga	validated prognostic	unfavorable	0.0004442	Human Protein Atlas
HPA_LIHC_PROGNOSTIC:7083|validation	7083	TK1	ENSG00000167900	UMLS:C2239176	Liver Hepatocellular Carcinoma (validation)	validation	validated prognostic	unfavorable	1.557e-05	Human Protein Atlas
HPA_LIHC_PROGNOSTIC:7097|tcga	7097	TLR2	ENSG00000137462	UMLS:C2239176	Liver Hepatocellular Carcinoma (TCGA)	tcga	unprognostic	unfavorable	0.02055	Human Protein Atlas
HPA_LIHC_PROGNOSTIC:7097|validation	7097	TLR2	ENSG00000137462	UMLS:C2239176	Liver Hepatocellular Carcinoma (validation)	validation	unprognostic	favorable	0.003576	Human Protein Atlas
HPA_LIHC_PROGNOSTIC:7098|tcga	7098	TLR3	ENSG00000164342	UMLS:C2239176	Liver Hepatocellular Carcinoma (TCGA)	tcga	unprognostic	unfavorable	0.01277	Human Protein Atlas
HPA_LIHC_PROGNOSTIC:7098|validation	7098	TLR3	ENSG00000164342	UMLS:C2239176	Liver Hepatocellular Carcinoma (validation)	validation	unprognostic	favorable	0.007675	Human Protein Atlas
HPA_LIHC_PROGNOSTIC:7099|tcga	7099	TLR4	ENSG00000136869	UMLS:C2239176	Liver Hepatocellular Carcinoma (TCGA)	tcga	unprognostic	favorable	0.06784	Human Protein Atlas
HPA_LIHC_PROGNOSTIC:7099|validation	7099	TLR4	ENSG00000136869	UMLS:C2239176	Liver Hepatocellular Carcinoma (validation)	validation	unprognostic	favorable	0.002141	Human Protein Atlas
HPA_LIHC_PROGNOSTIC:710|tcga	710	SERPING1	ENSG00000149131	UMLS:C2239176	Liver Hepatocellular Carcinoma (TCGA)	tcga	validated prognostic	favorable	0.0001169	Human Protein Atlas
HPA_LIHC_PROGNOSTIC:710|validation	710	SERPING1	ENSG00000149131	UMLS:C2239176	Liver Hepatocellular Carcinoma (validation)	validation	validated prognostic	favorable	1.074e-06	Human Protein Atlas
HPA_LIHC_PROGNOSTIC:7124|validation	7124	TNF	ENSG00000232810	UMLS:C2239176	Liver Hepatocellular Carcinoma (validation)	validation	unprognostic	favorable	0.2614	Human Protein Atlas
HPA_LIHC_PROGNOSTIC:7133|tcga	7133	TNFRSF1B	ENSG00000028137	UMLS:C2239176	Liver Hepatocellular Carcinoma (TCGA)	tcga	unprognostic	favorable	0.07696	Human Protein Atlas
HPA_LIHC_PROGNOSTIC:7133|validation	7133	TNFRSF1B	ENSG00000028137	UMLS:C2239176	Liver Hepatocellular Carcinoma (validation)	validation	unprognostic	favorable	0.09593	Human Protein Atlas
HPA_LIHC_PROGNOSTIC:713|tcga	713	C1QB	ENSG00000173369	UMLS:C2239176	Liver Hepatocellular Carcinoma (TCGA)	tcga	unprognostic	unfavorable	0.0872	Human Protein Atlas
HPA_LIHC_PROGNOSTIC:713|validation	713	C1QB	ENSG00000173369	UMLS:C2239176	Liver Hepatocellular Carcinoma (validation)	validation	unprognostic	favorable	0.03079	Human Protein Atlas
HPA_LIHC_PROGNOSTIC:714|tcga	714	C1QC	ENSG00000159189	UMLS:C2239176	Liver Hepatocellular Carcinoma (TCGA)	tcga	unprognostic	unfavorable	0.1035	Human Protein Atlas
HPA_LIHC_PROGNOSTIC:714|validation	714	C1QC	ENSG00000159189	UMLS:C2239176	Liver Hepatocellular Carcinoma (validation)	validation	unprognostic	favorable	0.08684	Human Protein Atlas
HPA_LIHC_PROGNOSTIC:7153|tcga	7153	TOP2A	ENSG00000131747	UMLS:C2239176	Liver Hepatocellular Carcinoma (TCGA)	tcga	validated prognostic	unfavorable	5.059e-05	Human Protein Atlas
HPA_LIHC_PROGNOSTIC:7153|validation	7153	TOP2A	ENSG00000131747	UMLS:C2239176	Liver Hepatocellular Carcinoma (validation)	validation	validated prognostic	unfavorable	5.192e-07	Human Protein Atlas
HPA_LIHC_PROGNOSTIC:7157|tcga	7157	TP53	ENSG00000141510	UMLS:C2239176	Liver Hepatocellular Carcinoma (TCGA)	tcga	unprognostic	favorable	0.01105	Human Protein Atlas
HPA_LIHC_PROGNOSTIC:7157|validation	7157	TP53	ENSG00000141510	UMLS:C2239176	Liver Hepatocellular Carcinoma (validation)	validation	unprognostic	favorable	0.03458	Human Protein Atlas
HPA_LIHC_PROGNOSTIC:7248|tcga	7248	TSC1	ENSG00000165699	UMLS:C2239176	Liver Hepatocellular Carcinoma (TCGA)	tcga	unprognostic	unfavorable	0.002697	Human Protein Atlas
HPA_LIHC_PROGNOSTIC:7248|validation	7248	TSC1	ENSG00000165699	UMLS:C2239176	Liver Hepatocellular Carcinoma (validation)	validation	unprognostic	favorable	0.08875	Human Protein Atlas
HPA_LIHC_PROGNOSTIC:7263|tcga	7263	TST	ENSG00000128311	UMLS:C2239176	Liver Hepatocellular Carcinoma (TCGA)	tcga	unprognostic	favorable	0.06271	Human Protein Atlas
HPA_LIHC_PROGNOSTIC:7263|validation	7263	TST	ENSG00000128311	UMLS:C2239176	Liver Hepatocellular Carcinoma (validation)	validation	unprognostic	favorable	0.01012	Human Protein Atlas
HPA_LIHC_PROGNOSTIC:7272|tcga	7272	TTK	ENSG00000112742	UMLS:C2239176	Liver Hepatocellular Carcinoma (TCGA)	tcga	validated prognostic	unfavorable	5.17e-11	Human Protein Atlas
HPA_LIHC_PROGNOSTIC:7272|validation	7272	TTK	ENSG00000112742	UMLS:C2239176	Liver Hepatocellular Carcinoma (validation)	validation	validated prognostic	unfavorable	3.111e-07	Human Protein Atlas
HPA_LIHC_PROGNOSTIC:727|tcga	727	C5	ENSG00000106804	UMLS:C2239176	Liver Hepatocellular Carcinoma (TCGA)	tcga	unprognostic	favorable	0.005487	Human Protein Atlas
HPA_LIHC_PROGNOSTIC:727|validation	727	C5	ENSG00000106804	UMLS:C2239176	Liver Hepatocellular Carcinoma (validation)	validation	unprognostic	favorable	0.001159	Human Protein Atlas
HPA_LIHC_PROGNOSTIC:729230|validation	729230	CCR2	ENSG00000121807	UMLS:C2239176	Liver Hepatocellular Carcinoma (validation)	validation	unprognostic	favorable	0.008656	Human Protein Atlas
HPA_LIHC_PROGNOSTIC:7298|tcga	7298	TYMS	ENSG00000176890	UMLS:C2239176	Liver Hepatocellular Carcinoma (TCGA)	tcga	validated prognostic	unfavorable	8.343e-05	Human Protein Atlas
HPA_LIHC_PROGNOSTIC:7298|validation	7298	TYMS	ENSG00000176890	UMLS:C2239176	Liver Hepatocellular Carcinoma (validation)	validation	validated prognostic	unfavorable	9.993e-07	Human Protein Atlas
HPA_LIHC_PROGNOSTIC:7325|tcga	7325	UBE2E2	ENSG00000182247	UMLS:C2239176	Liver Hepatocellular Carcinoma (TCGA)	tcga	unprognostic	unfavorable	0.01916	Human Protein Atlas
HPA_LIHC_PROGNOSTIC:7325|validation	7325	UBE2E2	ENSG00000182247	UMLS:C2239176	Liver Hepatocellular Carcinoma (validation)	validation	unprognostic	unfavorable	0.01729	Human Protein Atlas
HPA_LIHC_PROGNOSTIC:7345|tcga	7345	UCHL1	ENSG00000154277	UMLS:C2239176	Liver Hepatocellular Carcinoma (TCGA)	tcga	potential prognostic	unfavorable	0.0001832	Human Protein Atlas
HPA_LIHC_PROGNOSTIC:7345|validation	7345	UCHL1	ENSG00000154277	UMLS:C2239176	Liver Hepatocellular Carcinoma (validation)	validation	unprognostic	unfavorable	0.05552	Human Protein Atlas
HPA_LIHC_PROGNOSTIC:735|tcga	735	C9	ENSG00000113600	UMLS:C2239176	Liver Hepatocellular Carcinoma (TCGA)	tcga	unprognostic	unfavorable	0.1518	Human Protein Atlas
HPA_LIHC_PROGNOSTIC:735|validation	735	C9	ENSG00000113600	UMLS:C2239176	Liver Hepatocellular Carcinoma (validation)	validation	unprognostic	favorable	0.002446	Human Protein Atlas
HPA_LIHC_PROGNOSTIC:7372|tcga	7372	UMPS	ENSG00000114491	UMLS:C2239176	Liver Hepatocellular Carcinoma (TCGA)	tcga	unprognostic	unfavorable	0.0886	Human Protein Atlas
HPA_LIHC_PROGNOSTIC:7372|validation	7372	UMPS	ENSG00000114491	UMLS:C2239176	Liver Hepatocellular Carcinoma (validation)	validation	potential prognostic	unfavorable	0.0009636	Human Protein Atlas
HPA_LIHC_PROGNOSTIC:7375|tcga	7375	USP4	ENSG00000114316	UMLS:C2239176	Liver Hepatocellular Carcinoma (TCGA)	tcga	unprognostic	unfavorable	0.02522	Human Protein Atlas
HPA_LIHC_PROGNOSTIC:7375|validation	7375	USP4	ENSG00000114316	UMLS:C2239176	Liver Hepatocellular Carcinoma (validation)	validation	unprognostic	favorable	0.00246	Human Protein Atlas
HPA_LIHC_PROGNOSTIC:7376|tcga	7376	NR1H2	ENSG00000131408	UMLS:C2239176	Liver Hepatocellular Carcinoma (TCGA)	tcga	unprognostic	unfavorable	0.00957	Human Protein Atlas
HPA_LIHC_PROGNOSTIC:7376|validation	7376	NR1H2	ENSG00000131408	UMLS:C2239176	Liver Hepatocellular Carcinoma (validation)	validation	unprognostic	favorable	0.03465	Human Protein Atlas
HPA_LIHC_PROGNOSTIC:7403|tcga	7403	KDM6A	ENSG00000147050	UMLS:C2239176	Liver Hepatocellular Carcinoma (TCGA)	tcga	potential prognostic	unfavorable	0.0001801	Human Protein Atlas
HPA_LIHC_PROGNOSTIC:7403|validation	7403	KDM6A	ENSG00000147050	UMLS:C2239176	Liver Hepatocellular Carcinoma (validation)	validation	unprognostic	unfavorable	0.1753	Human Protein Atlas
HPA_LIHC_PROGNOSTIC:7412|tcga	7412	VCAM1	ENSG00000162692	UMLS:C2239176	Liver Hepatocellular Carcinoma (TCGA)	tcga	unprognostic	unfavorable	0.005001	Human Protein Atlas
HPA_LIHC_PROGNOSTIC:7412|validation	7412	VCAM1	ENSG00000162692	UMLS:C2239176	Liver Hepatocellular Carcinoma (validation)	validation	unprognostic	favorable	0.07311	Human Protein Atlas
HPA_LIHC_PROGNOSTIC:7421|tcga	7421	VDR	ENSG00000111424	UMLS:C2239176	Liver Hepatocellular Carcinoma (TCGA)	tcga	unprognostic	unfavorable	0.04411	Human Protein Atlas
HPA_LIHC_PROGNOSTIC:7421|validation	7421	VDR	ENSG00000111424	UMLS:C2239176	Liver Hepatocellular Carcinoma (validation)	validation	unprognostic	favorable	0.06058	Human Protein Atlas
HPA_LIHC_PROGNOSTIC:7422|tcga	7422	VEGFA	ENSG00000112715	UMLS:C2239176	Liver Hepatocellular Carcinoma (TCGA)	tcga	potential prognostic	unfavorable	0.0001164	Human Protein Atlas
HPA_LIHC_PROGNOSTIC:7422|validation	7422	VEGFA	ENSG00000112715	UMLS:C2239176	Liver Hepatocellular Carcinoma (validation)	validation	unprognostic	unfavorable	0.003401	Human Protein Atlas
HPA_LIHC_PROGNOSTIC:7423|tcga	7423	VEGFB	ENSG00000173511	UMLS:C2239176	Liver Hepatocellular Carcinoma (TCGA)	tcga	unprognostic	unfavorable	0.02991	Human Protein Atlas
HPA_LIHC_PROGNOSTIC:7423|validation	7423	VEGFB	ENSG00000173511	UMLS:C2239176	Liver Hepatocellular Carcinoma (validation)	validation	unprognostic	unfavorable	0.004446	Human Protein Atlas
HPA_LIHC_PROGNOSTIC:7431|tcga	7431	VIM	ENSG00000026025	UMLS:C2239176	Liver Hepatocellular Carcinoma (TCGA)	tcga	unprognostic	unfavorable	0.2471	Human Protein Atlas
HPA_LIHC_PROGNOSTIC:7431|validation	7431	VIM	ENSG00000026025	UMLS:C2239176	Liver Hepatocellular Carcinoma (validation)	validation	unprognostic	unfavorable	0.376	Human Protein Atlas
HPA_LIHC_PROGNOSTIC:7433|tcga	7433	VIPR1	ENSG00000114812	UMLS:C2239176	Liver Hepatocellular Carcinoma (TCGA)	tcga	validated prognostic	favorable	0.000915	Human Protein Atlas
HPA_LIHC_PROGNOSTIC:7433|validation	7433	VIPR1	ENSG00000114812	UMLS:C2239176	Liver Hepatocellular Carcinoma (validation)	validation	validated prognostic	favorable	0.0004307	Human Protein Atlas
HPA_LIHC_PROGNOSTIC:7436|validation	7436	VLDLR	ENSG00000147852	UMLS:C2239176	Liver Hepatocellular Carcinoma (validation)	validation	unprognostic	favorable	0.3955	Human Protein Atlas
HPA_LIHC_PROGNOSTIC:7448|tcga	7448	VTN	ENSG00000109072	UMLS:C2239176	Liver Hepatocellular Carcinoma (TCGA)	tcga	validated prognostic	favorable	0.0003701	Human Protein Atlas
HPA_LIHC_PROGNOSTIC:7448|validation	7448	VTN	ENSG00000109072	UMLS:C2239176	Liver Hepatocellular Carcinoma (validation)	validation	validated prognostic	favorable	8.606e-05	Human Protein Atlas
HPA_LIHC_PROGNOSTIC:7494|tcga	7494	XBP1	ENSG00000100219	UMLS:C2239176	Liver Hepatocellular Carcinoma (TCGA)	tcga	unprognostic	unfavorable	0.3291	Human Protein Atlas
HPA_LIHC_PROGNOSTIC:7494|validation	7494	XBP1	ENSG00000100219	UMLS:C2239176	Liver Hepatocellular Carcinoma (validation)	validation	unprognostic	favorable	0.2789	Human Protein Atlas
HPA_LIHC_PROGNOSTIC:7514|tcga	7514	XPO1	ENSG00000082898	UMLS:C2239176	Liver Hepatocellular Carcinoma (TCGA)	tcga	unprognostic	unfavorable	0.006242	Human Protein Atlas
HPA_LIHC_PROGNOSTIC:7514|validation	7514	XPO1	ENSG00000082898	UMLS:C2239176	Liver Hepatocellular Carcinoma (validation)	validation	unprognostic	unfavorable	0.0586	Human Protein Atlas
HPA_LIHC_PROGNOSTIC:7515|tcga	7515	XRCC1	ENSG00000073050	UMLS:C2239176	Liver Hepatocellular Carcinoma (TCGA)	tcga	potential prognostic	unfavorable	4.576e-05	Human Protein Atlas
HPA_LIHC_PROGNOSTIC:7515|validation	7515	XRCC1	ENSG00000073050	UMLS:C2239176	Liver Hepatocellular Carcinoma (validation)	validation	unprognostic	unfavorable	0.01607	Human Protein Atlas
HPA_LIHC_PROGNOSTIC:7538|tcga	7538	ZFP36	ENSG00000128016	UMLS:C2239176	Liver Hepatocellular Carcinoma (TCGA)	tcga	unprognostic	unfavorable	0.3569	Human Protein Atlas
HPA_LIHC_PROGNOSTIC:7538|validation	7538	ZFP36	ENSG00000128016	UMLS:C2239176	Liver Hepatocellular Carcinoma (validation)	validation	unprognostic	favorable	0.01577	Human Protein Atlas
HPA_LIHC_PROGNOSTIC:7546|tcga	7546	ZIC2	ENSG00000043355	UMLS:C2239176	Liver Hepatocellular Carcinoma (TCGA)	tcga	validated prognostic	unfavorable	0.0002077	Human Protein Atlas
HPA_LIHC_PROGNOSTIC:7546|validation	7546	ZIC2	ENSG00000043355	UMLS:C2239176	Liver Hepatocellular Carcinoma (validation)	validation	validated prognostic	unfavorable	0.0001077	Human Protein Atlas
HPA_LIHC_PROGNOSTIC:7571|tcga	7571	ZNF23	ENSG00000167377	UMLS:C2239176	Liver Hepatocellular Carcinoma (TCGA)	tcga	unprognostic	favorable	0.08692	Human Protein Atlas
HPA_LIHC_PROGNOSTIC:7571|validation	7571	ZNF23	ENSG00000167377	UMLS:C2239176	Liver Hepatocellular Carcinoma (validation)	validation	unprognostic	favorable	0.01929	Human Protein Atlas
HPA_LIHC_PROGNOSTIC:760|tcga	760	CA2	ENSG00000104267	UMLS:C2239176	Liver Hepatocellular Carcinoma (TCGA)	tcga	unprognostic	favorable	0.1879	Human Protein Atlas
HPA_LIHC_PROGNOSTIC:760|validation	760	CA2	ENSG00000104267	UMLS:C2239176	Liver Hepatocellular Carcinoma (validation)	validation	unprognostic	favorable	0.008036	Human Protein Atlas
HPA_LIHC_PROGNOSTIC:7832|tcga	7832	BTG2	ENSG00000159388	UMLS:C2239176	Liver Hepatocellular Carcinoma (TCGA)	tcga	unprognostic	unfavorable	0.1436	Human Protein Atlas
HPA_LIHC_PROGNOSTIC:7832|validation	7832	BTG2	ENSG00000159388	UMLS:C2239176	Liver Hepatocellular Carcinoma (validation)	validation	unprognostic	unfavorable	0.161	Human Protein Atlas
HPA_LIHC_PROGNOSTIC:79019|tcga	79019	CENPM	ENSG00000100162	UMLS:C2239176	Liver Hepatocellular Carcinoma (TCGA)	tcga	validated prognostic	unfavorable	3.484e-06	Human Protein Atlas
HPA_LIHC_PROGNOSTIC:79019|validation	79019	CENPM	ENSG00000100162	UMLS:C2239176	Liver Hepatocellular Carcinoma (validation)	validation	validated prognostic	unfavorable	6.007e-08	Human Protein Atlas
HPA_LIHC_PROGNOSTIC:79068|tcga	79068	FTO	ENSG00000140718	UMLS:C2239176	Liver Hepatocellular Carcinoma (TCGA)	tcga	unprognostic	unfavorable	0.002188	Human Protein Atlas
HPA_LIHC_PROGNOSTIC:79068|validation	79068	FTO	ENSG00000140718	UMLS:C2239176	Liver Hepatocellular Carcinoma (validation)	validation	unprognostic	unfavorable	0.2004	Human Protein Atlas
HPA_LIHC_PROGNOSTIC:79574|tcga	79574	EPS8L3	ENSG00000198758	UMLS:C2239176	Liver Hepatocellular Carcinoma (TCGA)	tcga	potential prognostic	unfavorable	2.139e-06	Human Protein Atlas
HPA_LIHC_PROGNOSTIC:79574|validation	79574	EPS8L3	ENSG00000198758	UMLS:C2239176	Liver Hepatocellular Carcinoma (validation)	validation	unprognostic	unfavorable	0.008166	Human Protein Atlas
HPA_LIHC_PROGNOSTIC:79602|tcga	79602	ADIPOR2	ENSG00000006831	UMLS:C2239176	Liver Hepatocellular Carcinoma (TCGA)	tcga	unprognostic	favorable	0.1596	Human Protein Atlas
HPA_LIHC_PROGNOSTIC:79602|validation	79602	ADIPOR2	ENSG00000006831	UMLS:C2239176	Liver Hepatocellular Carcinoma (validation)	validation	unprognostic	unfavorable	0.1114	Human Protein Atlas
HPA_LIHC_PROGNOSTIC:79682|tcga	79682	CENPU	ENSG00000151725	UMLS:C2239176	Liver Hepatocellular Carcinoma (TCGA)	tcga	unprognostic	unfavorable	0.003874	Human Protein Atlas
HPA_LIHC_PROGNOSTIC:79733|tcga	79733	E2F8	ENSG00000129173	UMLS:C2239176	Liver Hepatocellular Carcinoma (TCGA)	tcga	validated prognostic	unfavorable	9.893e-06	Human Protein Atlas
HPA_LIHC_PROGNOSTIC:79733|validation	79733	E2F8	ENSG00000129173	UMLS:C2239176	Liver Hepatocellular Carcinoma (validation)	validation	validated prognostic	unfavorable	6.614e-05	Human Protein Atlas
HPA_LIHC_PROGNOSTIC:79742|tcga	79742	DIPK2B	ENSG00000147113	UMLS:C2239176	Liver Hepatocellular Carcinoma (TCGA)	tcga	unprognostic	unfavorable	0.06313	Human Protein Atlas
HPA_LIHC_PROGNOSTIC:7980|tcga	7980	TFPI2	ENSG00000105825	UMLS:C2239176	Liver Hepatocellular Carcinoma (TCGA)	tcga	unprognostic	unfavorable	0.1565	Human Protein Atlas
HPA_LIHC_PROGNOSTIC:7980|validation	7980	TFPI2	ENSG00000105825	UMLS:C2239176	Liver Hepatocellular Carcinoma (validation)	validation	unprognostic	favorable	0.04505	Human Protein Atlas
HPA_LIHC_PROGNOSTIC:79831|tcga	79831	KDM8	ENSG00000155666	UMLS:C2239176	Liver Hepatocellular Carcinoma (TCGA)	tcga	unprognostic	favorable	0.006709	Human Protein Atlas
HPA_LIHC_PROGNOSTIC:79968|tcga	79968	WDR76	ENSG00000092470	UMLS:C2239176	Liver Hepatocellular Carcinoma (TCGA)	tcga	validated prognostic	unfavorable	0.0001059	Human Protein Atlas
HPA_LIHC_PROGNOSTIC:79968|validation	79968	WDR76	ENSG00000092470	UMLS:C2239176	Liver Hepatocellular Carcinoma (validation)	validation	validated prognostic	unfavorable	0.0001032	Human Protein Atlas
HPA_LIHC_PROGNOSTIC:80028|tcga	80028	FBXL18	ENSG00000155034	UMLS:C2239176	Liver Hepatocellular Carcinoma (TCGA)	tcga	potential prognostic	unfavorable	2.693e-06	Human Protein Atlas
HPA_LIHC_PROGNOSTIC:80028|validation	80028	FBXL18	ENSG00000155034	UMLS:C2239176	Liver Hepatocellular Carcinoma (validation)	validation	unprognostic	unfavorable	0.07417	Human Protein Atlas
HPA_LIHC_PROGNOSTIC:80168|tcga	80168	MOGAT2	ENSG00000166391	UMLS:C2239176	Liver Hepatocellular Carcinoma (TCGA)	tcga	validated prognostic	favorable	0.0002692	Human Protein Atlas
HPA_LIHC_PROGNOSTIC:80168|validation	80168	MOGAT2	ENSG00000166391	UMLS:C2239176	Liver Hepatocellular Carcinoma (validation)	validation	validated prognostic	favorable	3.301e-07	Human Protein Atlas
HPA_LIHC_PROGNOSTIC:80178|tcga	80178	TEDC2	ENSG00000162062	UMLS:C2239176	Liver Hepatocellular Carcinoma (TCGA)	tcga	potential prognostic	unfavorable	1.06e-05	Human Protein Atlas
HPA_LIHC_PROGNOSTIC:80339|tcga	80339	PNPLA3	ENSG00000100344	UMLS:C2239176	Liver Hepatocellular Carcinoma (TCGA)	tcga	unprognostic	unfavorable	0.2592	Human Protein Atlas
HPA_LIHC_PROGNOSTIC:80339|validation	80339	PNPLA3	ENSG00000100344	UMLS:C2239176	Liver Hepatocellular Carcinoma (validation)	validation	unprognostic	favorable	0.01982	Human Protein Atlas
HPA_LIHC_PROGNOSTIC:80381|tcga	80381	CD276	ENSG00000103855	UMLS:C2239176	Liver Hepatocellular Carcinoma (TCGA)	tcga	unprognostic	unfavorable	0.01685	Human Protein Atlas
HPA_LIHC_PROGNOSTIC:80381|validation	80381	CD276	ENSG00000103855	UMLS:C2239176	Liver Hepatocellular Carcinoma (validation)	validation	potential prognostic	unfavorable	0.0002762	Human Protein Atlas
HPA_LIHC_PROGNOSTIC:81037|tcga	81037	CLPTM1L	ENSG00000049656	UMLS:C2239176	Liver Hepatocellular Carcinoma (TCGA)	tcga	validated prognostic	unfavorable	7.774e-05	Human Protein Atlas
HPA_LIHC_PROGNOSTIC:81037|validation	81037	CLPTM1L	ENSG00000049656	UMLS:C2239176	Liver Hepatocellular Carcinoma (validation)	validation	validated prognostic	unfavorable	0.000701	Human Protein Atlas
HPA_LIHC_PROGNOSTIC:811|tcga	811	CALR	ENSG00000179218	UMLS:C2239176	Liver Hepatocellular Carcinoma (TCGA)	tcga	unprognostic	unfavorable	0.02929	Human Protein Atlas
HPA_LIHC_PROGNOSTIC:811|validation	811	CALR	ENSG00000179218	UMLS:C2239176	Liver Hepatocellular Carcinoma (validation)	validation	unprognostic	unfavorable	0.01721	Human Protein Atlas
HPA_LIHC_PROGNOSTIC:8140|tcga	8140	SLC7A5	ENSG00000103257	UMLS:C2239176	Liver Hepatocellular Carcinoma (TCGA)	tcga	unprognostic	unfavorable	0.05219	Human Protein Atlas
HPA_LIHC_PROGNOSTIC:8140|validation	8140	SLC7A5	ENSG00000103257	UMLS:C2239176	Liver Hepatocellular Carcinoma (validation)	validation	unprognostic	unfavorable	0.2872	Human Protein Atlas
HPA_LIHC_PROGNOSTIC:81539|tcga	81539	SLC38A1	ENSG00000111371	UMLS:C2239176	Liver Hepatocellular Carcinoma (TCGA)	tcga	potential prognostic	unfavorable	2.07e-07	Human Protein Atlas
HPA_LIHC_PROGNOSTIC:81539|validation	81539	SLC38A1	ENSG00000111371	UMLS:C2239176	Liver Hepatocellular Carcinoma (validation)	validation	unprognostic	unfavorable	0.002871	Human Protein Atlas
HPA_LIHC_PROGNOSTIC:81609|tcga	81609	SNX27	ENSG00000143376	UMLS:C2239176	Liver Hepatocellular Carcinoma (TCGA)	tcga	unprognostic	unfavorable	0.01159	Human Protein Atlas
HPA_LIHC_PROGNOSTIC:81609|validation	81609	SNX27	ENSG00000143376	UMLS:C2239176	Liver Hepatocellular Carcinoma (validation)	validation	unprognostic	unfavorable	0.005335	Human Protein Atlas
HPA_LIHC_PROGNOSTIC:81610|tcga	81610	FAM83D	ENSG00000101447	UMLS:C2239176	Liver Hepatocellular Carcinoma (TCGA)	tcga	validated prognostic	unfavorable	1.309e-05	Human Protein Atlas
HPA_LIHC_PROGNOSTIC:81610|validation	81610	FAM83D	ENSG00000101447	UMLS:C2239176	Liver Hepatocellular Carcinoma (validation)	validation	validated prognostic	unfavorable	1.002e-06	Human Protein Atlas
HPA_LIHC_PROGNOSTIC:81620|tcga	81620	CDT1	ENSG00000167513	UMLS:C2239176	Liver Hepatocellular Carcinoma (TCGA)	tcga	validated prognostic	unfavorable	7.133e-07	Human Protein Atlas
HPA_LIHC_PROGNOSTIC:81620|validation	81620	CDT1	ENSG00000167513	UMLS:C2239176	Liver Hepatocellular Carcinoma (validation)	validation	validated prognostic	unfavorable	2.153e-10	Human Protein Atlas
HPA_LIHC_PROGNOSTIC:81622|tcga	81622	UNC93B1	ENSG00000110057	UMLS:C2239176	Liver Hepatocellular Carcinoma (TCGA)	tcga	unprognostic	unfavorable	0.01371	Human Protein Atlas
HPA_LIHC_PROGNOSTIC:81622|validation	81622	UNC93B1	ENSG00000110057	UMLS:C2239176	Liver Hepatocellular Carcinoma (validation)	validation	unprognostic	favorable	0.1488	Human Protein Atlas
HPA_LIHC_PROGNOSTIC:81930|tcga	81930	KIF18A	ENSG00000121621	UMLS:C2239176	Liver Hepatocellular Carcinoma (TCGA)	tcga	validated prognostic	unfavorable	4.536e-06	Human Protein Atlas
HPA_LIHC_PROGNOSTIC:81930|validation	81930	KIF18A	ENSG00000121621	UMLS:C2239176	Liver Hepatocellular Carcinoma (validation)	validation	validated prognostic	unfavorable	8.13e-07	Human Protein Atlas
HPA_LIHC_PROGNOSTIC:8208|tcga	8208	CHAF1B	ENSG00000159259	UMLS:C2239176	Liver Hepatocellular Carcinoma (TCGA)	tcga	validated prognostic	unfavorable	1.564e-05	Human Protein Atlas
HPA_LIHC_PROGNOSTIC:8208|validation	8208	CHAF1B	ENSG00000159259	UMLS:C2239176	Liver Hepatocellular Carcinoma (validation)	validation	validated prognostic	unfavorable	0.0001582	Human Protein Atlas
HPA_LIHC_PROGNOSTIC:8216|tcga	8216	LZTR1	ENSG00000099949	UMLS:C2239176	Liver Hepatocellular Carcinoma (TCGA)	tcga	unprognostic	unfavorable	0.01078	Human Protein Atlas
HPA_LIHC_PROGNOSTIC:8216|validation	8216	LZTR1	ENSG00000099949	UMLS:C2239176	Liver Hepatocellular Carcinoma (validation)	validation	unprognostic	unfavorable	0.3756	Human Protein Atlas
HPA_LIHC_PROGNOSTIC:8289|tcga	8289	ARID1A	ENSG00000117713	UMLS:C2239176	Liver Hepatocellular Carcinoma (TCGA)	tcga	potential prognostic	unfavorable	0.0002651	Human Protein Atlas
HPA_LIHC_PROGNOSTIC:8289|validation	8289	ARID1A	ENSG00000117713	UMLS:C2239176	Liver Hepatocellular Carcinoma (validation)	validation	unprognostic	unfavorable	0.1068	Human Protein Atlas
HPA_LIHC_PROGNOSTIC:8312|tcga	8312	AXIN1	ENSG00000103126	UMLS:C2239176	Liver Hepatocellular Carcinoma (TCGA)	tcga	validated prognostic	unfavorable	1.426e-06	Human Protein Atlas
HPA_LIHC_PROGNOSTIC:8312|validation	8312	AXIN1	ENSG00000103126	UMLS:C2239176	Liver Hepatocellular Carcinoma (validation)	validation	validated prognostic	unfavorable	0.000418	Human Protein Atlas
HPA_LIHC_PROGNOSTIC:8318|tcga	8318	CDC45	ENSG00000093009	UMLS:C2239176	Liver Hepatocellular Carcinoma (TCGA)	tcga	validated prognostic	unfavorable	2.903e-07	Human Protein Atlas
HPA_LIHC_PROGNOSTIC:8318|validation	8318	CDC45	ENSG00000093009	UMLS:C2239176	Liver Hepatocellular Carcinoma (validation)	validation	validated prognostic	unfavorable	4.145e-08	Human Protein Atlas
HPA_LIHC_PROGNOSTIC:83461|tcga	83461	CDCA3	ENSG00000111665	UMLS:C2239176	Liver Hepatocellular Carcinoma (TCGA)	tcga	validated prognostic	unfavorable	2.094e-06	Human Protein Atlas
HPA_LIHC_PROGNOSTIC:83461|validation	83461	CDCA3	ENSG00000111665	UMLS:C2239176	Liver Hepatocellular Carcinoma (validation)	validation	validated prognostic	unfavorable	1.081e-10	Human Protein Atlas
HPA_LIHC_PROGNOSTIC:83483|tcga	83483	PLVAP	ENSG00000130300	UMLS:C2239176	Liver Hepatocellular Carcinoma (TCGA)	tcga	unprognostic	favorable	0.0207	Human Protein Atlas
HPA_LIHC_PROGNOSTIC:83483|validation	83483	PLVAP	ENSG00000130300	UMLS:C2239176	Liver Hepatocellular Carcinoma (validation)	validation	unprognostic	favorable	0.01939	Human Protein Atlas
HPA_LIHC_PROGNOSTIC:83540|tcga	83540	NUF2	ENSG00000143228	UMLS:C2239176	Liver Hepatocellular Carcinoma (TCGA)	tcga	validated prognostic	unfavorable	2.441e-06	Human Protein Atlas
HPA_LIHC_PROGNOSTIC:83540|validation	83540	NUF2	ENSG00000143228	UMLS:C2239176	Liver Hepatocellular Carcinoma (validation)	validation	validated prognostic	unfavorable	1.809e-06	Human Protein Atlas
HPA_LIHC_PROGNOSTIC:83597|tcga	83597	RTP3	ENSG00000163825	UMLS:C2239176	Liver Hepatocellular Carcinoma (TCGA)	tcga	validated prognostic	favorable	8.701e-06	Human Protein Atlas
HPA_LIHC_PROGNOSTIC:83597|validation	83597	RTP3	ENSG00000163825	UMLS:C2239176	Liver Hepatocellular Carcinoma (validation)	validation	validated prognostic	favorable	0.0002099	Human Protein Atlas
HPA_LIHC_PROGNOSTIC:83854|tcga	83854	ANGPTL6	ENSG00000130812	UMLS:C2239176	Liver Hepatocellular Carcinoma (TCGA)	tcga	unprognostic	favorable	0.06218	Human Protein Atlas
HPA_LIHC_PROGNOSTIC:83854|validation	83854	ANGPTL6	ENSG00000130812	UMLS:C2239176	Liver Hepatocellular Carcinoma (validation)	validation	unprognostic	favorable	0.004542	Human Protein Atlas
HPA_LIHC_PROGNOSTIC:83875|tcga	83875	BCO2	ENSG00000197580	UMLS:C2239176	Liver Hepatocellular Carcinoma (TCGA)	tcga	unprognostic	favorable	0.0407	Human Protein Atlas
HPA_LIHC_PROGNOSTIC:83875|validation	83875	BCO2	ENSG00000197580	UMLS:C2239176	Liver Hepatocellular Carcinoma (validation)	validation	potential prognostic	favorable	6.244e-06	Human Protein Atlas
HPA_LIHC_PROGNOSTIC:83932|tcga	83932	SPRTN	ENSG00000010072	UMLS:C2239176	Liver Hepatocellular Carcinoma (TCGA)	tcga	unprognostic	unfavorable	0.02482	Human Protein Atlas
HPA_LIHC_PROGNOSTIC:83940|tcga	83940	TATDN1	ENSG00000147687	UMLS:C2239176	Liver Hepatocellular Carcinoma (TCGA)	tcga	potential prognostic	unfavorable	0.0004349	Human Protein Atlas
HPA_LIHC_PROGNOSTIC:83940|validation	83940	TATDN1	ENSG00000147687	UMLS:C2239176	Liver Hepatocellular Carcinoma (validation)	validation	unprognostic	unfavorable	0.01364	Human Protein Atlas
HPA_LIHC_PROGNOSTIC:8405|tcga	8405	SPOP	ENSG00000121067	UMLS:C2239176	Liver Hepatocellular Carcinoma (TCGA)	tcga	potential prognostic	unfavorable	0.0008232	Human Protein Atlas
HPA_LIHC_PROGNOSTIC:8405|validation	8405	SPOP	ENSG00000121067	UMLS:C2239176	Liver Hepatocellular Carcinoma (validation)	validation	unprognostic	unfavorable	0.06926	Human Protein Atlas
HPA_LIHC_PROGNOSTIC:8406|tcga	8406	SRPX	ENSG00000101955	UMLS:C2239176	Liver Hepatocellular Carcinoma (TCGA)	tcga	unprognostic	favorable	0.05065	Human Protein Atlas
HPA_LIHC_PROGNOSTIC:8406|validation	8406	SRPX	ENSG00000101955	UMLS:C2239176	Liver Hepatocellular Carcinoma (validation)	validation	unprognostic	favorable	0.001674	Human Protein Atlas
HPA_LIHC_PROGNOSTIC:8407|tcga	8407	TAGLN2	ENSG00000158710	UMLS:C2239176	Liver Hepatocellular Carcinoma (TCGA)	tcga	potential prognostic	unfavorable	2.219e-05	Human Protein Atlas
HPA_LIHC_PROGNOSTIC:8407|validation	8407	TAGLN2	ENSG00000158710	UMLS:C2239176	Liver Hepatocellular Carcinoma (validation)	validation	unprognostic	unfavorable	0.1259	Human Protein Atlas
HPA_LIHC_PROGNOSTIC:841|tcga	841	CASP8	ENSG00000064012	UMLS:C2239176	Liver Hepatocellular Carcinoma (TCGA)	tcga	unprognostic	unfavorable	0.001718	Human Protein Atlas
HPA_LIHC_PROGNOSTIC:841|validation	841	CASP8	ENSG00000064012	UMLS:C2239176	Liver Hepatocellular Carcinoma (validation)	validation	unprognostic	unfavorable	0.1471	Human Protein Atlas
HPA_LIHC_PROGNOSTIC:84231|tcga	84231	TRAF7	ENSG00000131653	UMLS:C2239176	Liver Hepatocellular Carcinoma (TCGA)	tcga	potential prognostic	unfavorable	0.000177	Human Protein Atlas
HPA_LIHC_PROGNOSTIC:84231|validation	84231	TRAF7	ENSG00000131653	UMLS:C2239176	Liver Hepatocellular Carcinoma (validation)	validation	unprognostic	unfavorable	0.001862	Human Protein Atlas
HPA_LIHC_PROGNOSTIC:8431|tcga	8431	NR0B2	ENSG00000131910	UMLS:C2239176	Liver Hepatocellular Carcinoma (TCGA)	tcga	unprognostic	unfavorable	0.03558	Human Protein Atlas
HPA_LIHC_PROGNOSTIC:8431|validation	8431	NR0B2	ENSG00000131910	UMLS:C2239176	Liver Hepatocellular Carcinoma (validation)	validation	potential prognostic	favorable	0.000248	Human Protein Atlas
HPA_LIHC_PROGNOSTIC:8435|tcga	8435	SOAT2	ENSG00000167780	UMLS:C2239176	Liver Hepatocellular Carcinoma (TCGA)	tcga	unprognostic	unfavorable	0.06203	Human Protein Atlas
HPA_LIHC_PROGNOSTIC:8435|validation	8435	SOAT2	ENSG00000167780	UMLS:C2239176	Liver Hepatocellular Carcinoma (validation)	validation	unprognostic	unfavorable	0.001854	Human Protein Atlas
HPA_LIHC_PROGNOSTIC:8438|tcga	8438	RAD54L	ENSG00000085999	UMLS:C2239176	Liver Hepatocellular Carcinoma (TCGA)	tcga	validated prognostic	unfavorable	1.993e-05	Human Protein Atlas
HPA_LIHC_PROGNOSTIC:8438|validation	8438	RAD54L	ENSG00000085999	UMLS:C2239176	Liver Hepatocellular Carcinoma (validation)	validation	validated prognostic	unfavorable	3.135e-06	Human Protein Atlas
HPA_LIHC_PROGNOSTIC:84649|tcga	84649	DGAT2	ENSG00000062282	UMLS:C2239176	Liver Hepatocellular Carcinoma (TCGA)	tcga	unprognostic	favorable	0.007957	Human Protein Atlas
HPA_LIHC_PROGNOSTIC:84649|validation	84649	DGAT2	ENSG00000062282	UMLS:C2239176	Liver Hepatocellular Carcinoma (validation)	validation	unprognostic	favorable	0.003485	Human Protein Atlas
HPA_LIHC_PROGNOSTIC:84695|validation	84695	LOXL3	ENSG00000115318	UMLS:C2239176	Liver Hepatocellular Carcinoma (validation)	validation	unprognostic	unfavorable	0.03313	Human Protein Atlas
HPA_LIHC_PROGNOSTIC:84735|validation	84735	CNDP1	ENSG00000150656	UMLS:C2239176	Liver Hepatocellular Carcinoma (validation)	validation	unprognostic	favorable	0.005236	Human Protein Atlas
HPA_LIHC_PROGNOSTIC:847|tcga	847	CAT	ENSG00000121691	UMLS:C2239176	Liver Hepatocellular Carcinoma (TCGA)	tcga	unprognostic	favorable	0.001442	Human Protein Atlas
HPA_LIHC_PROGNOSTIC:847|validation	847	CAT	ENSG00000121691	UMLS:C2239176	Liver Hepatocellular Carcinoma (validation)	validation	potential prognostic	favorable	0.0001211	Human Protein Atlas
HPA_LIHC_PROGNOSTIC:84868|tcga	84868	HAVCR2	ENSG00000135077	UMLS:C2239176	Liver Hepatocellular Carcinoma (TCGA)	tcga	unprognostic	unfavorable	0.05299	Human Protein Atlas
HPA_LIHC_PROGNOSTIC:84868|validation	84868	HAVCR2	ENSG00000135077	UMLS:C2239176	Liver Hepatocellular Carcinoma (validation)	validation	unprognostic	favorable	0.1901	Human Protein Atlas
HPA_LIHC_PROGNOSTIC:84870|validation	84870	RSPO3	ENSG00000146374	UMLS:C2239176	Liver Hepatocellular Carcinoma (validation)	validation	unprognostic	favorable	0.01273	Human Protein Atlas
HPA_LIHC_PROGNOSTIC:84873|tcga	84873	ADGRG7	ENSG00000144820	UMLS:C2239176	Liver Hepatocellular Carcinoma (TCGA)	tcga	unprognostic	favorable	0.08458	Human Protein Atlas
HPA_LIHC_PROGNOSTIC:84879|tcga	84879	MFSD2A	ENSG00000168389	UMLS:C2239176	Liver Hepatocellular Carcinoma (TCGA)	tcga	unprognostic	favorable	0.05251	Human Protein Atlas
HPA_LIHC_PROGNOSTIC:84879|validation	84879	MFSD2A	ENSG00000168389	UMLS:C2239176	Liver Hepatocellular Carcinoma (validation)	validation	unprognostic	favorable	0.002111	Human Protein Atlas
HPA_LIHC_PROGNOSTIC:84904|tcga	84904	ARHGEF39	ENSG00000137135	UMLS:C2239176	Liver Hepatocellular Carcinoma (TCGA)	tcga	potential prognostic	unfavorable	5.168e-05	Human Protein Atlas
HPA_LIHC_PROGNOSTIC:8517|tcga	8517	IKBKG	ENSG00000269335	UMLS:C2239176	Liver Hepatocellular Carcinoma (TCGA)	tcga	unprognostic	unfavorable	0.02215	Human Protein Atlas
HPA_LIHC_PROGNOSTIC:8517|validation	8517	IKBKG	ENSG00000269335	UMLS:C2239176	Liver Hepatocellular Carcinoma (validation)	validation	unprognostic	unfavorable	0.04374	Human Protein Atlas
HPA_LIHC_PROGNOSTIC:8535|tcga	8535	CBX4	ENSG00000141582	UMLS:C2239176	Liver Hepatocellular Carcinoma (TCGA)	tcga	unprognostic	unfavorable	0.01429	Human Protein Atlas
HPA_LIHC_PROGNOSTIC:8535|validation	8535	CBX4	ENSG00000141582	UMLS:C2239176	Liver Hepatocellular Carcinoma (validation)	validation	unprognostic	unfavorable	0.05264	Human Protein Atlas
HPA_LIHC_PROGNOSTIC:85445|validation	85445	CNTNAP4	ENSG00000152910	UMLS:C2239176	Liver Hepatocellular Carcinoma (validation)	validation	unprognostic	unfavorable	0.03366	Human Protein Atlas
HPA_LIHC_PROGNOSTIC:85480|validation	85480	TSLP	ENSG00000145777	UMLS:C2239176	Liver Hepatocellular Carcinoma (validation)	validation	potential prognostic	favorable	0.0001337	Human Protein Atlas
HPA_LIHC_PROGNOSTIC:8614|tcga	8614	STC2	ENSG00000113739	UMLS:C2239176	Liver Hepatocellular Carcinoma (TCGA)	tcga	potential prognostic	unfavorable	1.258e-05	Human Protein Atlas
HPA_LIHC_PROGNOSTIC:8614|validation	8614	STC2	ENSG00000113739	UMLS:C2239176	Liver Hepatocellular Carcinoma (validation)	validation	unprognostic	unfavorable	0.06215	Human Protein Atlas
HPA_LIHC_PROGNOSTIC:8621|tcga	8621	CDK13	ENSG00000065883	UMLS:C2239176	Liver Hepatocellular Carcinoma (TCGA)	tcga	unprognostic	unfavorable	0.004407	Human Protein Atlas
HPA_LIHC_PROGNOSTIC:8621|validation	8621	CDK13	ENSG00000065883	UMLS:C2239176	Liver Hepatocellular Carcinoma (validation)	validation	unprognostic	unfavorable	0.222	Human Protein Atlas
HPA_LIHC_PROGNOSTIC:8647|tcga	8647	ABCB11	ENSG00000073734	UMLS:C2239176	Liver Hepatocellular Carcinoma (TCGA)	tcga	unprognostic	favorable	0.04429	Human Protein Atlas
HPA_LIHC_PROGNOSTIC:8647|validation	8647	ABCB11	ENSG00000073734	UMLS:C2239176	Liver Hepatocellular Carcinoma (validation)	validation	potential prognostic	favorable	3.214e-08	Human Protein Atlas
HPA_LIHC_PROGNOSTIC:864|tcga	864	RUNX3	ENSG00000020633	UMLS:C2239176	Liver Hepatocellular Carcinoma (TCGA)	tcga	unprognostic	favorable	0.1015	Human Protein Atlas
HPA_LIHC_PROGNOSTIC:864|validation	864	RUNX3	ENSG00000020633	UMLS:C2239176	Liver Hepatocellular Carcinoma (validation)	validation	unprognostic	favorable	0.0265	Human Protein Atlas
HPA_LIHC_PROGNOSTIC:8651|tcga	8651	SOCS1	ENSG00000185338	UMLS:C2239176	Liver Hepatocellular Carcinoma (TCGA)	tcga	unprognostic	favorable	0.01337	Human Protein Atlas
HPA_LIHC_PROGNOSTIC:8651|validation	8651	SOCS1	ENSG00000185338	UMLS:C2239176	Liver Hepatocellular Carcinoma (validation)	validation	unprognostic	favorable	0.1726	Human Protein Atlas
HPA_LIHC_PROGNOSTIC:8659|tcga	8659	ALDH4A1	ENSG00000159423	UMLS:C2239176	Liver Hepatocellular Carcinoma (TCGA)	tcga	unprognostic	favorable	0.03184	Human Protein Atlas
HPA_LIHC_PROGNOSTIC:8659|validation	8659	ALDH4A1	ENSG00000159423	UMLS:C2239176	Liver Hepatocellular Carcinoma (validation)	validation	unprognostic	favorable	0.003078	Human Protein Atlas
HPA_LIHC_PROGNOSTIC:8660|tcga	8660	IRS2	ENSG00000185950	UMLS:C2239176	Liver Hepatocellular Carcinoma (TCGA)	tcga	unprognostic	favorable	0.08725	Human Protein Atlas
HPA_LIHC_PROGNOSTIC:8660|validation	8660	IRS2	ENSG00000185950	UMLS:C2239176	Liver Hepatocellular Carcinoma (validation)	validation	unprognostic	unfavorable	0.06971	Human Protein Atlas
HPA_LIHC_PROGNOSTIC:8667|tcga	8667	EIF3H	ENSG00000147677	UMLS:C2239176	Liver Hepatocellular Carcinoma (TCGA)	tcga	unprognostic	unfavorable	0.002958	Human Protein Atlas
HPA_LIHC_PROGNOSTIC:8667|validation	8667	EIF3H	ENSG00000147677	UMLS:C2239176	Liver Hepatocellular Carcinoma (validation)	validation	unprognostic	unfavorable	0.01452	Human Protein Atlas
HPA_LIHC_PROGNOSTIC:866|tcga	866	SERPINA6	ENSG00000170099	UMLS:C2239176	Liver Hepatocellular Carcinoma (TCGA)	tcga	unprognostic	favorable	0.01119	Human Protein Atlas
HPA_LIHC_PROGNOSTIC:866|validation	866	SERPINA6	ENSG00000170099	UMLS:C2239176	Liver Hepatocellular Carcinoma (validation)	validation	unprognostic	favorable	0.002223	Human Protein Atlas
HPA_LIHC_PROGNOSTIC:8685|tcga	8685	MARCO	ENSG00000019169	UMLS:C2239176	Liver Hepatocellular Carcinoma (TCGA)	tcga	unprognostic	unfavorable	0.1843	Human Protein Atlas
HPA_LIHC_PROGNOSTIC:8685|validation	8685	MARCO	ENSG00000019169	UMLS:C2239176	Liver Hepatocellular Carcinoma (validation)	validation	unprognostic	favorable	0.08497	Human Protein Atlas
HPA_LIHC_PROGNOSTIC:87178|tcga	87178	PNPT1	ENSG00000138035	UMLS:C2239176	Liver Hepatocellular Carcinoma (TCGA)	tcga	unprognostic	unfavorable	0.003774	Human Protein Atlas
HPA_LIHC_PROGNOSTIC:87178|validation	87178	PNPT1	ENSG00000138035	UMLS:C2239176	Liver Hepatocellular Carcinoma (validation)	validation	potential prognostic	unfavorable	2.002e-05	Human Protein Atlas
HPA_LIHC_PROGNOSTIC:871|tcga	871	SERPINH1	ENSG00000149257	UMLS:C2239176	Liver Hepatocellular Carcinoma (TCGA)	tcga	unprognostic	unfavorable	0.001952	Human Protein Atlas
HPA_LIHC_PROGNOSTIC:871|validation	871	SERPINH1	ENSG00000149257	UMLS:C2239176	Liver Hepatocellular Carcinoma (validation)	validation	unprognostic	unfavorable	0.04084	Human Protein Atlas
HPA_LIHC_PROGNOSTIC:8720|tcga	8720	MBTPS1	ENSG00000140943	UMLS:C2239176	Liver Hepatocellular Carcinoma (TCGA)	tcga	unprognostic	unfavorable	0.05082	Human Protein Atlas
HPA_LIHC_PROGNOSTIC:8720|validation	8720	MBTPS1	ENSG00000140943	UMLS:C2239176	Liver Hepatocellular Carcinoma (validation)	validation	unprognostic	unfavorable	0.1282	Human Protein Atlas
HPA_LIHC_PROGNOSTIC:873|tcga	873	CBR1	ENSG00000159228	UMLS:C2239176	Liver Hepatocellular Carcinoma (TCGA)	tcga	unprognostic	favorable	0.1338	Human Protein Atlas
HPA_LIHC_PROGNOSTIC:873|validation	873	CBR1	ENSG00000159228	UMLS:C2239176	Liver Hepatocellular Carcinoma (validation)	validation	unprognostic	favorable	0.001027	Human Protein Atlas
HPA_LIHC_PROGNOSTIC:8743|tcga	8743	TNFSF10	ENSG00000121858	UMLS:C2239176	Liver Hepatocellular Carcinoma (TCGA)	tcga	unprognostic	favorable	0.1605	Human Protein Atlas
HPA_LIHC_PROGNOSTIC:8743|validation	8743	TNFSF10	ENSG00000121858	UMLS:C2239176	Liver Hepatocellular Carcinoma (validation)	validation	unprognostic	favorable	0.0534	Human Protein Atlas
HPA_LIHC_PROGNOSTIC:8805|tcga	8805	TRIM24	ENSG00000122779	UMLS:C2239176	Liver Hepatocellular Carcinoma (TCGA)	tcga	potential prognostic	unfavorable	0.0005588	Human Protein Atlas
HPA_LIHC_PROGNOSTIC:8805|validation	8805	TRIM24	ENSG00000122779	UMLS:C2239176	Liver Hepatocellular Carcinoma (validation)	validation	unprognostic	unfavorable	0.0102	Human Protein Atlas
HPA_LIHC_PROGNOSTIC:8821|validation	8821	INPP4B	ENSG00000109452	UMLS:C2239176	Liver Hepatocellular Carcinoma (validation)	validation	unprognostic	favorable	0.1745	Human Protein Atlas
HPA_LIHC_PROGNOSTIC:8826|tcga	8826	IQGAP1	ENSG00000140575	UMLS:C2239176	Liver Hepatocellular Carcinoma (TCGA)	tcga	unprognostic	unfavorable	0.0788	Human Protein Atlas
HPA_LIHC_PROGNOSTIC:8826|validation	8826	IQGAP1	ENSG00000140575	UMLS:C2239176	Liver Hepatocellular Carcinoma (validation)	validation	unprognostic	unfavorable	0.3191	Human Protein Atlas
HPA_LIHC_PROGNOSTIC:8835|tcga	8835	SOCS2	ENSG00000120833	UMLS:C2239176	Liver Hepatocellular Carcinoma (TCGA)	tcga	validated prognostic	favorable	9.126e-08	Human Protein Atlas
HPA_LIHC_PROGNOSTIC:8835|validation	8835	SOCS2	ENSG00000120833	UMLS:C2239176	Liver Hepatocellular Carcinoma (validation)	validation	validated prognostic	favorable	0.000174	Human Protein Atlas
HPA_LIHC_PROGNOSTIC:8862|tcga	8862	APLN	ENSG00000171388	UMLS:C2239176	Liver Hepatocellular Carcinoma (TCGA)	tcga	unprognostic	unfavorable	0.001666	Human Protein Atlas
HPA_LIHC_PROGNOSTIC:8862|validation	8862	APLN	ENSG00000171388	UMLS:C2239176	Liver Hepatocellular Carcinoma (validation)	validation	unprognostic	unfavorable	0.08969	Human Protein Atlas
HPA_LIHC_PROGNOSTIC:8880|tcga	8880	FUBP1	ENSG00000162613	UMLS:C2239176	Liver Hepatocellular Carcinoma (TCGA)	tcga	potential prognostic	unfavorable	2.247e-07	Human Protein Atlas
HPA_LIHC_PROGNOSTIC:8880|validation	8880	FUBP1	ENSG00000162613	UMLS:C2239176	Liver Hepatocellular Carcinoma (validation)	validation	unprognostic	unfavorable	0.2223	Human Protein Atlas
HPA_LIHC_PROGNOSTIC:891|tcga	891	CCNB1	ENSG00000134057	UMLS:C2239176	Liver Hepatocellular Carcinoma (TCGA)	tcga	validated prognostic	unfavorable	1.008e-08	Human Protein Atlas
HPA_LIHC_PROGNOSTIC:891|validation	891	CCNB1	ENSG00000134057	UMLS:C2239176	Liver Hepatocellular Carcinoma (validation)	validation	validated prognostic	unfavorable	9.801e-09	Human Protein Atlas
HPA_LIHC_PROGNOSTIC:894|validation	894	CCND2	ENSG00000118971	UMLS:C2239176	Liver Hepatocellular Carcinoma (validation)	validation	unprognostic	favorable	0.01424	Human Protein Atlas
HPA_LIHC_PROGNOSTIC:898|tcga	898	CCNE1	ENSG00000105173	UMLS:C2239176	Liver Hepatocellular Carcinoma (TCGA)	tcga	validated prognostic	unfavorable	0.000134	Human Protein Atlas
HPA_LIHC_PROGNOSTIC:898|validation	898	CCNE1	ENSG00000105173	UMLS:C2239176	Liver Hepatocellular Carcinoma (validation)	validation	validated prognostic	unfavorable	0.0002756	Human Protein Atlas
HPA_LIHC_PROGNOSTIC:899|tcga	899	CCNF	ENSG00000162063	UMLS:C2239176	Liver Hepatocellular Carcinoma (TCGA)	tcga	validated prognostic	unfavorable	9.57e-07	Human Protein Atlas
HPA_LIHC_PROGNOSTIC:899|validation	899	CCNF	ENSG00000162063	UMLS:C2239176	Liver Hepatocellular Carcinoma (validation)	validation	validated prognostic	unfavorable	4.823e-05	Human Protein Atlas
HPA_LIHC_PROGNOSTIC:900|tcga	900	CCNG1	ENSG00000113328	UMLS:C2239176	Liver Hepatocellular Carcinoma (TCGA)	tcga	unprognostic	unfavorable	0.1782	Human Protein Atlas
HPA_LIHC_PROGNOSTIC:900|validation	900	CCNG1	ENSG00000113328	UMLS:C2239176	Liver Hepatocellular Carcinoma (validation)	validation	unprognostic	unfavorable	0.04733	Human Protein Atlas
HPA_LIHC_PROGNOSTIC:9021|tcga	9021	SOCS3	ENSG00000184557	UMLS:C2239176	Liver Hepatocellular Carcinoma (TCGA)	tcga	unprognostic	unfavorable	0.1097	Human Protein Atlas
HPA_LIHC_PROGNOSTIC:9021|validation	9021	SOCS3	ENSG00000184557	UMLS:C2239176	Liver Hepatocellular Carcinoma (validation)	validation	unprognostic	favorable	0.09051	Human Protein Atlas
HPA_LIHC_PROGNOSTIC:9043|tcga	9043	SPAG9	ENSG00000008294	UMLS:C2239176	Liver Hepatocellular Carcinoma (TCGA)	tcga	unprognostic	unfavorable	0.11	Human Protein Atlas
HPA_LIHC_PROGNOSTIC:9043|validation	9043	SPAG9	ENSG00000008294	UMLS:C2239176	Liver Hepatocellular Carcinoma (validation)	validation	unprognostic	unfavorable	0.01275	Human Protein Atlas
HPA_LIHC_PROGNOSTIC:9055|tcga	9055	PRC1	ENSG00000198901	UMLS:C2239176	Liver Hepatocellular Carcinoma (TCGA)	tcga	validated prognostic	unfavorable	7.19e-05	Human Protein Atlas
HPA_LIHC_PROGNOSTIC:9055|validation	9055	PRC1	ENSG00000198901	UMLS:C2239176	Liver Hepatocellular Carcinoma (validation)	validation	validated prognostic	unfavorable	1.274e-07	Human Protein Atlas
HPA_LIHC_PROGNOSTIC:9077|tcga	9077	DIRAS3	ENSG00000162595	UMLS:C2239176	Liver Hepatocellular Carcinoma (TCGA)	tcga	unprognostic	favorable	0.07218	Human Protein Atlas
HPA_LIHC_PROGNOSTIC:9077|validation	9077	DIRAS3	ENSG00000162595	UMLS:C2239176	Liver Hepatocellular Carcinoma (validation)	validation	unprognostic	favorable	0.002691	Human Protein Atlas
HPA_LIHC_PROGNOSTIC:9088|tcga	9088	PKMYT1	ENSG00000127564	UMLS:C2239176	Liver Hepatocellular Carcinoma (TCGA)	tcga	validated prognostic	unfavorable	0.000335	Human Protein Atlas
HPA_LIHC_PROGNOSTIC:9088|validation	9088	PKMYT1	ENSG00000127564	UMLS:C2239176	Liver Hepatocellular Carcinoma (validation)	validation	validated prognostic	unfavorable	3.711e-06	Human Protein Atlas
HPA_LIHC_PROGNOSTIC:9099|tcga	9099	USP2	ENSG00000036672	UMLS:C2239176	Liver Hepatocellular Carcinoma (TCGA)	tcga	unprognostic	favorable	0.2571	Human Protein Atlas
HPA_LIHC_PROGNOSTIC:9099|validation	9099	USP2	ENSG00000036672	UMLS:C2239176	Liver Hepatocellular Carcinoma (validation)	validation	unprognostic	favorable	0.003292	Human Protein Atlas
HPA_LIHC_PROGNOSTIC:9104|tcga	9104	RGN	ENSG00000130988	UMLS:C2239176	Liver Hepatocellular Carcinoma (TCGA)	tcga	unprognostic	favorable	0.00111	Human Protein Atlas
HPA_LIHC_PROGNOSTIC:9104|validation	9104	RGN	ENSG00000130988	UMLS:C2239176	Liver Hepatocellular Carcinoma (validation)	validation	potential prognostic	favorable	0.0002553	Human Protein Atlas
HPA_LIHC_PROGNOSTIC:91147|validation	91147	TMEM67	ENSG00000164953	UMLS:C2239176	Liver Hepatocellular Carcinoma (validation)	validation	unprognostic	unfavorable	0.1101	Human Protein Atlas
HPA_LIHC_PROGNOSTIC:9126|tcga	9126	SMC3	ENSG00000108055	UMLS:C2239176	Liver Hepatocellular Carcinoma (TCGA)	tcga	unprognostic	unfavorable	0.002253	Human Protein Atlas
HPA_LIHC_PROGNOSTIC:9126|validation	9126	SMC3	ENSG00000108055	UMLS:C2239176	Liver Hepatocellular Carcinoma (validation)	validation	unprognostic	unfavorable	0.002206	Human Protein Atlas
HPA_LIHC_PROGNOSTIC:9133|tcga	9133	CCNB2	ENSG00000157456	UMLS:C2239176	Liver Hepatocellular Carcinoma (TCGA)	tcga	validated prognostic	unfavorable	7.258e-05	Human Protein Atlas
HPA_LIHC_PROGNOSTIC:9133|validation	9133	CCNB2	ENSG00000157456	UMLS:C2239176	Liver Hepatocellular Carcinoma (validation)	validation	validated prognostic	unfavorable	1.075e-07	Human Protein Atlas
HPA_LIHC_PROGNOSTIC:9156|tcga	9156	EXO1	ENSG00000174371	UMLS:C2239176	Liver Hepatocellular Carcinoma (TCGA)	tcga	validated prognostic	unfavorable	1.012e-05	Human Protein Atlas
HPA_LIHC_PROGNOSTIC:9156|validation	9156	EXO1	ENSG00000174371	UMLS:C2239176	Liver Hepatocellular Carcinoma (validation)	validation	validated prognostic	unfavorable	3.439e-07	Human Protein Atlas
HPA_LIHC_PROGNOSTIC:91937|validation	91937	TIMD4	ENSG00000145850	UMLS:C2239176	Liver Hepatocellular Carcinoma (validation)	validation	unprognostic	favorable	0.05865	Human Protein Atlas
HPA_LIHC_PROGNOSTIC:9212|tcga	9212	AURKB	ENSG00000178999	UMLS:C2239176	Liver Hepatocellular Carcinoma (TCGA)	tcga	validated prognostic	unfavorable	3.332e-05	Human Protein Atlas
HPA_LIHC_PROGNOSTIC:9212|validation	9212	AURKB	ENSG00000178999	UMLS:C2239176	Liver Hepatocellular Carcinoma (validation)	validation	validated prognostic	unfavorable	1.198e-08	Human Protein Atlas
HPA_LIHC_PROGNOSTIC:92140|tcga	92140	MTDH	ENSG00000147649	UMLS:C2239176	Liver Hepatocellular Carcinoma (TCGA)	tcga	unprognostic	unfavorable	0.06457	Human Protein Atlas
HPA_LIHC_PROGNOSTIC:92140|validation	92140	MTDH	ENSG00000147649	UMLS:C2239176	Liver Hepatocellular Carcinoma (validation)	validation	potential prognostic	unfavorable	0.0009242	Human Protein Atlas
HPA_LIHC_PROGNOSTIC:922|tcga	922	CD5L	ENSG00000073754	UMLS:C2239176	Liver Hepatocellular Carcinoma (TCGA)	tcga	potential prognostic	favorable	3.919e-05	Human Protein Atlas
HPA_LIHC_PROGNOSTIC:922|validation	922	CD5L	ENSG00000073754	UMLS:C2239176	Liver Hepatocellular Carcinoma (validation)	validation	unprognostic	favorable	0.02693	Human Protein Atlas
HPA_LIHC_PROGNOSTIC:9232|tcga	9232	PTTG1	ENSG00000164611	UMLS:C2239176	Liver Hepatocellular Carcinoma (TCGA)	tcga	validated prognostic	unfavorable	3.519e-08	Human Protein Atlas
HPA_LIHC_PROGNOSTIC:9232|validation	9232	PTTG1	ENSG00000164611	UMLS:C2239176	Liver Hepatocellular Carcinoma (validation)	validation	validated prognostic	unfavorable	1.003e-09	Human Protein Atlas
HPA_LIHC_PROGNOSTIC:928|tcga	928	CD9	ENSG00000010278	UMLS:C2239176	Liver Hepatocellular Carcinoma (TCGA)	tcga	unprognostic	unfavorable	0.07211	Human Protein Atlas
HPA_LIHC_PROGNOSTIC:928|validation	928	CD9	ENSG00000010278	UMLS:C2239176	Liver Hepatocellular Carcinoma (validation)	validation	unprognostic	unfavorable	0.03132	Human Protein Atlas
HPA_LIHC_PROGNOSTIC:929|tcga	929	CD14	ENSG00000170458	UMLS:C2239176	Liver Hepatocellular Carcinoma (TCGA)	tcga	unprognostic	favorable	0.002782	Human Protein Atlas
HPA_LIHC_PROGNOSTIC:929|validation	929	CD14	ENSG00000170458	UMLS:C2239176	Liver Hepatocellular Carcinoma (validation)	validation	potential prognostic	favorable	5.221e-05	Human Protein Atlas
HPA_LIHC_PROGNOSTIC:9314|tcga	9314	KLF4	ENSG00000136826	UMLS:C2239176	Liver Hepatocellular Carcinoma (TCGA)	tcga	unprognostic	unfavorable	0.04456	Human Protein Atlas
HPA_LIHC_PROGNOSTIC:9314|validation	9314	KLF4	ENSG00000136826	UMLS:C2239176	Liver Hepatocellular Carcinoma (validation)	validation	unprognostic	unfavorable	0.04964	Human Protein Atlas
HPA_LIHC_PROGNOSTIC:9319|tcga	9319	TRIP13	ENSG00000071539	UMLS:C2239176	Liver Hepatocellular Carcinoma (TCGA)	tcga	validated prognostic	unfavorable	7.559e-07	Human Protein Atlas
HPA_LIHC_PROGNOSTIC:9319|validation	9319	TRIP13	ENSG00000071539	UMLS:C2239176	Liver Hepatocellular Carcinoma (validation)	validation	validated prognostic	unfavorable	3.291e-09	Human Protein Atlas
HPA_LIHC_PROGNOSTIC:9332|tcga	9332	CD163	ENSG00000177575	UMLS:C2239176	Liver Hepatocellular Carcinoma (TCGA)	tcga	unprognostic	unfavorable	0.1836	Human Protein Atlas
HPA_LIHC_PROGNOSTIC:9332|validation	9332	CD163	ENSG00000177575	UMLS:C2239176	Liver Hepatocellular Carcinoma (validation)	validation	unprognostic	favorable	0.03708	Human Protein Atlas
HPA_LIHC_PROGNOSTIC:9343|tcga	9343	EFTUD2	ENSG00000108883	UMLS:C2239176	Liver Hepatocellular Carcinoma (TCGA)	tcga	validated prognostic	unfavorable	3.434e-05	Human Protein Atlas
HPA_LIHC_PROGNOSTIC:9343|validation	9343	EFTUD2	ENSG00000108883	UMLS:C2239176	Liver Hepatocellular Carcinoma (validation)	validation	validated prognostic	unfavorable	7.069e-05	Human Protein Atlas
HPA_LIHC_PROGNOSTIC:9353|validation	9353	SLIT2	ENSG00000145147	UMLS:C2239176	Liver Hepatocellular Carcinoma (validation)	validation	unprognostic	favorable	0.1002	Human Protein Atlas
HPA_LIHC_PROGNOSTIC:9448|tcga	9448	MAP4K4	ENSG00000071054	UMLS:C2239176	Liver Hepatocellular Carcinoma (TCGA)	tcga	unprognostic	unfavorable	0.005804	Human Protein Atlas
HPA_LIHC_PROGNOSTIC:9448|validation	9448	MAP4K4	ENSG00000071054	UMLS:C2239176	Liver Hepatocellular Carcinoma (validation)	validation	unprognostic	unfavorable	0.02201	Human Protein Atlas
HPA_LIHC_PROGNOSTIC:9474|tcga	9474	ATG5	ENSG00000057663	UMLS:C2239176	Liver Hepatocellular Carcinoma (TCGA)	tcga	unprognostic	unfavorable	0.04695	Human Protein Atlas
HPA_LIHC_PROGNOSTIC:9474|validation	9474	ATG5	ENSG00000057663	UMLS:C2239176	Liver Hepatocellular Carcinoma (validation)	validation	unprognostic	unfavorable	0.00193	Human Protein Atlas
HPA_LIHC_PROGNOSTIC:947|tcga	947	CD34	ENSG00000174059	UMLS:C2239176	Liver Hepatocellular Carcinoma (TCGA)	tcga	unprognostic	favorable	0.009775	Human Protein Atlas
HPA_LIHC_PROGNOSTIC:947|validation	947	CD34	ENSG00000174059	UMLS:C2239176	Liver Hepatocellular Carcinoma (validation)	validation	unprognostic	favorable	0.003328	Human Protein Atlas
HPA_LIHC_PROGNOSTIC:9493|tcga	9493	KIF23	ENSG00000137807	UMLS:C2239176	Liver Hepatocellular Carcinoma (TCGA)	tcga	validated prognostic	unfavorable	9.798e-06	Human Protein Atlas
HPA_LIHC_PROGNOSTIC:9493|validation	9493	KIF23	ENSG00000137807	UMLS:C2239176	Liver Hepatocellular Carcinoma (validation)	validation	validated prognostic	unfavorable	6.19e-07	Human Protein Atlas
HPA_LIHC_PROGNOSTIC:949|tcga	949	SCARB1	ENSG00000073060	UMLS:C2239176	Liver Hepatocellular Carcinoma (TCGA)	tcga	unprognostic	unfavorable	0.08241	Human Protein Atlas
HPA_LIHC_PROGNOSTIC:949|validation	949	SCARB1	ENSG00000073060	UMLS:C2239176	Liver Hepatocellular Carcinoma (validation)	validation	unprognostic	unfavorable	0.04833	Human Protein Atlas
HPA_LIHC_PROGNOSTIC:9510|tcga	9510	ADAMTS1	ENSG00000154734	UMLS:C2239176	Liver Hepatocellular Carcinoma (TCGA)	tcga	unprognostic	favorable	0.1179	Human Protein Atlas
HPA_LIHC_PROGNOSTIC:9510|validation	9510	ADAMTS1	ENSG00000154734	UMLS:C2239176	Liver Hepatocellular Carcinoma (validation)	validation	unprognostic	favorable	0.001433	Human Protein Atlas
HPA_LIHC_PROGNOSTIC:9518|tcga	9518	GDF15	ENSG00000130513	UMLS:C2239176	Liver Hepatocellular Carcinoma (TCGA)	tcga	unprognostic	unfavorable	0.003379	Human Protein Atlas
HPA_LIHC_PROGNOSTIC:9518|validation	9518	GDF15	ENSG00000130513	UMLS:C2239176	Liver Hepatocellular Carcinoma (validation)	validation	unprognostic	unfavorable	0.01753	Human Protein Atlas
HPA_LIHC_PROGNOSTIC:9547|tcga	9547	CXCL14	ENSG00000145824	UMLS:C2239176	Liver Hepatocellular Carcinoma (TCGA)	tcga	unprognostic	unfavorable	0.07146	Human Protein Atlas
HPA_LIHC_PROGNOSTIC:9547|validation	9547	CXCL14	ENSG00000145824	UMLS:C2239176	Liver Hepatocellular Carcinoma (validation)	validation	unprognostic	favorable	0.03312	Human Protein Atlas
HPA_LIHC_PROGNOSTIC:9588|tcga	9588	PRDX6	ENSG00000117592	UMLS:C2239176	Liver Hepatocellular Carcinoma (TCGA)	tcga	unprognostic	unfavorable	0.004198	Human Protein Atlas
HPA_LIHC_PROGNOSTIC:9588|validation	9588	PRDX6	ENSG00000117592	UMLS:C2239176	Liver Hepatocellular Carcinoma (validation)	validation	unprognostic	favorable	0.2505	Human Protein Atlas
HPA_LIHC_PROGNOSTIC:9592|tcga	9592	IER2	ENSG00000160888	UMLS:C2239176	Liver Hepatocellular Carcinoma (TCGA)	tcga	unprognostic	favorable	0.2712	Human Protein Atlas
HPA_LIHC_PROGNOSTIC:9592|validation	9592	IER2	ENSG00000160888	UMLS:C2239176	Liver Hepatocellular Carcinoma (validation)	validation	unprognostic	favorable	0.005519	Human Protein Atlas
HPA_LIHC_PROGNOSTIC:9636|tcga	9636	ISG15	ENSG00000187608	UMLS:C2239176	Liver Hepatocellular Carcinoma (TCGA)	tcga	unprognostic	unfavorable	0.004459	Human Protein Atlas
HPA_LIHC_PROGNOSTIC:9636|validation	9636	ISG15	ENSG00000187608	UMLS:C2239176	Liver Hepatocellular Carcinoma (validation)	validation	unprognostic	favorable	0.1844	Human Protein Atlas
HPA_LIHC_PROGNOSTIC:9645|tcga	9645	MICAL2	ENSG00000133816	UMLS:C2239176	Liver Hepatocellular Carcinoma (TCGA)	tcga	unprognostic	unfavorable	0.1506	Human Protein Atlas
HPA_LIHC_PROGNOSTIC:9645|validation	9645	MICAL2	ENSG00000133816	UMLS:C2239176	Liver Hepatocellular Carcinoma (validation)	validation	unprognostic	favorable	0.006348	Human Protein Atlas
HPA_LIHC_PROGNOSTIC:9681|tcga	9681	DEPDC5	ENSG00000100150	UMLS:C2239176	Liver Hepatocellular Carcinoma (TCGA)	tcga	unprognostic	favorable	0.2508	Human Protein Atlas
HPA_LIHC_PROGNOSTIC:9681|validation	9681	DEPDC5	ENSG00000100150	UMLS:C2239176	Liver Hepatocellular Carcinoma (validation)	validation	unprognostic	favorable	0.02212	Human Protein Atlas
HPA_LIHC_PROGNOSTIC:9757|tcga	9757	KMT2B	ENSG00000272333	UMLS:C2239176	Liver Hepatocellular Carcinoma (TCGA)	tcga	unprognostic	unfavorable	0.004167	Human Protein Atlas
HPA_LIHC_PROGNOSTIC:9768|tcga	9768	PCLAF	ENSG00000166803	UMLS:C2239176	Liver Hepatocellular Carcinoma (TCGA)	tcga	potential prognostic	unfavorable	1.085e-05	Human Protein Atlas
HPA_LIHC_PROGNOSTIC:9787|tcga	9787	DLGAP5	ENSG00000126787	UMLS:C2239176	Liver Hepatocellular Carcinoma (TCGA)	tcga	validated prognostic	unfavorable	5.638e-06	Human Protein Atlas
HPA_LIHC_PROGNOSTIC:9787|validation	9787	DLGAP5	ENSG00000126787	UMLS:C2239176	Liver Hepatocellular Carcinoma (validation)	validation	validated prognostic	unfavorable	9.298e-09	Human Protein Atlas
HPA_LIHC_PROGNOSTIC:9824|tcga	9824	ARHGAP11A	ENSG00000198826	UMLS:C2239176	Liver Hepatocellular Carcinoma (TCGA)	tcga	unprognostic	unfavorable	0.003965	Human Protein Atlas
HPA_LIHC_PROGNOSTIC:9824|validation	9824	ARHGAP11A	ENSG00000198826	UMLS:C2239176	Liver Hepatocellular Carcinoma (validation)	validation	potential prognostic	unfavorable	1.581e-05	Human Protein Atlas
HPA_LIHC_PROGNOSTIC:9829|tcga	9829	DNAJC6	ENSG00000116675	UMLS:C2239176	Liver Hepatocellular Carcinoma (TCGA)	tcga	potential prognostic	unfavorable	0.000502	Human Protein Atlas
HPA_LIHC_PROGNOSTIC:9829|validation	9829	DNAJC6	ENSG00000116675	UMLS:C2239176	Liver Hepatocellular Carcinoma (validation)	validation	unprognostic	unfavorable	0.03409	Human Protein Atlas
HPA_LIHC_PROGNOSTIC:9833|tcga	9833	MELK	ENSG00000165304	UMLS:C2239176	Liver Hepatocellular Carcinoma (TCGA)	tcga	validated prognostic	unfavorable	8.634e-07	Human Protein Atlas
HPA_LIHC_PROGNOSTIC:9833|validation	9833	MELK	ENSG00000165304	UMLS:C2239176	Liver Hepatocellular Carcinoma (validation)	validation	validated prognostic	unfavorable	6.822e-06	Human Protein Atlas
HPA_LIHC_PROGNOSTIC:9837|tcga	9837	GINS1	ENSG00000101003	UMLS:C2239176	Liver Hepatocellular Carcinoma (TCGA)	tcga	validated prognostic	unfavorable	3.072e-07	Human Protein Atlas
HPA_LIHC_PROGNOSTIC:9837|validation	9837	GINS1	ENSG00000101003	UMLS:C2239176	Liver Hepatocellular Carcinoma (validation)	validation	validated prognostic	unfavorable	3.445e-07	Human Protein Atlas
HPA_LIHC_PROGNOSTIC:983|tcga	983	CDK1	ENSG00000170312	UMLS:C2239176	Liver Hepatocellular Carcinoma (TCGA)	tcga	validated prognostic	unfavorable	2.851e-07	Human Protein Atlas
HPA_LIHC_PROGNOSTIC:983|validation	983	CDK1	ENSG00000170312	UMLS:C2239176	Liver Hepatocellular Carcinoma (validation)	validation	validated prognostic	unfavorable	4.811e-07	Human Protein Atlas
HPA_LIHC_PROGNOSTIC:990|tcga	990	CDC6	ENSG00000094804	UMLS:C2239176	Liver Hepatocellular Carcinoma (TCGA)	tcga	validated prognostic	unfavorable	4.454e-06	Human Protein Atlas
HPA_LIHC_PROGNOSTIC:990|validation	990	CDC6	ENSG00000094804	UMLS:C2239176	Liver Hepatocellular Carcinoma (validation)	validation	validated prognostic	unfavorable	6.255e-09	Human Protein Atlas
HPA_LIHC_PROGNOSTIC:991|tcga	991	CDC20	ENSG00000117399	UMLS:C2239176	Liver Hepatocellular Carcinoma (TCGA)	tcga	validated prognostic	unfavorable	1.659e-08	Human Protein Atlas
HPA_LIHC_PROGNOSTIC:991|validation	991	CDC20	ENSG00000117399	UMLS:C2239176	Liver Hepatocellular Carcinoma (validation)	validation	validated prognostic	unfavorable	9.253e-09	Human Protein Atlas
HPA_LIHC_PROGNOSTIC:9920|validation	9920	KBTBD11	ENSG00000176595	UMLS:C2239176	Liver Hepatocellular Carcinoma (validation)	validation	potential prognostic	favorable	0.0002815	Human Protein Atlas
HPA_LIHC_PROGNOSTIC:9928|validation	9928	KIF14	ENSG00000118193	UMLS:C2239176	Liver Hepatocellular Carcinoma (validation)	validation	potential prognostic	unfavorable	0.0006039	Human Protein Atlas
HPA_LIHC_PROGNOSTIC:995|tcga	995	CDC25C	ENSG00000158402	UMLS:C2239176	Liver Hepatocellular Carcinoma (TCGA)	tcga	validated prognostic	unfavorable	2.26e-07	Human Protein Atlas
HPA_LIHC_PROGNOSTIC:995|validation	995	CDC25C	ENSG00000158402	UMLS:C2239176	Liver Hepatocellular Carcinoma (validation)	validation	validated prognostic	unfavorable	6.283e-08	Human Protein Atlas
HPA_LIHC_PROGNOSTIC:9965|tcga	9965	FGF19	ENSG00000162344	UMLS:C2239176	Liver Hepatocellular Carcinoma (TCGA)	tcga	unprognostic	unfavorable	0.06174	Human Protein Atlas
HPA_LIHC_PROGNOSTIC:9965|validation	9965	FGF19	ENSG00000162344	UMLS:C2239176	Liver Hepatocellular Carcinoma (validation)	validation	unprognostic	favorable	0.1068	Human Protein Atlas
HPA_LIHC_PROGNOSTIC:9971|tcga	9971	NR1H4	ENSG00000012504	UMLS:C2239176	Liver Hepatocellular Carcinoma (TCGA)	tcga	unprognostic	unfavorable	0.1585	Human Protein Atlas
HPA_LIHC_PROGNOSTIC:9971|validation	9971	NR1H4	ENSG00000012504	UMLS:C2239176	Liver Hepatocellular Carcinoma (validation)	validation	unprognostic	favorable	0.07803	Human Protein Atlas
HPA_LIHC_PROGNOSTIC:999|tcga	999	CDH1	ENSG00000039068	UMLS:C2239176	Liver Hepatocellular Carcinoma (TCGA)	tcga	unprognostic	favorable	0.02036	Human Protein Atlas
HPA_LIHC_PROGNOSTIC:999|validation	999	CDH1	ENSG00000039068	UMLS:C2239176	Liver Hepatocellular Carcinoma (validation)	validation	unprognostic	favorable	0.09352	Human Protein Atlas
