relationship_id	gene_id	gene_symbol	mapping_identifier	pathway_id	reactome_stable_id	evidence_code	source
REACTOME_PARTICIPATION:10056|R-HSA-379716	10056	FARSB	ENSG00000116120	Reactome:R-HSA-379716	R-HSA-379716	TAS	Reactome
REACTOME_PARTICIPATION:10111|R-HSA-2559586	10111	RAD50	ENSG00000113522	Reactome:R-HSA-2559586	R-HSA-2559586	TAS	Reactome
REACTOME_PARTICIPATION:10111|R-HSA-5685938	10111	RAD50	ENSG00000113522	Reactome:R-HSA-5685938	R-HSA-5685938	TAS	Reactome
REACTOME_PARTICIPATION:10111|R-HSA-5685939	10111	RAD50	ENSG00000113522	Reactome:R-HSA-5685939	R-HSA-5685939	TAS	Reactome
REACTOME_PARTICIPATION:10111|R-HSA-5685942	10111	RAD50	ENSG00000113522	Reactome:R-HSA-5685942	R-HSA-5685942	TAS	Reactome
REACTOME_PARTICIPATION:10111|R-HSA-5693548	10111	RAD50	ENSG00000113522	Reactome:R-HSA-5693548	R-HSA-5693548	TAS	Reactome
REACTOME_PARTICIPATION:10111|R-HSA-5693554	10111	RAD50	ENSG00000113522	Reactome:R-HSA-5693554	R-HSA-5693554	TAS	Reactome
REACTOME_PARTICIPATION:10111|R-HSA-5693565	10111	RAD50	ENSG00000113522	Reactome:R-HSA-5693565	R-HSA-5693565	TAS	Reactome
REACTOME_PARTICIPATION:10111|R-HSA-5693568	10111	RAD50	ENSG00000113522	Reactome:R-HSA-5693568	R-HSA-5693568	TAS	Reactome
REACTOME_PARTICIPATION:10111|R-HSA-5693571	10111	RAD50	ENSG00000113522	Reactome:R-HSA-5693571	R-HSA-5693571	TAS	Reactome
REACTOME_PARTICIPATION:10111|R-HSA-5693579	10111	RAD50	ENSG00000113522	Reactome:R-HSA-5693579	R-HSA-5693579	TAS	Reactome
REACTOME_PARTICIPATION:10111|R-HSA-5693607	10111	RAD50	ENSG00000113522	Reactome:R-HSA-5693607	R-HSA-5693607	TAS	Reactome
REACTOME_PARTICIPATION:10111|R-HSA-5693616	10111	RAD50	ENSG00000113522	Reactome:R-HSA-5693616	R-HSA-5693616	TAS	Reactome
REACTOME_PARTICIPATION:10111|R-HSA-6804756	10111	RAD50	ENSG00000113522	Reactome:R-HSA-6804756	R-HSA-6804756	TAS	Reactome
REACTOME_PARTICIPATION:10111|R-HSA-69473	10111	RAD50	ENSG00000113522	Reactome:R-HSA-69473	R-HSA-69473	TAS	Reactome
REACTOME_PARTICIPATION:10111|R-HSA-912446	10111	RAD50	ENSG00000113522	Reactome:R-HSA-912446	R-HSA-912446	IEA	Reactome
REACTOME_PARTICIPATION:10111|R-HSA-9701192	10111	RAD50	ENSG00000113522	Reactome:R-HSA-9701192	R-HSA-9701192	TAS	Reactome
REACTOME_PARTICIPATION:10111|R-HSA-9704331	10111	RAD50	ENSG00000113522	Reactome:R-HSA-9704331	R-HSA-9704331	TAS	Reactome
REACTOME_PARTICIPATION:10111|R-HSA-9704646	10111	RAD50	ENSG00000113522	Reactome:R-HSA-9704646	R-HSA-9704646	TAS	Reactome
REACTOME_PARTICIPATION:10111|R-HSA-9709570	10111	RAD50	ENSG00000113522	Reactome:R-HSA-9709570	R-HSA-9709570	TAS	Reactome
REACTOME_PARTICIPATION:10111|R-HSA-9709603	10111	RAD50	ENSG00000113522	Reactome:R-HSA-9709603	R-HSA-9709603	TAS	Reactome
REACTOME_PARTICIPATION:10111|R-HSA-9976102	10111	RAD50	ENSG00000113522	Reactome:R-HSA-9976102	R-HSA-9976102	IEA	Reactome
REACTOME_PARTICIPATION:10112|R-HSA-2132295	10112	KIF20A	ENSG00000112984	Reactome:R-HSA-2132295	R-HSA-2132295	TAS	Reactome
REACTOME_PARTICIPATION:10112|R-HSA-6811434	10112	KIF20A	ENSG00000112984	Reactome:R-HSA-6811434	R-HSA-6811434	TAS	Reactome
REACTOME_PARTICIPATION:10112|R-HSA-68884	10112	KIF20A	ENSG00000112984	Reactome:R-HSA-68884	R-HSA-68884	TAS	Reactome
REACTOME_PARTICIPATION:10112|R-HSA-983189	10112	KIF20A	ENSG00000112984	Reactome:R-HSA-983189	R-HSA-983189	TAS	Reactome
REACTOME_PARTICIPATION:1012|R-HSA-418990	1012	CDH13	ENSG00000140945	Reactome:R-HSA-418990	R-HSA-418990	TAS	Reactome
REACTOME_PARTICIPATION:1019|R-HSA-187577	1019	CDK4	ENSG00000135446	Reactome:R-HSA-187577	R-HSA-187577	TAS	Reactome
REACTOME_PARTICIPATION:1019|R-HSA-2559580	1019	CDK4	ENSG00000135446	Reactome:R-HSA-2559580	R-HSA-2559580	TAS	Reactome
REACTOME_PARTICIPATION:1019|R-HSA-2559582	1019	CDK4	ENSG00000135446	Reactome:R-HSA-2559582	R-HSA-2559582	TAS	Reactome
REACTOME_PARTICIPATION:1019|R-HSA-2559585	1019	CDK4	ENSG00000135446	Reactome:R-HSA-2559585	R-HSA-2559585	TAS	Reactome
REACTOME_PARTICIPATION:1019|R-HSA-3214858	1019	CDK4	ENSG00000135446	Reactome:R-HSA-3214858	R-HSA-3214858	TAS	Reactome
REACTOME_PARTICIPATION:1019|R-HSA-381340	1019	CDK4	ENSG00000135446	Reactome:R-HSA-381340	R-HSA-381340	TAS	Reactome
REACTOME_PARTICIPATION:1019|R-HSA-69231	1019	CDK4	ENSG00000135446	Reactome:R-HSA-69231	R-HSA-69231	TAS	Reactome
REACTOME_PARTICIPATION:1019|R-HSA-75815	1019	CDK4	ENSG00000135446	Reactome:R-HSA-75815	R-HSA-75815	IEA	Reactome
REACTOME_PARTICIPATION:1019|R-HSA-8849470	1019	CDK4	ENSG00000135446	Reactome:R-HSA-8849470	R-HSA-8849470	TAS	Reactome
REACTOME_PARTICIPATION:1019|R-HSA-8878166	1019	CDK4	ENSG00000135446	Reactome:R-HSA-8878166	R-HSA-8878166	TAS	Reactome
REACTOME_PARTICIPATION:1019|R-HSA-912446	1019	CDK4	ENSG00000135446	Reactome:R-HSA-912446	R-HSA-912446	IEA	Reactome
REACTOME_PARTICIPATION:1019|R-HSA-9616222	1019	CDK4	ENSG00000135446	Reactome:R-HSA-9616222	R-HSA-9616222	TAS	Reactome
REACTOME_PARTICIPATION:1019|R-HSA-9630791	1019	CDK4	ENSG00000135446	Reactome:R-HSA-9630791	R-HSA-9630791	TAS	Reactome
REACTOME_PARTICIPATION:1019|R-HSA-9630794	1019	CDK4	ENSG00000135446	Reactome:R-HSA-9630794	R-HSA-9630794	TAS	Reactome
REACTOME_PARTICIPATION:1019|R-HSA-9632697	1019	CDK4	ENSG00000135446	Reactome:R-HSA-9632697	R-HSA-9632697	TAS	Reactome
REACTOME_PARTICIPATION:1019|R-HSA-9632700	1019	CDK4	ENSG00000135446	Reactome:R-HSA-9632700	R-HSA-9632700	TAS	Reactome
REACTOME_PARTICIPATION:1019|R-HSA-9661069	1019	CDK4	ENSG00000135446	Reactome:R-HSA-9661069	R-HSA-9661069	TAS	Reactome
REACTOME_PARTICIPATION:1019|R-HSA-9754119	1019	CDK4	ENSG00000135446	Reactome:R-HSA-9754119	R-HSA-9754119	TAS	Reactome
REACTOME_PARTICIPATION:1019|R-HSA-9929491	1019	CDK4	ENSG00000135446	Reactome:R-HSA-9929491	R-HSA-9929491	TAS	Reactome
REACTOME_PARTICIPATION:10221|R-HSA-9031628	10221	TRIB1	ENSG00000173334	Reactome:R-HSA-9031628	R-HSA-9031628	IEA	Reactome
REACTOME_PARTICIPATION:10262|R-HSA-72163	10262	SF3B4	ENSG00000143368	Reactome:R-HSA-72163	R-HSA-72163	TAS	Reactome
REACTOME_PARTICIPATION:10262|R-HSA-72165	10262	SF3B4	ENSG00000143368	Reactome:R-HSA-72165	R-HSA-72165	TAS	Reactome
REACTOME_PARTICIPATION:10262|R-HSA-9770562	10262	SF3B4	ENSG00000143368	Reactome:R-HSA-9770562	R-HSA-9770562	TAS	Reactome
REACTOME_PARTICIPATION:10262|R-HSA-9918481	10262	SF3B4	ENSG00000143368	Reactome:R-HSA-9918481	R-HSA-9918481	TAS	Reactome
REACTOME_PARTICIPATION:10262|R-HSA-9943411	10262	SF3B4	ENSG00000143368	Reactome:R-HSA-9943411	R-HSA-9943411	TAS	Reactome
REACTOME_PARTICIPATION:1027|R-HSA-187577	1027	CDKN1B	ENSG00000111276	Reactome:R-HSA-187577	R-HSA-187577	TAS	Reactome
REACTOME_PARTICIPATION:1027|R-HSA-198323	1027	CDKN1B	ENSG00000111276	Reactome:R-HSA-198323	R-HSA-198323	TAS	Reactome
REACTOME_PARTICIPATION:1027|R-HSA-2559582	1027	CDKN1B	ENSG00000111276	Reactome:R-HSA-2559582	R-HSA-2559582	TAS	Reactome
REACTOME_PARTICIPATION:1027|R-HSA-2559586	1027	CDKN1B	ENSG00000111276	Reactome:R-HSA-2559586	R-HSA-2559586	TAS	Reactome
REACTOME_PARTICIPATION:1027|R-HSA-5625900	1027	CDKN1B	ENSG00000111276	Reactome:R-HSA-5625900	R-HSA-5625900	IEA	Reactome
REACTOME_PARTICIPATION:1027|R-HSA-5674400	1027	CDKN1B	ENSG00000111276	Reactome:R-HSA-5674400	R-HSA-5674400	TAS	Reactome
REACTOME_PARTICIPATION:1027|R-HSA-6804116	1027	CDKN1B	ENSG00000111276	Reactome:R-HSA-6804116	R-HSA-6804116	TAS	Reactome
REACTOME_PARTICIPATION:1027|R-HSA-69202	1027	CDKN1B	ENSG00000111276	Reactome:R-HSA-69202	R-HSA-69202	TAS	Reactome
REACTOME_PARTICIPATION:1027|R-HSA-69231	1027	CDKN1B	ENSG00000111276	Reactome:R-HSA-69231	R-HSA-69231	TAS	Reactome
REACTOME_PARTICIPATION:1027|R-HSA-69563	1027	CDKN1B	ENSG00000111276	Reactome:R-HSA-69563	R-HSA-69563	TAS	Reactome
REACTOME_PARTICIPATION:1027|R-HSA-69656	1027	CDKN1B	ENSG00000111276	Reactome:R-HSA-69656	R-HSA-69656	TAS	Reactome
REACTOME_PARTICIPATION:1027|R-HSA-8849470	1027	CDKN1B	ENSG00000111276	Reactome:R-HSA-8849470	R-HSA-8849470	TAS	Reactome
REACTOME_PARTICIPATION:1027|R-HSA-9607240	1027	CDKN1B	ENSG00000111276	Reactome:R-HSA-9607240	R-HSA-9607240	TAS	Reactome
REACTOME_PARTICIPATION:1027|R-HSA-9617828	1027	CDKN1B	ENSG00000111276	Reactome:R-HSA-9617828	R-HSA-9617828	IEA	Reactome
REACTOME_PARTICIPATION:1027|R-HSA-9634638	1027	CDKN1B	ENSG00000111276	Reactome:R-HSA-9634638	R-HSA-9634638	TAS	Reactome
REACTOME_PARTICIPATION:1027|R-HSA-9661069	1027	CDKN1B	ENSG00000111276	Reactome:R-HSA-9661069	R-HSA-9661069	TAS	Reactome
REACTOME_PARTICIPATION:10293|R-HSA-983168	10293	TRAIP	ENSG00000183763	Reactome:R-HSA-983168	R-HSA-983168	TAS	Reactome
REACTOME_PARTICIPATION:1029|R-HSA-111471	1029	CDKN2A	ENSG00000147889	Reactome:R-HSA-111471	R-HSA-111471	TAS	Reactome
REACTOME_PARTICIPATION:1029|R-HSA-2559580	1029	CDKN2A	ENSG00000147889	Reactome:R-HSA-2559580	R-HSA-2559580	TAS	Reactome
REACTOME_PARTICIPATION:1029|R-HSA-2559582	1029	CDKN2A	ENSG00000147889	Reactome:R-HSA-2559582	R-HSA-2559582	TAS	Reactome
REACTOME_PARTICIPATION:1029|R-HSA-2559585	1029	CDKN2A	ENSG00000147889	Reactome:R-HSA-2559585	R-HSA-2559585	TAS	Reactome
REACTOME_PARTICIPATION:1029|R-HSA-3108214	1029	CDKN2A	ENSG00000147889	Reactome:R-HSA-3108214	R-HSA-3108214	TAS	Reactome
REACTOME_PARTICIPATION:1029|R-HSA-3232118	1029	CDKN2A	ENSG00000147889	Reactome:R-HSA-3232118	R-HSA-3232118	TAS	Reactome
REACTOME_PARTICIPATION:1029|R-HSA-6804757	1029	CDKN2A	ENSG00000147889	Reactome:R-HSA-6804757	R-HSA-6804757	TAS	Reactome
REACTOME_PARTICIPATION:1029|R-HSA-69231	1029	CDKN2A	ENSG00000147889	Reactome:R-HSA-69231	R-HSA-69231	TAS	Reactome
REACTOME_PARTICIPATION:1029|R-HSA-69541	1029	CDKN2A	ENSG00000147889	Reactome:R-HSA-69541	R-HSA-69541	TAS	Reactome
REACTOME_PARTICIPATION:1029|R-HSA-8853884	1029	CDKN2A	ENSG00000147889	Reactome:R-HSA-8853884	R-HSA-8853884	TAS	Reactome
REACTOME_PARTICIPATION:1029|R-HSA-8941858	1029	CDKN2A	ENSG00000147889	Reactome:R-HSA-8941858	R-HSA-8941858	TAS	Reactome
REACTOME_PARTICIPATION:1029|R-HSA-8951936	1029	CDKN2A	ENSG00000147889	Reactome:R-HSA-8951936	R-HSA-8951936	TAS	Reactome
REACTOME_PARTICIPATION:1029|R-HSA-9630791	1029	CDKN2A	ENSG00000147889	Reactome:R-HSA-9630791	R-HSA-9630791	TAS	Reactome
REACTOME_PARTICIPATION:1029|R-HSA-9630794	1029	CDKN2A	ENSG00000147889	Reactome:R-HSA-9630794	R-HSA-9630794	TAS	Reactome
REACTOME_PARTICIPATION:1029|R-HSA-9632697	1029	CDKN2A	ENSG00000147889	Reactome:R-HSA-9632697	R-HSA-9632697	TAS	Reactome
REACTOME_PARTICIPATION:1029|R-HSA-9632700	1029	CDKN2A	ENSG00000147889	Reactome:R-HSA-9632700	R-HSA-9632700	TAS	Reactome
REACTOME_PARTICIPATION:1029|R-HSA-9645722	1029	CDKN2A	ENSG00000147889	Reactome:R-HSA-9645722	R-HSA-9645722	TAS	Reactome
REACTOME_PARTICIPATION:1029|R-HSA-9646303	1029	CDKN2A	ENSG00000147889	Reactome:R-HSA-9646303	R-HSA-9646303	TAS	Reactome
REACTOME_PARTICIPATION:1029|R-HSA-9646304	1029	CDKN2A	ENSG00000147889	Reactome:R-HSA-9646304	R-HSA-9646304	TAS	Reactome
REACTOME_PARTICIPATION:1029|R-HSA-9759194	1029	CDKN2A	ENSG00000147889	Reactome:R-HSA-9759194	R-HSA-9759194	TAS	Reactome
REACTOME_PARTICIPATION:1029|R-HSA-9825892	1029	CDKN2A	ENSG00000147889	Reactome:R-HSA-9825892	R-HSA-9825892	TAS	Reactome
REACTOME_PARTICIPATION:1030|R-HSA-2173796	1030	CDKN2B	ENSG00000147883	Reactome:R-HSA-2173796	R-HSA-2173796	TAS	Reactome
REACTOME_PARTICIPATION:1030|R-HSA-2559580	1030	CDKN2B	ENSG00000147883	Reactome:R-HSA-2559580	R-HSA-2559580	TAS	Reactome
REACTOME_PARTICIPATION:1030|R-HSA-2559582	1030	CDKN2B	ENSG00000147883	Reactome:R-HSA-2559582	R-HSA-2559582	TAS	Reactome
REACTOME_PARTICIPATION:1030|R-HSA-2559585	1030	CDKN2B	ENSG00000147883	Reactome:R-HSA-2559585	R-HSA-2559585	TAS	Reactome
REACTOME_PARTICIPATION:1030|R-HSA-69231	1030	CDKN2B	ENSG00000147883	Reactome:R-HSA-69231	R-HSA-69231	TAS	Reactome
REACTOME_PARTICIPATION:1031|R-HSA-2559580	1031	CDKN2C	ENSG00000123080	Reactome:R-HSA-2559580	R-HSA-2559580	TAS	Reactome
REACTOME_PARTICIPATION:1031|R-HSA-2559582	1031	CDKN2C	ENSG00000123080	Reactome:R-HSA-2559582	R-HSA-2559582	TAS	Reactome
REACTOME_PARTICIPATION:1031|R-HSA-2559585	1031	CDKN2C	ENSG00000123080	Reactome:R-HSA-2559585	R-HSA-2559585	TAS	Reactome
REACTOME_PARTICIPATION:1031|R-HSA-69231	1031	CDKN2C	ENSG00000123080	Reactome:R-HSA-69231	R-HSA-69231	TAS	Reactome
REACTOME_PARTICIPATION:10327|R-HSA-156590	10327	AKR1A1	ENSG00000117448	Reactome:R-HSA-156590	R-HSA-156590	TAS	Reactome
REACTOME_PARTICIPATION:10327|R-HSA-5661270	10327	AKR1A1	ENSG00000117448	Reactome:R-HSA-5661270	R-HSA-5661270	TAS	Reactome
REACTOME_PARTICIPATION:10332|R-HSA-9833110	10332	CLEC4M	ENSG00000104938	Reactome:R-HSA-9833110	R-HSA-9833110	TAS	Reactome
REACTOME_PARTICIPATION:103|R-HSA-75102	103	ADAR	ENSG00000160710	Reactome:R-HSA-75102	R-HSA-75102	TAS	Reactome
REACTOME_PARTICIPATION:103|R-HSA-77042	103	ADAR	ENSG00000160710	Reactome:R-HSA-77042	R-HSA-77042	TAS	Reactome
REACTOME_PARTICIPATION:103|R-HSA-909733	103	ADAR	ENSG00000160710	Reactome:R-HSA-909733	R-HSA-909733	TAS	Reactome
REACTOME_PARTICIPATION:103|R-HSA-9833482	103	ADAR	ENSG00000160710	Reactome:R-HSA-9833482	R-HSA-9833482	TAS	Reactome
REACTOME_PARTICIPATION:10400|R-HSA-1483191	10400	PEMT	ENSG00000133027	Reactome:R-HSA-1483191	R-HSA-1483191	TAS	Reactome
REACTOME_PARTICIPATION:10403|R-HSA-141444	10403	NDC80	ENSG00000080986	Reactome:R-HSA-141444	R-HSA-141444	TAS	Reactome
REACTOME_PARTICIPATION:10403|R-HSA-2467813	10403	NDC80	ENSG00000080986	Reactome:R-HSA-2467813	R-HSA-2467813	TAS	Reactome
REACTOME_PARTICIPATION:10403|R-HSA-2500257	10403	NDC80	ENSG00000080986	Reactome:R-HSA-2500257	R-HSA-2500257	TAS	Reactome
REACTOME_PARTICIPATION:10403|R-HSA-5663220	10403	NDC80	ENSG00000080986	Reactome:R-HSA-5663220	R-HSA-5663220	TAS	Reactome
REACTOME_PARTICIPATION:10403|R-HSA-68877	10403	NDC80	ENSG00000080986	Reactome:R-HSA-68877	R-HSA-68877	TAS	Reactome
REACTOME_PARTICIPATION:10403|R-HSA-9648025	10403	NDC80	ENSG00000080986	Reactome:R-HSA-9648025	R-HSA-9648025	TAS	Reactome
REACTOME_PARTICIPATION:10413|R-HSA-1251985	10413	YAP1	ENSG00000137693	Reactome:R-HSA-1251985	R-HSA-1251985	TAS	Reactome
REACTOME_PARTICIPATION:10413|R-HSA-2028269	10413	YAP1	ENSG00000137693	Reactome:R-HSA-2028269	R-HSA-2028269	TAS	Reactome
REACTOME_PARTICIPATION:10413|R-HSA-2032785	10413	YAP1	ENSG00000137693	Reactome:R-HSA-2032785	R-HSA-2032785	TAS	Reactome
REACTOME_PARTICIPATION:10413|R-HSA-8939236	10413	YAP1	ENSG00000137693	Reactome:R-HSA-8939236	R-HSA-8939236	TAS	Reactome
REACTOME_PARTICIPATION:10413|R-HSA-8940973	10413	YAP1	ENSG00000137693	Reactome:R-HSA-8940973	R-HSA-8940973	IEA	Reactome
REACTOME_PARTICIPATION:10413|R-HSA-8951671	10413	YAP1	ENSG00000137693	Reactome:R-HSA-8951671	R-HSA-8951671	TAS	Reactome
REACTOME_PARTICIPATION:10413|R-HSA-9619665	10413	YAP1	ENSG00000137693	Reactome:R-HSA-9619665	R-HSA-9619665	TAS	Reactome
REACTOME_PARTICIPATION:10413|R-HSA-9725554	10413	YAP1	ENSG00000137693	Reactome:R-HSA-9725554	R-HSA-9725554	TAS	Reactome
REACTOME_PARTICIPATION:10413|R-HSA-9796292	10413	YAP1	ENSG00000137693	Reactome:R-HSA-9796292	R-HSA-9796292	IEA	Reactome
REACTOME_PARTICIPATION:10413|R-HSA-9819196	10413	YAP1	ENSG00000137693	Reactome:R-HSA-9819196	R-HSA-9819196	IEA	Reactome
REACTOME_PARTICIPATION:10413|R-HSA-9860927	10413	YAP1	ENSG00000137693	Reactome:R-HSA-9860927	R-HSA-9860927	TAS	Reactome
REACTOME_PARTICIPATION:10413|R-HSA-9909649	10413	YAP1	ENSG00000137693	Reactome:R-HSA-9909649	R-HSA-9909649	TAS	Reactome
REACTOME_PARTICIPATION:10413|R-HSA-9925563	10413	YAP1	ENSG00000137693	Reactome:R-HSA-9925563	R-HSA-9925563	TAS	Reactome
REACTOME_PARTICIPATION:10437|R-HSA-2132295	10437	IFI30	ENSG00000216490	Reactome:R-HSA-2132295	R-HSA-2132295	TAS	Reactome
REACTOME_PARTICIPATION:10437|R-HSA-877300	10437	IFI30	ENSG00000216490	Reactome:R-HSA-877300	R-HSA-877300	TAS	Reactome
REACTOME_PARTICIPATION:10460|R-HSA-9013507	10460	TACC3	ENSG00000013810	Reactome:R-HSA-9013507	R-HSA-9013507	IEA	Reactome
REACTOME_PARTICIPATION:10460|R-HSA-9604323	10460	TACC3	ENSG00000013810	Reactome:R-HSA-9604323	R-HSA-9604323	IEA	Reactome
REACTOME_PARTICIPATION:10468|R-HSA-2473224	10468	FST	ENSG00000134363	Reactome:R-HSA-2473224	R-HSA-2473224	TAS	Reactome
REACTOME_PARTICIPATION:10476|R-HSA-163210	10476	ATP5PD	ENSG00000167863	Reactome:R-HSA-163210	R-HSA-163210	TAS	Reactome
REACTOME_PARTICIPATION:10476|R-HSA-8949613	10476	ATP5PD	ENSG00000167863	Reactome:R-HSA-8949613	R-HSA-8949613	TAS	Reactome
REACTOME_PARTICIPATION:10476|R-HSA-9837999	10476	ATP5PD	ENSG00000167863	Reactome:R-HSA-9837999	R-HSA-9837999	TAS	Reactome
REACTOME_PARTICIPATION:10486|R-HSA-428890	10486	CAP2	ENSG00000112186	Reactome:R-HSA-428890	R-HSA-428890	IEA	Reactome
REACTOME_PARTICIPATION:1050|R-HSA-381340	1050	CEBPA	ENSG00000245848	Reactome:R-HSA-381340	R-HSA-381340	IEA	Reactome
REACTOME_PARTICIPATION:1050|R-HSA-9616222	1050	CEBPA	ENSG00000245848	Reactome:R-HSA-9616222	R-HSA-9616222	TAS	Reactome
REACTOME_PARTICIPATION:1050|R-HSA-9841922	1050	CEBPA	ENSG00000245848	Reactome:R-HSA-9841922	R-HSA-9841922	TAS	Reactome
REACTOME_PARTICIPATION:1051|R-HSA-2559582	1051	CEBPB	ENSG00000172216	Reactome:R-HSA-2559582	R-HSA-2559582	IEA	Reactome
REACTOME_PARTICIPATION:1051|R-HSA-380994	1051	CEBPB	ENSG00000172216	Reactome:R-HSA-380994	R-HSA-380994	IEA	Reactome
REACTOME_PARTICIPATION:1051|R-HSA-381340	1051	CEBPB	ENSG00000172216	Reactome:R-HSA-381340	R-HSA-381340	IEA	Reactome
REACTOME_PARTICIPATION:1051|R-HSA-8853884	1051	CEBPB	ENSG00000172216	Reactome:R-HSA-8853884	R-HSA-8853884	TAS	Reactome
REACTOME_PARTICIPATION:1051|R-HSA-9616222	1051	CEBPB	ENSG00000172216	Reactome:R-HSA-9616222	R-HSA-9616222	IEA	Reactome
REACTOME_PARTICIPATION:1051|R-HSA-9633012	1051	CEBPB	ENSG00000172216	Reactome:R-HSA-9633012	R-HSA-9633012	TAS	Reactome
REACTOME_PARTICIPATION:1051|R-HSA-9648895	1051	CEBPB	ENSG00000172216	Reactome:R-HSA-9648895	R-HSA-9648895	TAS	Reactome
REACTOME_PARTICIPATION:1051|R-HSA-9725371	1051	CEBPB	ENSG00000172216	Reactome:R-HSA-9725371	R-HSA-9725371	TAS	Reactome
REACTOME_PARTICIPATION:1052|R-HSA-381340	1052	CEBPD	ENSG00000221869	Reactome:R-HSA-381340	R-HSA-381340	IEA	Reactome
REACTOME_PARTICIPATION:1052|R-HSA-6785807	1052	CEBPD	ENSG00000221869	Reactome:R-HSA-6785807	R-HSA-6785807	TAS	Reactome
REACTOME_PARTICIPATION:1052|R-HSA-9610379	1052	CEBPD	ENSG00000221869	Reactome:R-HSA-9610379	R-HSA-9610379	TAS	Reactome
REACTOME_PARTICIPATION:10533|R-HSA-1632852	10533	ATG7	ENSG00000197548	Reactome:R-HSA-1632852	R-HSA-1632852	IEA	Reactome
REACTOME_PARTICIPATION:10533|R-HSA-6798695	10533	ATG7	ENSG00000197548	Reactome:R-HSA-6798695	R-HSA-6798695	TAS	Reactome
REACTOME_PARTICIPATION:10533|R-HSA-6802952	10533	ATG7	ENSG00000197548	Reactome:R-HSA-6802952	R-HSA-6802952	TAS	Reactome
REACTOME_PARTICIPATION:10533|R-HSA-983168	10533	ATG7	ENSG00000197548	Reactome:R-HSA-983168	R-HSA-983168	TAS	Reactome
REACTOME_PARTICIPATION:10533|R-HSA-9918485	10533	ATG7	ENSG00000197548	Reactome:R-HSA-9918485	R-HSA-9918485	TAS	Reactome
REACTOME_PARTICIPATION:10537|R-HSA-8951664	10537	UBD	ENSG00000213886	Reactome:R-HSA-8951664	R-HSA-8951664	TAS	Reactome
REACTOME_PARTICIPATION:10584|R-HSA-166662	10584	COLEC10	ENSG00000184374	Reactome:R-HSA-166662	R-HSA-166662	TAS	Reactome
REACTOME_PARTICIPATION:10584|R-HSA-166663	10584	COLEC10	ENSG00000184374	Reactome:R-HSA-166663	R-HSA-166663	TAS	Reactome
REACTOME_PARTICIPATION:1058|R-HSA-141444	1058	CENPA	ENSG00000115163	Reactome:R-HSA-141444	R-HSA-141444	TAS	Reactome
REACTOME_PARTICIPATION:1058|R-HSA-2467813	1058	CENPA	ENSG00000115163	Reactome:R-HSA-2467813	R-HSA-2467813	TAS	Reactome
REACTOME_PARTICIPATION:1058|R-HSA-2500257	1058	CENPA	ENSG00000115163	Reactome:R-HSA-2500257	R-HSA-2500257	TAS	Reactome
REACTOME_PARTICIPATION:1058|R-HSA-5663220	1058	CENPA	ENSG00000115163	Reactome:R-HSA-5663220	R-HSA-5663220	TAS	Reactome
REACTOME_PARTICIPATION:1058|R-HSA-606279	1058	CENPA	ENSG00000115163	Reactome:R-HSA-606279	R-HSA-606279	TAS	Reactome
REACTOME_PARTICIPATION:1058|R-HSA-68877	1058	CENPA	ENSG00000115163	Reactome:R-HSA-68877	R-HSA-68877	TAS	Reactome
REACTOME_PARTICIPATION:1058|R-HSA-9648025	1058	CENPA	ENSG00000115163	Reactome:R-HSA-9648025	R-HSA-9648025	TAS	Reactome
REACTOME_PARTICIPATION:1060|R-HSA-141444	1060	CENPC	ENSG00000145241	Reactome:R-HSA-141444	R-HSA-141444	TAS	Reactome
REACTOME_PARTICIPATION:1060|R-HSA-2467813	1060	CENPC	ENSG00000145241	Reactome:R-HSA-2467813	R-HSA-2467813	TAS	Reactome
REACTOME_PARTICIPATION:1060|R-HSA-2500257	1060	CENPC	ENSG00000145241	Reactome:R-HSA-2500257	R-HSA-2500257	TAS	Reactome
REACTOME_PARTICIPATION:1060|R-HSA-5663220	1060	CENPC	ENSG00000145241	Reactome:R-HSA-5663220	R-HSA-5663220	TAS	Reactome
REACTOME_PARTICIPATION:1060|R-HSA-606279	1060	CENPC	ENSG00000145241	Reactome:R-HSA-606279	R-HSA-606279	TAS	Reactome
REACTOME_PARTICIPATION:1060|R-HSA-68877	1060	CENPC	ENSG00000145241	Reactome:R-HSA-68877	R-HSA-68877	TAS	Reactome
REACTOME_PARTICIPATION:1060|R-HSA-9648025	1060	CENPC	ENSG00000145241	Reactome:R-HSA-9648025	R-HSA-9648025	TAS	Reactome
REACTOME_PARTICIPATION:1062|R-HSA-141444	1062	CENPE	ENSG00000138778	Reactome:R-HSA-141444	R-HSA-141444	TAS	Reactome
REACTOME_PARTICIPATION:1062|R-HSA-2132295	1062	CENPE	ENSG00000138778	Reactome:R-HSA-2132295	R-HSA-2132295	TAS	Reactome
REACTOME_PARTICIPATION:1062|R-HSA-2467813	1062	CENPE	ENSG00000138778	Reactome:R-HSA-2467813	R-HSA-2467813	TAS	Reactome
REACTOME_PARTICIPATION:1062|R-HSA-2500257	1062	CENPE	ENSG00000138778	Reactome:R-HSA-2500257	R-HSA-2500257	TAS	Reactome
REACTOME_PARTICIPATION:1062|R-HSA-5663220	1062	CENPE	ENSG00000138778	Reactome:R-HSA-5663220	R-HSA-5663220	TAS	Reactome
REACTOME_PARTICIPATION:1062|R-HSA-6811434	1062	CENPE	ENSG00000138778	Reactome:R-HSA-6811434	R-HSA-6811434	TAS	Reactome
REACTOME_PARTICIPATION:1062|R-HSA-68877	1062	CENPE	ENSG00000138778	Reactome:R-HSA-68877	R-HSA-68877	TAS	Reactome
REACTOME_PARTICIPATION:1062|R-HSA-9648025	1062	CENPE	ENSG00000138778	Reactome:R-HSA-9648025	R-HSA-9648025	TAS	Reactome
REACTOME_PARTICIPATION:1062|R-HSA-983189	1062	CENPE	ENSG00000138778	Reactome:R-HSA-983189	R-HSA-983189	TAS	Reactome
REACTOME_PARTICIPATION:1063|R-HSA-141444	1063	CENPF	ENSG00000117724	Reactome:R-HSA-141444	R-HSA-141444	TAS	Reactome
REACTOME_PARTICIPATION:1063|R-HSA-156711	1063	CENPF	ENSG00000117724	Reactome:R-HSA-156711	R-HSA-156711	TAS	Reactome
REACTOME_PARTICIPATION:1063|R-HSA-2467813	1063	CENPF	ENSG00000117724	Reactome:R-HSA-2467813	R-HSA-2467813	TAS	Reactome
REACTOME_PARTICIPATION:1063|R-HSA-2500257	1063	CENPF	ENSG00000117724	Reactome:R-HSA-2500257	R-HSA-2500257	TAS	Reactome
REACTOME_PARTICIPATION:1063|R-HSA-5663220	1063	CENPF	ENSG00000117724	Reactome:R-HSA-5663220	R-HSA-5663220	TAS	Reactome
REACTOME_PARTICIPATION:1063|R-HSA-68877	1063	CENPF	ENSG00000117724	Reactome:R-HSA-68877	R-HSA-68877	TAS	Reactome
REACTOME_PARTICIPATION:1063|R-HSA-9648025	1063	CENPF	ENSG00000117724	Reactome:R-HSA-9648025	R-HSA-9648025	TAS	Reactome
REACTOME_PARTICIPATION:10642|R-HSA-428359	10642	IGF2BP1	ENSG00000159217	Reactome:R-HSA-428359	R-HSA-428359	TAS	Reactome
REACTOME_PARTICIPATION:10642|R-HSA-5687128	10642	IGF2BP1	ENSG00000159217	Reactome:R-HSA-5687128	R-HSA-5687128	TAS	Reactome
REACTOME_PARTICIPATION:10643|R-HSA-428359	10643	IGF2BP3	ENSG00000136231	Reactome:R-HSA-428359	R-HSA-428359	TAS	Reactome
REACTOME_PARTICIPATION:10788|R-HSA-5626467	10788	IQGAP2	ENSG00000145703	Reactome:R-HSA-5626467	R-HSA-5626467	TAS	Reactome
REACTOME_PARTICIPATION:10788|R-HSA-6798695	10788	IQGAP2	ENSG00000145703	Reactome:R-HSA-6798695	R-HSA-6798695	TAS	Reactome
REACTOME_PARTICIPATION:10788|R-HSA-9013148	10788	IQGAP2	ENSG00000145703	Reactome:R-HSA-9013148	R-HSA-9013148	TAS	Reactome
REACTOME_PARTICIPATION:10788|R-HSA-9013149	10788	IQGAP2	ENSG00000145703	Reactome:R-HSA-9013149	R-HSA-9013149	TAS	Reactome
REACTOME_PARTICIPATION:10788|R-HSA-9013408	10788	IQGAP2	ENSG00000145703	Reactome:R-HSA-9013408	R-HSA-9013408	TAS	Reactome
REACTOME_PARTICIPATION:10855|R-HSA-2024096	10855	HPSE	ENSG00000173083	Reactome:R-HSA-2024096	R-HSA-2024096	TAS	Reactome
REACTOME_PARTICIPATION:10855|R-HSA-6798695	10855	HPSE	ENSG00000173083	Reactome:R-HSA-6798695	R-HSA-6798695	TAS	Reactome
REACTOME_PARTICIPATION:10891|R-HSA-1989781	10891	PPARGC1A	ENSG00000109819	Reactome:R-HSA-1989781	R-HSA-1989781	TAS	Reactome
REACTOME_PARTICIPATION:10891|R-HSA-2151201	10891	PPARGC1A	ENSG00000109819	Reactome:R-HSA-2151201	R-HSA-2151201	TAS	Reactome
REACTOME_PARTICIPATION:10891|R-HSA-2151209	10891	PPARGC1A	ENSG00000109819	Reactome:R-HSA-2151209	R-HSA-2151209	IEA	Reactome
REACTOME_PARTICIPATION:10891|R-HSA-381340	10891	PPARGC1A	ENSG00000109819	Reactome:R-HSA-381340	R-HSA-381340	IEA	Reactome
REACTOME_PARTICIPATION:10891|R-HSA-3899300	10891	PPARGC1A	ENSG00000109819	Reactome:R-HSA-3899300	R-HSA-3899300	IEA	Reactome
REACTOME_PARTICIPATION:10891|R-HSA-8939902	10891	PPARGC1A	ENSG00000109819	Reactome:R-HSA-8939902	R-HSA-8939902	TAS	Reactome
REACTOME_PARTICIPATION:10891|R-HSA-9615017	10891	PPARGC1A	ENSG00000109819	Reactome:R-HSA-9615017	R-HSA-9615017	IEA	Reactome
REACTOME_PARTICIPATION:10891|R-HSA-9707616	10891	PPARGC1A	ENSG00000109819	Reactome:R-HSA-9707616	R-HSA-9707616	TAS	Reactome
REACTOME_PARTICIPATION:10891|R-HSA-9841922	10891	PPARGC1A	ENSG00000109819	Reactome:R-HSA-9841922	R-HSA-9841922	IEA	Reactome
REACTOME_PARTICIPATION:10891|R-HSA-9844594	10891	PPARGC1A	ENSG00000109819	Reactome:R-HSA-9844594	R-HSA-9844594	IEA	Reactome
REACTOME_PARTICIPATION:10891|R-HSA-9854907	10891	PPARGC1A	ENSG00000109819	Reactome:R-HSA-9854907	R-HSA-9854907	TAS	Reactome
REACTOME_PARTICIPATION:10891|R-HSA-9931509	10891	PPARGC1A	ENSG00000109819	Reactome:R-HSA-9931509	R-HSA-9931509	IEA	Reactome
REACTOME_PARTICIPATION:10891|R-HSA-9933387	10891	PPARGC1A	ENSG00000109819	Reactome:R-HSA-9933387	R-HSA-9933387	TAS	Reactome
REACTOME_PARTICIPATION:10894|R-HSA-2142845	10894	LYVE1	ENSG00000133800	Reactome:R-HSA-2142845	R-HSA-2142845	TAS	Reactome
REACTOME_PARTICIPATION:10894|R-HSA-2160916	10894	LYVE1	ENSG00000133800	Reactome:R-HSA-2160916	R-HSA-2160916	TAS	Reactome
REACTOME_PARTICIPATION:10935|R-HSA-3299685	10935	PRDX3	ENSG00000165672	Reactome:R-HSA-3299685	R-HSA-3299685	TAS	Reactome
REACTOME_PARTICIPATION:10987|R-HSA-5696394	10987	COPS5	ENSG00000121022	Reactome:R-HSA-5696394	R-HSA-5696394	TAS	Reactome
REACTOME_PARTICIPATION:10987|R-HSA-6781823	10987	COPS5	ENSG00000121022	Reactome:R-HSA-6781823	R-HSA-6781823	TAS	Reactome
REACTOME_PARTICIPATION:10987|R-HSA-8856825	10987	COPS5	ENSG00000121022	Reactome:R-HSA-8856825	R-HSA-8856825	TAS	Reactome
REACTOME_PARTICIPATION:10987|R-HSA-8951664	10987	COPS5	ENSG00000121022	Reactome:R-HSA-8951664	R-HSA-8951664	TAS	Reactome
REACTOME_PARTICIPATION:10987|R-HSA-9929356	10987	COPS5	ENSG00000121022	Reactome:R-HSA-9929356	R-HSA-9929356	TAS	Reactome
REACTOME_PARTICIPATION:10990|R-HSA-198933	10990	LILRB5	ENSG00000105609	Reactome:R-HSA-198933	R-HSA-198933	TAS	Reactome
REACTOME_PARTICIPATION:10|R-HSA-156582	10	NAT2	ENSG00000156006	Reactome:R-HSA-156582	R-HSA-156582	TAS	Reactome
REACTOME_PARTICIPATION:10|R-HSA-9753281	10	NAT2	ENSG00000156006	Reactome:R-HSA-9753281	R-HSA-9753281	TAS	Reactome
REACTOME_PARTICIPATION:11004|R-HSA-141444	11004	KIF2C	ENSG00000142945	Reactome:R-HSA-141444	R-HSA-141444	TAS	Reactome
REACTOME_PARTICIPATION:11004|R-HSA-2132295	11004	KIF2C	ENSG00000142945	Reactome:R-HSA-2132295	R-HSA-2132295	TAS	Reactome
REACTOME_PARTICIPATION:11004|R-HSA-2467813	11004	KIF2C	ENSG00000142945	Reactome:R-HSA-2467813	R-HSA-2467813	TAS	Reactome
REACTOME_PARTICIPATION:11004|R-HSA-2500257	11004	KIF2C	ENSG00000142945	Reactome:R-HSA-2500257	R-HSA-2500257	TAS	Reactome
REACTOME_PARTICIPATION:11004|R-HSA-5663220	11004	KIF2C	ENSG00000142945	Reactome:R-HSA-5663220	R-HSA-5663220	TAS	Reactome
REACTOME_PARTICIPATION:11004|R-HSA-6811434	11004	KIF2C	ENSG00000142945	Reactome:R-HSA-6811434	R-HSA-6811434	TAS	Reactome
REACTOME_PARTICIPATION:11004|R-HSA-68877	11004	KIF2C	ENSG00000142945	Reactome:R-HSA-68877	R-HSA-68877	TAS	Reactome
REACTOME_PARTICIPATION:11004|R-HSA-9648025	11004	KIF2C	ENSG00000142945	Reactome:R-HSA-9648025	R-HSA-9648025	TAS	Reactome
REACTOME_PARTICIPATION:11004|R-HSA-983189	11004	KIF2C	ENSG00000142945	Reactome:R-HSA-983189	R-HSA-983189	TAS	Reactome
REACTOME_PARTICIPATION:11065|R-HSA-141430	11065	UBE2C	ENSG00000175063	Reactome:R-HSA-141430	R-HSA-141430	TAS	Reactome
REACTOME_PARTICIPATION:11065|R-HSA-174048	11065	UBE2C	ENSG00000175063	Reactome:R-HSA-174048	R-HSA-174048	TAS	Reactome
REACTOME_PARTICIPATION:11065|R-HSA-174084	11065	UBE2C	ENSG00000175063	Reactome:R-HSA-174084	R-HSA-174084	TAS	Reactome
REACTOME_PARTICIPATION:11065|R-HSA-174154	11065	UBE2C	ENSG00000175063	Reactome:R-HSA-174154	R-HSA-174154	TAS	Reactome
REACTOME_PARTICIPATION:11065|R-HSA-174178	11065	UBE2C	ENSG00000175063	Reactome:R-HSA-174178	R-HSA-174178	TAS	Reactome
REACTOME_PARTICIPATION:11065|R-HSA-174184	11065	UBE2C	ENSG00000175063	Reactome:R-HSA-174184	R-HSA-174184	TAS	Reactome
REACTOME_PARTICIPATION:11065|R-HSA-176407	11065	UBE2C	ENSG00000175063	Reactome:R-HSA-176407	R-HSA-176407	TAS	Reactome
REACTOME_PARTICIPATION:11065|R-HSA-176408	11065	UBE2C	ENSG00000175063	Reactome:R-HSA-176408	R-HSA-176408	TAS	Reactome
REACTOME_PARTICIPATION:11065|R-HSA-176409	11065	UBE2C	ENSG00000175063	Reactome:R-HSA-176409	R-HSA-176409	TAS	Reactome
REACTOME_PARTICIPATION:11065|R-HSA-176412	11065	UBE2C	ENSG00000175063	Reactome:R-HSA-176412	R-HSA-176412	TAS	Reactome
REACTOME_PARTICIPATION:11065|R-HSA-179409	11065	UBE2C	ENSG00000175063	Reactome:R-HSA-179409	R-HSA-179409	TAS	Reactome
REACTOME_PARTICIPATION:11065|R-HSA-2467813	11065	UBE2C	ENSG00000175063	Reactome:R-HSA-2467813	R-HSA-2467813	TAS	Reactome
REACTOME_PARTICIPATION:11065|R-HSA-2559582	11065	UBE2C	ENSG00000175063	Reactome:R-HSA-2559582	R-HSA-2559582	TAS	Reactome
REACTOME_PARTICIPATION:11065|R-HSA-68867	11065	UBE2C	ENSG00000175063	Reactome:R-HSA-68867	R-HSA-68867	TAS	Reactome
REACTOME_PARTICIPATION:11065|R-HSA-69017	11065	UBE2C	ENSG00000175063	Reactome:R-HSA-69017	R-HSA-69017	TAS	Reactome
REACTOME_PARTICIPATION:11065|R-HSA-8853884	11065	UBE2C	ENSG00000175063	Reactome:R-HSA-8853884	R-HSA-8853884	TAS	Reactome
REACTOME_PARTICIPATION:11065|R-HSA-8866652	11065	UBE2C	ENSG00000175063	Reactome:R-HSA-8866652	R-HSA-8866652	TAS	Reactome
REACTOME_PARTICIPATION:11065|R-HSA-9687136	11065	UBE2C	ENSG00000175063	Reactome:R-HSA-9687136	R-HSA-9687136	TAS	Reactome
REACTOME_PARTICIPATION:11065|R-HSA-983168	11065	UBE2C	ENSG00000175063	Reactome:R-HSA-983168	R-HSA-983168	TAS	Reactome
REACTOME_PARTICIPATION:11093|R-HSA-5083635	11093	ADAMTS13	ENSG00000160323	Reactome:R-HSA-5083635	R-HSA-5083635	TAS	Reactome
REACTOME_PARTICIPATION:11093|R-HSA-5173214	11093	ADAMTS13	ENSG00000160323	Reactome:R-HSA-5173214	R-HSA-5173214	TAS	Reactome
REACTOME_PARTICIPATION:11093|R-HSA-75892	11093	ADAMTS13	ENSG00000160323	Reactome:R-HSA-75892	R-HSA-75892	TAS	Reactome
REACTOME_PARTICIPATION:11093|R-HSA-9769739	11093	ADAMTS13	ENSG00000160323	Reactome:R-HSA-9769739	R-HSA-9769739	TAS	Reactome
REACTOME_PARTICIPATION:11093|R-HSA-9845619	11093	ADAMTS13	ENSG00000160323	Reactome:R-HSA-9845619	R-HSA-9845619	TAS	Reactome
REACTOME_PARTICIPATION:11093|R-HSA-9845621	11093	ADAMTS13	ENSG00000160323	Reactome:R-HSA-9845621	R-HSA-9845621	TAS	Reactome
REACTOME_PARTICIPATION:11130|R-HSA-141444	11130	ZWINT	ENSG00000122952	Reactome:R-HSA-141444	R-HSA-141444	TAS	Reactome
REACTOME_PARTICIPATION:11130|R-HSA-2467813	11130	ZWINT	ENSG00000122952	Reactome:R-HSA-2467813	R-HSA-2467813	TAS	Reactome
REACTOME_PARTICIPATION:11130|R-HSA-2500257	11130	ZWINT	ENSG00000122952	Reactome:R-HSA-2500257	R-HSA-2500257	TAS	Reactome
REACTOME_PARTICIPATION:11130|R-HSA-5663220	11130	ZWINT	ENSG00000122952	Reactome:R-HSA-5663220	R-HSA-5663220	TAS	Reactome
REACTOME_PARTICIPATION:11130|R-HSA-68877	11130	ZWINT	ENSG00000122952	Reactome:R-HSA-68877	R-HSA-68877	TAS	Reactome
REACTOME_PARTICIPATION:11130|R-HSA-9648025	11130	ZWINT	ENSG00000122952	Reactome:R-HSA-9648025	R-HSA-9648025	TAS	Reactome
REACTOME_PARTICIPATION:11185|R-HSA-2408552	11185	INMT	ENSG00000241644	Reactome:R-HSA-2408552	R-HSA-2408552	IEA	Reactome
REACTOME_PARTICIPATION:113130|R-HSA-2467813	113130	CDCA5	ENSG00000146670	Reactome:R-HSA-2467813	R-HSA-2467813	TAS	Reactome
REACTOME_PARTICIPATION:113130|R-HSA-2468052	113130	CDCA5	ENSG00000146670	Reactome:R-HSA-2468052	R-HSA-2468052	TAS	Reactome
REACTOME_PARTICIPATION:113130|R-HSA-2500257	113130	CDCA5	ENSG00000146670	Reactome:R-HSA-2500257	R-HSA-2500257	TAS	Reactome
REACTOME_PARTICIPATION:11315|R-HSA-3899300	11315	PARK7	ENSG00000116288	Reactome:R-HSA-3899300	R-HSA-3899300	TAS	Reactome
REACTOME_PARTICIPATION:11315|R-HSA-9613829	11315	PARK7	ENSG00000116288	Reactome:R-HSA-9613829	R-HSA-9613829	IEA	Reactome
REACTOME_PARTICIPATION:11315|R-HSA-9615710	11315	PARK7	ENSG00000116288	Reactome:R-HSA-9615710	R-HSA-9615710	IEA	Reactome
REACTOME_PARTICIPATION:11315|R-HSA-9646399	11315	PARK7	ENSG00000116288	Reactome:R-HSA-9646399	R-HSA-9646399	IEA	Reactome
REACTOME_PARTICIPATION:1131|R-HSA-390648	1131	CHRM3	ENSG00000133019	Reactome:R-HSA-390648	R-HSA-390648	TAS	Reactome
REACTOME_PARTICIPATION:1131|R-HSA-399997	1131	CHRM3	ENSG00000133019	Reactome:R-HSA-399997	R-HSA-399997	IEA	Reactome
REACTOME_PARTICIPATION:1131|R-HSA-416476	1131	CHRM3	ENSG00000133019	Reactome:R-HSA-416476	R-HSA-416476	TAS	Reactome
REACTOME_PARTICIPATION:11343|R-HSA-1482883	11343	MGLL	ENSG00000074416	Reactome:R-HSA-1482883	R-HSA-1482883	TAS	Reactome
REACTOME_PARTICIPATION:11343|R-HSA-163560	11343	MGLL	ENSG00000074416	Reactome:R-HSA-163560	R-HSA-163560	IEA	Reactome
REACTOME_PARTICIPATION:11343|R-HSA-426048	11343	MGLL	ENSG00000074416	Reactome:R-HSA-426048	R-HSA-426048	TAS	Reactome
REACTOME_PARTICIPATION:11343|R-HSA-9841922	11343	MGLL	ENSG00000074416	Reactome:R-HSA-9841922	R-HSA-9841922	TAS	Reactome
REACTOME_PARTICIPATION:114548|R-HSA-5689901	114548	NLRP3	ENSG00000162711	Reactome:R-HSA-5689901	R-HSA-5689901	TAS	Reactome
REACTOME_PARTICIPATION:114548|R-HSA-844456	114548	NLRP3	ENSG00000162711	Reactome:R-HSA-844456	R-HSA-844456	IEA	Reactome
REACTOME_PARTICIPATION:114548|R-HSA-9660826	114548	NLRP3	ENSG00000162711	Reactome:R-HSA-9660826	R-HSA-9660826	IEA	Reactome
REACTOME_PARTICIPATION:114548|R-HSA-9692916	114548	NLRP3	ENSG00000162711	Reactome:R-HSA-9692916	R-HSA-9692916	TAS	Reactome
REACTOME_PARTICIPATION:114548|R-HSA-9705671	114548	NLRP3	ENSG00000162711	Reactome:R-HSA-9705671	R-HSA-9705671	TAS	Reactome
REACTOME_PARTICIPATION:114548|R-HSA-9707564	114548	NLRP3	ENSG00000162711	Reactome:R-HSA-9707564	R-HSA-9707564	IEA	Reactome
REACTOME_PARTICIPATION:114548|R-HSA-9860927	114548	NLRP3	ENSG00000162711	Reactome:R-HSA-9860927	R-HSA-9860927	TAS	Reactome
REACTOME_PARTICIPATION:117145|R-HSA-1257604	117145	THEM4	ENSG00000159445	Reactome:R-HSA-1257604	R-HSA-1257604	TAS	Reactome
REACTOME_PARTICIPATION:117145|R-HSA-165158	117145	THEM4	ENSG00000159445	Reactome:R-HSA-165158	R-HSA-165158	TAS	Reactome
REACTOME_PARTICIPATION:117145|R-HSA-199418	117145	THEM4	ENSG00000159445	Reactome:R-HSA-199418	R-HSA-199418	TAS	Reactome
REACTOME_PARTICIPATION:117145|R-HSA-389357	117145	THEM4	ENSG00000159445	Reactome:R-HSA-389357	R-HSA-389357	TAS	Reactome
REACTOME_PARTICIPATION:117145|R-HSA-5218920	117145	THEM4	ENSG00000159445	Reactome:R-HSA-5218920	R-HSA-5218920	TAS	Reactome
REACTOME_PARTICIPATION:117145|R-HSA-77289	117145	THEM4	ENSG00000159445	Reactome:R-HSA-77289	R-HSA-77289	TAS	Reactome
REACTOME_PARTICIPATION:118|R-HSA-264870	118	ADD1	ENSG00000087274	Reactome:R-HSA-264870	R-HSA-264870	TAS	Reactome
REACTOME_PARTICIPATION:118|R-HSA-381038	118	ADD1	ENSG00000087274	Reactome:R-HSA-381038	R-HSA-381038	TAS	Reactome
REACTOME_PARTICIPATION:118|R-HSA-5223345	118	ADD1	ENSG00000087274	Reactome:R-HSA-5223345	R-HSA-5223345	TAS	Reactome
REACTOME_PARTICIPATION:120227|R-HSA-196791	120227	CYP2R1	ENSG00000186104	Reactome:R-HSA-196791	R-HSA-196791	TAS	Reactome
REACTOME_PARTICIPATION:120227|R-HSA-211916	120227	CYP2R1	ENSG00000186104	Reactome:R-HSA-211916	R-HSA-211916	TAS	Reactome
REACTOME_PARTICIPATION:120227|R-HSA-5579027	120227	CYP2R1	ENSG00000186104	Reactome:R-HSA-5579027	R-HSA-5579027	TAS	Reactome
REACTOME_PARTICIPATION:1230|R-HSA-380108	1230	CCR1	ENSG00000163823	Reactome:R-HSA-380108	R-HSA-380108	TAS	Reactome
REACTOME_PARTICIPATION:1230|R-HSA-418594	1230	CCR1	ENSG00000163823	Reactome:R-HSA-418594	R-HSA-418594	TAS	Reactome
REACTOME_PARTICIPATION:1230|R-HSA-6783783	1230	CCR1	ENSG00000163823	Reactome:R-HSA-6783783	R-HSA-6783783	TAS	Reactome
REACTOME_PARTICIPATION:1244|R-HSA-189483	1244	ABCC2	ENSG00000023839	Reactome:R-HSA-189483	R-HSA-189483	TAS	Reactome
REACTOME_PARTICIPATION:1244|R-HSA-382556	1244	ABCC2	ENSG00000023839	Reactome:R-HSA-382556	R-HSA-382556	TAS	Reactome
REACTOME_PARTICIPATION:1244|R-HSA-5679001	1244	ABCC2	ENSG00000023839	Reactome:R-HSA-5679001	R-HSA-5679001	TAS	Reactome
REACTOME_PARTICIPATION:1244|R-HSA-9749641	1244	ABCC2	ENSG00000023839	Reactome:R-HSA-9749641	R-HSA-9749641	TAS	Reactome
REACTOME_PARTICIPATION:1244|R-HSA-9753281	1244	ABCC2	ENSG00000023839	Reactome:R-HSA-9753281	R-HSA-9753281	TAS	Reactome
REACTOME_PARTICIPATION:1244|R-HSA-9754706	1244	ABCC2	ENSG00000023839	Reactome:R-HSA-9754706	R-HSA-9754706	TAS	Reactome
REACTOME_PARTICIPATION:1268|R-HSA-373076	1268	CNR1	ENSG00000118432	Reactome:R-HSA-373076	R-HSA-373076	TAS	Reactome
REACTOME_PARTICIPATION:1268|R-HSA-418594	1268	CNR1	ENSG00000118432	Reactome:R-HSA-418594	R-HSA-418594	TAS	Reactome
REACTOME_PARTICIPATION:1269|R-HSA-373076	1269	CNR2	ENSG00000188822	Reactome:R-HSA-373076	R-HSA-373076	TAS	Reactome
REACTOME_PARTICIPATION:1269|R-HSA-418594	1269	CNR2	ENSG00000188822	Reactome:R-HSA-418594	R-HSA-418594	TAS	Reactome
REACTOME_PARTICIPATION:1277|R-HSA-114604	1277	COL1A1	ENSG00000108821	Reactome:R-HSA-114604	R-HSA-114604	TAS	Reactome
REACTOME_PARTICIPATION:1277|R-HSA-1442490	1277	COL1A1	ENSG00000108821	Reactome:R-HSA-1442490	R-HSA-1442490	TAS	Reactome
REACTOME_PARTICIPATION:1277|R-HSA-1566977	1277	COL1A1	ENSG00000108821	Reactome:R-HSA-1566977	R-HSA-1566977	TAS	Reactome
REACTOME_PARTICIPATION:1277|R-HSA-1650814	1277	COL1A1	ENSG00000108821	Reactome:R-HSA-1650814	R-HSA-1650814	TAS	Reactome
REACTOME_PARTICIPATION:1277|R-HSA-198933	1277	COL1A1	ENSG00000108821	Reactome:R-HSA-198933	R-HSA-198933	TAS	Reactome
REACTOME_PARTICIPATION:1277|R-HSA-2022090	1277	COL1A1	ENSG00000108821	Reactome:R-HSA-2022090	R-HSA-2022090	TAS	Reactome
REACTOME_PARTICIPATION:1277|R-HSA-202733	1277	COL1A1	ENSG00000108821	Reactome:R-HSA-202733	R-HSA-202733	TAS	Reactome
REACTOME_PARTICIPATION:1277|R-HSA-216083	1277	COL1A1	ENSG00000108821	Reactome:R-HSA-216083	R-HSA-216083	IEA	Reactome
REACTOME_PARTICIPATION:1277|R-HSA-2214320	1277	COL1A1	ENSG00000108821	Reactome:R-HSA-2214320	R-HSA-2214320	TAS	Reactome
REACTOME_PARTICIPATION:1277|R-HSA-2243919	1277	COL1A1	ENSG00000108821	Reactome:R-HSA-2243919	R-HSA-2243919	TAS	Reactome
REACTOME_PARTICIPATION:1277|R-HSA-3000170	1277	COL1A1	ENSG00000108821	Reactome:R-HSA-3000170	R-HSA-3000170	IEA	Reactome
REACTOME_PARTICIPATION:1277|R-HSA-3000171	1277	COL1A1	ENSG00000108821	Reactome:R-HSA-3000171	R-HSA-3000171	TAS	Reactome
REACTOME_PARTICIPATION:1277|R-HSA-3000178	1277	COL1A1	ENSG00000108821	Reactome:R-HSA-3000178	R-HSA-3000178	IEA	Reactome
REACTOME_PARTICIPATION:1277|R-HSA-3000480	1277	COL1A1	ENSG00000108821	Reactome:R-HSA-3000480	R-HSA-3000480	IEA	Reactome
REACTOME_PARTICIPATION:1277|R-HSA-430116	1277	COL1A1	ENSG00000108821	Reactome:R-HSA-430116	R-HSA-430116	TAS	Reactome
REACTOME_PARTICIPATION:1277|R-HSA-75892	1277	COL1A1	ENSG00000108821	Reactome:R-HSA-75892	R-HSA-75892	IEA	Reactome
REACTOME_PARTICIPATION:1277|R-HSA-76009	1277	COL1A1	ENSG00000108821	Reactome:R-HSA-76009	R-HSA-76009	TAS	Reactome
REACTOME_PARTICIPATION:1277|R-HSA-8874081	1277	COL1A1	ENSG00000108821	Reactome:R-HSA-8874081	R-HSA-8874081	TAS	Reactome
REACTOME_PARTICIPATION:1277|R-HSA-8940973	1277	COL1A1	ENSG00000108821	Reactome:R-HSA-8940973	R-HSA-8940973	IEA	Reactome
REACTOME_PARTICIPATION:1277|R-HSA-8948216	1277	COL1A1	ENSG00000108821	Reactome:R-HSA-8948216	R-HSA-8948216	TAS	Reactome
REACTOME_PARTICIPATION:1277|R-HSA-9845619	1277	COL1A1	ENSG00000108821	Reactome:R-HSA-9845619	R-HSA-9845619	TAS	Reactome
REACTOME_PARTICIPATION:1277|R-HSA-9845620	1277	COL1A1	ENSG00000108821	Reactome:R-HSA-9845620	R-HSA-9845620	TAS	Reactome
REACTOME_PARTICIPATION:1277|R-HSA-9845621	1277	COL1A1	ENSG00000108821	Reactome:R-HSA-9845621	R-HSA-9845621	TAS	Reactome
REACTOME_PARTICIPATION:1277|R-HSA-9845622	1277	COL1A1	ENSG00000108821	Reactome:R-HSA-9845622	R-HSA-9845622	TAS	Reactome
REACTOME_PARTICIPATION:1277|R-HSA-9846298	1277	COL1A1	ENSG00000108821	Reactome:R-HSA-9846298	R-HSA-9846298	TAS	Reactome
REACTOME_PARTICIPATION:1277|R-HSA-9925563	1277	COL1A1	ENSG00000108821	Reactome:R-HSA-9925563	R-HSA-9925563	TAS	Reactome
REACTOME_PARTICIPATION:1278|R-HSA-114604	1278	COL1A2	ENSG00000164692	Reactome:R-HSA-114604	R-HSA-114604	TAS	Reactome
REACTOME_PARTICIPATION:1278|R-HSA-1442490	1278	COL1A2	ENSG00000164692	Reactome:R-HSA-1442490	R-HSA-1442490	TAS	Reactome
REACTOME_PARTICIPATION:1278|R-HSA-1566977	1278	COL1A2	ENSG00000164692	Reactome:R-HSA-1566977	R-HSA-1566977	TAS	Reactome
REACTOME_PARTICIPATION:1278|R-HSA-1650814	1278	COL1A2	ENSG00000164692	Reactome:R-HSA-1650814	R-HSA-1650814	TAS	Reactome
REACTOME_PARTICIPATION:1278|R-HSA-198933	1278	COL1A2	ENSG00000164692	Reactome:R-HSA-198933	R-HSA-198933	TAS	Reactome
REACTOME_PARTICIPATION:1278|R-HSA-2022090	1278	COL1A2	ENSG00000164692	Reactome:R-HSA-2022090	R-HSA-2022090	TAS	Reactome
REACTOME_PARTICIPATION:1278|R-HSA-202733	1278	COL1A2	ENSG00000164692	Reactome:R-HSA-202733	R-HSA-202733	TAS	Reactome
REACTOME_PARTICIPATION:1278|R-HSA-216083	1278	COL1A2	ENSG00000164692	Reactome:R-HSA-216083	R-HSA-216083	IEA	Reactome
REACTOME_PARTICIPATION:1278|R-HSA-2173796	1278	COL1A2	ENSG00000164692	Reactome:R-HSA-2173796	R-HSA-2173796	TAS	Reactome
REACTOME_PARTICIPATION:1278|R-HSA-2214320	1278	COL1A2	ENSG00000164692	Reactome:R-HSA-2214320	R-HSA-2214320	TAS	Reactome
REACTOME_PARTICIPATION:1278|R-HSA-2243919	1278	COL1A2	ENSG00000164692	Reactome:R-HSA-2243919	R-HSA-2243919	TAS	Reactome
REACTOME_PARTICIPATION:1278|R-HSA-3000170	1278	COL1A2	ENSG00000164692	Reactome:R-HSA-3000170	R-HSA-3000170	IEA	Reactome
REACTOME_PARTICIPATION:1278|R-HSA-3000171	1278	COL1A2	ENSG00000164692	Reactome:R-HSA-3000171	R-HSA-3000171	TAS	Reactome
REACTOME_PARTICIPATION:1278|R-HSA-3000178	1278	COL1A2	ENSG00000164692	Reactome:R-HSA-3000178	R-HSA-3000178	IEA	Reactome
REACTOME_PARTICIPATION:1278|R-HSA-3000480	1278	COL1A2	ENSG00000164692	Reactome:R-HSA-3000480	R-HSA-3000480	IEA	Reactome
REACTOME_PARTICIPATION:1278|R-HSA-430116	1278	COL1A2	ENSG00000164692	Reactome:R-HSA-430116	R-HSA-430116	TAS	Reactome
REACTOME_PARTICIPATION:1278|R-HSA-6785807	1278	COL1A2	ENSG00000164692	Reactome:R-HSA-6785807	R-HSA-6785807	TAS	Reactome
REACTOME_PARTICIPATION:1278|R-HSA-75892	1278	COL1A2	ENSG00000164692	Reactome:R-HSA-75892	R-HSA-75892	IEA	Reactome
REACTOME_PARTICIPATION:1278|R-HSA-76009	1278	COL1A2	ENSG00000164692	Reactome:R-HSA-76009	R-HSA-76009	TAS	Reactome
REACTOME_PARTICIPATION:1278|R-HSA-8874081	1278	COL1A2	ENSG00000164692	Reactome:R-HSA-8874081	R-HSA-8874081	TAS	Reactome
REACTOME_PARTICIPATION:1278|R-HSA-8948216	1278	COL1A2	ENSG00000164692	Reactome:R-HSA-8948216	R-HSA-8948216	TAS	Reactome
REACTOME_PARTICIPATION:1278|R-HSA-9845619	1278	COL1A2	ENSG00000164692	Reactome:R-HSA-9845619	R-HSA-9845619	TAS	Reactome
REACTOME_PARTICIPATION:1278|R-HSA-9845620	1278	COL1A2	ENSG00000164692	Reactome:R-HSA-9845620	R-HSA-9845620	TAS	Reactome
REACTOME_PARTICIPATION:1278|R-HSA-9845621	1278	COL1A2	ENSG00000164692	Reactome:R-HSA-9845621	R-HSA-9845621	TAS	Reactome
REACTOME_PARTICIPATION:1278|R-HSA-9845622	1278	COL1A2	ENSG00000164692	Reactome:R-HSA-9845622	R-HSA-9845622	TAS	Reactome
REACTOME_PARTICIPATION:1278|R-HSA-9846298	1278	COL1A2	ENSG00000164692	Reactome:R-HSA-9846298	R-HSA-9846298	TAS	Reactome
REACTOME_PARTICIPATION:1278|R-HSA-9925563	1278	COL1A2	ENSG00000164692	Reactome:R-HSA-9925563	R-HSA-9925563	TAS	Reactome
REACTOME_PARTICIPATION:127|R-HSA-5365859	127	ADH4	ENSG00000198099	Reactome:R-HSA-5365859	R-HSA-5365859	TAS	Reactome
REACTOME_PARTICIPATION:127|R-HSA-71384	127	ADH4	ENSG00000198099	Reactome:R-HSA-71384	R-HSA-71384	TAS	Reactome
REACTOME_PARTICIPATION:1281|R-HSA-1442490	1281	COL3A1	ENSG00000168542	Reactome:R-HSA-1442490	R-HSA-1442490	TAS	Reactome
REACTOME_PARTICIPATION:1281|R-HSA-1566977	1281	COL3A1	ENSG00000168542	Reactome:R-HSA-1566977	R-HSA-1566977	TAS	Reactome
REACTOME_PARTICIPATION:1281|R-HSA-1650814	1281	COL3A1	ENSG00000168542	Reactome:R-HSA-1650814	R-HSA-1650814	TAS	Reactome
REACTOME_PARTICIPATION:1281|R-HSA-186797	1281	COL3A1	ENSG00000168542	Reactome:R-HSA-186797	R-HSA-186797	TAS	Reactome
REACTOME_PARTICIPATION:1281|R-HSA-198933	1281	COL3A1	ENSG00000168542	Reactome:R-HSA-198933	R-HSA-198933	TAS	Reactome
REACTOME_PARTICIPATION:1281|R-HSA-2022090	1281	COL3A1	ENSG00000168542	Reactome:R-HSA-2022090	R-HSA-2022090	TAS	Reactome
REACTOME_PARTICIPATION:1281|R-HSA-216083	1281	COL3A1	ENSG00000168542	Reactome:R-HSA-216083	R-HSA-216083	TAS	Reactome
REACTOME_PARTICIPATION:1281|R-HSA-3000170	1281	COL3A1	ENSG00000168542	Reactome:R-HSA-3000170	R-HSA-3000170	IEA	Reactome
REACTOME_PARTICIPATION:1281|R-HSA-3000171	1281	COL3A1	ENSG00000168542	Reactome:R-HSA-3000171	R-HSA-3000171	TAS	Reactome
REACTOME_PARTICIPATION:1281|R-HSA-3000178	1281	COL3A1	ENSG00000168542	Reactome:R-HSA-3000178	R-HSA-3000178	IEA	Reactome
REACTOME_PARTICIPATION:1281|R-HSA-3000480	1281	COL3A1	ENSG00000168542	Reactome:R-HSA-3000480	R-HSA-3000480	IEA	Reactome
REACTOME_PARTICIPATION:1281|R-HSA-419037	1281	COL3A1	ENSG00000168542	Reactome:R-HSA-419037	R-HSA-419037	TAS	Reactome
REACTOME_PARTICIPATION:1281|R-HSA-8874081	1281	COL3A1	ENSG00000168542	Reactome:R-HSA-8874081	R-HSA-8874081	TAS	Reactome
REACTOME_PARTICIPATION:1281|R-HSA-8948216	1281	COL3A1	ENSG00000168542	Reactome:R-HSA-8948216	R-HSA-8948216	TAS	Reactome
REACTOME_PARTICIPATION:1281|R-HSA-9925563	1281	COL3A1	ENSG00000168542	Reactome:R-HSA-9925563	R-HSA-9925563	TAS	Reactome
REACTOME_PARTICIPATION:128239|R-HSA-5626467	128239	IQGAP3	ENSG00000183856	Reactome:R-HSA-5626467	R-HSA-5626467	TAS	Reactome
REACTOME_PARTICIPATION:128239|R-HSA-8980692	128239	IQGAP3	ENSG00000183856	Reactome:R-HSA-8980692	R-HSA-8980692	TAS	Reactome
REACTOME_PARTICIPATION:128239|R-HSA-9013026	128239	IQGAP3	ENSG00000183856	Reactome:R-HSA-9013026	R-HSA-9013026	TAS	Reactome
REACTOME_PARTICIPATION:128239|R-HSA-9013106	128239	IQGAP3	ENSG00000183856	Reactome:R-HSA-9013106	R-HSA-9013106	TAS	Reactome
REACTOME_PARTICIPATION:128239|R-HSA-9013148	128239	IQGAP3	ENSG00000183856	Reactome:R-HSA-9013148	R-HSA-9013148	TAS	Reactome
REACTOME_PARTICIPATION:128239|R-HSA-9013149	128239	IQGAP3	ENSG00000183856	Reactome:R-HSA-9013149	R-HSA-9013149	TAS	Reactome
REACTOME_PARTICIPATION:128239|R-HSA-9013406	128239	IQGAP3	ENSG00000183856	Reactome:R-HSA-9013406	R-HSA-9013406	TAS	Reactome
REACTOME_PARTICIPATION:128239|R-HSA-9013409	128239	IQGAP3	ENSG00000183856	Reactome:R-HSA-9013409	R-HSA-9013409	TAS	Reactome
REACTOME_PARTICIPATION:1290|R-HSA-1442490	1290	COL5A2	ENSG00000204262	Reactome:R-HSA-1442490	R-HSA-1442490	TAS	Reactome
REACTOME_PARTICIPATION:1290|R-HSA-1566977	1290	COL5A2	ENSG00000204262	Reactome:R-HSA-1566977	R-HSA-1566977	TAS	Reactome
REACTOME_PARTICIPATION:1290|R-HSA-1650814	1290	COL5A2	ENSG00000204262	Reactome:R-HSA-1650814	R-HSA-1650814	TAS	Reactome
REACTOME_PARTICIPATION:1290|R-HSA-186797	1290	COL5A2	ENSG00000204262	Reactome:R-HSA-186797	R-HSA-186797	TAS	Reactome
REACTOME_PARTICIPATION:1290|R-HSA-2022090	1290	COL5A2	ENSG00000204262	Reactome:R-HSA-2022090	R-HSA-2022090	TAS	Reactome
REACTOME_PARTICIPATION:1290|R-HSA-216083	1290	COL5A2	ENSG00000204262	Reactome:R-HSA-216083	R-HSA-216083	TAS	Reactome
REACTOME_PARTICIPATION:1290|R-HSA-3000170	1290	COL5A2	ENSG00000204262	Reactome:R-HSA-3000170	R-HSA-3000170	IEA	Reactome
REACTOME_PARTICIPATION:1290|R-HSA-3000171	1290	COL5A2	ENSG00000204262	Reactome:R-HSA-3000171	R-HSA-3000171	TAS	Reactome
REACTOME_PARTICIPATION:1290|R-HSA-3000178	1290	COL5A2	ENSG00000204262	Reactome:R-HSA-3000178	R-HSA-3000178	TAS	Reactome
REACTOME_PARTICIPATION:1290|R-HSA-419037	1290	COL5A2	ENSG00000204262	Reactome:R-HSA-419037	R-HSA-419037	TAS	Reactome
REACTOME_PARTICIPATION:1290|R-HSA-8874081	1290	COL5A2	ENSG00000204262	Reactome:R-HSA-8874081	R-HSA-8874081	TAS	Reactome
REACTOME_PARTICIPATION:1290|R-HSA-8948216	1290	COL5A2	ENSG00000204262	Reactome:R-HSA-8948216	R-HSA-8948216	TAS	Reactome
REACTOME_PARTICIPATION:1290|R-HSA-9638630	1290	COL5A2	ENSG00000204262	Reactome:R-HSA-9638630	R-HSA-9638630	TAS	Reactome
REACTOME_PARTICIPATION:1290|R-HSA-9925563	1290	COL5A2	ENSG00000204262	Reactome:R-HSA-9925563	R-HSA-9925563	TAS	Reactome
REACTOME_PARTICIPATION:1306|R-HSA-1442490	1306	COL15A1	ENSG00000204291	Reactome:R-HSA-1442490	R-HSA-1442490	TAS	Reactome
REACTOME_PARTICIPATION:1306|R-HSA-1650814	1306	COL15A1	ENSG00000204291	Reactome:R-HSA-1650814	R-HSA-1650814	TAS	Reactome
REACTOME_PARTICIPATION:1306|R-HSA-2022090	1306	COL15A1	ENSG00000204291	Reactome:R-HSA-2022090	R-HSA-2022090	TAS	Reactome
REACTOME_PARTICIPATION:1306|R-HSA-8948216	1306	COL15A1	ENSG00000204291	Reactome:R-HSA-8948216	R-HSA-8948216	TAS	Reactome
REACTOME_PARTICIPATION:1312|R-HSA-156581	1312	COMT	ENSG00000093010	Reactome:R-HSA-156581	R-HSA-156581	TAS	Reactome
REACTOME_PARTICIPATION:1312|R-HSA-379397	1312	COMT	ENSG00000093010	Reactome:R-HSA-379397	R-HSA-379397	TAS	Reactome
REACTOME_PARTICIPATION:1312|R-HSA-379398	1312	COMT	ENSG00000093010	Reactome:R-HSA-379398	R-HSA-379398	TAS	Reactome
REACTOME_PARTICIPATION:1312|R-HSA-9679191	1312	COMT	ENSG00000093010	Reactome:R-HSA-9679191	R-HSA-9679191	TAS	Reactome
REACTOME_PARTICIPATION:131669|R-HSA-70921	131669	UROC1	ENSG00000159650	Reactome:R-HSA-70921	R-HSA-70921	TAS	Reactome
REACTOME_PARTICIPATION:1356|R-HSA-381426	1356	CP	ENSG00000047457	Reactome:R-HSA-381426	R-HSA-381426	TAS	Reactome
REACTOME_PARTICIPATION:1356|R-HSA-425410	1356	CP	ENSG00000047457	Reactome:R-HSA-425410	R-HSA-425410	TAS	Reactome
REACTOME_PARTICIPATION:1356|R-HSA-5619049	1356	CP	ENSG00000047457	Reactome:R-HSA-5619049	R-HSA-5619049	TAS	Reactome
REACTOME_PARTICIPATION:1356|R-HSA-5619060	1356	CP	ENSG00000047457	Reactome:R-HSA-5619060	R-HSA-5619060	TAS	Reactome
REACTOME_PARTICIPATION:1356|R-HSA-8957275	1356	CP	ENSG00000047457	Reactome:R-HSA-8957275	R-HSA-8957275	TAS	Reactome
REACTOME_PARTICIPATION:1356|R-HSA-917937	1356	CP	ENSG00000047457	Reactome:R-HSA-917937	R-HSA-917937	TAS	Reactome
REACTOME_PARTICIPATION:1374|R-HSA-1989781	1374	CPT1A	ENSG00000110090	Reactome:R-HSA-1989781	R-HSA-1989781	IEA	Reactome
REACTOME_PARTICIPATION:1374|R-HSA-200425	1374	CPT1A	ENSG00000110090	Reactome:R-HSA-200425	R-HSA-200425	TAS	Reactome
REACTOME_PARTICIPATION:1374|R-HSA-9933387	1374	CPT1A	ENSG00000110090	Reactome:R-HSA-9933387	R-HSA-9933387	IEA	Reactome
REACTOME_PARTICIPATION:1393|R-HSA-373080	1393	CRHBP	ENSG00000145708	Reactome:R-HSA-373080	R-HSA-373080	TAS	Reactome
REACTOME_PARTICIPATION:1401|R-HSA-173623	1401	CRP	ENSG00000132693	Reactome:R-HSA-173623	R-HSA-173623	TAS	Reactome
REACTOME_PARTICIPATION:142|R-HSA-110362	142	PARP1	ENSG00000143799	Reactome:R-HSA-110362	R-HSA-110362	TAS	Reactome
REACTOME_PARTICIPATION:142|R-HSA-192814	142	PARP1	ENSG00000143799	Reactome:R-HSA-192814	R-HSA-192814	TAS	Reactome
REACTOME_PARTICIPATION:142|R-HSA-2173795	142	PARP1	ENSG00000143799	Reactome:R-HSA-2173795	R-HSA-2173795	TAS	Reactome
REACTOME_PARTICIPATION:142|R-HSA-3108214	142	PARP1	ENSG00000143799	Reactome:R-HSA-3108214	R-HSA-3108214	TAS	Reactome
REACTOME_PARTICIPATION:142|R-HSA-5685939	142	PARP1	ENSG00000143799	Reactome:R-HSA-5685939	R-HSA-5685939	TAS	Reactome
REACTOME_PARTICIPATION:142|R-HSA-5696394	142	PARP1	ENSG00000143799	Reactome:R-HSA-5696394	R-HSA-5696394	TAS	Reactome
REACTOME_PARTICIPATION:142|R-HSA-5696395	142	PARP1	ENSG00000143799	Reactome:R-HSA-5696395	R-HSA-5696395	TAS	Reactome
REACTOME_PARTICIPATION:142|R-HSA-5696400	142	PARP1	ENSG00000143799	Reactome:R-HSA-5696400	R-HSA-5696400	TAS	Reactome
REACTOME_PARTICIPATION:1436|R-HSA-449836	1436	CSF1R	ENSG00000182578	Reactome:R-HSA-449836	R-HSA-449836	TAS	Reactome
REACTOME_PARTICIPATION:1436|R-HSA-8853884	1436	CSF1R	ENSG00000182578	Reactome:R-HSA-8853884	R-HSA-8853884	TAS	Reactome
REACTOME_PARTICIPATION:1436|R-HSA-9680350	1436	CSF1R	ENSG00000182578	Reactome:R-HSA-9680350	R-HSA-9680350	IEA	Reactome
REACTOME_PARTICIPATION:1437|R-HSA-512988	1437	CSF2	ENSG00000164400	Reactome:R-HSA-512988	R-HSA-512988	TAS	Reactome
REACTOME_PARTICIPATION:1437|R-HSA-5673001	1437	CSF2	ENSG00000164400	Reactome:R-HSA-5673001	R-HSA-5673001	TAS	Reactome
REACTOME_PARTICIPATION:1437|R-HSA-6783783	1437	CSF2	ENSG00000164400	Reactome:R-HSA-6783783	R-HSA-6783783	TAS	Reactome
REACTOME_PARTICIPATION:1437|R-HSA-8939246	1437	CSF2	ENSG00000164400	Reactome:R-HSA-8939246	R-HSA-8939246	TAS	Reactome
REACTOME_PARTICIPATION:1437|R-HSA-912526	1437	CSF2	ENSG00000164400	Reactome:R-HSA-912526	R-HSA-912526	TAS	Reactome
REACTOME_PARTICIPATION:1464|R-HSA-1971475	1464	CSPG4	ENSG00000173546	Reactome:R-HSA-1971475	R-HSA-1971475	TAS	Reactome
REACTOME_PARTICIPATION:1464|R-HSA-2022870	1464	CSPG4	ENSG00000173546	Reactome:R-HSA-2022870	R-HSA-2022870	TAS	Reactome
REACTOME_PARTICIPATION:1464|R-HSA-2022923	1464	CSPG4	ENSG00000173546	Reactome:R-HSA-2022923	R-HSA-2022923	TAS	Reactome
REACTOME_PARTICIPATION:1464|R-HSA-2024101	1464	CSPG4	ENSG00000173546	Reactome:R-HSA-2024101	R-HSA-2024101	TAS	Reactome
REACTOME_PARTICIPATION:1464|R-HSA-3560783	1464	CSPG4	ENSG00000173546	Reactome:R-HSA-3560783	R-HSA-3560783	TAS	Reactome
REACTOME_PARTICIPATION:1464|R-HSA-3560801	1464	CSPG4	ENSG00000173546	Reactome:R-HSA-3560801	R-HSA-3560801	TAS	Reactome
REACTOME_PARTICIPATION:1464|R-HSA-3595172	1464	CSPG4	ENSG00000173546	Reactome:R-HSA-3595172	R-HSA-3595172	TAS	Reactome
REACTOME_PARTICIPATION:1464|R-HSA-3595174	1464	CSPG4	ENSG00000173546	Reactome:R-HSA-3595174	R-HSA-3595174	TAS	Reactome
REACTOME_PARTICIPATION:1464|R-HSA-3595177	1464	CSPG4	ENSG00000173546	Reactome:R-HSA-3595177	R-HSA-3595177	TAS	Reactome
REACTOME_PARTICIPATION:1464|R-HSA-4420332	1464	CSPG4	ENSG00000173546	Reactome:R-HSA-4420332	R-HSA-4420332	TAS	Reactome
REACTOME_PARTICIPATION:1464|R-HSA-9725554	1464	CSPG4	ENSG00000173546	Reactome:R-HSA-9725554	R-HSA-9725554	TAS	Reactome
REACTOME_PARTICIPATION:146909|R-HSA-6811434	146909	KIF18B	ENSG00000186185	Reactome:R-HSA-6811434	R-HSA-6811434	TAS	Reactome
REACTOME_PARTICIPATION:146909|R-HSA-983189	146909	KIF18B	ENSG00000186185	Reactome:R-HSA-983189	R-HSA-983189	TAS	Reactome
REACTOME_PARTICIPATION:148|R-HSA-390696	148	ADRA1A	ENSG00000120907	Reactome:R-HSA-390696	R-HSA-390696	TAS	Reactome
REACTOME_PARTICIPATION:148|R-HSA-416476	148	ADRA1A	ENSG00000120907	Reactome:R-HSA-416476	R-HSA-416476	TAS	Reactome
REACTOME_PARTICIPATION:148|R-HSA-416482	148	ADRA1A	ENSG00000120907	Reactome:R-HSA-416482	R-HSA-416482	TAS	Reactome
REACTOME_PARTICIPATION:1490|R-HSA-2032785	1490	CCN2	ENSG00000118523	Reactome:R-HSA-2032785	R-HSA-2032785	TAS	Reactome
REACTOME_PARTICIPATION:1490|R-HSA-8951671	1490	CCN2	ENSG00000118523	Reactome:R-HSA-8951671	R-HSA-8951671	TAS	Reactome
REACTOME_PARTICIPATION:1493|R-HSA-389356	1493	CTLA4	ENSG00000163599	Reactome:R-HSA-389356	R-HSA-389356	TAS	Reactome
REACTOME_PARTICIPATION:1493|R-HSA-389513	1493	CTLA4	ENSG00000163599	Reactome:R-HSA-389513	R-HSA-389513	TAS	Reactome
REACTOME_PARTICIPATION:1493|R-HSA-8877330	1493	CTLA4	ENSG00000163599	Reactome:R-HSA-8877330	R-HSA-8877330	TAS	Reactome
REACTOME_PARTICIPATION:1499|R-HSA-195253	1499	CTNNB1	ENSG00000168036	Reactome:R-HSA-195253	R-HSA-195253	TAS	Reactome
REACTOME_PARTICIPATION:1499|R-HSA-196299	1499	CTNNB1	ENSG00000168036	Reactome:R-HSA-196299	R-HSA-196299	TAS	Reactome
REACTOME_PARTICIPATION:1499|R-HSA-201681	1499	CTNNB1	ENSG00000168036	Reactome:R-HSA-201681	R-HSA-201681	TAS	Reactome
REACTOME_PARTICIPATION:1499|R-HSA-201722	1499	CTNNB1	ENSG00000168036	Reactome:R-HSA-201722	R-HSA-201722	IEA	Reactome
REACTOME_PARTICIPATION:1499|R-HSA-3134973	1499	CTNNB1	ENSG00000168036	Reactome:R-HSA-3134973	R-HSA-3134973	TAS	Reactome
REACTOME_PARTICIPATION:1499|R-HSA-351906	1499	CTNNB1	ENSG00000168036	Reactome:R-HSA-351906	R-HSA-351906	TAS	Reactome
REACTOME_PARTICIPATION:1499|R-HSA-3769402	1499	CTNNB1	ENSG00000168036	Reactome:R-HSA-3769402	R-HSA-3769402	TAS	Reactome
REACTOME_PARTICIPATION:1499|R-HSA-381771	1499	CTNNB1	ENSG00000168036	Reactome:R-HSA-381771	R-HSA-381771	TAS	Reactome
REACTOME_PARTICIPATION:1499|R-HSA-4086398	1499	CTNNB1	ENSG00000168036	Reactome:R-HSA-4086398	R-HSA-4086398	TAS	Reactome
REACTOME_PARTICIPATION:1499|R-HSA-418990	1499	CTNNB1	ENSG00000168036	Reactome:R-HSA-418990	R-HSA-418990	TAS	Reactome
REACTOME_PARTICIPATION:1499|R-HSA-4411364	1499	CTNNB1	ENSG00000168036	Reactome:R-HSA-4411364	R-HSA-4411364	TAS	Reactome
REACTOME_PARTICIPATION:1499|R-HSA-4641262	1499	CTNNB1	ENSG00000168036	Reactome:R-HSA-4641262	R-HSA-4641262	TAS	Reactome
REACTOME_PARTICIPATION:1499|R-HSA-5218920	1499	CTNNB1	ENSG00000168036	Reactome:R-HSA-5218920	R-HSA-5218920	TAS	Reactome
REACTOME_PARTICIPATION:1499|R-HSA-525793	1499	CTNNB1	ENSG00000168036	Reactome:R-HSA-525793	R-HSA-525793	IEA	Reactome
REACTOME_PARTICIPATION:1499|R-HSA-5339716	1499	CTNNB1	ENSG00000168036	Reactome:R-HSA-5339716	R-HSA-5339716	TAS	Reactome
REACTOME_PARTICIPATION:1499|R-HSA-5358747	1499	CTNNB1	ENSG00000168036	Reactome:R-HSA-5358747	R-HSA-5358747	TAS	Reactome
REACTOME_PARTICIPATION:1499|R-HSA-5358749	1499	CTNNB1	ENSG00000168036	Reactome:R-HSA-5358749	R-HSA-5358749	TAS	Reactome
REACTOME_PARTICIPATION:1499|R-HSA-5358751	1499	CTNNB1	ENSG00000168036	Reactome:R-HSA-5358751	R-HSA-5358751	TAS	Reactome
REACTOME_PARTICIPATION:1499|R-HSA-5358752	1499	CTNNB1	ENSG00000168036	Reactome:R-HSA-5358752	R-HSA-5358752	TAS	Reactome
REACTOME_PARTICIPATION:1499|R-HSA-5626467	1499	CTNNB1	ENSG00000168036	Reactome:R-HSA-5626467	R-HSA-5626467	TAS	Reactome
REACTOME_PARTICIPATION:1499|R-HSA-8853884	1499	CTNNB1	ENSG00000168036	Reactome:R-HSA-8853884	R-HSA-8853884	TAS	Reactome
REACTOME_PARTICIPATION:1499|R-HSA-8876493	1499	CTNNB1	ENSG00000168036	Reactome:R-HSA-8876493	R-HSA-8876493	TAS	Reactome
REACTOME_PARTICIPATION:1499|R-HSA-8951430	1499	CTNNB1	ENSG00000168036	Reactome:R-HSA-8951430	R-HSA-8951430	TAS	Reactome
REACTOME_PARTICIPATION:1499|R-HSA-9733709	1499	CTNNB1	ENSG00000168036	Reactome:R-HSA-9733709	R-HSA-9733709	IEA	Reactome
REACTOME_PARTICIPATION:1499|R-HSA-9754189	1499	CTNNB1	ENSG00000168036	Reactome:R-HSA-9754189	R-HSA-9754189	IEA	Reactome
REACTOME_PARTICIPATION:1499|R-HSA-9762292	1499	CTNNB1	ENSG00000168036	Reactome:R-HSA-9762292	R-HSA-9762292	IEA	Reactome
REACTOME_PARTICIPATION:1499|R-HSA-9764302	1499	CTNNB1	ENSG00000168036	Reactome:R-HSA-9764302	R-HSA-9764302	IEA	Reactome
REACTOME_PARTICIPATION:1499|R-HSA-9764561	1499	CTNNB1	ENSG00000168036	Reactome:R-HSA-9764561	R-HSA-9764561	TAS	Reactome
REACTOME_PARTICIPATION:1499|R-HSA-9766229	1499	CTNNB1	ENSG00000168036	Reactome:R-HSA-9766229	R-HSA-9766229	TAS	Reactome
REACTOME_PARTICIPATION:1499|R-HSA-9768727	1499	CTNNB1	ENSG00000168036	Reactome:R-HSA-9768727	R-HSA-9768727	TAS	Reactome
REACTOME_PARTICIPATION:1499|R-HSA-9793380	1499	CTNNB1	ENSG00000168036	Reactome:R-HSA-9793380	R-HSA-9793380	IEA	Reactome
REACTOME_PARTICIPATION:1499|R-HSA-9796292	1499	CTNNB1	ENSG00000168036	Reactome:R-HSA-9796292	R-HSA-9796292	IEA	Reactome
REACTOME_PARTICIPATION:1499|R-HSA-9823730	1499	CTNNB1	ENSG00000168036	Reactome:R-HSA-9823730	R-HSA-9823730	IEA	Reactome
REACTOME_PARTICIPATION:1499|R-HSA-9824272	1499	CTNNB1	ENSG00000168036	Reactome:R-HSA-9824272	R-HSA-9824272	IEA	Reactome
REACTOME_PARTICIPATION:1499|R-HSA-9824585	1499	CTNNB1	ENSG00000168036	Reactome:R-HSA-9824585	R-HSA-9824585	TAS	Reactome
REACTOME_PARTICIPATION:1499|R-HSA-9825892	1499	CTNNB1	ENSG00000168036	Reactome:R-HSA-9825892	R-HSA-9825892	TAS	Reactome
REACTOME_PARTICIPATION:1499|R-HSA-9830364	1499	CTNNB1	ENSG00000168036	Reactome:R-HSA-9830364	R-HSA-9830364	IEA	Reactome
REACTOME_PARTICIPATION:1499|R-HSA-9833576	1499	CTNNB1	ENSG00000168036	Reactome:R-HSA-9833576	R-HSA-9833576	IEA	Reactome
REACTOME_PARTICIPATION:1499|R-HSA-9834899	1499	CTNNB1	ENSG00000168036	Reactome:R-HSA-9834899	R-HSA-9834899	IEA	Reactome
REACTOME_PARTICIPATION:1499|R-HSA-9856530	1499	CTNNB1	ENSG00000168036	Reactome:R-HSA-9856530	R-HSA-9856530	IEA	Reactome
REACTOME_PARTICIPATION:1499|R-HSA-9856649	1499	CTNNB1	ENSG00000168036	Reactome:R-HSA-9856649	R-HSA-9856649	TAS	Reactome
REACTOME_PARTICIPATION:1499|R-HSA-9909649	1499	CTNNB1	ENSG00000168036	Reactome:R-HSA-9909649	R-HSA-9909649	TAS	Reactome
REACTOME_PARTICIPATION:1499|R-HSA-9918481	1499	CTNNB1	ENSG00000168036	Reactome:R-HSA-9918481	R-HSA-9918481	TAS	Reactome
REACTOME_PARTICIPATION:1499|R-HSA-9943962	1499	CTNNB1	ENSG00000168036	Reactome:R-HSA-9943962	R-HSA-9943962	TAS	Reactome
REACTOME_PARTICIPATION:1499|R-HSA-9958810	1499	CTNNB1	ENSG00000168036	Reactome:R-HSA-9958810	R-HSA-9958810	IEA	Reactome
REACTOME_PARTICIPATION:1499|R-HSA-9958825	1499	CTNNB1	ENSG00000168036	Reactome:R-HSA-9958825	R-HSA-9958825	TAS	Reactome
REACTOME_PARTICIPATION:150684|R-HSA-8951664	150684	COMMD1	ENSG00000173163	Reactome:R-HSA-8951664	R-HSA-8951664	TAS	Reactome
REACTOME_PARTICIPATION:1509|R-HSA-1442490	1509	CTSD	ENSG00000117984	Reactome:R-HSA-1442490	R-HSA-1442490	TAS	Reactome
REACTOME_PARTICIPATION:1509|R-HSA-2022377	1509	CTSD	ENSG00000117984	Reactome:R-HSA-2022377	R-HSA-2022377	TAS	Reactome
REACTOME_PARTICIPATION:1509|R-HSA-2132295	1509	CTSD	ENSG00000117984	Reactome:R-HSA-2132295	R-HSA-2132295	TAS	Reactome
REACTOME_PARTICIPATION:1509|R-HSA-6798695	1509	CTSD	ENSG00000117984	Reactome:R-HSA-6798695	R-HSA-6798695	TAS	Reactome
REACTOME_PARTICIPATION:1509|R-HSA-77387	1509	CTSD	ENSG00000117984	Reactome:R-HSA-77387	R-HSA-77387	TAS	Reactome
REACTOME_PARTICIPATION:1509|R-HSA-9018519	1509	CTSD	ENSG00000117984	Reactome:R-HSA-9018519	R-HSA-9018519	TAS	Reactome
REACTOME_PARTICIPATION:151|R-HSA-390696	151	ADRA2B	ENSG00000274286	Reactome:R-HSA-390696	R-HSA-390696	TAS	Reactome
REACTOME_PARTICIPATION:151|R-HSA-392023	151	ADRA2B	ENSG00000274286	Reactome:R-HSA-392023	R-HSA-392023	TAS	Reactome
REACTOME_PARTICIPATION:151|R-HSA-418594	151	ADRA2B	ENSG00000274286	Reactome:R-HSA-418594	R-HSA-418594	TAS	Reactome
REACTOME_PARTICIPATION:151|R-HSA-418597	151	ADRA2B	ENSG00000274286	Reactome:R-HSA-418597	R-HSA-418597	TAS	Reactome
REACTOME_PARTICIPATION:152831|R-HSA-109704	152831	KLB	ENSG00000134962	Reactome:R-HSA-109704	R-HSA-109704	TAS	Reactome
REACTOME_PARTICIPATION:152831|R-HSA-1257604	152831	KLB	ENSG00000134962	Reactome:R-HSA-1257604	R-HSA-1257604	TAS	Reactome
REACTOME_PARTICIPATION:152831|R-HSA-1307965	152831	KLB	ENSG00000134962	Reactome:R-HSA-1307965	R-HSA-1307965	TAS	Reactome
REACTOME_PARTICIPATION:152831|R-HSA-2219530	152831	KLB	ENSG00000134962	Reactome:R-HSA-2219530	R-HSA-2219530	TAS	Reactome
REACTOME_PARTICIPATION:152831|R-HSA-5654228	152831	KLB	ENSG00000134962	Reactome:R-HSA-5654228	R-HSA-5654228	TAS	Reactome
REACTOME_PARTICIPATION:152831|R-HSA-5654712	152831	KLB	ENSG00000134962	Reactome:R-HSA-5654712	R-HSA-5654712	TAS	Reactome
REACTOME_PARTICIPATION:152831|R-HSA-5654719	152831	KLB	ENSG00000134962	Reactome:R-HSA-5654719	R-HSA-5654719	TAS	Reactome
REACTOME_PARTICIPATION:152831|R-HSA-5654720	152831	KLB	ENSG00000134962	Reactome:R-HSA-5654720	R-HSA-5654720	TAS	Reactome
REACTOME_PARTICIPATION:152831|R-HSA-5654733	152831	KLB	ENSG00000134962	Reactome:R-HSA-5654733	R-HSA-5654733	TAS	Reactome
REACTOME_PARTICIPATION:152831|R-HSA-5673001	152831	KLB	ENSG00000134962	Reactome:R-HSA-5673001	R-HSA-5673001	TAS	Reactome
REACTOME_PARTICIPATION:152831|R-HSA-6811558	152831	KLB	ENSG00000134962	Reactome:R-HSA-6811558	R-HSA-6811558	TAS	Reactome
REACTOME_PARTICIPATION:1535|R-HSA-1222556	1535	CYBA	ENSG00000051523	Reactome:R-HSA-1222556	R-HSA-1222556	TAS	Reactome
REACTOME_PARTICIPATION:1535|R-HSA-1236973	1535	CYBA	ENSG00000051523	Reactome:R-HSA-1236973	R-HSA-1236973	TAS	Reactome
REACTOME_PARTICIPATION:1535|R-HSA-3299685	1535	CYBA	ENSG00000051523	Reactome:R-HSA-3299685	R-HSA-3299685	TAS	Reactome
REACTOME_PARTICIPATION:1535|R-HSA-4420097	1535	CYBA	ENSG00000051523	Reactome:R-HSA-4420097	R-HSA-4420097	TAS	Reactome
REACTOME_PARTICIPATION:1535|R-HSA-5668599	1535	CYBA	ENSG00000051523	Reactome:R-HSA-5668599	R-HSA-5668599	TAS	Reactome
REACTOME_PARTICIPATION:1535|R-HSA-6798695	1535	CYBA	ENSG00000051523	Reactome:R-HSA-6798695	R-HSA-6798695	TAS	Reactome
REACTOME_PARTICIPATION:1535|R-HSA-9013149	1535	CYBA	ENSG00000051523	Reactome:R-HSA-9013149	R-HSA-9013149	TAS	Reactome
REACTOME_PARTICIPATION:1535|R-HSA-9013404	1535	CYBA	ENSG00000051523	Reactome:R-HSA-9013404	R-HSA-9013404	TAS	Reactome
REACTOME_PARTICIPATION:1535|R-HSA-9013423	1535	CYBA	ENSG00000051523	Reactome:R-HSA-9013423	R-HSA-9013423	TAS	Reactome
REACTOME_PARTICIPATION:1535|R-HSA-9673324	1535	CYBA	ENSG00000051523	Reactome:R-HSA-9673324	R-HSA-9673324	TAS	Reactome
REACTOME_PARTICIPATION:1540|R-HSA-168638	1540	CYLD	ENSG00000083799	Reactome:R-HSA-168638	R-HSA-168638	TAS	Reactome
REACTOME_PARTICIPATION:1540|R-HSA-5357786	1540	CYLD	ENSG00000083799	Reactome:R-HSA-5357786	R-HSA-5357786	TAS	Reactome
REACTOME_PARTICIPATION:1540|R-HSA-5357905	1540	CYLD	ENSG00000083799	Reactome:R-HSA-5357905	R-HSA-5357905	TAS	Reactome
REACTOME_PARTICIPATION:1540|R-HSA-5357956	1540	CYLD	ENSG00000083799	Reactome:R-HSA-5357956	R-HSA-5357956	TAS	Reactome
REACTOME_PARTICIPATION:1540|R-HSA-5689880	1540	CYLD	ENSG00000083799	Reactome:R-HSA-5689880	R-HSA-5689880	TAS	Reactome
REACTOME_PARTICIPATION:1540|R-HSA-936440	1540	CYLD	ENSG00000083799	Reactome:R-HSA-936440	R-HSA-936440	TAS	Reactome
REACTOME_PARTICIPATION:1543|R-HSA-1989781	1543	CYP1A1	ENSG00000140465	Reactome:R-HSA-1989781	R-HSA-1989781	TAS	Reactome
REACTOME_PARTICIPATION:1543|R-HSA-211981	1543	CYP1A1	ENSG00000140465	Reactome:R-HSA-211981	R-HSA-211981	TAS	Reactome
REACTOME_PARTICIPATION:1543|R-HSA-2142670	1543	CYP1A1	ENSG00000140465	Reactome:R-HSA-2142670	R-HSA-2142670	TAS	Reactome
REACTOME_PARTICIPATION:1543|R-HSA-2142816	1543	CYP1A1	ENSG00000140465	Reactome:R-HSA-2142816	R-HSA-2142816	TAS	Reactome
REACTOME_PARTICIPATION:1543|R-HSA-9018681	1543	CYP1A1	ENSG00000140465	Reactome:R-HSA-9018681	R-HSA-9018681	TAS	Reactome
REACTOME_PARTICIPATION:1544|R-HSA-156581	1544	CYP1A2	ENSG00000140505	Reactome:R-HSA-156581	R-HSA-156581	TAS	Reactome
REACTOME_PARTICIPATION:1544|R-HSA-211957	1544	CYP1A2	ENSG00000140505	Reactome:R-HSA-211957	R-HSA-211957	TAS	Reactome
REACTOME_PARTICIPATION:1544|R-HSA-2142670	1544	CYP1A2	ENSG00000140505	Reactome:R-HSA-2142670	R-HSA-2142670	TAS	Reactome
REACTOME_PARTICIPATION:1544|R-HSA-2142816	1544	CYP1A2	ENSG00000140505	Reactome:R-HSA-2142816	R-HSA-2142816	TAS	Reactome
REACTOME_PARTICIPATION:1544|R-HSA-5423646	1544	CYP1A2	ENSG00000140505	Reactome:R-HSA-5423646	R-HSA-5423646	TAS	Reactome
REACTOME_PARTICIPATION:1544|R-HSA-9018681	1544	CYP1A2	ENSG00000140505	Reactome:R-HSA-9018681	R-HSA-9018681	TAS	Reactome
REACTOME_PARTICIPATION:1544|R-HSA-9027307	1544	CYP1A2	ENSG00000140505	Reactome:R-HSA-9027307	R-HSA-9027307	TAS	Reactome
REACTOME_PARTICIPATION:1555|R-HSA-211935	1555	CYP2B6	ENSG00000197408	Reactome:R-HSA-211935	R-HSA-211935	TAS	Reactome
REACTOME_PARTICIPATION:1555|R-HSA-211945	1555	CYP2B6	ENSG00000197408	Reactome:R-HSA-211945	R-HSA-211945	TAS	Reactome
REACTOME_PARTICIPATION:1555|R-HSA-211981	1555	CYP2B6	ENSG00000197408	Reactome:R-HSA-211981	R-HSA-211981	TAS	Reactome
REACTOME_PARTICIPATION:1555|R-HSA-211999	1555	CYP2B6	ENSG00000197408	Reactome:R-HSA-211999	R-HSA-211999	TAS	Reactome
REACTOME_PARTICIPATION:1557|R-HSA-211981	1557	CYP2C19	ENSG00000165841	Reactome:R-HSA-211981	R-HSA-211981	TAS	Reactome
REACTOME_PARTICIPATION:1557|R-HSA-211999	1557	CYP2C19	ENSG00000165841	Reactome:R-HSA-211999	R-HSA-211999	TAS	Reactome
REACTOME_PARTICIPATION:1557|R-HSA-2142670	1557	CYP2C19	ENSG00000165841	Reactome:R-HSA-2142670	R-HSA-2142670	TAS	Reactome
REACTOME_PARTICIPATION:1557|R-HSA-2142816	1557	CYP2C19	ENSG00000165841	Reactome:R-HSA-2142816	R-HSA-2142816	TAS	Reactome
REACTOME_PARTICIPATION:1557|R-HSA-9749641	1557	CYP2C19	ENSG00000165841	Reactome:R-HSA-9749641	R-HSA-9749641	TAS	Reactome
REACTOME_PARTICIPATION:1558|R-HSA-211981	1558	CYP2C8	ENSG00000138115	Reactome:R-HSA-211981	R-HSA-211981	TAS	Reactome
REACTOME_PARTICIPATION:1558|R-HSA-211999	1558	CYP2C8	ENSG00000138115	Reactome:R-HSA-211999	R-HSA-211999	TAS	Reactome
REACTOME_PARTICIPATION:1558|R-HSA-2142670	1558	CYP2C8	ENSG00000138115	Reactome:R-HSA-2142670	R-HSA-2142670	TAS	Reactome
REACTOME_PARTICIPATION:1558|R-HSA-2142816	1558	CYP2C8	ENSG00000138115	Reactome:R-HSA-2142816	R-HSA-2142816	TAS	Reactome
REACTOME_PARTICIPATION:1558|R-HSA-9027307	1558	CYP2C8	ENSG00000138115	Reactome:R-HSA-9027307	R-HSA-9027307	TAS	Reactome
REACTOME_PARTICIPATION:1558|R-HSA-9749641	1558	CYP2C8	ENSG00000138115	Reactome:R-HSA-9749641	R-HSA-9749641	TAS	Reactome
REACTOME_PARTICIPATION:155|R-HSA-390696	155	ADRB3	ENSG00000188778	Reactome:R-HSA-390696	R-HSA-390696	TAS	Reactome
REACTOME_PARTICIPATION:155|R-HSA-418555	155	ADRB3	ENSG00000188778	Reactome:R-HSA-418555	R-HSA-418555	TAS	Reactome
REACTOME_PARTICIPATION:1571|R-HSA-211981	1571	CYP2E1	ENSG00000130649	Reactome:R-HSA-211981	R-HSA-211981	TAS	Reactome
REACTOME_PARTICIPATION:1571|R-HSA-211999	1571	CYP2E1	ENSG00000130649	Reactome:R-HSA-211999	R-HSA-211999	TAS	Reactome
REACTOME_PARTICIPATION:1571|R-HSA-9027307	1571	CYP2E1	ENSG00000130649	Reactome:R-HSA-9027307	R-HSA-9027307	TAS	Reactome
REACTOME_PARTICIPATION:1571|R-HSA-9749641	1571	CYP2E1	ENSG00000130649	Reactome:R-HSA-9749641	R-HSA-9749641	TAS	Reactome
REACTOME_PARTICIPATION:1571|R-HSA-9753281	1571	CYP2E1	ENSG00000130649	Reactome:R-HSA-9753281	R-HSA-9753281	TAS	Reactome
REACTOME_PARTICIPATION:1586|R-HSA-193048	1586	CYP17A1	ENSG00000148795	Reactome:R-HSA-193048	R-HSA-193048	TAS	Reactome
REACTOME_PARTICIPATION:1586|R-HSA-194002	1586	CYP17A1	ENSG00000148795	Reactome:R-HSA-194002	R-HSA-194002	TAS	Reactome
REACTOME_PARTICIPATION:1586|R-HSA-5579028	1586	CYP17A1	ENSG00000148795	Reactome:R-HSA-5579028	R-HSA-5579028	TAS	Reactome
REACTOME_PARTICIPATION:1593|R-HSA-193368	1593	CYP27A1	ENSG00000135929	Reactome:R-HSA-193368	R-HSA-193368	TAS	Reactome
REACTOME_PARTICIPATION:1593|R-HSA-193775	1593	CYP27A1	ENSG00000135929	Reactome:R-HSA-193775	R-HSA-193775	TAS	Reactome
REACTOME_PARTICIPATION:1593|R-HSA-193807	1593	CYP27A1	ENSG00000135929	Reactome:R-HSA-193807	R-HSA-193807	TAS	Reactome
REACTOME_PARTICIPATION:1593|R-HSA-211976	1593	CYP27A1	ENSG00000135929	Reactome:R-HSA-211976	R-HSA-211976	TAS	Reactome
REACTOME_PARTICIPATION:1593|R-HSA-5578996	1593	CYP27A1	ENSG00000135929	Reactome:R-HSA-5578996	R-HSA-5578996	TAS	Reactome
REACTOME_PARTICIPATION:1621|R-HSA-209905	1621	DBH	ENSG00000123454	Reactome:R-HSA-209905	R-HSA-209905	TAS	Reactome
REACTOME_PARTICIPATION:1634|R-HSA-1474228	1634	DCN	ENSG00000011465	Reactome:R-HSA-1474228	R-HSA-1474228	TAS	Reactome
REACTOME_PARTICIPATION:1634|R-HSA-1971475	1634	DCN	ENSG00000011465	Reactome:R-HSA-1971475	R-HSA-1971475	TAS	Reactome
REACTOME_PARTICIPATION:1634|R-HSA-2022870	1634	DCN	ENSG00000011465	Reactome:R-HSA-2022870	R-HSA-2022870	TAS	Reactome
REACTOME_PARTICIPATION:1634|R-HSA-2022923	1634	DCN	ENSG00000011465	Reactome:R-HSA-2022923	R-HSA-2022923	TAS	Reactome
REACTOME_PARTICIPATION:1634|R-HSA-2024101	1634	DCN	ENSG00000011465	Reactome:R-HSA-2024101	R-HSA-2024101	TAS	Reactome
REACTOME_PARTICIPATION:1634|R-HSA-3000178	1634	DCN	ENSG00000011465	Reactome:R-HSA-3000178	R-HSA-3000178	IEA	Reactome
REACTOME_PARTICIPATION:1634|R-HSA-3560783	1634	DCN	ENSG00000011465	Reactome:R-HSA-3560783	R-HSA-3560783	TAS	Reactome
REACTOME_PARTICIPATION:1634|R-HSA-3560801	1634	DCN	ENSG00000011465	Reactome:R-HSA-3560801	R-HSA-3560801	TAS	Reactome
REACTOME_PARTICIPATION:1634|R-HSA-3595172	1634	DCN	ENSG00000011465	Reactome:R-HSA-3595172	R-HSA-3595172	TAS	Reactome
REACTOME_PARTICIPATION:1634|R-HSA-3595174	1634	DCN	ENSG00000011465	Reactome:R-HSA-3595174	R-HSA-3595174	TAS	Reactome
REACTOME_PARTICIPATION:1634|R-HSA-3595177	1634	DCN	ENSG00000011465	Reactome:R-HSA-3595177	R-HSA-3595177	TAS	Reactome
REACTOME_PARTICIPATION:1634|R-HSA-4420332	1634	DCN	ENSG00000011465	Reactome:R-HSA-4420332	R-HSA-4420332	TAS	Reactome
REACTOME_PARTICIPATION:1636|R-HSA-2022377	1636	ACE	ENSG00000159640	Reactome:R-HSA-2022377	R-HSA-2022377	TAS	Reactome
REACTOME_PARTICIPATION:1646|R-HSA-193368	1646	AKR1C2	ENSG00000151632	Reactome:R-HSA-193368	R-HSA-193368	TAS	Reactome
REACTOME_PARTICIPATION:1646|R-HSA-193775	1646	AKR1C2	ENSG00000151632	Reactome:R-HSA-193775	R-HSA-193775	TAS	Reactome
REACTOME_PARTICIPATION:1646|R-HSA-193807	1646	AKR1C2	ENSG00000151632	Reactome:R-HSA-193807	R-HSA-193807	TAS	Reactome
REACTOME_PARTICIPATION:169355|R-HSA-71240	169355	IDO2	ENSG00000188676	Reactome:R-HSA-71240	R-HSA-71240	TAS	Reactome
REACTOME_PARTICIPATION:1717|R-HSA-2426168	1717	DHCR7	ENSG00000172893	Reactome:R-HSA-2426168	R-HSA-2426168	TAS	Reactome
REACTOME_PARTICIPATION:1717|R-HSA-6807047	1717	DHCR7	ENSG00000172893	Reactome:R-HSA-6807047	R-HSA-6807047	TAS	Reactome
REACTOME_PARTICIPATION:1717|R-HSA-9969901	1717	DHCR7	ENSG00000172893	Reactome:R-HSA-9969901	R-HSA-9969901	TAS	Reactome
REACTOME_PARTICIPATION:1728|R-HSA-350562	1728	NQO1	ENSG00000181019	Reactome:R-HSA-350562	R-HSA-350562	TAS	Reactome
REACTOME_PARTICIPATION:1728|R-HSA-9818027	1728	NQO1	ENSG00000181019	Reactome:R-HSA-9818027	R-HSA-9818027	IEA	Reactome
REACTOME_PARTICIPATION:1728|R-HSA-9943962	1728	NQO1	ENSG00000181019	Reactome:R-HSA-9943962	R-HSA-9943962	IEA	Reactome
REACTOME_PARTICIPATION:174|R-HSA-381426	174	AFP	ENSG00000081051	Reactome:R-HSA-381426	R-HSA-381426	TAS	Reactome
REACTOME_PARTICIPATION:174|R-HSA-8957275	174	AFP	ENSG00000081051	Reactome:R-HSA-8957275	R-HSA-8957275	TAS	Reactome
REACTOME_PARTICIPATION:1806|R-HSA-73621	1806	DPYD	ENSG00000188641	Reactome:R-HSA-73621	R-HSA-73621	TAS	Reactome
REACTOME_PARTICIPATION:1815|R-HSA-390651	1815	DRD4	ENSG00000069696	Reactome:R-HSA-390651	R-HSA-390651	TAS	Reactome
REACTOME_PARTICIPATION:1815|R-HSA-418594	1815	DRD4	ENSG00000069696	Reactome:R-HSA-418594	R-HSA-418594	TAS	Reactome
REACTOME_PARTICIPATION:1820|R-HSA-6804116	1820	ARID3A	ENSG00000116017	Reactome:R-HSA-6804116	R-HSA-6804116	TAS	Reactome
REACTOME_PARTICIPATION:183|R-HSA-1989781	183	AGT	ENSG00000135744	Reactome:R-HSA-1989781	R-HSA-1989781	TAS	Reactome
REACTOME_PARTICIPATION:183|R-HSA-2022377	183	AGT	ENSG00000135744	Reactome:R-HSA-2022377	R-HSA-2022377	TAS	Reactome
REACTOME_PARTICIPATION:183|R-HSA-375276	183	AGT	ENSG00000135744	Reactome:R-HSA-375276	R-HSA-375276	TAS	Reactome
REACTOME_PARTICIPATION:183|R-HSA-416476	183	AGT	ENSG00000135744	Reactome:R-HSA-416476	R-HSA-416476	TAS	Reactome
REACTOME_PARTICIPATION:183|R-HSA-418594	183	AGT	ENSG00000135744	Reactome:R-HSA-418594	R-HSA-418594	TAS	Reactome
REACTOME_PARTICIPATION:1869|R-HSA-111448	1869	E2F1	ENSG00000101412	Reactome:R-HSA-111448	R-HSA-111448	TAS	Reactome
REACTOME_PARTICIPATION:1869|R-HSA-113501	1869	E2F1	ENSG00000101412	Reactome:R-HSA-113501	R-HSA-113501	IEA	Reactome
REACTOME_PARTICIPATION:1869|R-HSA-1362277	1869	E2F1	ENSG00000101412	Reactome:R-HSA-1362277	R-HSA-1362277	IEA	Reactome
REACTOME_PARTICIPATION:1869|R-HSA-1362300	1869	E2F1	ENSG00000101412	Reactome:R-HSA-1362300	R-HSA-1362300	IEA	Reactome
REACTOME_PARTICIPATION:1869|R-HSA-139915	1869	E2F1	ENSG00000101412	Reactome:R-HSA-139915	R-HSA-139915	TAS	Reactome
REACTOME_PARTICIPATION:1869|R-HSA-1912408	1869	E2F1	ENSG00000101412	Reactome:R-HSA-1912408	R-HSA-1912408	TAS	Reactome
REACTOME_PARTICIPATION:1869|R-HSA-2559580	1869	E2F1	ENSG00000101412	Reactome:R-HSA-2559580	R-HSA-2559580	TAS	Reactome
REACTOME_PARTICIPATION:1869|R-HSA-2559585	1869	E2F1	ENSG00000101412	Reactome:R-HSA-2559585	R-HSA-2559585	TAS	Reactome
REACTOME_PARTICIPATION:1869|R-HSA-6804116	1869	E2F1	ENSG00000101412	Reactome:R-HSA-6804116	R-HSA-6804116	TAS	Reactome
REACTOME_PARTICIPATION:1869|R-HSA-68911	1869	E2F1	ENSG00000101412	Reactome:R-HSA-68911	R-HSA-68911	TAS	Reactome
REACTOME_PARTICIPATION:1869|R-HSA-69202	1869	E2F1	ENSG00000101412	Reactome:R-HSA-69202	R-HSA-69202	TAS	Reactome
REACTOME_PARTICIPATION:1869|R-HSA-69205	1869	E2F1	ENSG00000101412	Reactome:R-HSA-69205	R-HSA-69205	IEA	Reactome
REACTOME_PARTICIPATION:1869|R-HSA-69231	1869	E2F1	ENSG00000101412	Reactome:R-HSA-69231	R-HSA-69231	TAS	Reactome
REACTOME_PARTICIPATION:1869|R-HSA-69656	1869	E2F1	ENSG00000101412	Reactome:R-HSA-69656	R-HSA-69656	TAS	Reactome
REACTOME_PARTICIPATION:1869|R-HSA-8953750	1869	E2F1	ENSG00000101412	Reactome:R-HSA-8953750	R-HSA-8953750	TAS	Reactome
REACTOME_PARTICIPATION:1869|R-HSA-9616222	1869	E2F1	ENSG00000101412	Reactome:R-HSA-9616222	R-HSA-9616222	TAS	Reactome
REACTOME_PARTICIPATION:1869|R-HSA-9661069	1869	E2F1	ENSG00000101412	Reactome:R-HSA-9661069	R-HSA-9661069	TAS	Reactome
REACTOME_PARTICIPATION:1893|R-HSA-114608	1893	ECM1	ENSG00000143369	Reactome:R-HSA-114608	R-HSA-114608	TAS	Reactome
REACTOME_PARTICIPATION:1894|R-HSA-193648	1894	ECT2	ENSG00000114346	Reactome:R-HSA-193648	R-HSA-193648	TAS	Reactome
REACTOME_PARTICIPATION:1894|R-HSA-416482	1894	ECT2	ENSG00000114346	Reactome:R-HSA-416482	R-HSA-416482	TAS	Reactome
REACTOME_PARTICIPATION:1894|R-HSA-8980692	1894	ECT2	ENSG00000114346	Reactome:R-HSA-8980692	R-HSA-8980692	TAS	Reactome
REACTOME_PARTICIPATION:1894|R-HSA-9013026	1894	ECT2	ENSG00000114346	Reactome:R-HSA-9013026	R-HSA-9013026	TAS	Reactome
REACTOME_PARTICIPATION:1894|R-HSA-9013148	1894	ECT2	ENSG00000114346	Reactome:R-HSA-9013148	R-HSA-9013148	TAS	Reactome
REACTOME_PARTICIPATION:1894|R-HSA-9013149	1894	ECT2	ENSG00000114346	Reactome:R-HSA-9013149	R-HSA-9013149	TAS	Reactome
REACTOME_PARTICIPATION:191|R-HSA-156581	191	AHCY	ENSG00000101444	Reactome:R-HSA-156581	R-HSA-156581	TAS	Reactome
REACTOME_PARTICIPATION:191|R-HSA-1614635	191	AHCY	ENSG00000101444	Reactome:R-HSA-1614635	R-HSA-1614635	TAS	Reactome
REACTOME_PARTICIPATION:191|R-HSA-2408508	191	AHCY	ENSG00000101444	Reactome:R-HSA-2408508	R-HSA-2408508	IEA	Reactome
REACTOME_PARTICIPATION:191|R-HSA-5578997	191	AHCY	ENSG00000101444	Reactome:R-HSA-5578997	R-HSA-5578997	TAS	Reactome
REACTOME_PARTICIPATION:1950|R-HSA-114608	1950	EGF	ENSG00000138798	Reactome:R-HSA-114608	R-HSA-114608	TAS	Reactome
REACTOME_PARTICIPATION:1950|R-HSA-1227986	1950	EGF	ENSG00000138798	Reactome:R-HSA-1227986	R-HSA-1227986	TAS	Reactome
REACTOME_PARTICIPATION:1950|R-HSA-1236382	1950	EGF	ENSG00000138798	Reactome:R-HSA-1236382	R-HSA-1236382	TAS	Reactome
REACTOME_PARTICIPATION:1950|R-HSA-1236394	1950	EGF	ENSG00000138798	Reactome:R-HSA-1236394	R-HSA-1236394	TAS	Reactome
REACTOME_PARTICIPATION:1950|R-HSA-1250196	1950	EGF	ENSG00000138798	Reactome:R-HSA-1250196	R-HSA-1250196	TAS	Reactome
REACTOME_PARTICIPATION:1950|R-HSA-1251932	1950	EGF	ENSG00000138798	Reactome:R-HSA-1251932	R-HSA-1251932	IEA	Reactome
REACTOME_PARTICIPATION:1950|R-HSA-1257604	1950	EGF	ENSG00000138798	Reactome:R-HSA-1257604	R-HSA-1257604	TAS	Reactome
REACTOME_PARTICIPATION:1950|R-HSA-177929	1950	EGF	ENSG00000138798	Reactome:R-HSA-177929	R-HSA-177929	TAS	Reactome
REACTOME_PARTICIPATION:1950|R-HSA-179812	1950	EGF	ENSG00000138798	Reactome:R-HSA-179812	R-HSA-179812	TAS	Reactome
REACTOME_PARTICIPATION:1950|R-HSA-180292	1950	EGF	ENSG00000138798	Reactome:R-HSA-180292	R-HSA-180292	TAS	Reactome
REACTOME_PARTICIPATION:1950|R-HSA-180336	1950	EGF	ENSG00000138798	Reactome:R-HSA-180336	R-HSA-180336	TAS	Reactome
REACTOME_PARTICIPATION:1950|R-HSA-182971	1950	EGF	ENSG00000138798	Reactome:R-HSA-182971	R-HSA-182971	TAS	Reactome
REACTOME_PARTICIPATION:1950|R-HSA-1963640	1950	EGF	ENSG00000138798	Reactome:R-HSA-1963640	R-HSA-1963640	IEA	Reactome
REACTOME_PARTICIPATION:1950|R-HSA-1963642	1950	EGF	ENSG00000138798	Reactome:R-HSA-1963642	R-HSA-1963642	TAS	Reactome
REACTOME_PARTICIPATION:1950|R-HSA-212718	1950	EGF	ENSG00000138798	Reactome:R-HSA-212718	R-HSA-212718	TAS	Reactome
REACTOME_PARTICIPATION:1950|R-HSA-2219530	1950	EGF	ENSG00000138798	Reactome:R-HSA-2219530	R-HSA-2219530	TAS	Reactome
REACTOME_PARTICIPATION:1950|R-HSA-5637810	1950	EGF	ENSG00000138798	Reactome:R-HSA-5637810	R-HSA-5637810	TAS	Reactome
REACTOME_PARTICIPATION:1950|R-HSA-5638303	1950	EGF	ENSG00000138798	Reactome:R-HSA-5638303	R-HSA-5638303	TAS	Reactome
REACTOME_PARTICIPATION:1950|R-HSA-5673001	1950	EGF	ENSG00000138798	Reactome:R-HSA-5673001	R-HSA-5673001	TAS	Reactome
REACTOME_PARTICIPATION:1950|R-HSA-6785631	1950	EGF	ENSG00000138798	Reactome:R-HSA-6785631	R-HSA-6785631	TAS	Reactome
REACTOME_PARTICIPATION:1950|R-HSA-6811558	1950	EGF	ENSG00000138798	Reactome:R-HSA-6811558	R-HSA-6811558	TAS	Reactome
REACTOME_PARTICIPATION:1950|R-HSA-8847993	1950	EGF	ENSG00000138798	Reactome:R-HSA-8847993	R-HSA-8847993	TAS	Reactome
REACTOME_PARTICIPATION:1950|R-HSA-8856825	1950	EGF	ENSG00000138798	Reactome:R-HSA-8856825	R-HSA-8856825	TAS	Reactome
REACTOME_PARTICIPATION:1950|R-HSA-8856828	1950	EGF	ENSG00000138798	Reactome:R-HSA-8856828	R-HSA-8856828	TAS	Reactome
REACTOME_PARTICIPATION:1950|R-HSA-8863795	1950	EGF	ENSG00000138798	Reactome:R-HSA-8863795	R-HSA-8863795	TAS	Reactome
REACTOME_PARTICIPATION:1950|R-HSA-9009391	1950	EGF	ENSG00000138798	Reactome:R-HSA-9009391	R-HSA-9009391	TAS	Reactome
REACTOME_PARTICIPATION:1950|R-HSA-9013507	1950	EGF	ENSG00000138798	Reactome:R-HSA-9013507	R-HSA-9013507	TAS	Reactome
REACTOME_PARTICIPATION:1950|R-HSA-9634638	1950	EGF	ENSG00000138798	Reactome:R-HSA-9634638	R-HSA-9634638	TAS	Reactome
REACTOME_PARTICIPATION:1950|R-HSA-9664565	1950	EGF	ENSG00000138798	Reactome:R-HSA-9664565	R-HSA-9664565	TAS	Reactome
REACTOME_PARTICIPATION:1950|R-HSA-9665348	1950	EGF	ENSG00000138798	Reactome:R-HSA-9665348	R-HSA-9665348	TAS	Reactome
REACTOME_PARTICIPATION:1950|R-HSA-9665686	1950	EGF	ENSG00000138798	Reactome:R-HSA-9665686	R-HSA-9665686	TAS	Reactome
REACTOME_PARTICIPATION:1950|R-HSA-9725554	1950	EGF	ENSG00000138798	Reactome:R-HSA-9725554	R-HSA-9725554	TAS	Reactome
REACTOME_PARTICIPATION:1950|R-HSA-9818030	1950	EGF	ENSG00000138798	Reactome:R-HSA-9818030	R-HSA-9818030	TAS	Reactome
REACTOME_PARTICIPATION:1950|R-HSA-9927418	1950	EGF	ENSG00000138798	Reactome:R-HSA-9927418	R-HSA-9927418	TAS	Reactome
REACTOME_PARTICIPATION:1950|R-HSA-9927432	1950	EGF	ENSG00000138798	Reactome:R-HSA-9927432	R-HSA-9927432	TAS	Reactome
REACTOME_PARTICIPATION:1950|R-HSA-9937080	1950	EGF	ENSG00000138798	Reactome:R-HSA-9937080	R-HSA-9937080	TAS	Reactome
REACTOME_PARTICIPATION:1956|R-HSA-1227986	1956	EGFR	ENSG00000146648	Reactome:R-HSA-1227986	R-HSA-1227986	TAS	Reactome
REACTOME_PARTICIPATION:1956|R-HSA-1236382	1956	EGFR	ENSG00000146648	Reactome:R-HSA-1236382	R-HSA-1236382	TAS	Reactome
REACTOME_PARTICIPATION:1956|R-HSA-1236394	1956	EGFR	ENSG00000146648	Reactome:R-HSA-1236394	R-HSA-1236394	TAS	Reactome
REACTOME_PARTICIPATION:1956|R-HSA-1250196	1956	EGFR	ENSG00000146648	Reactome:R-HSA-1250196	R-HSA-1250196	TAS	Reactome
REACTOME_PARTICIPATION:1956|R-HSA-1251932	1956	EGFR	ENSG00000146648	Reactome:R-HSA-1251932	R-HSA-1251932	IEA	Reactome
REACTOME_PARTICIPATION:1956|R-HSA-1257604	1956	EGFR	ENSG00000146648	Reactome:R-HSA-1257604	R-HSA-1257604	TAS	Reactome
REACTOME_PARTICIPATION:1956|R-HSA-177929	1956	EGFR	ENSG00000146648	Reactome:R-HSA-177929	R-HSA-177929	TAS	Reactome
REACTOME_PARTICIPATION:1956|R-HSA-179812	1956	EGFR	ENSG00000146648	Reactome:R-HSA-179812	R-HSA-179812	TAS	Reactome
REACTOME_PARTICIPATION:1956|R-HSA-180292	1956	EGFR	ENSG00000146648	Reactome:R-HSA-180292	R-HSA-180292	TAS	Reactome
REACTOME_PARTICIPATION:1956|R-HSA-180336	1956	EGFR	ENSG00000146648	Reactome:R-HSA-180336	R-HSA-180336	TAS	Reactome
REACTOME_PARTICIPATION:1956|R-HSA-182971	1956	EGFR	ENSG00000146648	Reactome:R-HSA-182971	R-HSA-182971	TAS	Reactome
REACTOME_PARTICIPATION:1956|R-HSA-1963640	1956	EGFR	ENSG00000146648	Reactome:R-HSA-1963640	R-HSA-1963640	IEA	Reactome
REACTOME_PARTICIPATION:1956|R-HSA-1963642	1956	EGFR	ENSG00000146648	Reactome:R-HSA-1963642	R-HSA-1963642	TAS	Reactome
REACTOME_PARTICIPATION:1956|R-HSA-212718	1956	EGFR	ENSG00000146648	Reactome:R-HSA-212718	R-HSA-212718	TAS	Reactome
REACTOME_PARTICIPATION:1956|R-HSA-2179392	1956	EGFR	ENSG00000146648	Reactome:R-HSA-2179392	R-HSA-2179392	TAS	Reactome
REACTOME_PARTICIPATION:1956|R-HSA-2219530	1956	EGFR	ENSG00000146648	Reactome:R-HSA-2219530	R-HSA-2219530	TAS	Reactome
REACTOME_PARTICIPATION:1956|R-HSA-445144	1956	EGFR	ENSG00000146648	Reactome:R-HSA-445144	R-HSA-445144	TAS	Reactome
REACTOME_PARTICIPATION:1956|R-HSA-5637810	1956	EGFR	ENSG00000146648	Reactome:R-HSA-5637810	R-HSA-5637810	TAS	Reactome
REACTOME_PARTICIPATION:1956|R-HSA-5638303	1956	EGFR	ENSG00000146648	Reactome:R-HSA-5638303	R-HSA-5638303	TAS	Reactome
REACTOME_PARTICIPATION:1956|R-HSA-5673001	1956	EGFR	ENSG00000146648	Reactome:R-HSA-5673001	R-HSA-5673001	TAS	Reactome
REACTOME_PARTICIPATION:1956|R-HSA-6785631	1956	EGFR	ENSG00000146648	Reactome:R-HSA-6785631	R-HSA-6785631	TAS	Reactome
REACTOME_PARTICIPATION:1956|R-HSA-6811558	1956	EGFR	ENSG00000146648	Reactome:R-HSA-6811558	R-HSA-6811558	TAS	Reactome
REACTOME_PARTICIPATION:1956|R-HSA-8847993	1956	EGFR	ENSG00000146648	Reactome:R-HSA-8847993	R-HSA-8847993	TAS	Reactome
REACTOME_PARTICIPATION:1956|R-HSA-8856825	1956	EGFR	ENSG00000146648	Reactome:R-HSA-8856825	R-HSA-8856825	TAS	Reactome
REACTOME_PARTICIPATION:1956|R-HSA-8856828	1956	EGFR	ENSG00000146648	Reactome:R-HSA-8856828	R-HSA-8856828	TAS	Reactome
REACTOME_PARTICIPATION:1956|R-HSA-8857538	1956	EGFR	ENSG00000146648	Reactome:R-HSA-8857538	R-HSA-8857538	TAS	Reactome
REACTOME_PARTICIPATION:1956|R-HSA-8863795	1956	EGFR	ENSG00000146648	Reactome:R-HSA-8863795	R-HSA-8863795	TAS	Reactome
REACTOME_PARTICIPATION:1956|R-HSA-8866910	1956	EGFR	ENSG00000146648	Reactome:R-HSA-8866910	R-HSA-8866910	TAS	Reactome
REACTOME_PARTICIPATION:1956|R-HSA-9009391	1956	EGFR	ENSG00000146648	Reactome:R-HSA-9009391	R-HSA-9009391	TAS	Reactome
REACTOME_PARTICIPATION:1956|R-HSA-9013507	1956	EGFR	ENSG00000146648	Reactome:R-HSA-9013507	R-HSA-9013507	TAS	Reactome
REACTOME_PARTICIPATION:1956|R-HSA-9609690	1956	EGFR	ENSG00000146648	Reactome:R-HSA-9609690	R-HSA-9609690	TAS	Reactome
REACTOME_PARTICIPATION:1956|R-HSA-9634638	1956	EGFR	ENSG00000146648	Reactome:R-HSA-9634638	R-HSA-9634638	TAS	Reactome
REACTOME_PARTICIPATION:1956|R-HSA-9664565	1956	EGFR	ENSG00000146648	Reactome:R-HSA-9664565	R-HSA-9664565	TAS	Reactome
REACTOME_PARTICIPATION:1956|R-HSA-9665348	1956	EGFR	ENSG00000146648	Reactome:R-HSA-9665348	R-HSA-9665348	TAS	Reactome
REACTOME_PARTICIPATION:1956|R-HSA-9665686	1956	EGFR	ENSG00000146648	Reactome:R-HSA-9665686	R-HSA-9665686	TAS	Reactome
REACTOME_PARTICIPATION:1956|R-HSA-9820960	1956	EGFR	ENSG00000146648	Reactome:R-HSA-9820960	R-HSA-9820960	TAS	Reactome
REACTOME_PARTICIPATION:1956|R-HSA-9927432	1956	EGFR	ENSG00000146648	Reactome:R-HSA-9927432	R-HSA-9927432	TAS	Reactome
REACTOME_PARTICIPATION:1958|R-HSA-8943724	1958	EGR1	ENSG00000120738	Reactome:R-HSA-8943724	R-HSA-8943724	TAS	Reactome
REACTOME_PARTICIPATION:1958|R-HSA-9031628	1958	EGR1	ENSG00000120738	Reactome:R-HSA-9031628	R-HSA-9031628	IEA	Reactome
REACTOME_PARTICIPATION:1958|R-HSA-909733	1958	EGR1	ENSG00000120738	Reactome:R-HSA-909733	R-HSA-909733	TAS	Reactome
REACTOME_PARTICIPATION:1959|R-HSA-381340	1959	EGR2	ENSG00000122877	Reactome:R-HSA-381340	R-HSA-381340	IEA	Reactome
REACTOME_PARTICIPATION:1959|R-HSA-5617472	1959	EGR2	ENSG00000122877	Reactome:R-HSA-5617472	R-HSA-5617472	IEA	Reactome
REACTOME_PARTICIPATION:1959|R-HSA-9031628	1959	EGR2	ENSG00000122877	Reactome:R-HSA-9031628	R-HSA-9031628	IEA	Reactome
REACTOME_PARTICIPATION:1959|R-HSA-9619665	1959	EGR2	ENSG00000122877	Reactome:R-HSA-9619665	R-HSA-9619665	IEA	Reactome
REACTOME_PARTICIPATION:196528|R-HSA-3214858	196528	ARID2	ENSG00000189079	Reactome:R-HSA-3214858	R-HSA-3214858	TAS	Reactome
REACTOME_PARTICIPATION:196528|R-HSA-8939243	196528	ARID2	ENSG00000189079	Reactome:R-HSA-8939243	R-HSA-8939243	TAS	Reactome
REACTOME_PARTICIPATION:196528|R-HSA-9933939	196528	ARID2	ENSG00000189079	Reactome:R-HSA-9933939	R-HSA-9933939	TAS	Reactome
REACTOME_PARTICIPATION:196|R-HSA-1989781	196	AHR	ENSG00000106546	Reactome:R-HSA-1989781	R-HSA-1989781	TAS	Reactome
REACTOME_PARTICIPATION:196|R-HSA-211945	196	AHR	ENSG00000106546	Reactome:R-HSA-211945	R-HSA-211945	TAS	Reactome
REACTOME_PARTICIPATION:196|R-HSA-211976	196	AHR	ENSG00000106546	Reactome:R-HSA-211976	R-HSA-211976	TAS	Reactome
REACTOME_PARTICIPATION:196|R-HSA-211981	196	AHR	ENSG00000106546	Reactome:R-HSA-211981	R-HSA-211981	TAS	Reactome
REACTOME_PARTICIPATION:196|R-HSA-8937144	196	AHR	ENSG00000106546	Reactome:R-HSA-8937144	R-HSA-8937144	TAS	Reactome
REACTOME_PARTICIPATION:197358|R-HSA-3270619	197358	NLRC3	ENSG00000167984	Reactome:R-HSA-3270619	R-HSA-3270619	TAS	Reactome
REACTOME_PARTICIPATION:2023|R-HSA-70171	2023	ENO1	ENSG00000074800	Reactome:R-HSA-70171	R-HSA-70171	TAS	Reactome
REACTOME_PARTICIPATION:2023|R-HSA-70263	2023	ENO1	ENSG00000074800	Reactome:R-HSA-70263	R-HSA-70263	TAS	Reactome
REACTOME_PARTICIPATION:2023|R-HSA-9636667	2023	ENO1	ENSG00000074800	Reactome:R-HSA-9636667	R-HSA-9636667	TAS	Reactome
REACTOME_PARTICIPATION:2034|R-HSA-1234158	2034	EPAS1	ENSG00000116016	Reactome:R-HSA-1234158	R-HSA-1234158	TAS	Reactome
REACTOME_PARTICIPATION:2034|R-HSA-1234174	2034	EPAS1	ENSG00000116016	Reactome:R-HSA-1234174	R-HSA-1234174	TAS	Reactome
REACTOME_PARTICIPATION:2034|R-HSA-1234176	2034	EPAS1	ENSG00000116016	Reactome:R-HSA-1234176	R-HSA-1234176	IEA	Reactome
REACTOME_PARTICIPATION:2034|R-HSA-452723	2034	EPAS1	ENSG00000116016	Reactome:R-HSA-452723	R-HSA-452723	TAS	Reactome
REACTOME_PARTICIPATION:2034|R-HSA-8849473	2034	EPAS1	ENSG00000116016	Reactome:R-HSA-8849473	R-HSA-8849473	TAS	Reactome
REACTOME_PARTICIPATION:2034|R-HSA-8951664	2034	EPAS1	ENSG00000116016	Reactome:R-HSA-8951664	R-HSA-8951664	TAS	Reactome
REACTOME_PARTICIPATION:2034|R-HSA-9664873	2034	EPAS1	ENSG00000116016	Reactome:R-HSA-9664873	R-HSA-9664873	IEA	Reactome
REACTOME_PARTICIPATION:2034|R-HSA-9909649	2034	EPAS1	ENSG00000116016	Reactome:R-HSA-9909649	R-HSA-9909649	TAS	Reactome
REACTOME_PARTICIPATION:2052|R-HSA-211945	2052	EPHX1	ENSG00000143819	Reactome:R-HSA-211945	R-HSA-211945	TAS	Reactome
REACTOME_PARTICIPATION:2056|R-HSA-1234158	2056	EPO	ENSG00000130427	Reactome:R-HSA-1234158	R-HSA-1234158	TAS	Reactome
REACTOME_PARTICIPATION:2056|R-HSA-9006335	2056	EPO	ENSG00000130427	Reactome:R-HSA-9006335	R-HSA-9006335	IEA	Reactome
REACTOME_PARTICIPATION:2056|R-HSA-9027276	2056	EPO	ENSG00000130427	Reactome:R-HSA-9027276	R-HSA-9027276	IEA	Reactome
REACTOME_PARTICIPATION:2056|R-HSA-9027277	2056	EPO	ENSG00000130427	Reactome:R-HSA-9027277	R-HSA-9027277	IEA	Reactome
REACTOME_PARTICIPATION:2056|R-HSA-9027283	2056	EPO	ENSG00000130427	Reactome:R-HSA-9027283	R-HSA-9027283	IEA	Reactome
REACTOME_PARTICIPATION:2056|R-HSA-9027284	2056	EPO	ENSG00000130427	Reactome:R-HSA-9027284	R-HSA-9027284	TAS	Reactome
REACTOME_PARTICIPATION:2066|R-HSA-1227986	2066	ERBB4	ENSG00000178568	Reactome:R-HSA-1227986	R-HSA-1227986	TAS	Reactome
REACTOME_PARTICIPATION:2066|R-HSA-1236394	2066	ERBB4	ENSG00000178568	Reactome:R-HSA-1236394	R-HSA-1236394	IEA	Reactome
REACTOME_PARTICIPATION:2066|R-HSA-1250196	2066	ERBB4	ENSG00000178568	Reactome:R-HSA-1250196	R-HSA-1250196	TAS	Reactome
REACTOME_PARTICIPATION:2066|R-HSA-1250342	2066	ERBB4	ENSG00000178568	Reactome:R-HSA-1250342	R-HSA-1250342	TAS	Reactome
REACTOME_PARTICIPATION:2066|R-HSA-1250347	2066	ERBB4	ENSG00000178568	Reactome:R-HSA-1250347	R-HSA-1250347	TAS	Reactome
REACTOME_PARTICIPATION:2066|R-HSA-1251985	2066	ERBB4	ENSG00000178568	Reactome:R-HSA-1251985	R-HSA-1251985	IEA	Reactome
REACTOME_PARTICIPATION:2066|R-HSA-1253288	2066	ERBB4	ENSG00000178568	Reactome:R-HSA-1253288	R-HSA-1253288	TAS	Reactome
REACTOME_PARTICIPATION:2066|R-HSA-1257604	2066	ERBB4	ENSG00000178568	Reactome:R-HSA-1257604	R-HSA-1257604	TAS	Reactome
REACTOME_PARTICIPATION:2066|R-HSA-1963640	2066	ERBB4	ENSG00000178568	Reactome:R-HSA-1963640	R-HSA-1963640	TAS	Reactome
REACTOME_PARTICIPATION:2066|R-HSA-1963642	2066	ERBB4	ENSG00000178568	Reactome:R-HSA-1963642	R-HSA-1963642	TAS	Reactome
REACTOME_PARTICIPATION:2066|R-HSA-2219530	2066	ERBB4	ENSG00000178568	Reactome:R-HSA-2219530	R-HSA-2219530	TAS	Reactome
REACTOME_PARTICIPATION:2066|R-HSA-5673001	2066	ERBB4	ENSG00000178568	Reactome:R-HSA-5673001	R-HSA-5673001	TAS	Reactome
REACTOME_PARTICIPATION:2066|R-HSA-6785631	2066	ERBB4	ENSG00000178568	Reactome:R-HSA-6785631	R-HSA-6785631	TAS	Reactome
REACTOME_PARTICIPATION:2066|R-HSA-6811558	2066	ERBB4	ENSG00000178568	Reactome:R-HSA-6811558	R-HSA-6811558	TAS	Reactome
REACTOME_PARTICIPATION:2066|R-HSA-8847993	2066	ERBB4	ENSG00000178568	Reactome:R-HSA-8847993	R-HSA-8847993	TAS	Reactome
REACTOME_PARTICIPATION:2066|R-HSA-8863795	2066	ERBB4	ENSG00000178568	Reactome:R-HSA-8863795	R-HSA-8863795	TAS	Reactome
REACTOME_PARTICIPATION:2066|R-HSA-9018519	2066	ERBB4	ENSG00000178568	Reactome:R-HSA-9018519	R-HSA-9018519	TAS	Reactome
REACTOME_PARTICIPATION:2066|R-HSA-9620244	2066	ERBB4	ENSG00000178568	Reactome:R-HSA-9620244	R-HSA-9620244	IEA	Reactome
REACTOME_PARTICIPATION:2066|R-HSA-9664565	2066	ERBB4	ENSG00000178568	Reactome:R-HSA-9664565	R-HSA-9664565	TAS	Reactome
REACTOME_PARTICIPATION:2066|R-HSA-9665686	2066	ERBB4	ENSG00000178568	Reactome:R-HSA-9665686	R-HSA-9665686	TAS	Reactome
REACTOME_PARTICIPATION:2068|R-HSA-112382	2068	ERCC2	ENSG00000104884	Reactome:R-HSA-112382	R-HSA-112382	TAS	Reactome
REACTOME_PARTICIPATION:2068|R-HSA-113418	2068	ERCC2	ENSG00000104884	Reactome:R-HSA-113418	R-HSA-113418	TAS	Reactome
REACTOME_PARTICIPATION:2068|R-HSA-167152	2068	ERCC2	ENSG00000104884	Reactome:R-HSA-167152	R-HSA-167152	IEA	Reactome
REACTOME_PARTICIPATION:2068|R-HSA-167158	2068	ERCC2	ENSG00000104884	Reactome:R-HSA-167158	R-HSA-167158	IEA	Reactome
REACTOME_PARTICIPATION:2068|R-HSA-167160	2068	ERCC2	ENSG00000104884	Reactome:R-HSA-167160	R-HSA-167160	IEA	Reactome
REACTOME_PARTICIPATION:2068|R-HSA-167161	2068	ERCC2	ENSG00000104884	Reactome:R-HSA-167161	R-HSA-167161	IEA	Reactome
REACTOME_PARTICIPATION:2068|R-HSA-167162	2068	ERCC2	ENSG00000104884	Reactome:R-HSA-167162	R-HSA-167162	IEA	Reactome
REACTOME_PARTICIPATION:2068|R-HSA-167172	2068	ERCC2	ENSG00000104884	Reactome:R-HSA-167172	R-HSA-167172	IEA	Reactome
REACTOME_PARTICIPATION:2068|R-HSA-167200	2068	ERCC2	ENSG00000104884	Reactome:R-HSA-167200	R-HSA-167200	IEA	Reactome
REACTOME_PARTICIPATION:2068|R-HSA-167246	2068	ERCC2	ENSG00000104884	Reactome:R-HSA-167246	R-HSA-167246	IEA	Reactome
REACTOME_PARTICIPATION:2068|R-HSA-2564830	2068	ERCC2	ENSG00000104884	Reactome:R-HSA-2564830	R-HSA-2564830	IEA	Reactome
REACTOME_PARTICIPATION:2068|R-HSA-427413	2068	ERCC2	ENSG00000104884	Reactome:R-HSA-427413	R-HSA-427413	IEA	Reactome
REACTOME_PARTICIPATION:2068|R-HSA-5696395	2068	ERCC2	ENSG00000104884	Reactome:R-HSA-5696395	R-HSA-5696395	TAS	Reactome
REACTOME_PARTICIPATION:2068|R-HSA-5696400	2068	ERCC2	ENSG00000104884	Reactome:R-HSA-5696400	R-HSA-5696400	TAS	Reactome
REACTOME_PARTICIPATION:2068|R-HSA-674695	2068	ERCC2	ENSG00000104884	Reactome:R-HSA-674695	R-HSA-674695	TAS	Reactome
REACTOME_PARTICIPATION:2068|R-HSA-6781823	2068	ERCC2	ENSG00000104884	Reactome:R-HSA-6781823	R-HSA-6781823	TAS	Reactome
REACTOME_PARTICIPATION:2068|R-HSA-6781827	2068	ERCC2	ENSG00000104884	Reactome:R-HSA-6781827	R-HSA-6781827	TAS	Reactome
REACTOME_PARTICIPATION:2068|R-HSA-6782135	2068	ERCC2	ENSG00000104884	Reactome:R-HSA-6782135	R-HSA-6782135	TAS	Reactome
REACTOME_PARTICIPATION:2068|R-HSA-6782210	2068	ERCC2	ENSG00000104884	Reactome:R-HSA-6782210	R-HSA-6782210	TAS	Reactome
REACTOME_PARTICIPATION:2068|R-HSA-6796648	2068	ERCC2	ENSG00000104884	Reactome:R-HSA-6796648	R-HSA-6796648	TAS	Reactome
REACTOME_PARTICIPATION:2068|R-HSA-72086	2068	ERCC2	ENSG00000104884	Reactome:R-HSA-72086	R-HSA-72086	TAS	Reactome
REACTOME_PARTICIPATION:2068|R-HSA-73762	2068	ERCC2	ENSG00000104884	Reactome:R-HSA-73762	R-HSA-73762	TAS	Reactome
REACTOME_PARTICIPATION:2068|R-HSA-73772	2068	ERCC2	ENSG00000104884	Reactome:R-HSA-73772	R-HSA-73772	TAS	Reactome
REACTOME_PARTICIPATION:2068|R-HSA-73776	2068	ERCC2	ENSG00000104884	Reactome:R-HSA-73776	R-HSA-73776	TAS	Reactome
REACTOME_PARTICIPATION:2068|R-HSA-73779	2068	ERCC2	ENSG00000104884	Reactome:R-HSA-73779	R-HSA-73779	TAS	Reactome
REACTOME_PARTICIPATION:2068|R-HSA-73863	2068	ERCC2	ENSG00000104884	Reactome:R-HSA-73863	R-HSA-73863	TAS	Reactome
REACTOME_PARTICIPATION:2068|R-HSA-75953	2068	ERCC2	ENSG00000104884	Reactome:R-HSA-75953	R-HSA-75953	TAS	Reactome
REACTOME_PARTICIPATION:2068|R-HSA-75955	2068	ERCC2	ENSG00000104884	Reactome:R-HSA-75955	R-HSA-75955	TAS	Reactome
REACTOME_PARTICIPATION:2068|R-HSA-76042	2068	ERCC2	ENSG00000104884	Reactome:R-HSA-76042	R-HSA-76042	TAS	Reactome
REACTOME_PARTICIPATION:2068|R-HSA-77075	2068	ERCC2	ENSG00000104884	Reactome:R-HSA-77075	R-HSA-77075	TAS	Reactome
REACTOME_PARTICIPATION:2069|R-HSA-1227986	2069	EREG	ENSG00000124882	Reactome:R-HSA-1227986	R-HSA-1227986	TAS	Reactome
REACTOME_PARTICIPATION:2069|R-HSA-1236394	2069	EREG	ENSG00000124882	Reactome:R-HSA-1236394	R-HSA-1236394	TAS	Reactome
REACTOME_PARTICIPATION:2069|R-HSA-1250196	2069	EREG	ENSG00000124882	Reactome:R-HSA-1250196	R-HSA-1250196	TAS	Reactome
REACTOME_PARTICIPATION:2069|R-HSA-1250342	2069	EREG	ENSG00000124882	Reactome:R-HSA-1250342	R-HSA-1250342	TAS	Reactome
REACTOME_PARTICIPATION:2069|R-HSA-1250347	2069	EREG	ENSG00000124882	Reactome:R-HSA-1250347	R-HSA-1250347	TAS	Reactome
REACTOME_PARTICIPATION:2069|R-HSA-1251985	2069	EREG	ENSG00000124882	Reactome:R-HSA-1251985	R-HSA-1251985	IEA	Reactome
REACTOME_PARTICIPATION:2069|R-HSA-1257604	2069	EREG	ENSG00000124882	Reactome:R-HSA-1257604	R-HSA-1257604	TAS	Reactome
REACTOME_PARTICIPATION:2069|R-HSA-177929	2069	EREG	ENSG00000124882	Reactome:R-HSA-177929	R-HSA-177929	TAS	Reactome
REACTOME_PARTICIPATION:2069|R-HSA-179812	2069	EREG	ENSG00000124882	Reactome:R-HSA-179812	R-HSA-179812	TAS	Reactome
REACTOME_PARTICIPATION:2069|R-HSA-180292	2069	EREG	ENSG00000124882	Reactome:R-HSA-180292	R-HSA-180292	TAS	Reactome
REACTOME_PARTICIPATION:2069|R-HSA-180336	2069	EREG	ENSG00000124882	Reactome:R-HSA-180336	R-HSA-180336	TAS	Reactome
REACTOME_PARTICIPATION:2069|R-HSA-182971	2069	EREG	ENSG00000124882	Reactome:R-HSA-182971	R-HSA-182971	TAS	Reactome
REACTOME_PARTICIPATION:2069|R-HSA-1963640	2069	EREG	ENSG00000124882	Reactome:R-HSA-1963640	R-HSA-1963640	TAS	Reactome
REACTOME_PARTICIPATION:2069|R-HSA-1963642	2069	EREG	ENSG00000124882	Reactome:R-HSA-1963642	R-HSA-1963642	TAS	Reactome
REACTOME_PARTICIPATION:2069|R-HSA-212718	2069	EREG	ENSG00000124882	Reactome:R-HSA-212718	R-HSA-212718	TAS	Reactome
REACTOME_PARTICIPATION:2069|R-HSA-2219530	2069	EREG	ENSG00000124882	Reactome:R-HSA-2219530	R-HSA-2219530	TAS	Reactome
REACTOME_PARTICIPATION:2069|R-HSA-5638303	2069	EREG	ENSG00000124882	Reactome:R-HSA-5638303	R-HSA-5638303	TAS	Reactome
REACTOME_PARTICIPATION:2069|R-HSA-5673001	2069	EREG	ENSG00000124882	Reactome:R-HSA-5673001	R-HSA-5673001	TAS	Reactome
REACTOME_PARTICIPATION:2069|R-HSA-6785631	2069	EREG	ENSG00000124882	Reactome:R-HSA-6785631	R-HSA-6785631	TAS	Reactome
REACTOME_PARTICIPATION:2069|R-HSA-6811558	2069	EREG	ENSG00000124882	Reactome:R-HSA-6811558	R-HSA-6811558	TAS	Reactome
REACTOME_PARTICIPATION:2069|R-HSA-8847993	2069	EREG	ENSG00000124882	Reactome:R-HSA-8847993	R-HSA-8847993	TAS	Reactome
REACTOME_PARTICIPATION:2069|R-HSA-8856825	2069	EREG	ENSG00000124882	Reactome:R-HSA-8856825	R-HSA-8856825	TAS	Reactome
REACTOME_PARTICIPATION:2069|R-HSA-8856828	2069	EREG	ENSG00000124882	Reactome:R-HSA-8856828	R-HSA-8856828	TAS	Reactome
REACTOME_PARTICIPATION:2069|R-HSA-8863795	2069	EREG	ENSG00000124882	Reactome:R-HSA-8863795	R-HSA-8863795	TAS	Reactome
REACTOME_PARTICIPATION:2069|R-HSA-9009391	2069	EREG	ENSG00000124882	Reactome:R-HSA-9009391	R-HSA-9009391	TAS	Reactome
REACTOME_PARTICIPATION:2069|R-HSA-9634638	2069	EREG	ENSG00000124882	Reactome:R-HSA-9634638	R-HSA-9634638	TAS	Reactome
REACTOME_PARTICIPATION:2069|R-HSA-9664565	2069	EREG	ENSG00000124882	Reactome:R-HSA-9664565	R-HSA-9664565	TAS	Reactome
REACTOME_PARTICIPATION:2069|R-HSA-9665686	2069	EREG	ENSG00000124882	Reactome:R-HSA-9665686	R-HSA-9665686	TAS	Reactome
REACTOME_PARTICIPATION:207|R-HSA-111447	207	AKT1	ENSG00000142208	Reactome:R-HSA-111447	R-HSA-111447	IEA	Reactome
REACTOME_PARTICIPATION:207|R-HSA-1257604	207	AKT1	ENSG00000142208	Reactome:R-HSA-1257604	R-HSA-1257604	IEA	Reactome
REACTOME_PARTICIPATION:207|R-HSA-1358803	207	AKT1	ENSG00000142208	Reactome:R-HSA-1358803	R-HSA-1358803	TAS	Reactome
REACTOME_PARTICIPATION:207|R-HSA-1445148	207	AKT1	ENSG00000142208	Reactome:R-HSA-1445148	R-HSA-1445148	IEA	Reactome
REACTOME_PARTICIPATION:207|R-HSA-1474151	207	AKT1	ENSG00000142208	Reactome:R-HSA-1474151	R-HSA-1474151	TAS	Reactome
REACTOME_PARTICIPATION:207|R-HSA-165159	207	AKT1	ENSG00000142208	Reactome:R-HSA-165159	R-HSA-165159	TAS	Reactome
REACTOME_PARTICIPATION:207|R-HSA-165181	207	AKT1	ENSG00000142208	Reactome:R-HSA-165181	R-HSA-165181	TAS	Reactome
REACTOME_PARTICIPATION:207|R-HSA-198323	207	AKT1	ENSG00000142208	Reactome:R-HSA-198323	R-HSA-198323	IEA	Reactome
REACTOME_PARTICIPATION:207|R-HSA-198693	207	AKT1	ENSG00000142208	Reactome:R-HSA-198693	R-HSA-198693	TAS	Reactome
REACTOME_PARTICIPATION:207|R-HSA-199418	207	AKT1	ENSG00000142208	Reactome:R-HSA-199418	R-HSA-199418	TAS	Reactome
REACTOME_PARTICIPATION:207|R-HSA-203615	207	AKT1	ENSG00000142208	Reactome:R-HSA-203615	R-HSA-203615	TAS	Reactome
REACTOME_PARTICIPATION:207|R-HSA-211163	207	AKT1	ENSG00000142208	Reactome:R-HSA-211163	R-HSA-211163	TAS	Reactome
REACTOME_PARTICIPATION:207|R-HSA-354192	207	AKT1	ENSG00000142208	Reactome:R-HSA-354192	R-HSA-354192	TAS	Reactome
REACTOME_PARTICIPATION:207|R-HSA-3769402	207	AKT1	ENSG00000142208	Reactome:R-HSA-3769402	R-HSA-3769402	TAS	Reactome
REACTOME_PARTICIPATION:207|R-HSA-389357	207	AKT1	ENSG00000142208	Reactome:R-HSA-389357	R-HSA-389357	TAS	Reactome
REACTOME_PARTICIPATION:207|R-HSA-389513	207	AKT1	ENSG00000142208	Reactome:R-HSA-389513	R-HSA-389513	TAS	Reactome
REACTOME_PARTICIPATION:207|R-HSA-392451	207	AKT1	ENSG00000142208	Reactome:R-HSA-392451	R-HSA-392451	TAS	Reactome
REACTOME_PARTICIPATION:207|R-HSA-450385	207	AKT1	ENSG00000142208	Reactome:R-HSA-450385	R-HSA-450385	TAS	Reactome
REACTOME_PARTICIPATION:207|R-HSA-450604	207	AKT1	ENSG00000142208	Reactome:R-HSA-450604	R-HSA-450604	TAS	Reactome
REACTOME_PARTICIPATION:207|R-HSA-5218920	207	AKT1	ENSG00000142208	Reactome:R-HSA-5218920	R-HSA-5218920	TAS	Reactome
REACTOME_PARTICIPATION:207|R-HSA-5628897	207	AKT1	ENSG00000142208	Reactome:R-HSA-5628897	R-HSA-5628897	TAS	Reactome
REACTOME_PARTICIPATION:207|R-HSA-5674400	207	AKT1	ENSG00000142208	Reactome:R-HSA-5674400	R-HSA-5674400	TAS	Reactome
REACTOME_PARTICIPATION:207|R-HSA-6785807	207	AKT1	ENSG00000142208	Reactome:R-HSA-6785807	R-HSA-6785807	TAS	Reactome
REACTOME_PARTICIPATION:207|R-HSA-6804757	207	AKT1	ENSG00000142208	Reactome:R-HSA-6804757	R-HSA-6804757	TAS	Reactome
REACTOME_PARTICIPATION:207|R-HSA-6804758	207	AKT1	ENSG00000142208	Reactome:R-HSA-6804758	R-HSA-6804758	TAS	Reactome
REACTOME_PARTICIPATION:207|R-HSA-6804759	207	AKT1	ENSG00000142208	Reactome:R-HSA-6804759	R-HSA-6804759	TAS	Reactome
REACTOME_PARTICIPATION:207|R-HSA-6811558	207	AKT1	ENSG00000142208	Reactome:R-HSA-6811558	R-HSA-6811558	TAS	Reactome
REACTOME_PARTICIPATION:207|R-HSA-69202	207	AKT1	ENSG00000142208	Reactome:R-HSA-69202	R-HSA-69202	TAS	Reactome
REACTOME_PARTICIPATION:207|R-HSA-69656	207	AKT1	ENSG00000142208	Reactome:R-HSA-69656	R-HSA-69656	TAS	Reactome
REACTOME_PARTICIPATION:207|R-HSA-8849469	207	AKT1	ENSG00000142208	Reactome:R-HSA-8849469	R-HSA-8849469	TAS	Reactome
REACTOME_PARTICIPATION:207|R-HSA-8876198	207	AKT1	ENSG00000142208	Reactome:R-HSA-8876198	R-HSA-8876198	TAS	Reactome
REACTOME_PARTICIPATION:207|R-HSA-8941332	207	AKT1	ENSG00000142208	Reactome:R-HSA-8941332	R-HSA-8941332	IEA	Reactome
REACTOME_PARTICIPATION:207|R-HSA-8948751	207	AKT1	ENSG00000142208	Reactome:R-HSA-8948751	R-HSA-8948751	TAS	Reactome
REACTOME_PARTICIPATION:207|R-HSA-9009391	207	AKT1	ENSG00000142208	Reactome:R-HSA-9009391	R-HSA-9009391	TAS	Reactome
REACTOME_PARTICIPATION:207|R-HSA-9604323	207	AKT1	ENSG00000142208	Reactome:R-HSA-9604323	R-HSA-9604323	TAS	Reactome
REACTOME_PARTICIPATION:207|R-HSA-9607240	207	AKT1	ENSG00000142208	Reactome:R-HSA-9607240	R-HSA-9607240	TAS	Reactome
REACTOME_PARTICIPATION:207|R-HSA-9614399	207	AKT1	ENSG00000142208	Reactome:R-HSA-9614399	R-HSA-9614399	TAS	Reactome
REACTOME_PARTICIPATION:207|R-HSA-9634638	207	AKT1	ENSG00000142208	Reactome:R-HSA-9634638	R-HSA-9634638	TAS	Reactome
REACTOME_PARTICIPATION:207|R-HSA-9755511	207	AKT1	ENSG00000142208	Reactome:R-HSA-9755511	R-HSA-9755511	TAS	Reactome
REACTOME_PARTICIPATION:207|R-HSA-9755779	207	AKT1	ENSG00000142208	Reactome:R-HSA-9755779	R-HSA-9755779	TAS	Reactome
REACTOME_PARTICIPATION:207|R-HSA-9841251	207	AKT1	ENSG00000142208	Reactome:R-HSA-9841251	R-HSA-9841251	TAS	Reactome
REACTOME_PARTICIPATION:207|R-HSA-9856530	207	AKT1	ENSG00000142208	Reactome:R-HSA-9856530	R-HSA-9856530	IEA	Reactome
REACTOME_PARTICIPATION:207|R-HSA-9856532	207	AKT1	ENSG00000142208	Reactome:R-HSA-9856532	R-HSA-9856532	IEA	Reactome
REACTOME_PARTICIPATION:2081|R-HSA-381070	2081	ERN1	ENSG00000178607	Reactome:R-HSA-381070	R-HSA-381070	IEA	Reactome
REACTOME_PARTICIPATION:2099|R-HSA-1251985	2099	ESR1	ENSG00000091831	Reactome:R-HSA-1251985	R-HSA-1251985	TAS	Reactome
REACTOME_PARTICIPATION:2099|R-HSA-1257604	2099	ESR1	ENSG00000091831	Reactome:R-HSA-1257604	R-HSA-1257604	TAS	Reactome
REACTOME_PARTICIPATION:2099|R-HSA-2219530	2099	ESR1	ENSG00000091831	Reactome:R-HSA-2219530	R-HSA-2219530	TAS	Reactome
REACTOME_PARTICIPATION:2099|R-HSA-383280	2099	ESR1	ENSG00000091831	Reactome:R-HSA-383280	R-HSA-383280	TAS	Reactome
REACTOME_PARTICIPATION:2099|R-HSA-4090294	2099	ESR1	ENSG00000091831	Reactome:R-HSA-4090294	R-HSA-4090294	TAS	Reactome
REACTOME_PARTICIPATION:2099|R-HSA-5689896	2099	ESR1	ENSG00000091831	Reactome:R-HSA-5689896	R-HSA-5689896	TAS	Reactome
REACTOME_PARTICIPATION:2099|R-HSA-6811558	2099	ESR1	ENSG00000091831	Reactome:R-HSA-6811558	R-HSA-6811558	TAS	Reactome
REACTOME_PARTICIPATION:2099|R-HSA-8866910	2099	ESR1	ENSG00000091831	Reactome:R-HSA-8866910	R-HSA-8866910	TAS	Reactome
REACTOME_PARTICIPATION:2099|R-HSA-8931987	2099	ESR1	ENSG00000091831	Reactome:R-HSA-8931987	R-HSA-8931987	TAS	Reactome
REACTOME_PARTICIPATION:2099|R-HSA-8939211	2099	ESR1	ENSG00000091831	Reactome:R-HSA-8939211	R-HSA-8939211	TAS	Reactome
REACTOME_PARTICIPATION:2099|R-HSA-8939256	2099	ESR1	ENSG00000091831	Reactome:R-HSA-8939256	R-HSA-8939256	TAS	Reactome
REACTOME_PARTICIPATION:2099|R-HSA-8939902	2099	ESR1	ENSG00000091831	Reactome:R-HSA-8939902	R-HSA-8939902	IEA	Reactome
REACTOME_PARTICIPATION:2099|R-HSA-9009391	2099	ESR1	ENSG00000091831	Reactome:R-HSA-9009391	R-HSA-9009391	TAS	Reactome
REACTOME_PARTICIPATION:2099|R-HSA-9018519	2099	ESR1	ENSG00000091831	Reactome:R-HSA-9018519	R-HSA-9018519	TAS	Reactome
REACTOME_PARTICIPATION:2099|R-HSA-9841251	2099	ESR1	ENSG00000091831	Reactome:R-HSA-9841251	R-HSA-9841251	TAS	Reactome
REACTOME_PARTICIPATION:2099|R-HSA-9927418	2099	ESR1	ENSG00000091831	Reactome:R-HSA-9927418	R-HSA-9927418	TAS	Reactome
REACTOME_PARTICIPATION:2099|R-HSA-9927426	2099	ESR1	ENSG00000091831	Reactome:R-HSA-9927426	R-HSA-9927426	TAS	Reactome
REACTOME_PARTICIPATION:2108|R-HSA-611105	2108	ETFA	ENSG00000140374	Reactome:R-HSA-611105	R-HSA-611105	TAS	Reactome
REACTOME_PARTICIPATION:210|R-HSA-189451	210	ALAD	ENSG00000148218	Reactome:R-HSA-189451	R-HSA-189451	TAS	Reactome
REACTOME_PARTICIPATION:210|R-HSA-6798695	210	ALAD	ENSG00000148218	Reactome:R-HSA-6798695	R-HSA-6798695	TAS	Reactome
REACTOME_PARTICIPATION:213|R-HSA-114608	213	ALB	ENSG00000163631	Reactome:R-HSA-114608	R-HSA-114608	TAS	Reactome
REACTOME_PARTICIPATION:213|R-HSA-159418	213	ALB	ENSG00000163631	Reactome:R-HSA-159418	R-HSA-159418	TAS	Reactome
REACTOME_PARTICIPATION:213|R-HSA-189451	213	ALB	ENSG00000163631	Reactome:R-HSA-189451	R-HSA-189451	TAS	Reactome
REACTOME_PARTICIPATION:213|R-HSA-189483	213	ALB	ENSG00000163631	Reactome:R-HSA-189483	R-HSA-189483	TAS	Reactome
REACTOME_PARTICIPATION:213|R-HSA-2168880	213	ALB	ENSG00000163631	Reactome:R-HSA-2168880	R-HSA-2168880	TAS	Reactome
REACTOME_PARTICIPATION:213|R-HSA-381426	213	ALB	ENSG00000163631	Reactome:R-HSA-381426	R-HSA-381426	TAS	Reactome
REACTOME_PARTICIPATION:213|R-HSA-8957275	213	ALB	ENSG00000163631	Reactome:R-HSA-8957275	R-HSA-8957275	TAS	Reactome
REACTOME_PARTICIPATION:213|R-HSA-8964058	213	ALB	ENSG00000163631	Reactome:R-HSA-8964058	R-HSA-8964058	TAS	Reactome
REACTOME_PARTICIPATION:213|R-HSA-9707564	213	ALB	ENSG00000163631	Reactome:R-HSA-9707564	R-HSA-9707564	TAS	Reactome
REACTOME_PARTICIPATION:213|R-HSA-9749641	213	ALB	ENSG00000163631	Reactome:R-HSA-9749641	R-HSA-9749641	TAS	Reactome
REACTOME_PARTICIPATION:213|R-HSA-9757110	213	ALB	ENSG00000163631	Reactome:R-HSA-9757110	R-HSA-9757110	TAS	Reactome
REACTOME_PARTICIPATION:213|R-HSA-9793528	213	ALB	ENSG00000163631	Reactome:R-HSA-9793528	R-HSA-9793528	TAS	Reactome
REACTOME_PARTICIPATION:2146|R-HSA-212300	2146	EZH2	ENSG00000106462	Reactome:R-HSA-212300	R-HSA-212300	TAS	Reactome
REACTOME_PARTICIPATION:2146|R-HSA-2559580	2146	EZH2	ENSG00000106462	Reactome:R-HSA-2559580	R-HSA-2559580	TAS	Reactome
REACTOME_PARTICIPATION:2146|R-HSA-3214841	2146	EZH2	ENSG00000106462	Reactome:R-HSA-3214841	R-HSA-3214841	TAS	Reactome
REACTOME_PARTICIPATION:2146|R-HSA-5617472	2146	EZH2	ENSG00000106462	Reactome:R-HSA-5617472	R-HSA-5617472	IEA	Reactome
REACTOME_PARTICIPATION:2146|R-HSA-8943724	2146	EZH2	ENSG00000106462	Reactome:R-HSA-8943724	R-HSA-8943724	TAS	Reactome
REACTOME_PARTICIPATION:2146|R-HSA-8953750	2146	EZH2	ENSG00000106462	Reactome:R-HSA-8953750	R-HSA-8953750	TAS	Reactome
REACTOME_PARTICIPATION:2146|R-HSA-9609690	2146	EZH2	ENSG00000106462	Reactome:R-HSA-9609690	R-HSA-9609690	TAS	Reactome
REACTOME_PARTICIPATION:2146|R-HSA-9710421	2146	EZH2	ENSG00000106462	Reactome:R-HSA-9710421	R-HSA-9710421	TAS	Reactome
REACTOME_PARTICIPATION:2146|R-HSA-9764725	2146	EZH2	ENSG00000106462	Reactome:R-HSA-9764725	R-HSA-9764725	TAS	Reactome
REACTOME_PARTICIPATION:2146|R-HSA-9909649	2146	EZH2	ENSG00000106462	Reactome:R-HSA-9909649	R-HSA-9909649	TAS	Reactome
REACTOME_PARTICIPATION:2147|R-HSA-159740	2147	F2	ENSG00000180210	Reactome:R-HSA-159740	R-HSA-159740	TAS	Reactome
REACTOME_PARTICIPATION:2147|R-HSA-159763	2147	F2	ENSG00000180210	Reactome:R-HSA-159763	R-HSA-159763	TAS	Reactome
REACTOME_PARTICIPATION:2147|R-HSA-159782	2147	F2	ENSG00000180210	Reactome:R-HSA-159782	R-HSA-159782	TAS	Reactome
REACTOME_PARTICIPATION:2147|R-HSA-202733	2147	F2	ENSG00000180210	Reactome:R-HSA-202733	R-HSA-202733	TAS	Reactome
REACTOME_PARTICIPATION:2147|R-HSA-375276	2147	F2	ENSG00000180210	Reactome:R-HSA-375276	R-HSA-375276	TAS	Reactome
REACTOME_PARTICIPATION:2147|R-HSA-381426	2147	F2	ENSG00000180210	Reactome:R-HSA-381426	R-HSA-381426	TAS	Reactome
REACTOME_PARTICIPATION:2147|R-HSA-416476	2147	F2	ENSG00000180210	Reactome:R-HSA-416476	R-HSA-416476	TAS	Reactome
REACTOME_PARTICIPATION:2147|R-HSA-456926	2147	F2	ENSG00000180210	Reactome:R-HSA-456926	R-HSA-456926	TAS	Reactome
REACTOME_PARTICIPATION:2147|R-HSA-76009	2147	F2	ENSG00000180210	Reactome:R-HSA-76009	R-HSA-76009	TAS	Reactome
REACTOME_PARTICIPATION:2147|R-HSA-9657688	2147	F2	ENSG00000180210	Reactome:R-HSA-9657688	R-HSA-9657688	TAS	Reactome
REACTOME_PARTICIPATION:2147|R-HSA-9672391	2147	F2	ENSG00000180210	Reactome:R-HSA-9672391	R-HSA-9672391	TAS	Reactome
REACTOME_PARTICIPATION:2147|R-HSA-9769733	2147	F2	ENSG00000180210	Reactome:R-HSA-9769733	R-HSA-9769733	TAS	Reactome
REACTOME_PARTICIPATION:2147|R-HSA-9769735	2147	F2	ENSG00000180210	Reactome:R-HSA-9769735	R-HSA-9769735	TAS	Reactome
REACTOME_PARTICIPATION:2147|R-HSA-9769739	2147	F2	ENSG00000180210	Reactome:R-HSA-9769739	R-HSA-9769739	TAS	Reactome
REACTOME_PARTICIPATION:2147|R-HSA-9769743	2147	F2	ENSG00000180210	Reactome:R-HSA-9769743	R-HSA-9769743	TAS	Reactome
REACTOME_PARTICIPATION:2147|R-HSA-977606	2147	F2	ENSG00000180210	Reactome:R-HSA-977606	R-HSA-977606	TAS	Reactome
REACTOME_PARTICIPATION:2147|R-HSA-9918481	2147	F2	ENSG00000180210	Reactome:R-HSA-9918481	R-HSA-9918481	TAS	Reactome
REACTOME_PARTICIPATION:2149|R-HSA-375276	2149	F2R	ENSG00000181104	Reactome:R-HSA-375276	R-HSA-375276	TAS	Reactome
REACTOME_PARTICIPATION:2149|R-HSA-416476	2149	F2R	ENSG00000181104	Reactome:R-HSA-416476	R-HSA-416476	TAS	Reactome
REACTOME_PARTICIPATION:2149|R-HSA-456926	2149	F2R	ENSG00000181104	Reactome:R-HSA-456926	R-HSA-456926	TAS	Reactome
REACTOME_PARTICIPATION:2149|R-HSA-9769739	2149	F2R	ENSG00000181104	Reactome:R-HSA-9769739	R-HSA-9769739	TAS	Reactome
REACTOME_PARTICIPATION:2152|R-HSA-9031628	2152	F3	ENSG00000117525	Reactome:R-HSA-9031628	R-HSA-9031628	TAS	Reactome
REACTOME_PARTICIPATION:2152|R-HSA-9769735	2152	F3	ENSG00000117525	Reactome:R-HSA-9769735	R-HSA-9769735	TAS	Reactome
REACTOME_PARTICIPATION:2152|R-HSA-9769739	2152	F3	ENSG00000117525	Reactome:R-HSA-9769739	R-HSA-9769739	TAS	Reactome
REACTOME_PARTICIPATION:2153|R-HSA-114608	2153	F5	ENSG00000198734	Reactome:R-HSA-114608	R-HSA-114608	TAS	Reactome
REACTOME_PARTICIPATION:2153|R-HSA-204005	2153	F5	ENSG00000198734	Reactome:R-HSA-204005	R-HSA-204005	TAS	Reactome
REACTOME_PARTICIPATION:2153|R-HSA-381426	2153	F5	ENSG00000198734	Reactome:R-HSA-381426	R-HSA-381426	TAS	Reactome
REACTOME_PARTICIPATION:2153|R-HSA-5694530	2153	F5	ENSG00000198734	Reactome:R-HSA-5694530	R-HSA-5694530	TAS	Reactome
REACTOME_PARTICIPATION:2153|R-HSA-8957275	2153	F5	ENSG00000198734	Reactome:R-HSA-8957275	R-HSA-8957275	TAS	Reactome
REACTOME_PARTICIPATION:2153|R-HSA-9769735	2153	F5	ENSG00000198734	Reactome:R-HSA-9769735	R-HSA-9769735	TAS	Reactome
REACTOME_PARTICIPATION:2153|R-HSA-9769739	2153	F5	ENSG00000198734	Reactome:R-HSA-9769739	R-HSA-9769739	TAS	Reactome
REACTOME_PARTICIPATION:2153|R-HSA-9769743	2153	F5	ENSG00000198734	Reactome:R-HSA-9769743	R-HSA-9769743	TAS	Reactome
REACTOME_PARTICIPATION:2153|R-HSA-9930449	2153	F5	ENSG00000198734	Reactome:R-HSA-9930449	R-HSA-9930449	TAS	Reactome
REACTOME_PARTICIPATION:2153|R-HSA-9930479	2153	F5	ENSG00000198734	Reactome:R-HSA-9930479	R-HSA-9930479	TAS	Reactome
REACTOME_PARTICIPATION:216|R-HSA-5365859	216	ALDH1A1	ENSG00000165092	Reactome:R-HSA-5365859	R-HSA-5365859	TAS	Reactome
REACTOME_PARTICIPATION:216|R-HSA-70350	216	ALDH1A1	ENSG00000165092	Reactome:R-HSA-70350	R-HSA-70350	TAS	Reactome
REACTOME_PARTICIPATION:216|R-HSA-71384	216	ALDH1A1	ENSG00000165092	Reactome:R-HSA-71384	R-HSA-71384	TAS	Reactome
REACTOME_PARTICIPATION:216|R-HSA-9927418	216	ALDH1A1	ENSG00000165092	Reactome:R-HSA-9927418	R-HSA-9927418	TAS	Reactome
REACTOME_PARTICIPATION:216|R-HSA-9927432	216	ALDH1A1	ENSG00000165092	Reactome:R-HSA-9927432	R-HSA-9927432	TAS	Reactome
REACTOME_PARTICIPATION:216|R-HSA-9938206	216	ALDH1A1	ENSG00000165092	Reactome:R-HSA-9938206	R-HSA-9938206	TAS	Reactome
REACTOME_PARTICIPATION:2171|R-HSA-163560	2171	FABP5	ENSG00000164687	Reactome:R-HSA-163560	R-HSA-163560	TAS	Reactome
REACTOME_PARTICIPATION:2171|R-HSA-5362517	2171	FABP5	ENSG00000164687	Reactome:R-HSA-5362517	R-HSA-5362517	TAS	Reactome
REACTOME_PARTICIPATION:2171|R-HSA-6798695	2171	FABP5	ENSG00000164687	Reactome:R-HSA-6798695	R-HSA-6798695	TAS	Reactome
REACTOME_PARTICIPATION:2171|R-HSA-9725554	2171	FABP5	ENSG00000164687	Reactome:R-HSA-9725554	R-HSA-9725554	TAS	Reactome
REACTOME_PARTICIPATION:2177|R-HSA-6783310	2177	FANCD2	ENSG00000144554	Reactome:R-HSA-6783310	R-HSA-6783310	TAS	Reactome
REACTOME_PARTICIPATION:2177|R-HSA-6796648	2177	FANCD2	ENSG00000144554	Reactome:R-HSA-6796648	R-HSA-6796648	TAS	Reactome
REACTOME_PARTICIPATION:217|R-HSA-380612	217	ALDH2	ENSG00000111275	Reactome:R-HSA-380612	R-HSA-380612	TAS	Reactome
REACTOME_PARTICIPATION:217|R-HSA-445355	217	ALDH2	ENSG00000111275	Reactome:R-HSA-445355	R-HSA-445355	TAS	Reactome
REACTOME_PARTICIPATION:217|R-HSA-71384	217	ALDH2	ENSG00000111275	Reactome:R-HSA-71384	R-HSA-71384	TAS	Reactome
REACTOME_PARTICIPATION:217|R-HSA-9837999	217	ALDH2	ENSG00000111275	Reactome:R-HSA-9837999	R-HSA-9837999	TAS	Reactome
REACTOME_PARTICIPATION:2182|R-HSA-434313	2182	ACSL4	ENSG00000068366	Reactome:R-HSA-434313	R-HSA-434313	TAS	Reactome
REACTOME_PARTICIPATION:2182|R-HSA-75876	2182	ACSL4	ENSG00000068366	Reactome:R-HSA-75876	R-HSA-75876	TAS	Reactome
REACTOME_PARTICIPATION:2194|R-HSA-163765	2194	FASN	ENSG00000169710	Reactome:R-HSA-163765	R-HSA-163765	TAS	Reactome
REACTOME_PARTICIPATION:2194|R-HSA-199220	2194	FASN	ENSG00000169710	Reactome:R-HSA-199220	R-HSA-199220	TAS	Reactome
REACTOME_PARTICIPATION:2194|R-HSA-2426168	2194	FASN	ENSG00000169710	Reactome:R-HSA-2426168	R-HSA-2426168	TAS	Reactome
REACTOME_PARTICIPATION:2194|R-HSA-75105	2194	FASN	ENSG00000169710	Reactome:R-HSA-75105	R-HSA-75105	TAS	Reactome
REACTOME_PARTICIPATION:2194|R-HSA-9029558	2194	FASN	ENSG00000169710	Reactome:R-HSA-9029558	R-HSA-9029558	TAS	Reactome
REACTOME_PARTICIPATION:2194|R-HSA-9918481	2194	FASN	ENSG00000169710	Reactome:R-HSA-9918481	R-HSA-9918481	TAS	Reactome
REACTOME_PARTICIPATION:2194|R-HSA-9918487	2194	FASN	ENSG00000169710	Reactome:R-HSA-9918487	R-HSA-9918487	TAS	Reactome
REACTOME_PARTICIPATION:219|R-HSA-71384	219	ALDH1B1	ENSG00000137124	Reactome:R-HSA-71384	R-HSA-71384	TAS	Reactome
REACTOME_PARTICIPATION:219|R-HSA-9837999	219	ALDH1B1	ENSG00000137124	Reactome:R-HSA-9837999	R-HSA-9837999	TAS	Reactome
REACTOME_PARTICIPATION:2200|R-HSA-1474228	2200	FBN1	ENSG00000166147	Reactome:R-HSA-1474228	R-HSA-1474228	TAS	Reactome
REACTOME_PARTICIPATION:2200|R-HSA-1566948	2200	FBN1	ENSG00000166147	Reactome:R-HSA-1566948	R-HSA-1566948	TAS	Reactome
REACTOME_PARTICIPATION:2200|R-HSA-2129379	2200	FBN1	ENSG00000166147	Reactome:R-HSA-2129379	R-HSA-2129379	IEA	Reactome
REACTOME_PARTICIPATION:2200|R-HSA-216083	2200	FBN1	ENSG00000166147	Reactome:R-HSA-216083	R-HSA-216083	TAS	Reactome
REACTOME_PARTICIPATION:2200|R-HSA-2173789	2200	FBN1	ENSG00000166147	Reactome:R-HSA-2173789	R-HSA-2173789	TAS	Reactome
REACTOME_PARTICIPATION:2200|R-HSA-381426	2200	FBN1	ENSG00000166147	Reactome:R-HSA-381426	R-HSA-381426	TAS	Reactome
REACTOME_PARTICIPATION:2200|R-HSA-8957275	2200	FBN1	ENSG00000166147	Reactome:R-HSA-8957275	R-HSA-8957275	TAS	Reactome
REACTOME_PARTICIPATION:220134|R-HSA-141444	220134	SKA1	ENSG00000154839	Reactome:R-HSA-141444	R-HSA-141444	TAS	Reactome
REACTOME_PARTICIPATION:220134|R-HSA-2467813	220134	SKA1	ENSG00000154839	Reactome:R-HSA-2467813	R-HSA-2467813	TAS	Reactome
REACTOME_PARTICIPATION:220134|R-HSA-2500257	220134	SKA1	ENSG00000154839	Reactome:R-HSA-2500257	R-HSA-2500257	TAS	Reactome
REACTOME_PARTICIPATION:220134|R-HSA-5663220	220134	SKA1	ENSG00000154839	Reactome:R-HSA-5663220	R-HSA-5663220	TAS	Reactome
REACTOME_PARTICIPATION:220134|R-HSA-68877	220134	SKA1	ENSG00000154839	Reactome:R-HSA-68877	R-HSA-68877	TAS	Reactome
REACTOME_PARTICIPATION:220134|R-HSA-9648025	220134	SKA1	ENSG00000154839	Reactome:R-HSA-9648025	R-HSA-9648025	TAS	Reactome
REACTOME_PARTICIPATION:2203|R-HSA-70263	2203	FBP1	ENSG00000165140	Reactome:R-HSA-70263	R-HSA-70263	TAS	Reactome
REACTOME_PARTICIPATION:2203|R-HSA-9940951	2203	FBP1	ENSG00000165140	Reactome:R-HSA-9940951	R-HSA-9940951	TAS	Reactome
REACTOME_PARTICIPATION:2222|R-HSA-1989781	2222	FDFT1	ENSG00000079459	Reactome:R-HSA-1989781	R-HSA-1989781	TAS	Reactome
REACTOME_PARTICIPATION:2222|R-HSA-2426168	2222	FDFT1	ENSG00000079459	Reactome:R-HSA-2426168	R-HSA-2426168	TAS	Reactome
REACTOME_PARTICIPATION:2222|R-HSA-9969896	2222	FDFT1	ENSG00000079459	Reactome:R-HSA-9969896	R-HSA-9969896	TAS	Reactome
REACTOME_PARTICIPATION:2242|R-HSA-1433557	2242	FES	ENSG00000182511	Reactome:R-HSA-1433557	R-HSA-1433557	TAS	Reactome
REACTOME_PARTICIPATION:2242|R-HSA-399954	2242	FES	ENSG00000182511	Reactome:R-HSA-399954	R-HSA-399954	TAS	Reactome
REACTOME_PARTICIPATION:2242|R-HSA-399955	2242	FES	ENSG00000182511	Reactome:R-HSA-399955	R-HSA-399955	IEA	Reactome
REACTOME_PARTICIPATION:2242|R-HSA-399956	2242	FES	ENSG00000182511	Reactome:R-HSA-399956	R-HSA-399956	TAS	Reactome
REACTOME_PARTICIPATION:2247|R-HSA-109704	2247	FGF2	ENSG00000138685	Reactome:R-HSA-109704	R-HSA-109704	TAS	Reactome
REACTOME_PARTICIPATION:2247|R-HSA-1257604	2247	FGF2	ENSG00000138685	Reactome:R-HSA-1257604	R-HSA-1257604	TAS	Reactome
REACTOME_PARTICIPATION:2247|R-HSA-1839122	2247	FGF2	ENSG00000138685	Reactome:R-HSA-1839122	R-HSA-1839122	TAS	Reactome
REACTOME_PARTICIPATION:2247|R-HSA-1839130	2247	FGF2	ENSG00000138685	Reactome:R-HSA-1839130	R-HSA-1839130	TAS	Reactome
REACTOME_PARTICIPATION:2247|R-HSA-190322	2247	FGF2	ENSG00000138685	Reactome:R-HSA-190322	R-HSA-190322	TAS	Reactome
REACTOME_PARTICIPATION:2247|R-HSA-190370	2247	FGF2	ENSG00000138685	Reactome:R-HSA-190370	R-HSA-190370	TAS	Reactome
REACTOME_PARTICIPATION:2247|R-HSA-190372	2247	FGF2	ENSG00000138685	Reactome:R-HSA-190372	R-HSA-190372	TAS	Reactome
REACTOME_PARTICIPATION:2247|R-HSA-190373	2247	FGF2	ENSG00000138685	Reactome:R-HSA-190373	R-HSA-190373	TAS	Reactome
REACTOME_PARTICIPATION:2247|R-HSA-190375	2247	FGF2	ENSG00000138685	Reactome:R-HSA-190375	R-HSA-190375	TAS	Reactome
REACTOME_PARTICIPATION:2247|R-HSA-190377	2247	FGF2	ENSG00000138685	Reactome:R-HSA-190377	R-HSA-190377	TAS	Reactome
REACTOME_PARTICIPATION:2247|R-HSA-2033519	2247	FGF2	ENSG00000138685	Reactome:R-HSA-2033519	R-HSA-2033519	TAS	Reactome
REACTOME_PARTICIPATION:2247|R-HSA-2219530	2247	FGF2	ENSG00000138685	Reactome:R-HSA-2219530	R-HSA-2219530	TAS	Reactome
REACTOME_PARTICIPATION:2247|R-HSA-2892247	2247	FGF2	ENSG00000138685	Reactome:R-HSA-2892247	R-HSA-2892247	TAS	Reactome
REACTOME_PARTICIPATION:2247|R-HSA-3000170	2247	FGF2	ENSG00000138685	Reactome:R-HSA-3000170	R-HSA-3000170	TAS	Reactome
REACTOME_PARTICIPATION:2247|R-HSA-3000171	2247	FGF2	ENSG00000138685	Reactome:R-HSA-3000171	R-HSA-3000171	TAS	Reactome
REACTOME_PARTICIPATION:2247|R-HSA-5654219	2247	FGF2	ENSG00000138685	Reactome:R-HSA-5654219	R-HSA-5654219	TAS	Reactome
REACTOME_PARTICIPATION:2247|R-HSA-5654221	2247	FGF2	ENSG00000138685	Reactome:R-HSA-5654221	R-HSA-5654221	TAS	Reactome
REACTOME_PARTICIPATION:2247|R-HSA-5654227	2247	FGF2	ENSG00000138685	Reactome:R-HSA-5654227	R-HSA-5654227	TAS	Reactome
REACTOME_PARTICIPATION:2247|R-HSA-5654228	2247	FGF2	ENSG00000138685	Reactome:R-HSA-5654228	R-HSA-5654228	TAS	Reactome
REACTOME_PARTICIPATION:2247|R-HSA-5654687	2247	FGF2	ENSG00000138685	Reactome:R-HSA-5654687	R-HSA-5654687	TAS	Reactome
REACTOME_PARTICIPATION:2247|R-HSA-5654688	2247	FGF2	ENSG00000138685	Reactome:R-HSA-5654688	R-HSA-5654688	TAS	Reactome
REACTOME_PARTICIPATION:2247|R-HSA-5654689	2247	FGF2	ENSG00000138685	Reactome:R-HSA-5654689	R-HSA-5654689	TAS	Reactome
REACTOME_PARTICIPATION:2247|R-HSA-5654693	2247	FGF2	ENSG00000138685	Reactome:R-HSA-5654693	R-HSA-5654693	TAS	Reactome
REACTOME_PARTICIPATION:2247|R-HSA-5654695	2247	FGF2	ENSG00000138685	Reactome:R-HSA-5654695	R-HSA-5654695	TAS	Reactome
REACTOME_PARTICIPATION:2247|R-HSA-5654699	2247	FGF2	ENSG00000138685	Reactome:R-HSA-5654699	R-HSA-5654699	TAS	Reactome
REACTOME_PARTICIPATION:2247|R-HSA-5654700	2247	FGF2	ENSG00000138685	Reactome:R-HSA-5654700	R-HSA-5654700	TAS	Reactome
REACTOME_PARTICIPATION:2247|R-HSA-5654704	2247	FGF2	ENSG00000138685	Reactome:R-HSA-5654704	R-HSA-5654704	TAS	Reactome
REACTOME_PARTICIPATION:2247|R-HSA-5654706	2247	FGF2	ENSG00000138685	Reactome:R-HSA-5654706	R-HSA-5654706	TAS	Reactome
REACTOME_PARTICIPATION:2247|R-HSA-5654710	2247	FGF2	ENSG00000138685	Reactome:R-HSA-5654710	R-HSA-5654710	TAS	Reactome
REACTOME_PARTICIPATION:2247|R-HSA-5654712	2247	FGF2	ENSG00000138685	Reactome:R-HSA-5654712	R-HSA-5654712	TAS	Reactome
REACTOME_PARTICIPATION:2247|R-HSA-5654719	2247	FGF2	ENSG00000138685	Reactome:R-HSA-5654719	R-HSA-5654719	TAS	Reactome
REACTOME_PARTICIPATION:2247|R-HSA-5654720	2247	FGF2	ENSG00000138685	Reactome:R-HSA-5654720	R-HSA-5654720	TAS	Reactome
REACTOME_PARTICIPATION:2247|R-HSA-5654726	2247	FGF2	ENSG00000138685	Reactome:R-HSA-5654726	R-HSA-5654726	TAS	Reactome
REACTOME_PARTICIPATION:2247|R-HSA-5654727	2247	FGF2	ENSG00000138685	Reactome:R-HSA-5654727	R-HSA-5654727	TAS	Reactome
REACTOME_PARTICIPATION:2247|R-HSA-5654732	2247	FGF2	ENSG00000138685	Reactome:R-HSA-5654732	R-HSA-5654732	TAS	Reactome
REACTOME_PARTICIPATION:2247|R-HSA-5654733	2247	FGF2	ENSG00000138685	Reactome:R-HSA-5654733	R-HSA-5654733	TAS	Reactome
REACTOME_PARTICIPATION:2247|R-HSA-5655253	2247	FGF2	ENSG00000138685	Reactome:R-HSA-5655253	R-HSA-5655253	TAS	Reactome
REACTOME_PARTICIPATION:2247|R-HSA-5655302	2247	FGF2	ENSG00000138685	Reactome:R-HSA-5655302	R-HSA-5655302	TAS	Reactome
REACTOME_PARTICIPATION:2247|R-HSA-5655332	2247	FGF2	ENSG00000138685	Reactome:R-HSA-5655332	R-HSA-5655332	TAS	Reactome
REACTOME_PARTICIPATION:2247|R-HSA-5658623	2247	FGF2	ENSG00000138685	Reactome:R-HSA-5658623	R-HSA-5658623	TAS	Reactome
REACTOME_PARTICIPATION:2247|R-HSA-5673001	2247	FGF2	ENSG00000138685	Reactome:R-HSA-5673001	R-HSA-5673001	TAS	Reactome
REACTOME_PARTICIPATION:2247|R-HSA-6785807	2247	FGF2	ENSG00000138685	Reactome:R-HSA-6785807	R-HSA-6785807	TAS	Reactome
REACTOME_PARTICIPATION:2247|R-HSA-6811558	2247	FGF2	ENSG00000138685	Reactome:R-HSA-6811558	R-HSA-6811558	TAS	Reactome
REACTOME_PARTICIPATION:2247|R-HSA-8851708	2247	FGF2	ENSG00000138685	Reactome:R-HSA-8851708	R-HSA-8851708	IEA	Reactome
REACTOME_PARTICIPATION:2247|R-HSA-9761174	2247	FGF2	ENSG00000138685	Reactome:R-HSA-9761174	R-HSA-9761174	IEA	Reactome
REACTOME_PARTICIPATION:2247|R-HSA-9830364	2247	FGF2	ENSG00000138685	Reactome:R-HSA-9830364	R-HSA-9830364	IEA	Reactome
REACTOME_PARTICIPATION:2247|R-HSA-9839397	2247	FGF2	ENSG00000138685	Reactome:R-HSA-9839397	R-HSA-9839397	TAS	Reactome
REACTOME_PARTICIPATION:2247|R-HSA-9937080	2247	FGF2	ENSG00000138685	Reactome:R-HSA-9937080	R-HSA-9937080	TAS	Reactome
REACTOME_PARTICIPATION:2248|R-HSA-109704	2248	FGF3	ENSG00000186895	Reactome:R-HSA-109704	R-HSA-109704	TAS	Reactome
REACTOME_PARTICIPATION:2248|R-HSA-1257604	2248	FGF3	ENSG00000186895	Reactome:R-HSA-1257604	R-HSA-1257604	TAS	Reactome
REACTOME_PARTICIPATION:2248|R-HSA-190370	2248	FGF3	ENSG00000186895	Reactome:R-HSA-190370	R-HSA-190370	TAS	Reactome
REACTOME_PARTICIPATION:2248|R-HSA-190377	2248	FGF3	ENSG00000186895	Reactome:R-HSA-190377	R-HSA-190377	TAS	Reactome
REACTOME_PARTICIPATION:2248|R-HSA-2033519	2248	FGF3	ENSG00000186895	Reactome:R-HSA-2033519	R-HSA-2033519	TAS	Reactome
REACTOME_PARTICIPATION:2248|R-HSA-2219530	2248	FGF3	ENSG00000186895	Reactome:R-HSA-2219530	R-HSA-2219530	TAS	Reactome
REACTOME_PARTICIPATION:2248|R-HSA-5654219	2248	FGF3	ENSG00000186895	Reactome:R-HSA-5654219	R-HSA-5654219	TAS	Reactome
REACTOME_PARTICIPATION:2248|R-HSA-5654221	2248	FGF3	ENSG00000186895	Reactome:R-HSA-5654221	R-HSA-5654221	TAS	Reactome
REACTOME_PARTICIPATION:2248|R-HSA-5654687	2248	FGF3	ENSG00000186895	Reactome:R-HSA-5654687	R-HSA-5654687	TAS	Reactome
REACTOME_PARTICIPATION:2248|R-HSA-5654688	2248	FGF3	ENSG00000186895	Reactome:R-HSA-5654688	R-HSA-5654688	TAS	Reactome
REACTOME_PARTICIPATION:2248|R-HSA-5654689	2248	FGF3	ENSG00000186895	Reactome:R-HSA-5654689	R-HSA-5654689	TAS	Reactome
REACTOME_PARTICIPATION:2248|R-HSA-5654693	2248	FGF3	ENSG00000186895	Reactome:R-HSA-5654693	R-HSA-5654693	TAS	Reactome
REACTOME_PARTICIPATION:2248|R-HSA-5654695	2248	FGF3	ENSG00000186895	Reactome:R-HSA-5654695	R-HSA-5654695	TAS	Reactome
REACTOME_PARTICIPATION:2248|R-HSA-5654699	2248	FGF3	ENSG00000186895	Reactome:R-HSA-5654699	R-HSA-5654699	TAS	Reactome
REACTOME_PARTICIPATION:2248|R-HSA-5654700	2248	FGF3	ENSG00000186895	Reactome:R-HSA-5654700	R-HSA-5654700	TAS	Reactome
REACTOME_PARTICIPATION:2248|R-HSA-5654726	2248	FGF3	ENSG00000186895	Reactome:R-HSA-5654726	R-HSA-5654726	TAS	Reactome
REACTOME_PARTICIPATION:2248|R-HSA-5654727	2248	FGF3	ENSG00000186895	Reactome:R-HSA-5654727	R-HSA-5654727	TAS	Reactome
REACTOME_PARTICIPATION:2248|R-HSA-5655253	2248	FGF3	ENSG00000186895	Reactome:R-HSA-5655253	R-HSA-5655253	TAS	Reactome
REACTOME_PARTICIPATION:2248|R-HSA-5658623	2248	FGF3	ENSG00000186895	Reactome:R-HSA-5658623	R-HSA-5658623	TAS	Reactome
REACTOME_PARTICIPATION:2248|R-HSA-5673001	2248	FGF3	ENSG00000186895	Reactome:R-HSA-5673001	R-HSA-5673001	TAS	Reactome
REACTOME_PARTICIPATION:2248|R-HSA-6811558	2248	FGF3	ENSG00000186895	Reactome:R-HSA-6811558	R-HSA-6811558	TAS	Reactome
REACTOME_PARTICIPATION:2249|R-HSA-109704	2249	FGF4	ENSG00000075388	Reactome:R-HSA-109704	R-HSA-109704	TAS	Reactome
REACTOME_PARTICIPATION:2249|R-HSA-1257604	2249	FGF4	ENSG00000075388	Reactome:R-HSA-1257604	R-HSA-1257604	TAS	Reactome
REACTOME_PARTICIPATION:2249|R-HSA-1839122	2249	FGF4	ENSG00000075388	Reactome:R-HSA-1839122	R-HSA-1839122	TAS	Reactome
REACTOME_PARTICIPATION:2249|R-HSA-1839130	2249	FGF4	ENSG00000075388	Reactome:R-HSA-1839130	R-HSA-1839130	TAS	Reactome
REACTOME_PARTICIPATION:2249|R-HSA-190322	2249	FGF4	ENSG00000075388	Reactome:R-HSA-190322	R-HSA-190322	TAS	Reactome
REACTOME_PARTICIPATION:2249|R-HSA-190372	2249	FGF4	ENSG00000075388	Reactome:R-HSA-190372	R-HSA-190372	TAS	Reactome
REACTOME_PARTICIPATION:2249|R-HSA-190373	2249	FGF4	ENSG00000075388	Reactome:R-HSA-190373	R-HSA-190373	TAS	Reactome
REACTOME_PARTICIPATION:2249|R-HSA-190375	2249	FGF4	ENSG00000075388	Reactome:R-HSA-190375	R-HSA-190375	TAS	Reactome
REACTOME_PARTICIPATION:2249|R-HSA-2033519	2249	FGF4	ENSG00000075388	Reactome:R-HSA-2033519	R-HSA-2033519	TAS	Reactome
REACTOME_PARTICIPATION:2249|R-HSA-2219530	2249	FGF4	ENSG00000075388	Reactome:R-HSA-2219530	R-HSA-2219530	TAS	Reactome
REACTOME_PARTICIPATION:2249|R-HSA-5654219	2249	FGF4	ENSG00000075388	Reactome:R-HSA-5654219	R-HSA-5654219	TAS	Reactome
REACTOME_PARTICIPATION:2249|R-HSA-5654221	2249	FGF4	ENSG00000075388	Reactome:R-HSA-5654221	R-HSA-5654221	TAS	Reactome
REACTOME_PARTICIPATION:2249|R-HSA-5654227	2249	FGF4	ENSG00000075388	Reactome:R-HSA-5654227	R-HSA-5654227	TAS	Reactome
REACTOME_PARTICIPATION:2249|R-HSA-5654228	2249	FGF4	ENSG00000075388	Reactome:R-HSA-5654228	R-HSA-5654228	TAS	Reactome
REACTOME_PARTICIPATION:2249|R-HSA-5654687	2249	FGF4	ENSG00000075388	Reactome:R-HSA-5654687	R-HSA-5654687	TAS	Reactome
REACTOME_PARTICIPATION:2249|R-HSA-5654688	2249	FGF4	ENSG00000075388	Reactome:R-HSA-5654688	R-HSA-5654688	TAS	Reactome
REACTOME_PARTICIPATION:2249|R-HSA-5654689	2249	FGF4	ENSG00000075388	Reactome:R-HSA-5654689	R-HSA-5654689	TAS	Reactome
REACTOME_PARTICIPATION:2249|R-HSA-5654693	2249	FGF4	ENSG00000075388	Reactome:R-HSA-5654693	R-HSA-5654693	TAS	Reactome
REACTOME_PARTICIPATION:2249|R-HSA-5654695	2249	FGF4	ENSG00000075388	Reactome:R-HSA-5654695	R-HSA-5654695	TAS	Reactome
REACTOME_PARTICIPATION:2249|R-HSA-5654699	2249	FGF4	ENSG00000075388	Reactome:R-HSA-5654699	R-HSA-5654699	TAS	Reactome
REACTOME_PARTICIPATION:2249|R-HSA-5654700	2249	FGF4	ENSG00000075388	Reactome:R-HSA-5654700	R-HSA-5654700	TAS	Reactome
REACTOME_PARTICIPATION:2249|R-HSA-5654704	2249	FGF4	ENSG00000075388	Reactome:R-HSA-5654704	R-HSA-5654704	TAS	Reactome
REACTOME_PARTICIPATION:2249|R-HSA-5654706	2249	FGF4	ENSG00000075388	Reactome:R-HSA-5654706	R-HSA-5654706	TAS	Reactome
REACTOME_PARTICIPATION:2249|R-HSA-5654710	2249	FGF4	ENSG00000075388	Reactome:R-HSA-5654710	R-HSA-5654710	TAS	Reactome
REACTOME_PARTICIPATION:2249|R-HSA-5654712	2249	FGF4	ENSG00000075388	Reactome:R-HSA-5654712	R-HSA-5654712	TAS	Reactome
REACTOME_PARTICIPATION:2249|R-HSA-5654719	2249	FGF4	ENSG00000075388	Reactome:R-HSA-5654719	R-HSA-5654719	TAS	Reactome
REACTOME_PARTICIPATION:2249|R-HSA-5654720	2249	FGF4	ENSG00000075388	Reactome:R-HSA-5654720	R-HSA-5654720	TAS	Reactome
REACTOME_PARTICIPATION:2249|R-HSA-5654726	2249	FGF4	ENSG00000075388	Reactome:R-HSA-5654726	R-HSA-5654726	TAS	Reactome
REACTOME_PARTICIPATION:2249|R-HSA-5654727	2249	FGF4	ENSG00000075388	Reactome:R-HSA-5654727	R-HSA-5654727	TAS	Reactome
REACTOME_PARTICIPATION:2249|R-HSA-5654732	2249	FGF4	ENSG00000075388	Reactome:R-HSA-5654732	R-HSA-5654732	TAS	Reactome
REACTOME_PARTICIPATION:2249|R-HSA-5654733	2249	FGF4	ENSG00000075388	Reactome:R-HSA-5654733	R-HSA-5654733	TAS	Reactome
REACTOME_PARTICIPATION:2249|R-HSA-5655253	2249	FGF4	ENSG00000075388	Reactome:R-HSA-5655253	R-HSA-5655253	TAS	Reactome
REACTOME_PARTICIPATION:2249|R-HSA-5655302	2249	FGF4	ENSG00000075388	Reactome:R-HSA-5655302	R-HSA-5655302	TAS	Reactome
REACTOME_PARTICIPATION:2249|R-HSA-5655332	2249	FGF4	ENSG00000075388	Reactome:R-HSA-5655332	R-HSA-5655332	TAS	Reactome
REACTOME_PARTICIPATION:2249|R-HSA-5658623	2249	FGF4	ENSG00000075388	Reactome:R-HSA-5658623	R-HSA-5658623	TAS	Reactome
REACTOME_PARTICIPATION:2249|R-HSA-5673001	2249	FGF4	ENSG00000075388	Reactome:R-HSA-5673001	R-HSA-5673001	TAS	Reactome
REACTOME_PARTICIPATION:2249|R-HSA-6811558	2249	FGF4	ENSG00000075388	Reactome:R-HSA-6811558	R-HSA-6811558	TAS	Reactome
REACTOME_PARTICIPATION:2249|R-HSA-9834899	2249	FGF4	ENSG00000075388	Reactome:R-HSA-9834899	R-HSA-9834899	IEA	Reactome
REACTOME_PARTICIPATION:2249|R-HSA-9937080	2249	FGF4	ENSG00000075388	Reactome:R-HSA-9937080	R-HSA-9937080	TAS	Reactome
REACTOME_PARTICIPATION:2252|R-HSA-109704	2252	FGF7	ENSG00000140285	Reactome:R-HSA-109704	R-HSA-109704	TAS	Reactome
REACTOME_PARTICIPATION:2252|R-HSA-1257604	2252	FGF7	ENSG00000140285	Reactome:R-HSA-1257604	R-HSA-1257604	TAS	Reactome
REACTOME_PARTICIPATION:2252|R-HSA-190377	2252	FGF7	ENSG00000140285	Reactome:R-HSA-190377	R-HSA-190377	TAS	Reactome
REACTOME_PARTICIPATION:2252|R-HSA-2033519	2252	FGF7	ENSG00000140285	Reactome:R-HSA-2033519	R-HSA-2033519	TAS	Reactome
REACTOME_PARTICIPATION:2252|R-HSA-2219530	2252	FGF7	ENSG00000140285	Reactome:R-HSA-2219530	R-HSA-2219530	TAS	Reactome
REACTOME_PARTICIPATION:2252|R-HSA-5654221	2252	FGF7	ENSG00000140285	Reactome:R-HSA-5654221	R-HSA-5654221	TAS	Reactome
REACTOME_PARTICIPATION:2252|R-HSA-5654695	2252	FGF7	ENSG00000140285	Reactome:R-HSA-5654695	R-HSA-5654695	TAS	Reactome
REACTOME_PARTICIPATION:2252|R-HSA-5654699	2252	FGF7	ENSG00000140285	Reactome:R-HSA-5654699	R-HSA-5654699	TAS	Reactome
REACTOME_PARTICIPATION:2252|R-HSA-5654700	2252	FGF7	ENSG00000140285	Reactome:R-HSA-5654700	R-HSA-5654700	TAS	Reactome
REACTOME_PARTICIPATION:2252|R-HSA-5654727	2252	FGF7	ENSG00000140285	Reactome:R-HSA-5654727	R-HSA-5654727	TAS	Reactome
REACTOME_PARTICIPATION:2252|R-HSA-5655253	2252	FGF7	ENSG00000140285	Reactome:R-HSA-5655253	R-HSA-5655253	TAS	Reactome
REACTOME_PARTICIPATION:2252|R-HSA-5673001	2252	FGF7	ENSG00000140285	Reactome:R-HSA-5673001	R-HSA-5673001	TAS	Reactome
REACTOME_PARTICIPATION:2252|R-HSA-6811558	2252	FGF7	ENSG00000140285	Reactome:R-HSA-6811558	R-HSA-6811558	TAS	Reactome
REACTOME_PARTICIPATION:2252|R-HSA-9937080	2252	FGF7	ENSG00000140285	Reactome:R-HSA-9937080	R-HSA-9937080	TAS	Reactome
REACTOME_PARTICIPATION:2260|R-HSA-109704	2260	FGFR1	ENSG00000077782	Reactome:R-HSA-109704	R-HSA-109704	TAS	Reactome
REACTOME_PARTICIPATION:2260|R-HSA-1257604	2260	FGFR1	ENSG00000077782	Reactome:R-HSA-1257604	R-HSA-1257604	TAS	Reactome
REACTOME_PARTICIPATION:2260|R-HSA-1839120	2260	FGFR1	ENSG00000077782	Reactome:R-HSA-1839120	R-HSA-1839120	TAS	Reactome
REACTOME_PARTICIPATION:2260|R-HSA-1839122	2260	FGFR1	ENSG00000077782	Reactome:R-HSA-1839122	R-HSA-1839122	TAS	Reactome
REACTOME_PARTICIPATION:2260|R-HSA-190370	2260	FGFR1	ENSG00000077782	Reactome:R-HSA-190370	R-HSA-190370	TAS	Reactome
REACTOME_PARTICIPATION:2260|R-HSA-190373	2260	FGFR1	ENSG00000077782	Reactome:R-HSA-190373	R-HSA-190373	TAS	Reactome
REACTOME_PARTICIPATION:2260|R-HSA-190374	2260	FGFR1	ENSG00000077782	Reactome:R-HSA-190374	R-HSA-190374	TAS	Reactome
REACTOME_PARTICIPATION:2260|R-HSA-2219530	2260	FGFR1	ENSG00000077782	Reactome:R-HSA-2219530	R-HSA-2219530	TAS	Reactome
REACTOME_PARTICIPATION:2260|R-HSA-375165	2260	FGFR1	ENSG00000077782	Reactome:R-HSA-375165	R-HSA-375165	IEA	Reactome
REACTOME_PARTICIPATION:2260|R-HSA-445144	2260	FGFR1	ENSG00000077782	Reactome:R-HSA-445144	R-HSA-445144	TAS	Reactome
REACTOME_PARTICIPATION:2260|R-HSA-5654219	2260	FGFR1	ENSG00000077782	Reactome:R-HSA-5654219	R-HSA-5654219	TAS	Reactome
REACTOME_PARTICIPATION:2260|R-HSA-5654687	2260	FGFR1	ENSG00000077782	Reactome:R-HSA-5654687	R-HSA-5654687	TAS	Reactome
REACTOME_PARTICIPATION:2260|R-HSA-5654688	2260	FGFR1	ENSG00000077782	Reactome:R-HSA-5654688	R-HSA-5654688	TAS	Reactome
REACTOME_PARTICIPATION:2260|R-HSA-5654689	2260	FGFR1	ENSG00000077782	Reactome:R-HSA-5654689	R-HSA-5654689	TAS	Reactome
REACTOME_PARTICIPATION:2260|R-HSA-5654693	2260	FGFR1	ENSG00000077782	Reactome:R-HSA-5654693	R-HSA-5654693	TAS	Reactome
REACTOME_PARTICIPATION:2260|R-HSA-5654726	2260	FGFR1	ENSG00000077782	Reactome:R-HSA-5654726	R-HSA-5654726	TAS	Reactome
REACTOME_PARTICIPATION:2260|R-HSA-5655302	2260	FGFR1	ENSG00000077782	Reactome:R-HSA-5655302	R-HSA-5655302	TAS	Reactome
REACTOME_PARTICIPATION:2260|R-HSA-5673001	2260	FGFR1	ENSG00000077782	Reactome:R-HSA-5673001	R-HSA-5673001	TAS	Reactome
REACTOME_PARTICIPATION:2260|R-HSA-6811558	2260	FGFR1	ENSG00000077782	Reactome:R-HSA-6811558	R-HSA-6811558	TAS	Reactome
REACTOME_PARTICIPATION:2260|R-HSA-8853336	2260	FGFR1	ENSG00000077782	Reactome:R-HSA-8853336	R-HSA-8853336	TAS	Reactome
REACTOME_PARTICIPATION:2260|R-HSA-9758919	2260	FGFR1	ENSG00000077782	Reactome:R-HSA-9758919	R-HSA-9758919	IEA	Reactome
REACTOME_PARTICIPATION:2260|R-HSA-9793380	2260	FGFR1	ENSG00000077782	Reactome:R-HSA-9793380	R-HSA-9793380	IEA	Reactome
REACTOME_PARTICIPATION:2263|R-HSA-109704	2263	FGFR2	ENSG00000066468	Reactome:R-HSA-109704	R-HSA-109704	TAS	Reactome
REACTOME_PARTICIPATION:2263|R-HSA-1257604	2263	FGFR2	ENSG00000066468	Reactome:R-HSA-1257604	R-HSA-1257604	TAS	Reactome
REACTOME_PARTICIPATION:2263|R-HSA-190375	2263	FGFR2	ENSG00000066468	Reactome:R-HSA-190375	R-HSA-190375	TAS	Reactome
REACTOME_PARTICIPATION:2263|R-HSA-190377	2263	FGFR2	ENSG00000066468	Reactome:R-HSA-190377	R-HSA-190377	TAS	Reactome
REACTOME_PARTICIPATION:2263|R-HSA-2023837	2263	FGFR2	ENSG00000066468	Reactome:R-HSA-2023837	R-HSA-2023837	TAS	Reactome
REACTOME_PARTICIPATION:2263|R-HSA-2033519	2263	FGFR2	ENSG00000066468	Reactome:R-HSA-2033519	R-HSA-2033519	TAS	Reactome
REACTOME_PARTICIPATION:2263|R-HSA-2219530	2263	FGFR2	ENSG00000066468	Reactome:R-HSA-2219530	R-HSA-2219530	TAS	Reactome
REACTOME_PARTICIPATION:2263|R-HSA-5654221	2263	FGFR2	ENSG00000066468	Reactome:R-HSA-5654221	R-HSA-5654221	TAS	Reactome
REACTOME_PARTICIPATION:2263|R-HSA-5654695	2263	FGFR2	ENSG00000066468	Reactome:R-HSA-5654695	R-HSA-5654695	TAS	Reactome
REACTOME_PARTICIPATION:2263|R-HSA-5654699	2263	FGFR2	ENSG00000066468	Reactome:R-HSA-5654699	R-HSA-5654699	TAS	Reactome
REACTOME_PARTICIPATION:2263|R-HSA-5654700	2263	FGFR2	ENSG00000066468	Reactome:R-HSA-5654700	R-HSA-5654700	TAS	Reactome
REACTOME_PARTICIPATION:2263|R-HSA-5654727	2263	FGFR2	ENSG00000066468	Reactome:R-HSA-5654727	R-HSA-5654727	TAS	Reactome
REACTOME_PARTICIPATION:2263|R-HSA-5655253	2263	FGFR2	ENSG00000066468	Reactome:R-HSA-5655253	R-HSA-5655253	TAS	Reactome
REACTOME_PARTICIPATION:2263|R-HSA-5673001	2263	FGFR2	ENSG00000066468	Reactome:R-HSA-5673001	R-HSA-5673001	TAS	Reactome
REACTOME_PARTICIPATION:2263|R-HSA-6803529	2263	FGFR2	ENSG00000066468	Reactome:R-HSA-6803529	R-HSA-6803529	TAS	Reactome
REACTOME_PARTICIPATION:2263|R-HSA-6811558	2263	FGFR2	ENSG00000066468	Reactome:R-HSA-6811558	R-HSA-6811558	TAS	Reactome
REACTOME_PARTICIPATION:2263|R-HSA-8851708	2263	FGFR2	ENSG00000066468	Reactome:R-HSA-8851708	R-HSA-8851708	IEA	Reactome
REACTOME_PARTICIPATION:2263|R-HSA-8853333	2263	FGFR2	ENSG00000066468	Reactome:R-HSA-8853333	R-HSA-8853333	TAS	Reactome
REACTOME_PARTICIPATION:2264|R-HSA-109704	2264	FGFR4	ENSG00000160867	Reactome:R-HSA-109704	R-HSA-109704	TAS	Reactome
REACTOME_PARTICIPATION:2264|R-HSA-1257604	2264	FGFR4	ENSG00000160867	Reactome:R-HSA-1257604	R-HSA-1257604	TAS	Reactome
REACTOME_PARTICIPATION:2264|R-HSA-1307965	2264	FGFR4	ENSG00000160867	Reactome:R-HSA-1307965	R-HSA-1307965	TAS	Reactome
REACTOME_PARTICIPATION:2264|R-HSA-1839128	2264	FGFR4	ENSG00000160867	Reactome:R-HSA-1839128	R-HSA-1839128	TAS	Reactome
REACTOME_PARTICIPATION:2264|R-HSA-190322	2264	FGFR4	ENSG00000160867	Reactome:R-HSA-190322	R-HSA-190322	TAS	Reactome
REACTOME_PARTICIPATION:2264|R-HSA-2219530	2264	FGFR4	ENSG00000160867	Reactome:R-HSA-2219530	R-HSA-2219530	TAS	Reactome
REACTOME_PARTICIPATION:2264|R-HSA-5654228	2264	FGFR4	ENSG00000160867	Reactome:R-HSA-5654228	R-HSA-5654228	TAS	Reactome
REACTOME_PARTICIPATION:2264|R-HSA-5654712	2264	FGFR4	ENSG00000160867	Reactome:R-HSA-5654712	R-HSA-5654712	TAS	Reactome
REACTOME_PARTICIPATION:2264|R-HSA-5654719	2264	FGFR4	ENSG00000160867	Reactome:R-HSA-5654719	R-HSA-5654719	TAS	Reactome
REACTOME_PARTICIPATION:2264|R-HSA-5654720	2264	FGFR4	ENSG00000160867	Reactome:R-HSA-5654720	R-HSA-5654720	TAS	Reactome
REACTOME_PARTICIPATION:2264|R-HSA-5654733	2264	FGFR4	ENSG00000160867	Reactome:R-HSA-5654733	R-HSA-5654733	TAS	Reactome
REACTOME_PARTICIPATION:2264|R-HSA-5655291	2264	FGFR4	ENSG00000160867	Reactome:R-HSA-5655291	R-HSA-5655291	TAS	Reactome
REACTOME_PARTICIPATION:2264|R-HSA-5673001	2264	FGFR4	ENSG00000160867	Reactome:R-HSA-5673001	R-HSA-5673001	TAS	Reactome
REACTOME_PARTICIPATION:2264|R-HSA-6811558	2264	FGFR4	ENSG00000160867	Reactome:R-HSA-6811558	R-HSA-6811558	TAS	Reactome
REACTOME_PARTICIPATION:2271|R-HSA-71403	2271	FH	ENSG00000091483	Reactome:R-HSA-71403	R-HSA-71403	TAS	Reactome
REACTOME_PARTICIPATION:2271|R-HSA-9837999	2271	FH	ENSG00000091483	Reactome:R-HSA-9837999	R-HSA-9837999	TAS	Reactome
REACTOME_PARTICIPATION:22822|R-HSA-8854521	22822	PHLDA1	ENSG00000139289	Reactome:R-HSA-8854521	R-HSA-8854521	TAS	Reactome
REACTOME_PARTICIPATION:22822|R-HSA-9841922	22822	PHLDA1	ENSG00000139289	Reactome:R-HSA-9841922	R-HSA-9841922	IEA	Reactome
REACTOME_PARTICIPATION:22846|R-HSA-8955332	22846	VASH1	ENSG00000071246	Reactome:R-HSA-8955332	R-HSA-8955332	IEA	Reactome
REACTOME_PARTICIPATION:22897|R-HSA-2565942	22897	CEP164	ENSG00000110274	Reactome:R-HSA-2565942	R-HSA-2565942	TAS	Reactome
REACTOME_PARTICIPATION:22897|R-HSA-380259	22897	CEP164	ENSG00000110274	Reactome:R-HSA-380259	R-HSA-380259	TAS	Reactome
REACTOME_PARTICIPATION:22897|R-HSA-380270	22897	CEP164	ENSG00000110274	Reactome:R-HSA-380270	R-HSA-380270	TAS	Reactome
REACTOME_PARTICIPATION:22897|R-HSA-380284	22897	CEP164	ENSG00000110274	Reactome:R-HSA-380284	R-HSA-380284	TAS	Reactome
REACTOME_PARTICIPATION:22897|R-HSA-380320	22897	CEP164	ENSG00000110274	Reactome:R-HSA-380320	R-HSA-380320	TAS	Reactome
REACTOME_PARTICIPATION:22897|R-HSA-5620912	22897	CEP164	ENSG00000110274	Reactome:R-HSA-5620912	R-HSA-5620912	TAS	Reactome
REACTOME_PARTICIPATION:22897|R-HSA-8854518	22897	CEP164	ENSG00000110274	Reactome:R-HSA-8854518	R-HSA-8854518	TAS	Reactome
REACTOME_PARTICIPATION:22937|R-HSA-1655829	22937	SCAP	ENSG00000114650	Reactome:R-HSA-1655829	R-HSA-1655829	TAS	Reactome
REACTOME_PARTICIPATION:22937|R-HSA-9918432	22937	SCAP	ENSG00000114650	Reactome:R-HSA-9918432	R-HSA-9918432	TAS	Reactome
REACTOME_PARTICIPATION:22974|R-HSA-6804756	22974	TPX2	ENSG00000088325	Reactome:R-HSA-6804756	R-HSA-6804756	TAS	Reactome
REACTOME_PARTICIPATION:22974|R-HSA-8854518	22974	TPX2	ENSG00000088325	Reactome:R-HSA-8854518	R-HSA-8854518	TAS	Reactome
REACTOME_PARTICIPATION:22994|R-HSA-2565942	22994	CEP131	ENSG00000141577	Reactome:R-HSA-2565942	R-HSA-2565942	TAS	Reactome
REACTOME_PARTICIPATION:22994|R-HSA-380259	22994	CEP131	ENSG00000141577	Reactome:R-HSA-380259	R-HSA-380259	TAS	Reactome
REACTOME_PARTICIPATION:22994|R-HSA-380270	22994	CEP131	ENSG00000141577	Reactome:R-HSA-380270	R-HSA-380270	TAS	Reactome
REACTOME_PARTICIPATION:22994|R-HSA-380284	22994	CEP131	ENSG00000141577	Reactome:R-HSA-380284	R-HSA-380284	TAS	Reactome
REACTOME_PARTICIPATION:22994|R-HSA-380320	22994	CEP131	ENSG00000141577	Reactome:R-HSA-380320	R-HSA-380320	TAS	Reactome
REACTOME_PARTICIPATION:22994|R-HSA-5620912	22994	CEP131	ENSG00000141577	Reactome:R-HSA-5620912	R-HSA-5620912	TAS	Reactome
REACTOME_PARTICIPATION:22994|R-HSA-8854518	22994	CEP131	ENSG00000141577	Reactome:R-HSA-8854518	R-HSA-8854518	TAS	Reactome
REACTOME_PARTICIPATION:2305|R-HSA-156711	2305	FOXM1	ENSG00000111206	Reactome:R-HSA-156711	R-HSA-156711	TAS	Reactome
REACTOME_PARTICIPATION:2305|R-HSA-69273	2305	FOXM1	ENSG00000111206	Reactome:R-HSA-69273	R-HSA-69273	TAS	Reactome
REACTOME_PARTICIPATION:2305|R-HSA-9725371	2305	FOXM1	ENSG00000111206	Reactome:R-HSA-9725371	R-HSA-9725371	TAS	Reactome
REACTOME_PARTICIPATION:23095|R-HSA-6811434	23095	KIF1B	ENSG00000054523	Reactome:R-HSA-6811434	R-HSA-6811434	TAS	Reactome
REACTOME_PARTICIPATION:23095|R-HSA-983189	23095	KIF1B	ENSG00000054523	Reactome:R-HSA-983189	R-HSA-983189	TAS	Reactome
REACTOME_PARTICIPATION:2309|R-HSA-1181150	2309	FOXO3	ENSG00000118689	Reactome:R-HSA-1181150	R-HSA-1181150	TAS	Reactome
REACTOME_PARTICIPATION:2309|R-HSA-198693	2309	FOXO3	ENSG00000118689	Reactome:R-HSA-198693	R-HSA-198693	TAS	Reactome
REACTOME_PARTICIPATION:2309|R-HSA-5674400	2309	FOXO3	ENSG00000118689	Reactome:R-HSA-5674400	R-HSA-5674400	TAS	Reactome
REACTOME_PARTICIPATION:2309|R-HSA-5687128	2309	FOXO3	ENSG00000118689	Reactome:R-HSA-5687128	R-HSA-5687128	TAS	Reactome
REACTOME_PARTICIPATION:2309|R-HSA-6785807	2309	FOXO3	ENSG00000118689	Reactome:R-HSA-6785807	R-HSA-6785807	TAS	Reactome
REACTOME_PARTICIPATION:2309|R-HSA-8862803	2309	FOXO3	ENSG00000118689	Reactome:R-HSA-8862803	R-HSA-8862803	TAS	Reactome
REACTOME_PARTICIPATION:2309|R-HSA-8952158	2309	FOXO3	ENSG00000118689	Reactome:R-HSA-8952158	R-HSA-8952158	TAS	Reactome
REACTOME_PARTICIPATION:2309|R-HSA-9607240	2309	FOXO3	ENSG00000118689	Reactome:R-HSA-9607240	R-HSA-9607240	TAS	Reactome
REACTOME_PARTICIPATION:2309|R-HSA-9614399	2309	FOXO3	ENSG00000118689	Reactome:R-HSA-9614399	R-HSA-9614399	TAS	Reactome
REACTOME_PARTICIPATION:2309|R-HSA-9614657	2309	FOXO3	ENSG00000118689	Reactome:R-HSA-9614657	R-HSA-9614657	IEA	Reactome
REACTOME_PARTICIPATION:2309|R-HSA-9615017	2309	FOXO3	ENSG00000118689	Reactome:R-HSA-9615017	R-HSA-9615017	TAS	Reactome
REACTOME_PARTICIPATION:2309|R-HSA-9617629	2309	FOXO3	ENSG00000118689	Reactome:R-HSA-9617629	R-HSA-9617629	TAS	Reactome
REACTOME_PARTICIPATION:2309|R-HSA-9617828	2309	FOXO3	ENSG00000118689	Reactome:R-HSA-9617828	R-HSA-9617828	TAS	Reactome
REACTOME_PARTICIPATION:2309|R-HSA-9634638	2309	FOXO3	ENSG00000118689	Reactome:R-HSA-9634638	R-HSA-9634638	TAS	Reactome
REACTOME_PARTICIPATION:2309|R-HSA-9841251	2309	FOXO3	ENSG00000118689	Reactome:R-HSA-9841251	R-HSA-9841251	TAS	Reactome
REACTOME_PARTICIPATION:2316|R-HSA-114608	2316	FLNA	ENSG00000196924	Reactome:R-HSA-114608	R-HSA-114608	TAS	Reactome
REACTOME_PARTICIPATION:2316|R-HSA-430116	2316	FLNA	ENSG00000196924	Reactome:R-HSA-430116	R-HSA-430116	TAS	Reactome
REACTOME_PARTICIPATION:2316|R-HSA-446353	2316	FLNA	ENSG00000196924	Reactome:R-HSA-446353	R-HSA-446353	TAS	Reactome
REACTOME_PARTICIPATION:2316|R-HSA-5627123	2316	FLNA	ENSG00000196924	Reactome:R-HSA-5627123	R-HSA-5627123	TAS	Reactome
REACTOME_PARTICIPATION:2316|R-HSA-8983711	2316	FLNA	ENSG00000196924	Reactome:R-HSA-8983711	R-HSA-8983711	TAS	Reactome
REACTOME_PARTICIPATION:2321|R-HSA-194306	2321	FLT1	ENSG00000102755	Reactome:R-HSA-194306	R-HSA-194306	TAS	Reactome
REACTOME_PARTICIPATION:2321|R-HSA-195399	2321	FLT1	ENSG00000102755	Reactome:R-HSA-195399	R-HSA-195399	TAS	Reactome
REACTOME_PARTICIPATION:2322|R-HSA-109704	2322	FLT3	ENSG00000122025	Reactome:R-HSA-109704	R-HSA-109704	TAS	Reactome
REACTOME_PARTICIPATION:2322|R-HSA-1257604	2322	FLT3	ENSG00000122025	Reactome:R-HSA-1257604	R-HSA-1257604	TAS	Reactome
REACTOME_PARTICIPATION:2322|R-HSA-2219530	2322	FLT3	ENSG00000122025	Reactome:R-HSA-2219530	R-HSA-2219530	TAS	Reactome
REACTOME_PARTICIPATION:2322|R-HSA-5673001	2322	FLT3	ENSG00000122025	Reactome:R-HSA-5673001	R-HSA-5673001	TAS	Reactome
REACTOME_PARTICIPATION:2322|R-HSA-6811558	2322	FLT3	ENSG00000122025	Reactome:R-HSA-6811558	R-HSA-6811558	TAS	Reactome
REACTOME_PARTICIPATION:2322|R-HSA-9607240	2322	FLT3	ENSG00000122025	Reactome:R-HSA-9607240	R-HSA-9607240	IEA	Reactome
REACTOME_PARTICIPATION:2322|R-HSA-9645135	2322	FLT3	ENSG00000122025	Reactome:R-HSA-9645135	R-HSA-9645135	IEA	Reactome
REACTOME_PARTICIPATION:2322|R-HSA-9702509	2322	FLT3	ENSG00000122025	Reactome:R-HSA-9702509	R-HSA-9702509	TAS	Reactome
REACTOME_PARTICIPATION:2322|R-HSA-9702518	2322	FLT3	ENSG00000122025	Reactome:R-HSA-9702518	R-HSA-9702518	TAS	Reactome
REACTOME_PARTICIPATION:2322|R-HSA-9702569	2322	FLT3	ENSG00000122025	Reactome:R-HSA-9702569	R-HSA-9702569	TAS	Reactome
REACTOME_PARTICIPATION:2322|R-HSA-9702577	2322	FLT3	ENSG00000122025	Reactome:R-HSA-9702577	R-HSA-9702577	TAS	Reactome
REACTOME_PARTICIPATION:2322|R-HSA-9702581	2322	FLT3	ENSG00000122025	Reactome:R-HSA-9702581	R-HSA-9702581	TAS	Reactome
REACTOME_PARTICIPATION:2322|R-HSA-9702590	2322	FLT3	ENSG00000122025	Reactome:R-HSA-9702590	R-HSA-9702590	TAS	Reactome
REACTOME_PARTICIPATION:2322|R-HSA-9702596	2322	FLT3	ENSG00000122025	Reactome:R-HSA-9702596	R-HSA-9702596	TAS	Reactome
REACTOME_PARTICIPATION:2322|R-HSA-9702600	2322	FLT3	ENSG00000122025	Reactome:R-HSA-9702600	R-HSA-9702600	TAS	Reactome
REACTOME_PARTICIPATION:2322|R-HSA-9702605	2322	FLT3	ENSG00000122025	Reactome:R-HSA-9702605	R-HSA-9702605	TAS	Reactome
REACTOME_PARTICIPATION:2322|R-HSA-9702614	2322	FLT3	ENSG00000122025	Reactome:R-HSA-9702614	R-HSA-9702614	TAS	Reactome
REACTOME_PARTICIPATION:2322|R-HSA-9702620	2322	FLT3	ENSG00000122025	Reactome:R-HSA-9702620	R-HSA-9702620	TAS	Reactome
REACTOME_PARTICIPATION:2322|R-HSA-9702624	2322	FLT3	ENSG00000122025	Reactome:R-HSA-9702624	R-HSA-9702624	TAS	Reactome
REACTOME_PARTICIPATION:2322|R-HSA-9702632	2322	FLT3	ENSG00000122025	Reactome:R-HSA-9702632	R-HSA-9702632	TAS	Reactome
REACTOME_PARTICIPATION:2322|R-HSA-9702636	2322	FLT3	ENSG00000122025	Reactome:R-HSA-9702636	R-HSA-9702636	TAS	Reactome
REACTOME_PARTICIPATION:2322|R-HSA-9702998	2322	FLT3	ENSG00000122025	Reactome:R-HSA-9702998	R-HSA-9702998	TAS	Reactome
REACTOME_PARTICIPATION:2322|R-HSA-9703009	2322	FLT3	ENSG00000122025	Reactome:R-HSA-9703009	R-HSA-9703009	TAS	Reactome
REACTOME_PARTICIPATION:2322|R-HSA-9703648	2322	FLT3	ENSG00000122025	Reactome:R-HSA-9703648	R-HSA-9703648	IEA	Reactome
REACTOME_PARTICIPATION:2322|R-HSA-9706369	2322	FLT3	ENSG00000122025	Reactome:R-HSA-9706369	R-HSA-9706369	TAS	Reactome
REACTOME_PARTICIPATION:2322|R-HSA-9706374	2322	FLT3	ENSG00000122025	Reactome:R-HSA-9706374	R-HSA-9706374	IEA	Reactome
REACTOME_PARTICIPATION:2322|R-HSA-9706377	2322	FLT3	ENSG00000122025	Reactome:R-HSA-9706377	R-HSA-9706377	TAS	Reactome
REACTOME_PARTICIPATION:23397|R-HSA-2514853	23397	NCAPH	ENSG00000121152	Reactome:R-HSA-2514853	R-HSA-2514853	IEA	Reactome
REACTOME_PARTICIPATION:23405|R-HSA-203927	23405	DICER1	ENSG00000100697	Reactome:R-HSA-203927	R-HSA-203927	TAS	Reactome
REACTOME_PARTICIPATION:23405|R-HSA-426486	23405	DICER1	ENSG00000100697	Reactome:R-HSA-426486	R-HSA-426486	TAS	Reactome
REACTOME_PARTICIPATION:23405|R-HSA-9708296	23405	DICER1	ENSG00000100697	Reactome:R-HSA-9708296	R-HSA-9708296	TAS	Reactome
REACTOME_PARTICIPATION:23405|R-HSA-9820841	23405	DICER1	ENSG00000100697	Reactome:R-HSA-9820841	R-HSA-9820841	IEA	Reactome
REACTOME_PARTICIPATION:23405|R-HSA-9824594	23405	DICER1	ENSG00000100697	Reactome:R-HSA-9824594	R-HSA-9824594	TAS	Reactome
REACTOME_PARTICIPATION:23411|R-HSA-3371453	23411	SIRT1	ENSG00000096717	Reactome:R-HSA-3371453	R-HSA-3371453	TAS	Reactome
REACTOME_PARTICIPATION:23411|R-HSA-427359	23411	SIRT1	ENSG00000096717	Reactome:R-HSA-427359	R-HSA-427359	IEA	Reactome
REACTOME_PARTICIPATION:23411|R-HSA-9617629	23411	SIRT1	ENSG00000096717	Reactome:R-HSA-9617629	R-HSA-9617629	TAS	Reactome
REACTOME_PARTICIPATION:23411|R-HSA-9707616	23411	SIRT1	ENSG00000096717	Reactome:R-HSA-9707616	R-HSA-9707616	IEA	Reactome
REACTOME_PARTICIPATION:23411|R-HSA-9764725	23411	SIRT1	ENSG00000096717	Reactome:R-HSA-9764725	R-HSA-9764725	TAS	Reactome
REACTOME_PARTICIPATION:23411|R-HSA-9841922	23411	SIRT1	ENSG00000096717	Reactome:R-HSA-9841922	R-HSA-9841922	TAS	Reactome
REACTOME_PARTICIPATION:23411|R-HSA-9854907	23411	SIRT1	ENSG00000096717	Reactome:R-HSA-9854907	R-HSA-9854907	TAS	Reactome
REACTOME_PARTICIPATION:23411|R-HSA-9856649	23411	SIRT1	ENSG00000096717	Reactome:R-HSA-9856649	R-HSA-9856649	TAS	Reactome
REACTOME_PARTICIPATION:23411|R-HSA-9931509	23411	SIRT1	ENSG00000096717	Reactome:R-HSA-9931509	R-HSA-9931509	IEA	Reactome
REACTOME_PARTICIPATION:23451|R-HSA-5250924	23451	SF3B1	ENSG00000115524	Reactome:R-HSA-5250924	R-HSA-5250924	TAS	Reactome
REACTOME_PARTICIPATION:23451|R-HSA-72163	23451	SF3B1	ENSG00000115524	Reactome:R-HSA-72163	R-HSA-72163	TAS	Reactome
REACTOME_PARTICIPATION:23451|R-HSA-72165	23451	SF3B1	ENSG00000115524	Reactome:R-HSA-72165	R-HSA-72165	TAS	Reactome
REACTOME_PARTICIPATION:23451|R-HSA-9770562	23451	SF3B1	ENSG00000115524	Reactome:R-HSA-9770562	R-HSA-9770562	TAS	Reactome
REACTOME_PARTICIPATION:23451|R-HSA-9918481	23451	SF3B1	ENSG00000115524	Reactome:R-HSA-9918481	R-HSA-9918481	TAS	Reactome
REACTOME_PARTICIPATION:23451|R-HSA-9943411	23451	SF3B1	ENSG00000115524	Reactome:R-HSA-9943411	R-HSA-9943411	TAS	Reactome
REACTOME_PARTICIPATION:2350|R-HSA-163125	2350	FOLR2	ENSG00000165457	Reactome:R-HSA-163125	R-HSA-163125	TAS	Reactome
REACTOME_PARTICIPATION:2350|R-HSA-196757	2350	FOLR2	ENSG00000165457	Reactome:R-HSA-196757	R-HSA-196757	TAS	Reactome
REACTOME_PARTICIPATION:2353|R-HSA-2559580	2353	FOS	ENSG00000170345	Reactome:R-HSA-2559580	R-HSA-2559580	TAS	Reactome
REACTOME_PARTICIPATION:2353|R-HSA-2559582	2353	FOS	ENSG00000170345	Reactome:R-HSA-2559582	R-HSA-2559582	TAS	Reactome
REACTOME_PARTICIPATION:2353|R-HSA-2871796	2353	FOS	ENSG00000170345	Reactome:R-HSA-2871796	R-HSA-2871796	TAS	Reactome
REACTOME_PARTICIPATION:2353|R-HSA-450341	2353	FOS	ENSG00000170345	Reactome:R-HSA-450341	R-HSA-450341	TAS	Reactome
REACTOME_PARTICIPATION:2353|R-HSA-6785807	2353	FOS	ENSG00000170345	Reactome:R-HSA-6785807	R-HSA-6785807	TAS	Reactome
REACTOME_PARTICIPATION:2353|R-HSA-6796648	2353	FOS	ENSG00000170345	Reactome:R-HSA-6796648	R-HSA-6796648	TAS	Reactome
REACTOME_PARTICIPATION:2353|R-HSA-9018519	2353	FOS	ENSG00000170345	Reactome:R-HSA-9018519	R-HSA-9018519	TAS	Reactome
REACTOME_PARTICIPATION:2353|R-HSA-9031628	2353	FOS	ENSG00000170345	Reactome:R-HSA-9031628	R-HSA-9031628	IEA	Reactome
REACTOME_PARTICIPATION:2353|R-HSA-9634638	2353	FOS	ENSG00000170345	Reactome:R-HSA-9634638	R-HSA-9634638	TAS	Reactome
REACTOME_PARTICIPATION:2353|R-HSA-9768919	2353	FOS	ENSG00000170345	Reactome:R-HSA-9768919	R-HSA-9768919	IEA	Reactome
REACTOME_PARTICIPATION:2353|R-HSA-9909649	2353	FOS	ENSG00000170345	Reactome:R-HSA-9909649	R-HSA-9909649	TAS	Reactome
REACTOME_PARTICIPATION:2353|R-HSA-9976102	2353	FOS	ENSG00000170345	Reactome:R-HSA-9976102	R-HSA-9976102	IEA	Reactome
REACTOME_PARTICIPATION:2354|R-HSA-9018519	2354	FOSB	ENSG00000125740	Reactome:R-HSA-9018519	R-HSA-9018519	TAS	Reactome
REACTOME_PARTICIPATION:2354|R-HSA-9031628	2354	FOSB	ENSG00000125740	Reactome:R-HSA-9031628	R-HSA-9031628	IEA	Reactome
REACTOME_PARTICIPATION:2354|R-HSA-9909649	2354	FOSB	ENSG00000125740	Reactome:R-HSA-9909649	R-HSA-9909649	TAS	Reactome
REACTOME_PARTICIPATION:24137|R-HSA-2132295	24137	KIF4A	ENSG00000090889	Reactome:R-HSA-2132295	R-HSA-2132295	TAS	Reactome
REACTOME_PARTICIPATION:24137|R-HSA-437239	24137	KIF4A	ENSG00000090889	Reactome:R-HSA-437239	R-HSA-437239	IEA	Reactome
REACTOME_PARTICIPATION:24137|R-HSA-6811434	24137	KIF4A	ENSG00000090889	Reactome:R-HSA-6811434	R-HSA-6811434	TAS	Reactome
REACTOME_PARTICIPATION:24137|R-HSA-983189	24137	KIF4A	ENSG00000090889	Reactome:R-HSA-983189	R-HSA-983189	TAS	Reactome
REACTOME_PARTICIPATION:2475|R-HSA-1257604	2475	MTOR	ENSG00000198793	Reactome:R-HSA-1257604	R-HSA-1257604	TAS	Reactome
REACTOME_PARTICIPATION:2475|R-HSA-1632852	2475	MTOR	ENSG00000198793	Reactome:R-HSA-1632852	R-HSA-1632852	TAS	Reactome
REACTOME_PARTICIPATION:2475|R-HSA-165159	2475	MTOR	ENSG00000198793	Reactome:R-HSA-165159	R-HSA-165159	TAS	Reactome
REACTOME_PARTICIPATION:2475|R-HSA-166208	2475	MTOR	ENSG00000198793	Reactome:R-HSA-166208	R-HSA-166208	TAS	Reactome
REACTOME_PARTICIPATION:2475|R-HSA-3371571	2475	MTOR	ENSG00000198793	Reactome:R-HSA-3371571	R-HSA-3371571	TAS	Reactome
REACTOME_PARTICIPATION:2475|R-HSA-380972	2475	MTOR	ENSG00000198793	Reactome:R-HSA-380972	R-HSA-380972	TAS	Reactome
REACTOME_PARTICIPATION:2475|R-HSA-389357	2475	MTOR	ENSG00000198793	Reactome:R-HSA-389357	R-HSA-389357	TAS	Reactome
REACTOME_PARTICIPATION:2475|R-HSA-5218920	2475	MTOR	ENSG00000198793	Reactome:R-HSA-5218920	R-HSA-5218920	TAS	Reactome
REACTOME_PARTICIPATION:2475|R-HSA-5628897	2475	MTOR	ENSG00000198793	Reactome:R-HSA-5628897	R-HSA-5628897	TAS	Reactome
REACTOME_PARTICIPATION:2475|R-HSA-5674400	2475	MTOR	ENSG00000198793	Reactome:R-HSA-5674400	R-HSA-5674400	TAS	Reactome
REACTOME_PARTICIPATION:2475|R-HSA-6804757	2475	MTOR	ENSG00000198793	Reactome:R-HSA-6804757	R-HSA-6804757	TAS	Reactome
REACTOME_PARTICIPATION:2475|R-HSA-8943724	2475	MTOR	ENSG00000198793	Reactome:R-HSA-8943724	R-HSA-8943724	TAS	Reactome
REACTOME_PARTICIPATION:2475|R-HSA-9639288	2475	MTOR	ENSG00000198793	Reactome:R-HSA-9639288	R-HSA-9639288	TAS	Reactome
REACTOME_PARTICIPATION:2475|R-HSA-9856530	2475	MTOR	ENSG00000198793	Reactome:R-HSA-9856530	R-HSA-9856530	TAS	Reactome
REACTOME_PARTICIPATION:2475|R-HSA-9920951	2475	MTOR	ENSG00000198793	Reactome:R-HSA-9920951	R-HSA-9920951	TAS	Reactome
REACTOME_PARTICIPATION:2494|R-HSA-210747	2494	NR5A2	ENSG00000116833	Reactome:R-HSA-210747	R-HSA-210747	IEA	Reactome
REACTOME_PARTICIPATION:2494|R-HSA-383280	2494	NR5A2	ENSG00000116833	Reactome:R-HSA-383280	R-HSA-383280	TAS	Reactome
REACTOME_PARTICIPATION:2494|R-HSA-4090294	2494	NR5A2	ENSG00000116833	Reactome:R-HSA-4090294	R-HSA-4090294	TAS	Reactome
REACTOME_PARTICIPATION:2494|R-HSA-9018519	2494	NR5A2	ENSG00000116833	Reactome:R-HSA-9018519	R-HSA-9018519	TAS	Reactome
REACTOME_PARTICIPATION:2494|R-HSA-9841922	2494	NR5A2	ENSG00000116833	Reactome:R-HSA-9841922	R-HSA-9841922	IEA	Reactome
REACTOME_PARTICIPATION:2538|R-HSA-3274531	2538	G6PC1	ENSG00000131482	Reactome:R-HSA-3274531	R-HSA-3274531	TAS	Reactome
REACTOME_PARTICIPATION:2538|R-HSA-70263	2538	G6PC1	ENSG00000131482	Reactome:R-HSA-70263	R-HSA-70263	TAS	Reactome
REACTOME_PARTICIPATION:2538|R-HSA-9615017	2538	G6PC1	ENSG00000131482	Reactome:R-HSA-9615017	R-HSA-9615017	IEA	Reactome
REACTOME_PARTICIPATION:2538|R-HSA-9940951	2538	G6PC1	ENSG00000131482	Reactome:R-HSA-9940951	R-HSA-9940951	TAS	Reactome
REACTOME_PARTICIPATION:25805|R-HSA-2173788	25805	BAMBI	ENSG00000095739	Reactome:R-HSA-2173788	R-HSA-2173788	TAS	Reactome
REACTOME_PARTICIPATION:25813|R-HSA-1268020	25813	SAMM50	ENSG00000100347	Reactome:R-HSA-1268020	R-HSA-1268020	IEA	Reactome
REACTOME_PARTICIPATION:25813|R-HSA-8949613	25813	SAMM50	ENSG00000100347	Reactome:R-HSA-8949613	R-HSA-8949613	IEA	Reactome
REACTOME_PARTICIPATION:25813|R-HSA-9013404	25813	SAMM50	ENSG00000100347	Reactome:R-HSA-9013404	R-HSA-9013404	TAS	Reactome
REACTOME_PARTICIPATION:25913|R-HSA-110328	25913	POT1	ENSG00000128513	Reactome:R-HSA-110328	R-HSA-110328	IEA	Reactome
REACTOME_PARTICIPATION:25913|R-HSA-110329	25913	POT1	ENSG00000128513	Reactome:R-HSA-110329	R-HSA-110329	IEA	Reactome
REACTOME_PARTICIPATION:25913|R-HSA-110330	25913	POT1	ENSG00000128513	Reactome:R-HSA-110330	R-HSA-110330	IEA	Reactome
REACTOME_PARTICIPATION:25913|R-HSA-110331	25913	POT1	ENSG00000128513	Reactome:R-HSA-110331	R-HSA-110331	IEA	Reactome
REACTOME_PARTICIPATION:25913|R-HSA-1221632	25913	POT1	ENSG00000128513	Reactome:R-HSA-1221632	R-HSA-1221632	IEA	Reactome
REACTOME_PARTICIPATION:25913|R-HSA-171306	25913	POT1	ENSG00000128513	Reactome:R-HSA-171306	R-HSA-171306	TAS	Reactome
REACTOME_PARTICIPATION:25913|R-HSA-171319	25913	POT1	ENSG00000128513	Reactome:R-HSA-171319	R-HSA-171319	TAS	Reactome
REACTOME_PARTICIPATION:25913|R-HSA-174411	25913	POT1	ENSG00000128513	Reactome:R-HSA-174411	R-HSA-174411	TAS	Reactome
REACTOME_PARTICIPATION:25913|R-HSA-174414	25913	POT1	ENSG00000128513	Reactome:R-HSA-174414	R-HSA-174414	TAS	Reactome
REACTOME_PARTICIPATION:25913|R-HSA-174417	25913	POT1	ENSG00000128513	Reactome:R-HSA-174417	R-HSA-174417	TAS	Reactome
REACTOME_PARTICIPATION:25913|R-HSA-174430	25913	POT1	ENSG00000128513	Reactome:R-HSA-174430	R-HSA-174430	TAS	Reactome
REACTOME_PARTICIPATION:25913|R-HSA-174437	25913	POT1	ENSG00000128513	Reactome:R-HSA-174437	R-HSA-174437	TAS	Reactome
REACTOME_PARTICIPATION:25913|R-HSA-2559586	25913	POT1	ENSG00000128513	Reactome:R-HSA-2559586	R-HSA-2559586	TAS	Reactome
REACTOME_PARTICIPATION:25913|R-HSA-9670095	25913	POT1	ENSG00000128513	Reactome:R-HSA-9670095	R-HSA-9670095	TAS	Reactome
REACTOME_PARTICIPATION:2597|R-HSA-70171	2597	GAPDH	ENSG00000111640	Reactome:R-HSA-70171	R-HSA-70171	TAS	Reactome
REACTOME_PARTICIPATION:2597|R-HSA-70263	2597	GAPDH	ENSG00000111640	Reactome:R-HSA-70263	R-HSA-70263	TAS	Reactome
REACTOME_PARTICIPATION:26266|R-HSA-433137	26266	SLC13A4	ENSG00000164707	Reactome:R-HSA-433137	R-HSA-433137	TAS	Reactome
REACTOME_PARTICIPATION:26291|R-HSA-189200	26291	FGF21	ENSG00000105550	Reactome:R-HSA-189200	R-HSA-189200	TAS	Reactome
REACTOME_PARTICIPATION:26291|R-HSA-8963889	26291	FGF21	ENSG00000105550	Reactome:R-HSA-8963889	R-HSA-8963889	IEA	Reactome
REACTOME_PARTICIPATION:2638|R-HSA-196791	2638	GC	ENSG00000145321	Reactome:R-HSA-196791	R-HSA-196791	TAS	Reactome
REACTOME_PARTICIPATION:2658|R-HSA-201451	2658	GDF2	ENSG00000263761	Reactome:R-HSA-201451	R-HSA-201451	TAS	Reactome
REACTOME_PARTICIPATION:2690|R-HSA-1170546	2690	GHR	ENSG00000112964	Reactome:R-HSA-1170546	R-HSA-1170546	TAS	Reactome
REACTOME_PARTICIPATION:2690|R-HSA-982772	2690	GHR	ENSG00000112964	Reactome:R-HSA-982772	R-HSA-982772	IEA	Reactome
REACTOME_PARTICIPATION:2705|R-HSA-190704	2705	GJB1	ENSG00000169562	Reactome:R-HSA-190704	R-HSA-190704	TAS	Reactome
REACTOME_PARTICIPATION:2705|R-HSA-190827	2705	GJB1	ENSG00000169562	Reactome:R-HSA-190827	R-HSA-190827	IEA	Reactome
REACTOME_PARTICIPATION:2705|R-HSA-190861	2705	GJB1	ENSG00000169562	Reactome:R-HSA-190861	R-HSA-190861	TAS	Reactome
REACTOME_PARTICIPATION:2705|R-HSA-9619665	2705	GJB1	ENSG00000169562	Reactome:R-HSA-9619665	R-HSA-9619665	TAS	Reactome
REACTOME_PARTICIPATION:27085|R-HSA-9766229	27085	MTBP	ENSG00000172167	Reactome:R-HSA-9766229	R-HSA-9766229	TAS	Reactome
REACTOME_PARTICIPATION:27087|R-HSA-1971475	27087	B3GAT1	ENSG00000109956	Reactome:R-HSA-1971475	R-HSA-1971475	TAS	Reactome
REACTOME_PARTICIPATION:27102|R-HSA-9648895	27102	EIF2AK1	ENSG00000086232	Reactome:R-HSA-9648895	R-HSA-9648895	IEA	Reactome
REACTOME_PARTICIPATION:27102|R-HSA-9840373	27102	EIF2AK1	ENSG00000086232	Reactome:R-HSA-9840373	R-HSA-9840373	TAS	Reactome
REACTOME_PARTICIPATION:2719|R-HSA-1971475	2719	GPC3	ENSG00000147257	Reactome:R-HSA-1971475	R-HSA-1971475	TAS	Reactome
REACTOME_PARTICIPATION:2719|R-HSA-2022928	2719	GPC3	ENSG00000147257	Reactome:R-HSA-2022928	R-HSA-2022928	IEA	Reactome
REACTOME_PARTICIPATION:2719|R-HSA-2024096	2719	GPC3	ENSG00000147257	Reactome:R-HSA-2024096	R-HSA-2024096	TAS	Reactome
REACTOME_PARTICIPATION:2719|R-HSA-3560783	2719	GPC3	ENSG00000147257	Reactome:R-HSA-3560783	R-HSA-3560783	TAS	Reactome
REACTOME_PARTICIPATION:2719|R-HSA-3560801	2719	GPC3	ENSG00000147257	Reactome:R-HSA-3560801	R-HSA-3560801	TAS	Reactome
REACTOME_PARTICIPATION:2719|R-HSA-3656237	2719	GPC3	ENSG00000147257	Reactome:R-HSA-3656237	R-HSA-3656237	TAS	Reactome
REACTOME_PARTICIPATION:2719|R-HSA-3656253	2719	GPC3	ENSG00000147257	Reactome:R-HSA-3656253	R-HSA-3656253	TAS	Reactome
REACTOME_PARTICIPATION:2719|R-HSA-381426	2719	GPC3	ENSG00000147257	Reactome:R-HSA-381426	R-HSA-381426	TAS	Reactome
REACTOME_PARTICIPATION:2719|R-HSA-4420332	2719	GPC3	ENSG00000147257	Reactome:R-HSA-4420332	R-HSA-4420332	TAS	Reactome
REACTOME_PARTICIPATION:2719|R-HSA-8957275	2719	GPC3	ENSG00000147257	Reactome:R-HSA-8957275	R-HSA-8957275	TAS	Reactome
REACTOME_PARTICIPATION:2719|R-HSA-9694614	2719	GPC3	ENSG00000147257	Reactome:R-HSA-9694614	R-HSA-9694614	IEA	Reactome
REACTOME_PARTICIPATION:2719|R-HSA-975634	2719	GPC3	ENSG00000147257	Reactome:R-HSA-975634	R-HSA-975634	TAS	Reactome
REACTOME_PARTICIPATION:2719|R-HSA-9769735	2719	GPC3	ENSG00000147257	Reactome:R-HSA-9769735	R-HSA-9769735	TAS	Reactome
REACTOME_PARTICIPATION:2719|R-HSA-9769739	2719	GPC3	ENSG00000147257	Reactome:R-HSA-9769739	R-HSA-9769739	TAS	Reactome
REACTOME_PARTICIPATION:2719|R-HSA-9820960	2719	GPC3	ENSG00000147257	Reactome:R-HSA-9820960	R-HSA-9820960	TAS	Reactome
REACTOME_PARTICIPATION:2719|R-HSA-9833110	2719	GPC3	ENSG00000147257	Reactome:R-HSA-9833110	R-HSA-9833110	TAS	Reactome
REACTOME_PARTICIPATION:2719|R-HSA-9918481	2719	GPC3	ENSG00000147257	Reactome:R-HSA-9918481	R-HSA-9918481	TAS	Reactome
REACTOME_PARTICIPATION:2719|R-HSA-9918485	2719	GPC3	ENSG00000147257	Reactome:R-HSA-9918485	R-HSA-9918485	TAS	Reactome
REACTOME_PARTICIPATION:27232|R-HSA-2408508	27232	GNMT	ENSG00000124713	Reactome:R-HSA-2408508	R-HSA-2408508	IEA	Reactome
REACTOME_PARTICIPATION:27232|R-HSA-389661	27232	GNMT	ENSG00000124713	Reactome:R-HSA-389661	R-HSA-389661	TAS	Reactome
REACTOME_PARTICIPATION:27232|R-HSA-9925561	27232	GNMT	ENSG00000124713	Reactome:R-HSA-9925561	R-HSA-9925561	TAS	Reactome
REACTOME_PARTICIPATION:2735|R-HSA-5610780	2735	GLI1	ENSG00000111087	Reactome:R-HSA-5610780	R-HSA-5610780	IEA	Reactome
REACTOME_PARTICIPATION:2735|R-HSA-5610787	2735	GLI1	ENSG00000111087	Reactome:R-HSA-5610787	R-HSA-5610787	TAS	Reactome
REACTOME_PARTICIPATION:2735|R-HSA-5632684	2735	GLI1	ENSG00000111087	Reactome:R-HSA-5632684	R-HSA-5632684	TAS	Reactome
REACTOME_PARTICIPATION:2735|R-HSA-5635851	2735	GLI1	ENSG00000111087	Reactome:R-HSA-5635851	R-HSA-5635851	TAS	Reactome
REACTOME_PARTICIPATION:2752|R-HSA-210455	2752	GLUL	ENSG00000135821	Reactome:R-HSA-210455	R-HSA-210455	TAS	Reactome
REACTOME_PARTICIPATION:2752|R-HSA-8964539	2752	GLUL	ENSG00000135821	Reactome:R-HSA-8964539	R-HSA-8964539	TAS	Reactome
REACTOME_PARTICIPATION:2775|R-HSA-4086398	2775	GNAO1	ENSG00000087258	Reactome:R-HSA-4086398	R-HSA-4086398	IEA	Reactome
REACTOME_PARTICIPATION:2781|R-HSA-418555	2781	GNAZ	ENSG00000128266	Reactome:R-HSA-418555	R-HSA-418555	IEA	Reactome
REACTOME_PARTICIPATION:2781|R-HSA-418594	2781	GNAZ	ENSG00000128266	Reactome:R-HSA-418594	R-HSA-418594	IEA	Reactome
REACTOME_PARTICIPATION:2781|R-HSA-418597	2781	GNAZ	ENSG00000128266	Reactome:R-HSA-418597	R-HSA-418597	IEA	Reactome
REACTOME_PARTICIPATION:2781|R-HSA-9634597	2781	GNAZ	ENSG00000128266	Reactome:R-HSA-9634597	R-HSA-9634597	IEA	Reactome
REACTOME_PARTICIPATION:2781|R-HSA-9660821	2781	GNAZ	ENSG00000128266	Reactome:R-HSA-9660821	R-HSA-9660821	IEA	Reactome
REACTOME_PARTICIPATION:2810|R-HSA-111447	2810	SFN	ENSG00000175793	Reactome:R-HSA-111447	R-HSA-111447	TAS	Reactome
REACTOME_PARTICIPATION:2810|R-HSA-1445148	2810	SFN	ENSG00000175793	Reactome:R-HSA-1445148	R-HSA-1445148	IEA	Reactome
REACTOME_PARTICIPATION:2810|R-HSA-5625740	2810	SFN	ENSG00000175793	Reactome:R-HSA-5625740	R-HSA-5625740	TAS	Reactome
REACTOME_PARTICIPATION:2810|R-HSA-5628897	2810	SFN	ENSG00000175793	Reactome:R-HSA-5628897	R-HSA-5628897	TAS	Reactome
REACTOME_PARTICIPATION:2810|R-HSA-6804114	2810	SFN	ENSG00000175793	Reactome:R-HSA-6804114	R-HSA-6804114	TAS	Reactome
REACTOME_PARTICIPATION:2810|R-HSA-75035	2810	SFN	ENSG00000175793	Reactome:R-HSA-75035	R-HSA-75035	TAS	Reactome
REACTOME_PARTICIPATION:2810|R-HSA-9614399	2810	SFN	ENSG00000175793	Reactome:R-HSA-9614399	R-HSA-9614399	TAS	Reactome
REACTOME_PARTICIPATION:2810|R-HSA-9735871	2810	SFN	ENSG00000175793	Reactome:R-HSA-9735871	R-HSA-9735871	TAS	Reactome
REACTOME_PARTICIPATION:2810|R-HSA-9755779	2810	SFN	ENSG00000175793	Reactome:R-HSA-9755779	R-HSA-9755779	TAS	Reactome
REACTOME_PARTICIPATION:2810|R-HSA-9968551	2810	SFN	ENSG00000175793	Reactome:R-HSA-9968551	R-HSA-9968551	TAS	Reactome
REACTOME_PARTICIPATION:282617|R-HSA-8854691	282617	IFNL3	ENSG00000197110	Reactome:R-HSA-8854691	R-HSA-8854691	TAS	Reactome
REACTOME_PARTICIPATION:282618|R-HSA-449836	282618	IFNL1	ENSG00000182393	Reactome:R-HSA-449836	R-HSA-449836	TAS	Reactome
REACTOME_PARTICIPATION:282618|R-HSA-8854691	282618	IFNL1	ENSG00000182393	Reactome:R-HSA-8854691	R-HSA-8854691	TAS	Reactome
REACTOME_PARTICIPATION:284217|R-HSA-3000157	284217	LAMA1	ENSG00000101680	Reactome:R-HSA-3000157	R-HSA-3000157	TAS	Reactome
REACTOME_PARTICIPATION:284217|R-HSA-3000171	284217	LAMA1	ENSG00000101680	Reactome:R-HSA-3000171	R-HSA-3000171	IEA	Reactome
REACTOME_PARTICIPATION:284217|R-HSA-3000178	284217	LAMA1	ENSG00000101680	Reactome:R-HSA-3000178	R-HSA-3000178	IEA	Reactome
REACTOME_PARTICIPATION:284217|R-HSA-373760	284217	LAMA1	ENSG00000101680	Reactome:R-HSA-373760	R-HSA-373760	IEA	Reactome
REACTOME_PARTICIPATION:284217|R-HSA-8874081	284217	LAMA1	ENSG00000101680	Reactome:R-HSA-8874081	R-HSA-8874081	TAS	Reactome
REACTOME_PARTICIPATION:284217|R-HSA-9638630	284217	LAMA1	ENSG00000101680	Reactome:R-HSA-9638630	R-HSA-9638630	TAS	Reactome
REACTOME_PARTICIPATION:284217|R-HSA-9913351	284217	LAMA1	ENSG00000101680	Reactome:R-HSA-9913351	R-HSA-9913351	TAS	Reactome
REACTOME_PARTICIPATION:284217|R-HSA-9925563	284217	LAMA1	ENSG00000101680	Reactome:R-HSA-9925563	R-HSA-9925563	TAS	Reactome
REACTOME_PARTICIPATION:2875|R-HSA-70268	2875	GPT	ENSG00000167701	Reactome:R-HSA-70268	R-HSA-70268	TAS	Reactome
REACTOME_PARTICIPATION:2875|R-HSA-8964540	2875	GPT	ENSG00000167701	Reactome:R-HSA-8964540	R-HSA-8964540	TAS	Reactome
REACTOME_PARTICIPATION:2876|R-HSA-2142688	2876	GPX1	ENSG00000233276	Reactome:R-HSA-2142688	R-HSA-2142688	IEA	Reactome
REACTOME_PARTICIPATION:2876|R-HSA-2142712	2876	GPX1	ENSG00000233276	Reactome:R-HSA-2142712	R-HSA-2142712	TAS	Reactome
REACTOME_PARTICIPATION:2876|R-HSA-2142770	2876	GPX1	ENSG00000233276	Reactome:R-HSA-2142770	R-HSA-2142770	TAS	Reactome
REACTOME_PARTICIPATION:2876|R-HSA-3299685	2876	GPX1	ENSG00000233276	Reactome:R-HSA-3299685	R-HSA-3299685	TAS	Reactome
REACTOME_PARTICIPATION:2878|R-HSA-3299685	2878	GPX3	ENSG00000211445	Reactome:R-HSA-3299685	R-HSA-3299685	TAS	Reactome
REACTOME_PARTICIPATION:28982|R-HSA-189451	28982	FLVCR1	ENSG00000162769	Reactome:R-HSA-189451	R-HSA-189451	TAS	Reactome
REACTOME_PARTICIPATION:28982|R-HSA-917937	28982	FLVCR1	ENSG00000162769	Reactome:R-HSA-917937	R-HSA-917937	TAS	Reactome
REACTOME_PARTICIPATION:29089|R-HSA-6783310	29089	UBE2T	ENSG00000077152	Reactome:R-HSA-6783310	R-HSA-6783310	TAS	Reactome
REACTOME_PARTICIPATION:29089|R-HSA-8866652	29089	UBE2T	ENSG00000077152	Reactome:R-HSA-8866652	R-HSA-8866652	TAS	Reactome
REACTOME_PARTICIPATION:29108|R-HSA-5660668	29108	PYCARD	ENSG00000103490	Reactome:R-HSA-5660668	R-HSA-5660668	TAS	Reactome
REACTOME_PARTICIPATION:29108|R-HSA-6798695	29108	PYCARD	ENSG00000103490	Reactome:R-HSA-6798695	R-HSA-6798695	TAS	Reactome
REACTOME_PARTICIPATION:29108|R-HSA-844456	29108	PYCARD	ENSG00000103490	Reactome:R-HSA-844456	R-HSA-844456	TAS	Reactome
REACTOME_PARTICIPATION:29108|R-HSA-844615	29108	PYCARD	ENSG00000103490	Reactome:R-HSA-844615	R-HSA-844615	IEA	Reactome
REACTOME_PARTICIPATION:29108|R-HSA-9660826	29108	PYCARD	ENSG00000103490	Reactome:R-HSA-9660826	R-HSA-9660826	TAS	Reactome
REACTOME_PARTICIPATION:29108|R-HSA-9692916	29108	PYCARD	ENSG00000103490	Reactome:R-HSA-9692916	R-HSA-9692916	TAS	Reactome
REACTOME_PARTICIPATION:29126|R-HSA-389948	29126	CD274	ENSG00000120217	Reactome:R-HSA-389948	R-HSA-389948	TAS	Reactome
REACTOME_PARTICIPATION:29126|R-HSA-9701898	29126	CD274	ENSG00000120217	Reactome:R-HSA-9701898	R-HSA-9701898	TAS	Reactome
REACTOME_PARTICIPATION:29126|R-HSA-9909620	29126	CD274	ENSG00000120217	Reactome:R-HSA-9909620	R-HSA-9909620	TAS	Reactome
REACTOME_PARTICIPATION:29126|R-HSA-9909649	29126	CD274	ENSG00000120217	Reactome:R-HSA-9909649	R-HSA-9909649	TAS	Reactome
REACTOME_PARTICIPATION:29126|R-HSA-9929356	29126	CD274	ENSG00000120217	Reactome:R-HSA-9929356	R-HSA-9929356	TAS	Reactome
REACTOME_PARTICIPATION:29126|R-HSA-9929491	29126	CD274	ENSG00000120217	Reactome:R-HSA-9929491	R-HSA-9929491	TAS	Reactome
REACTOME_PARTICIPATION:29126|R-HSA-9931269	29126	CD274	ENSG00000120217	Reactome:R-HSA-9931269	R-HSA-9931269	TAS	Reactome
REACTOME_PARTICIPATION:29126|R-HSA-9931295	29126	CD274	ENSG00000120217	Reactome:R-HSA-9931295	R-HSA-9931295	TAS	Reactome
REACTOME_PARTICIPATION:29127|R-HSA-2132295	29127	RACGAP1	ENSG00000161800	Reactome:R-HSA-2132295	R-HSA-2132295	TAS	Reactome
REACTOME_PARTICIPATION:29127|R-HSA-6811434	29127	RACGAP1	ENSG00000161800	Reactome:R-HSA-6811434	R-HSA-6811434	TAS	Reactome
REACTOME_PARTICIPATION:29127|R-HSA-8980692	29127	RACGAP1	ENSG00000161800	Reactome:R-HSA-8980692	R-HSA-8980692	TAS	Reactome
REACTOME_PARTICIPATION:29127|R-HSA-9013026	29127	RACGAP1	ENSG00000161800	Reactome:R-HSA-9013026	R-HSA-9013026	TAS	Reactome
REACTOME_PARTICIPATION:29127|R-HSA-9013106	29127	RACGAP1	ENSG00000161800	Reactome:R-HSA-9013106	R-HSA-9013106	TAS	Reactome
REACTOME_PARTICIPATION:29127|R-HSA-9013148	29127	RACGAP1	ENSG00000161800	Reactome:R-HSA-9013148	R-HSA-9013148	TAS	Reactome
REACTOME_PARTICIPATION:29127|R-HSA-9013149	29127	RACGAP1	ENSG00000161800	Reactome:R-HSA-9013149	R-HSA-9013149	TAS	Reactome
REACTOME_PARTICIPATION:29127|R-HSA-9013404	29127	RACGAP1	ENSG00000161800	Reactome:R-HSA-9013404	R-HSA-9013404	TAS	Reactome
REACTOME_PARTICIPATION:29127|R-HSA-9013405	29127	RACGAP1	ENSG00000161800	Reactome:R-HSA-9013405	R-HSA-9013405	TAS	Reactome
REACTOME_PARTICIPATION:29127|R-HSA-9013423	29127	RACGAP1	ENSG00000161800	Reactome:R-HSA-9013423	R-HSA-9013423	TAS	Reactome
REACTOME_PARTICIPATION:29127|R-HSA-983189	29127	RACGAP1	ENSG00000161800	Reactome:R-HSA-983189	R-HSA-983189	TAS	Reactome
REACTOME_PARTICIPATION:29128|R-HSA-5334118	29128	UHRF1	ENSG00000276043	Reactome:R-HSA-5334118	R-HSA-5334118	IEA	Reactome
REACTOME_PARTICIPATION:29128|R-HSA-9821002	29128	UHRF1	ENSG00000276043	Reactome:R-HSA-9821002	R-HSA-9821002	IEA	Reactome
REACTOME_PARTICIPATION:2923|R-HSA-1236974	2923	PDIA3	ENSG00000167004	Reactome:R-HSA-1236974	R-HSA-1236974	TAS	Reactome
REACTOME_PARTICIPATION:2923|R-HSA-901042	2923	PDIA3	ENSG00000167004	Reactome:R-HSA-901042	R-HSA-901042	TAS	Reactome
REACTOME_PARTICIPATION:2923|R-HSA-983170	2923	PDIA3	ENSG00000167004	Reactome:R-HSA-983170	R-HSA-983170	IEA	Reactome
REACTOME_PARTICIPATION:2923|R-HSA-9918432	2923	PDIA3	ENSG00000167004	Reactome:R-HSA-9918432	R-HSA-9918432	TAS	Reactome
REACTOME_PARTICIPATION:2938|R-HSA-156590	2938	GSTA1	ENSG00000243955	Reactome:R-HSA-156590	R-HSA-156590	TAS	Reactome
REACTOME_PARTICIPATION:2938|R-HSA-189483	2938	GSTA1	ENSG00000243955	Reactome:R-HSA-189483	R-HSA-189483	TAS	Reactome
REACTOME_PARTICIPATION:2938|R-HSA-9748787	2938	GSTA1	ENSG00000243955	Reactome:R-HSA-9748787	R-HSA-9748787	TAS	Reactome
REACTOME_PARTICIPATION:2938|R-HSA-9818027	2938	GSTA1	ENSG00000243955	Reactome:R-HSA-9818027	R-HSA-9818027	TAS	Reactome
REACTOME_PARTICIPATION:2944|R-HSA-156590	2944	GSTM1	ENSG00000134184	Reactome:R-HSA-156590	R-HSA-156590	TAS	Reactome
REACTOME_PARTICIPATION:2944|R-HSA-9748787	2944	GSTM1	ENSG00000134184	Reactome:R-HSA-9748787	R-HSA-9748787	TAS	Reactome
REACTOME_PARTICIPATION:2944|R-HSA-9753281	2944	GSTM1	ENSG00000134184	Reactome:R-HSA-9753281	R-HSA-9753281	TAS	Reactome
REACTOME_PARTICIPATION:2950|R-HSA-156590	2950	GSTP1	ENSG00000084207	Reactome:R-HSA-156590	R-HSA-156590	TAS	Reactome
REACTOME_PARTICIPATION:2950|R-HSA-3299685	2950	GSTP1	ENSG00000084207	Reactome:R-HSA-3299685	R-HSA-3299685	TAS	Reactome
REACTOME_PARTICIPATION:2950|R-HSA-6798695	2950	GSTP1	ENSG00000084207	Reactome:R-HSA-6798695	R-HSA-6798695	TAS	Reactome
REACTOME_PARTICIPATION:2950|R-HSA-9753281	2950	GSTP1	ENSG00000084207	Reactome:R-HSA-9753281	R-HSA-9753281	TAS	Reactome
REACTOME_PARTICIPATION:29923|R-HSA-8964572	29923	HILPDA	ENSG00000135245	Reactome:R-HSA-8964572	R-HSA-8964572	TAS	Reactome
REACTOME_PARTICIPATION:2998|R-HSA-3322077	2998	GYS2	ENSG00000111713	Reactome:R-HSA-3322077	R-HSA-3322077	TAS	Reactome
REACTOME_PARTICIPATION:2998|R-HSA-3858516	2998	GYS2	ENSG00000111713	Reactome:R-HSA-3858516	R-HSA-3858516	TAS	Reactome
REACTOME_PARTICIPATION:2998|R-HSA-3878781	2998	GYS2	ENSG00000111713	Reactome:R-HSA-3878781	R-HSA-3878781	TAS	Reactome
REACTOME_PARTICIPATION:2|R-HSA-114608	2	A2M	ENSG00000175899	Reactome:R-HSA-114608	R-HSA-114608	TAS	Reactome
REACTOME_PARTICIPATION:2|R-HSA-1474228	2	A2M	ENSG00000175899	Reactome:R-HSA-1474228	R-HSA-1474228	TAS	Reactome
REACTOME_PARTICIPATION:2|R-HSA-8963896	2	A2M	ENSG00000175899	Reactome:R-HSA-8963896	R-HSA-8963896	TAS	Reactome
REACTOME_PARTICIPATION:2|R-HSA-9855719	2	A2M	ENSG00000175899	Reactome:R-HSA-9855719	R-HSA-9855719	TAS	Reactome
REACTOME_PARTICIPATION:3066|R-HSA-193670	3066	HDAC2	ENSG00000196591	Reactome:R-HSA-193670	R-HSA-193670	IEA	Reactome
REACTOME_PARTICIPATION:3066|R-HSA-2122947	3066	HDAC2	ENSG00000196591	Reactome:R-HSA-2122947	R-HSA-2122947	IEA	Reactome
REACTOME_PARTICIPATION:3066|R-HSA-2644606	3066	HDAC2	ENSG00000196591	Reactome:R-HSA-2644606	R-HSA-2644606	TAS	Reactome
REACTOME_PARTICIPATION:3066|R-HSA-2894862	3066	HDAC2	ENSG00000196591	Reactome:R-HSA-2894862	R-HSA-2894862	TAS	Reactome
REACTOME_PARTICIPATION:3066|R-HSA-3214815	3066	HDAC2	ENSG00000196591	Reactome:R-HSA-3214815	R-HSA-3214815	TAS	Reactome
REACTOME_PARTICIPATION:3066|R-HSA-350054	3066	HDAC2	ENSG00000196591	Reactome:R-HSA-350054	R-HSA-350054	TAS	Reactome
REACTOME_PARTICIPATION:3066|R-HSA-427389	3066	HDAC2	ENSG00000196591	Reactome:R-HSA-427389	R-HSA-427389	IEA	Reactome
REACTOME_PARTICIPATION:3066|R-HSA-427413	3066	HDAC2	ENSG00000196591	Reactome:R-HSA-427413	R-HSA-427413	IEA	Reactome
REACTOME_PARTICIPATION:3066|R-HSA-4551638	3066	HDAC2	ENSG00000196591	Reactome:R-HSA-4551638	R-HSA-4551638	TAS	Reactome
REACTOME_PARTICIPATION:3066|R-HSA-6804758	3066	HDAC2	ENSG00000196591	Reactome:R-HSA-6804758	R-HSA-6804758	TAS	Reactome
REACTOME_PARTICIPATION:3066|R-HSA-73762	3066	HDAC2	ENSG00000196591	Reactome:R-HSA-73762	R-HSA-73762	TAS	Reactome
REACTOME_PARTICIPATION:3066|R-HSA-8943724	3066	HDAC2	ENSG00000196591	Reactome:R-HSA-8943724	R-HSA-8943724	TAS	Reactome
REACTOME_PARTICIPATION:3066|R-HSA-9022692	3066	HDAC2	ENSG00000196591	Reactome:R-HSA-9022692	R-HSA-9022692	TAS	Reactome
REACTOME_PARTICIPATION:3066|R-HSA-9022699	3066	HDAC2	ENSG00000196591	Reactome:R-HSA-9022699	R-HSA-9022699	IEA	Reactome
REACTOME_PARTICIPATION:3066|R-HSA-9615017	3066	HDAC2	ENSG00000196591	Reactome:R-HSA-9615017	R-HSA-9615017	IEA	Reactome
REACTOME_PARTICIPATION:3066|R-HSA-9619665	3066	HDAC2	ENSG00000196591	Reactome:R-HSA-9619665	R-HSA-9619665	TAS	Reactome
REACTOME_PARTICIPATION:3066|R-HSA-9679191	3066	HDAC2	ENSG00000196591	Reactome:R-HSA-9679191	R-HSA-9679191	TAS	Reactome
REACTOME_PARTICIPATION:3066|R-HSA-9701898	3066	HDAC2	ENSG00000196591	Reactome:R-HSA-9701898	R-HSA-9701898	TAS	Reactome
REACTOME_PARTICIPATION:3066|R-HSA-9764725	3066	HDAC2	ENSG00000196591	Reactome:R-HSA-9764725	R-HSA-9764725	TAS	Reactome
REACTOME_PARTICIPATION:3066|R-HSA-983231	3066	HDAC2	ENSG00000196591	Reactome:R-HSA-983231	R-HSA-983231	TAS	Reactome
REACTOME_PARTICIPATION:3066|R-HSA-9843940	3066	HDAC2	ENSG00000196591	Reactome:R-HSA-9843940	R-HSA-9843940	IEA	Reactome
REACTOME_PARTICIPATION:3066|R-HSA-9844594	3066	HDAC2	ENSG00000196591	Reactome:R-HSA-9844594	R-HSA-9844594	IEA	Reactome
REACTOME_PARTICIPATION:3066|R-HSA-9845323	3066	HDAC2	ENSG00000196591	Reactome:R-HSA-9845323	R-HSA-9845323	IEA	Reactome
REACTOME_PARTICIPATION:3066|R-HSA-9937850	3066	HDAC2	ENSG00000196591	Reactome:R-HSA-9937850	R-HSA-9937850	TAS	Reactome
REACTOME_PARTICIPATION:3066|R-HSA-9940951	3066	HDAC2	ENSG00000196591	Reactome:R-HSA-9940951	R-HSA-9940951	TAS	Reactome
REACTOME_PARTICIPATION:3066|R-HSA-9976102	3066	HDAC2	ENSG00000196591	Reactome:R-HSA-9976102	R-HSA-9976102	IEA	Reactome
REACTOME_PARTICIPATION:3077|R-HSA-917977	3077	HFE	ENSG00000010704	Reactome:R-HSA-917977	R-HSA-917977	TAS	Reactome
REACTOME_PARTICIPATION:3082|R-HSA-114608	3082	HGF	ENSG00000019991	Reactome:R-HSA-114608	R-HSA-114608	TAS	Reactome
REACTOME_PARTICIPATION:3082|R-HSA-1257604	3082	HGF	ENSG00000019991	Reactome:R-HSA-1257604	R-HSA-1257604	TAS	Reactome
REACTOME_PARTICIPATION:3082|R-HSA-1266695	3082	HGF	ENSG00000019991	Reactome:R-HSA-1266695	R-HSA-1266695	IEA	Reactome
REACTOME_PARTICIPATION:3082|R-HSA-2219530	3082	HGF	ENSG00000019991	Reactome:R-HSA-2219530	R-HSA-2219530	TAS	Reactome
REACTOME_PARTICIPATION:3082|R-HSA-5673001	3082	HGF	ENSG00000019991	Reactome:R-HSA-5673001	R-HSA-5673001	TAS	Reactome
REACTOME_PARTICIPATION:3082|R-HSA-6785807	3082	HGF	ENSG00000019991	Reactome:R-HSA-6785807	R-HSA-6785807	TAS	Reactome
REACTOME_PARTICIPATION:3082|R-HSA-6806942	3082	HGF	ENSG00000019991	Reactome:R-HSA-6806942	R-HSA-6806942	TAS	Reactome
REACTOME_PARTICIPATION:3082|R-HSA-6807004	3082	HGF	ENSG00000019991	Reactome:R-HSA-6807004	R-HSA-6807004	TAS	Reactome
REACTOME_PARTICIPATION:3082|R-HSA-6811558	3082	HGF	ENSG00000019991	Reactome:R-HSA-6811558	R-HSA-6811558	TAS	Reactome
REACTOME_PARTICIPATION:3082|R-HSA-8851805	3082	HGF	ENSG00000019991	Reactome:R-HSA-8851805	R-HSA-8851805	TAS	Reactome
REACTOME_PARTICIPATION:3082|R-HSA-8851907	3082	HGF	ENSG00000019991	Reactome:R-HSA-8851907	R-HSA-8851907	TAS	Reactome
REACTOME_PARTICIPATION:3082|R-HSA-8865999	3082	HGF	ENSG00000019991	Reactome:R-HSA-8865999	R-HSA-8865999	TAS	Reactome
REACTOME_PARTICIPATION:3082|R-HSA-8874081	3082	HGF	ENSG00000019991	Reactome:R-HSA-8874081	R-HSA-8874081	TAS	Reactome
REACTOME_PARTICIPATION:3082|R-HSA-8875513	3082	HGF	ENSG00000019991	Reactome:R-HSA-8875513	R-HSA-8875513	TAS	Reactome
REACTOME_PARTICIPATION:3082|R-HSA-8875555	3082	HGF	ENSG00000019991	Reactome:R-HSA-8875555	R-HSA-8875555	TAS	Reactome
REACTOME_PARTICIPATION:3082|R-HSA-8875656	3082	HGF	ENSG00000019991	Reactome:R-HSA-8875656	R-HSA-8875656	TAS	Reactome
REACTOME_PARTICIPATION:3082|R-HSA-8875791	3082	HGF	ENSG00000019991	Reactome:R-HSA-8875791	R-HSA-8875791	TAS	Reactome
REACTOME_PARTICIPATION:3082|R-HSA-9734091	3082	HGF	ENSG00000019991	Reactome:R-HSA-9734091	R-HSA-9734091	TAS	Reactome
REACTOME_PARTICIPATION:3083|R-HSA-6806942	3083	HGFAC	ENSG00000109758	Reactome:R-HSA-6806942	R-HSA-6806942	TAS	Reactome
REACTOME_PARTICIPATION:30845|R-HSA-983231	30845	EHD3	ENSG00000013016	Reactome:R-HSA-983231	R-HSA-983231	TAS	Reactome
REACTOME_PARTICIPATION:3091|R-HSA-1234158	3091	HIF1A	ENSG00000100644	Reactome:R-HSA-1234158	R-HSA-1234158	TAS	Reactome
REACTOME_PARTICIPATION:3091|R-HSA-1234174	3091	HIF1A	ENSG00000100644	Reactome:R-HSA-1234174	R-HSA-1234174	TAS	Reactome
REACTOME_PARTICIPATION:3091|R-HSA-1234176	3091	HIF1A	ENSG00000100644	Reactome:R-HSA-1234176	R-HSA-1234176	TAS	Reactome
REACTOME_PARTICIPATION:3091|R-HSA-2122947	3091	HIF1A	ENSG00000100644	Reactome:R-HSA-2122947	R-HSA-2122947	IEA	Reactome
REACTOME_PARTICIPATION:3091|R-HSA-5689880	3091	HIF1A	ENSG00000100644	Reactome:R-HSA-5689880	R-HSA-5689880	TAS	Reactome
REACTOME_PARTICIPATION:3091|R-HSA-6785807	3091	HIF1A	ENSG00000100644	Reactome:R-HSA-6785807	R-HSA-6785807	TAS	Reactome
REACTOME_PARTICIPATION:3091|R-HSA-8849473	3091	HIF1A	ENSG00000100644	Reactome:R-HSA-8849473	R-HSA-8849473	TAS	Reactome
REACTOME_PARTICIPATION:3091|R-HSA-8857538	3091	HIF1A	ENSG00000100644	Reactome:R-HSA-8857538	R-HSA-8857538	TAS	Reactome
REACTOME_PARTICIPATION:3091|R-HSA-8951664	3091	HIF1A	ENSG00000100644	Reactome:R-HSA-8951664	R-HSA-8951664	TAS	Reactome
REACTOME_PARTICIPATION:3091|R-HSA-9701898	3091	HIF1A	ENSG00000100644	Reactome:R-HSA-9701898	R-HSA-9701898	TAS	Reactome
REACTOME_PARTICIPATION:3091|R-HSA-9909649	3091	HIF1A	ENSG00000100644	Reactome:R-HSA-9909649	R-HSA-9909649	TAS	Reactome
REACTOME_PARTICIPATION:3113|R-HSA-202424	3113	HLA-DPA1	ENSG00000231389	Reactome:R-HSA-202424	R-HSA-202424	TAS	Reactome
REACTOME_PARTICIPATION:3113|R-HSA-202427	3113	HLA-DPA1	ENSG00000231389	Reactome:R-HSA-202427	R-HSA-202427	TAS	Reactome
REACTOME_PARTICIPATION:3113|R-HSA-202430	3113	HLA-DPA1	ENSG00000231389	Reactome:R-HSA-202430	R-HSA-202430	TAS	Reactome
REACTOME_PARTICIPATION:3113|R-HSA-202433	3113	HLA-DPA1	ENSG00000231389	Reactome:R-HSA-202433	R-HSA-202433	TAS	Reactome
REACTOME_PARTICIPATION:3113|R-HSA-2132295	3113	HLA-DPA1	ENSG00000231389	Reactome:R-HSA-2132295	R-HSA-2132295	TAS	Reactome
REACTOME_PARTICIPATION:3113|R-HSA-389948	3113	HLA-DPA1	ENSG00000231389	Reactome:R-HSA-389948	R-HSA-389948	TAS	Reactome
REACTOME_PARTICIPATION:3113|R-HSA-877300	3113	HLA-DPA1	ENSG00000231389	Reactome:R-HSA-877300	R-HSA-877300	TAS	Reactome
REACTOME_PARTICIPATION:3117|R-HSA-202424	3117	HLA-DQA1	ENSG00000196735	Reactome:R-HSA-202424	R-HSA-202424	TAS	Reactome
REACTOME_PARTICIPATION:3117|R-HSA-202427	3117	HLA-DQA1	ENSG00000196735	Reactome:R-HSA-202427	R-HSA-202427	TAS	Reactome
REACTOME_PARTICIPATION:3117|R-HSA-202430	3117	HLA-DQA1	ENSG00000196735	Reactome:R-HSA-202430	R-HSA-202430	TAS	Reactome
REACTOME_PARTICIPATION:3117|R-HSA-202433	3117	HLA-DQA1	ENSG00000196735	Reactome:R-HSA-202433	R-HSA-202433	TAS	Reactome
REACTOME_PARTICIPATION:3117|R-HSA-2132295	3117	HLA-DQA1	ENSG00000196735	Reactome:R-HSA-2132295	R-HSA-2132295	TAS	Reactome
REACTOME_PARTICIPATION:3117|R-HSA-389948	3117	HLA-DQA1	ENSG00000196735	Reactome:R-HSA-389948	R-HSA-389948	TAS	Reactome
REACTOME_PARTICIPATION:3117|R-HSA-877300	3117	HLA-DQA1	ENSG00000196735	Reactome:R-HSA-877300	R-HSA-877300	TAS	Reactome
REACTOME_PARTICIPATION:3119|R-HSA-877300	3119	HLA-DQB1	ENSG00000179344	Reactome:R-HSA-877300	R-HSA-877300	TAS	Reactome
REACTOME_PARTICIPATION:3123|R-HSA-202424	3123	HLA-DRB1	ENSG00000196126	Reactome:R-HSA-202424	R-HSA-202424	TAS	Reactome
REACTOME_PARTICIPATION:3123|R-HSA-202427	3123	HLA-DRB1	ENSG00000196126	Reactome:R-HSA-202427	R-HSA-202427	TAS	Reactome
REACTOME_PARTICIPATION:3123|R-HSA-202430	3123	HLA-DRB1	ENSG00000196126	Reactome:R-HSA-202430	R-HSA-202430	TAS	Reactome
REACTOME_PARTICIPATION:3123|R-HSA-202433	3123	HLA-DRB1	ENSG00000196126	Reactome:R-HSA-202433	R-HSA-202433	TAS	Reactome
REACTOME_PARTICIPATION:3123|R-HSA-2132295	3123	HLA-DRB1	ENSG00000196126	Reactome:R-HSA-2132295	R-HSA-2132295	TAS	Reactome
REACTOME_PARTICIPATION:3123|R-HSA-389948	3123	HLA-DRB1	ENSG00000196126	Reactome:R-HSA-389948	R-HSA-389948	TAS	Reactome
REACTOME_PARTICIPATION:3123|R-HSA-877300	3123	HLA-DRB1	ENSG00000196126	Reactome:R-HSA-877300	R-HSA-877300	TAS	Reactome
REACTOME_PARTICIPATION:3148|R-HSA-140342	3148	HMGB2	ENSG00000164104	Reactome:R-HSA-140342	R-HSA-140342	TAS	Reactome
REACTOME_PARTICIPATION:3156|R-HSA-1989781	3156	HMGCR	ENSG00000113161	Reactome:R-HSA-1989781	R-HSA-1989781	TAS	Reactome
REACTOME_PARTICIPATION:3156|R-HSA-2426168	3156	HMGCR	ENSG00000113161	Reactome:R-HSA-2426168	R-HSA-2426168	TAS	Reactome
REACTOME_PARTICIPATION:3156|R-HSA-9619665	3156	HMGCR	ENSG00000113161	Reactome:R-HSA-9619665	R-HSA-9619665	TAS	Reactome
REACTOME_PARTICIPATION:3156|R-HSA-9969896	3156	HMGCR	ENSG00000113161	Reactome:R-HSA-9969896	R-HSA-9969896	TAS	Reactome
REACTOME_PARTICIPATION:3161|R-HSA-2142845	3161	HMMR	ENSG00000072571	Reactome:R-HSA-2142845	R-HSA-2142845	TAS	Reactome
REACTOME_PARTICIPATION:3161|R-HSA-2160916	3161	HMMR	ENSG00000072571	Reactome:R-HSA-2160916	R-HSA-2160916	TAS	Reactome
REACTOME_PARTICIPATION:3161|R-HSA-8854518	3161	HMMR	ENSG00000072571	Reactome:R-HSA-8854518	R-HSA-8854518	TAS	Reactome
REACTOME_PARTICIPATION:3169|R-HSA-9018519	3169	FOXA1	ENSG00000129514	Reactome:R-HSA-9018519	R-HSA-9018519	TAS	Reactome
REACTOME_PARTICIPATION:3169|R-HSA-9796292	3169	FOXA1	ENSG00000129514	Reactome:R-HSA-9796292	R-HSA-9796292	IEA	Reactome
REACTOME_PARTICIPATION:3191|R-HSA-72163	3191	HNRNPL	ENSG00000104824	Reactome:R-HSA-72163	R-HSA-72163	TAS	Reactome
REACTOME_PARTICIPATION:3191|R-HSA-72203	3191	HNRNPL	ENSG00000104824	Reactome:R-HSA-72203	R-HSA-72203	TAS	Reactome
REACTOME_PARTICIPATION:3191|R-HSA-9770562	3191	HNRNPL	ENSG00000104824	Reactome:R-HSA-9770562	R-HSA-9770562	TAS	Reactome
REACTOME_PARTICIPATION:3191|R-HSA-9918481	3191	HNRNPL	ENSG00000104824	Reactome:R-HSA-9918481	R-HSA-9918481	TAS	Reactome
REACTOME_PARTICIPATION:319|R-HSA-8964041	319	APOF	ENSG00000175336	Reactome:R-HSA-8964041	R-HSA-8964041	TAS	Reactome
REACTOME_PARTICIPATION:31|R-HSA-163765	31	ACACA	ENSG00000278540	Reactome:R-HSA-163765	R-HSA-163765	TAS	Reactome
REACTOME_PARTICIPATION:31|R-HSA-196780	31	ACACA	ENSG00000278540	Reactome:R-HSA-196780	R-HSA-196780	TAS	Reactome
REACTOME_PARTICIPATION:31|R-HSA-200425	31	ACACA	ENSG00000278540	Reactome:R-HSA-200425	R-HSA-200425	TAS	Reactome
REACTOME_PARTICIPATION:31|R-HSA-2426168	31	ACACA	ENSG00000278540	Reactome:R-HSA-2426168	R-HSA-2426168	TAS	Reactome
REACTOME_PARTICIPATION:31|R-HSA-3371599	31	ACACA	ENSG00000278540	Reactome:R-HSA-3371599	R-HSA-3371599	TAS	Reactome
REACTOME_PARTICIPATION:31|R-HSA-75105	31	ACACA	ENSG00000278540	Reactome:R-HSA-75105	R-HSA-75105	TAS	Reactome
REACTOME_PARTICIPATION:324|R-HSA-111465	324	APC	ENSG00000134982	Reactome:R-HSA-111465	R-HSA-111465	TAS	Reactome
REACTOME_PARTICIPATION:324|R-HSA-195253	324	APC	ENSG00000134982	Reactome:R-HSA-195253	R-HSA-195253	TAS	Reactome
REACTOME_PARTICIPATION:324|R-HSA-196299	324	APC	ENSG00000134982	Reactome:R-HSA-196299	R-HSA-196299	TAS	Reactome
REACTOME_PARTICIPATION:324|R-HSA-3769402	324	APC	ENSG00000134982	Reactome:R-HSA-3769402	R-HSA-3769402	TAS	Reactome
REACTOME_PARTICIPATION:324|R-HSA-4641262	324	APC	ENSG00000134982	Reactome:R-HSA-4641262	R-HSA-4641262	TAS	Reactome
REACTOME_PARTICIPATION:324|R-HSA-5339716	324	APC	ENSG00000134982	Reactome:R-HSA-5339716	R-HSA-5339716	TAS	Reactome
REACTOME_PARTICIPATION:324|R-HSA-5358747	324	APC	ENSG00000134982	Reactome:R-HSA-5358747	R-HSA-5358747	TAS	Reactome
REACTOME_PARTICIPATION:324|R-HSA-5358749	324	APC	ENSG00000134982	Reactome:R-HSA-5358749	R-HSA-5358749	TAS	Reactome
REACTOME_PARTICIPATION:324|R-HSA-5358751	324	APC	ENSG00000134982	Reactome:R-HSA-5358751	R-HSA-5358751	TAS	Reactome
REACTOME_PARTICIPATION:324|R-HSA-5358752	324	APC	ENSG00000134982	Reactome:R-HSA-5358752	R-HSA-5358752	TAS	Reactome
REACTOME_PARTICIPATION:324|R-HSA-5467333	324	APC	ENSG00000134982	Reactome:R-HSA-5467333	R-HSA-5467333	TAS	Reactome
REACTOME_PARTICIPATION:324|R-HSA-5467337	324	APC	ENSG00000134982	Reactome:R-HSA-5467337	R-HSA-5467337	TAS	Reactome
REACTOME_PARTICIPATION:324|R-HSA-5467340	324	APC	ENSG00000134982	Reactome:R-HSA-5467340	R-HSA-5467340	TAS	Reactome
REACTOME_PARTICIPATION:324|R-HSA-5467348	324	APC	ENSG00000134982	Reactome:R-HSA-5467348	R-HSA-5467348	TAS	Reactome
REACTOME_PARTICIPATION:324|R-HSA-5689896	324	APC	ENSG00000134982	Reactome:R-HSA-5689896	R-HSA-5689896	TAS	Reactome
REACTOME_PARTICIPATION:325|R-HSA-977225	325	APCS	ENSG00000132703	Reactome:R-HSA-977225	R-HSA-977225	TAS	Reactome
REACTOME_PARTICIPATION:3265|R-HSA-112412	3265	HRAS	ENSG00000174775	Reactome:R-HSA-112412	R-HSA-112412	IEA	Reactome
REACTOME_PARTICIPATION:3265|R-HSA-1169092	3265	HRAS	ENSG00000174775	Reactome:R-HSA-1169092	R-HSA-1169092	TAS	Reactome
REACTOME_PARTICIPATION:3265|R-HSA-1236382	3265	HRAS	ENSG00000174775	Reactome:R-HSA-1236382	R-HSA-1236382	TAS	Reactome
REACTOME_PARTICIPATION:3265|R-HSA-1250196	3265	HRAS	ENSG00000174775	Reactome:R-HSA-1250196	R-HSA-1250196	IEA	Reactome
REACTOME_PARTICIPATION:3265|R-HSA-1250347	3265	HRAS	ENSG00000174775	Reactome:R-HSA-1250347	R-HSA-1250347	TAS	Reactome
REACTOME_PARTICIPATION:3265|R-HSA-1433557	3265	HRAS	ENSG00000174775	Reactome:R-HSA-1433557	R-HSA-1433557	TAS	Reactome
REACTOME_PARTICIPATION:3265|R-HSA-167044	3265	HRAS	ENSG00000174775	Reactome:R-HSA-167044	R-HSA-167044	IEA	Reactome
REACTOME_PARTICIPATION:3265|R-HSA-171007	3265	HRAS	ENSG00000174775	Reactome:R-HSA-171007	R-HSA-171007	IEA	Reactome
REACTOME_PARTICIPATION:3265|R-HSA-179812	3265	HRAS	ENSG00000174775	Reactome:R-HSA-179812	R-HSA-179812	TAS	Reactome
REACTOME_PARTICIPATION:3265|R-HSA-180336	3265	HRAS	ENSG00000174775	Reactome:R-HSA-180336	R-HSA-180336	TAS	Reactome
REACTOME_PARTICIPATION:3265|R-HSA-186763	3265	HRAS	ENSG00000174775	Reactome:R-HSA-186763	R-HSA-186763	TAS	Reactome
REACTOME_PARTICIPATION:3265|R-HSA-1963640	3265	HRAS	ENSG00000174775	Reactome:R-HSA-1963640	R-HSA-1963640	IEA	Reactome
REACTOME_PARTICIPATION:3265|R-HSA-210993	3265	HRAS	ENSG00000174775	Reactome:R-HSA-210993	R-HSA-210993	TAS	Reactome
REACTOME_PARTICIPATION:3265|R-HSA-2179392	3265	HRAS	ENSG00000174775	Reactome:R-HSA-2179392	R-HSA-2179392	TAS	Reactome
REACTOME_PARTICIPATION:3265|R-HSA-2424491	3265	HRAS	ENSG00000174775	Reactome:R-HSA-2424491	R-HSA-2424491	TAS	Reactome
REACTOME_PARTICIPATION:3265|R-HSA-2428933	3265	HRAS	ENSG00000174775	Reactome:R-HSA-2428933	R-HSA-2428933	IEA	Reactome
REACTOME_PARTICIPATION:3265|R-HSA-2871796	3265	HRAS	ENSG00000174775	Reactome:R-HSA-2871796	R-HSA-2871796	TAS	Reactome
REACTOME_PARTICIPATION:3265|R-HSA-375165	3265	HRAS	ENSG00000174775	Reactome:R-HSA-375165	R-HSA-375165	TAS	Reactome
REACTOME_PARTICIPATION:3265|R-HSA-3928662	3265	HRAS	ENSG00000174775	Reactome:R-HSA-3928662	R-HSA-3928662	TAS	Reactome
REACTOME_PARTICIPATION:3265|R-HSA-442982	3265	HRAS	ENSG00000174775	Reactome:R-HSA-442982	R-HSA-442982	IEA	Reactome
REACTOME_PARTICIPATION:3265|R-HSA-5218921	3265	HRAS	ENSG00000174775	Reactome:R-HSA-5218921	R-HSA-5218921	TAS	Reactome
REACTOME_PARTICIPATION:3265|R-HSA-5621575	3265	HRAS	ENSG00000174775	Reactome:R-HSA-5621575	R-HSA-5621575	TAS	Reactome
REACTOME_PARTICIPATION:3265|R-HSA-5637810	3265	HRAS	ENSG00000174775	Reactome:R-HSA-5637810	R-HSA-5637810	TAS	Reactome
REACTOME_PARTICIPATION:3265|R-HSA-5654688	3265	HRAS	ENSG00000174775	Reactome:R-HSA-5654688	R-HSA-5654688	TAS	Reactome
REACTOME_PARTICIPATION:3265|R-HSA-5654693	3265	HRAS	ENSG00000174775	Reactome:R-HSA-5654693	R-HSA-5654693	TAS	Reactome
REACTOME_PARTICIPATION:3265|R-HSA-5654699	3265	HRAS	ENSG00000174775	Reactome:R-HSA-5654699	R-HSA-5654699	TAS	Reactome
REACTOME_PARTICIPATION:3265|R-HSA-5654700	3265	HRAS	ENSG00000174775	Reactome:R-HSA-5654700	R-HSA-5654700	TAS	Reactome
REACTOME_PARTICIPATION:3265|R-HSA-5654704	3265	HRAS	ENSG00000174775	Reactome:R-HSA-5654704	R-HSA-5654704	TAS	Reactome
REACTOME_PARTICIPATION:3265|R-HSA-5654706	3265	HRAS	ENSG00000174775	Reactome:R-HSA-5654706	R-HSA-5654706	TAS	Reactome
REACTOME_PARTICIPATION:3265|R-HSA-5654712	3265	HRAS	ENSG00000174775	Reactome:R-HSA-5654712	R-HSA-5654712	TAS	Reactome
REACTOME_PARTICIPATION:3265|R-HSA-5654719	3265	HRAS	ENSG00000174775	Reactome:R-HSA-5654719	R-HSA-5654719	TAS	Reactome
REACTOME_PARTICIPATION:3265|R-HSA-5655253	3265	HRAS	ENSG00000174775	Reactome:R-HSA-5655253	R-HSA-5655253	TAS	Reactome
REACTOME_PARTICIPATION:3265|R-HSA-5655291	3265	HRAS	ENSG00000174775	Reactome:R-HSA-5655291	R-HSA-5655291	TAS	Reactome
REACTOME_PARTICIPATION:3265|R-HSA-5655302	3265	HRAS	ENSG00000174775	Reactome:R-HSA-5655302	R-HSA-5655302	TAS	Reactome
REACTOME_PARTICIPATION:3265|R-HSA-5655332	3265	HRAS	ENSG00000174775	Reactome:R-HSA-5655332	R-HSA-5655332	TAS	Reactome
REACTOME_PARTICIPATION:3265|R-HSA-5658442	3265	HRAS	ENSG00000174775	Reactome:R-HSA-5658442	R-HSA-5658442	TAS	Reactome
REACTOME_PARTICIPATION:3265|R-HSA-5673000	3265	HRAS	ENSG00000174775	Reactome:R-HSA-5673000	R-HSA-5673000	TAS	Reactome
REACTOME_PARTICIPATION:3265|R-HSA-5673001	3265	HRAS	ENSG00000174775	Reactome:R-HSA-5673001	R-HSA-5673001	TAS	Reactome
REACTOME_PARTICIPATION:3265|R-HSA-5674135	3265	HRAS	ENSG00000174775	Reactome:R-HSA-5674135	R-HSA-5674135	TAS	Reactome
REACTOME_PARTICIPATION:3265|R-HSA-5675221	3265	HRAS	ENSG00000174775	Reactome:R-HSA-5675221	R-HSA-5675221	TAS	Reactome
REACTOME_PARTICIPATION:3265|R-HSA-6802946	3265	HRAS	ENSG00000174775	Reactome:R-HSA-6802946	R-HSA-6802946	TAS	Reactome
REACTOME_PARTICIPATION:3265|R-HSA-6802948	3265	HRAS	ENSG00000174775	Reactome:R-HSA-6802948	R-HSA-6802948	TAS	Reactome
REACTOME_PARTICIPATION:3265|R-HSA-6802952	3265	HRAS	ENSG00000174775	Reactome:R-HSA-6802952	R-HSA-6802952	TAS	Reactome
REACTOME_PARTICIPATION:3265|R-HSA-6802953	3265	HRAS	ENSG00000174775	Reactome:R-HSA-6802953	R-HSA-6802953	TAS	Reactome
REACTOME_PARTICIPATION:3265|R-HSA-6802955	3265	HRAS	ENSG00000174775	Reactome:R-HSA-6802955	R-HSA-6802955	TAS	Reactome
REACTOME_PARTICIPATION:3265|R-HSA-74751	3265	HRAS	ENSG00000174775	Reactome:R-HSA-74751	R-HSA-74751	IEA	Reactome
REACTOME_PARTICIPATION:3265|R-HSA-8849471	3265	HRAS	ENSG00000174775	Reactome:R-HSA-8849471	R-HSA-8849471	TAS	Reactome
REACTOME_PARTICIPATION:3265|R-HSA-8851805	3265	HRAS	ENSG00000174775	Reactome:R-HSA-8851805	R-HSA-8851805	TAS	Reactome
REACTOME_PARTICIPATION:3265|R-HSA-9026519	3265	HRAS	ENSG00000174775	Reactome:R-HSA-9026519	R-HSA-9026519	IEA	Reactome
REACTOME_PARTICIPATION:3265|R-HSA-9027284	3265	HRAS	ENSG00000174775	Reactome:R-HSA-9027284	R-HSA-9027284	IEA	Reactome
REACTOME_PARTICIPATION:3265|R-HSA-9028731	3265	HRAS	ENSG00000174775	Reactome:R-HSA-9028731	R-HSA-9028731	IEA	Reactome
REACTOME_PARTICIPATION:3265|R-HSA-9034864	3265	HRAS	ENSG00000174775	Reactome:R-HSA-9034864	R-HSA-9034864	IEA	Reactome
REACTOME_PARTICIPATION:3265|R-HSA-9607240	3265	HRAS	ENSG00000174775	Reactome:R-HSA-9607240	R-HSA-9607240	TAS	Reactome
REACTOME_PARTICIPATION:3265|R-HSA-9634285	3265	HRAS	ENSG00000174775	Reactome:R-HSA-9634285	R-HSA-9634285	TAS	Reactome
REACTOME_PARTICIPATION:3265|R-HSA-9634635	3265	HRAS	ENSG00000174775	Reactome:R-HSA-9634635	R-HSA-9634635	TAS	Reactome
REACTOME_PARTICIPATION:3265|R-HSA-9648002	3265	HRAS	ENSG00000174775	Reactome:R-HSA-9648002	R-HSA-9648002	TAS	Reactome
REACTOME_PARTICIPATION:3265|R-HSA-9649948	3265	HRAS	ENSG00000174775	Reactome:R-HSA-9649948	R-HSA-9649948	TAS	Reactome
REACTOME_PARTICIPATION:3265|R-HSA-9656223	3265	HRAS	ENSG00000174775	Reactome:R-HSA-9656223	R-HSA-9656223	TAS	Reactome
REACTOME_PARTICIPATION:3265|R-HSA-9664565	3265	HRAS	ENSG00000174775	Reactome:R-HSA-9664565	R-HSA-9664565	TAS	Reactome
REACTOME_PARTICIPATION:3265|R-HSA-9665348	3265	HRAS	ENSG00000174775	Reactome:R-HSA-9665348	R-HSA-9665348	TAS	Reactome
REACTOME_PARTICIPATION:3265|R-HSA-9665686	3265	HRAS	ENSG00000174775	Reactome:R-HSA-9665686	R-HSA-9665686	TAS	Reactome
REACTOME_PARTICIPATION:3265|R-HSA-9670439	3265	HRAS	ENSG00000174775	Reactome:R-HSA-9670439	R-HSA-9670439	TAS	Reactome
REACTOME_PARTICIPATION:3265|R-HSA-9673767	3265	HRAS	ENSG00000174775	Reactome:R-HSA-9673767	R-HSA-9673767	TAS	Reactome
REACTOME_PARTICIPATION:3265|R-HSA-9673770	3265	HRAS	ENSG00000174775	Reactome:R-HSA-9673770	R-HSA-9673770	TAS	Reactome
REACTOME_PARTICIPATION:3265|R-HSA-9703465	3265	HRAS	ENSG00000174775	Reactome:R-HSA-9703465	R-HSA-9703465	TAS	Reactome
REACTOME_PARTICIPATION:3265|R-HSA-9703648	3265	HRAS	ENSG00000174775	Reactome:R-HSA-9703648	R-HSA-9703648	TAS	Reactome
REACTOME_PARTICIPATION:3265|R-HSA-9753510	3265	HRAS	ENSG00000174775	Reactome:R-HSA-9753510	R-HSA-9753510	TAS	Reactome
REACTOME_PARTICIPATION:3265|R-HSA-9753512	3265	HRAS	ENSG00000174775	Reactome:R-HSA-9753512	R-HSA-9753512	TAS	Reactome
REACTOME_PARTICIPATION:3284|R-HSA-193048	3284	HSD3B2	ENSG00000203859	Reactome:R-HSA-193048	R-HSA-193048	TAS	Reactome
REACTOME_PARTICIPATION:3284|R-HSA-193993	3284	HSD3B2	ENSG00000203859	Reactome:R-HSA-193993	R-HSA-193993	TAS	Reactome
REACTOME_PARTICIPATION:3284|R-HSA-194002	3284	HSD3B2	ENSG00000203859	Reactome:R-HSA-194002	R-HSA-194002	TAS	Reactome
REACTOME_PARTICIPATION:328|R-HSA-110357	328	APEX1	ENSG00000100823	Reactome:R-HSA-110357	R-HSA-110357	TAS	Reactome
REACTOME_PARTICIPATION:328|R-HSA-110362	328	APEX1	ENSG00000100823	Reactome:R-HSA-110362	R-HSA-110362	TAS	Reactome
REACTOME_PARTICIPATION:328|R-HSA-110373	328	APEX1	ENSG00000100823	Reactome:R-HSA-110373	R-HSA-110373	TAS	Reactome
REACTOME_PARTICIPATION:328|R-HSA-5651801	328	APEX1	ENSG00000100823	Reactome:R-HSA-5651801	R-HSA-5651801	TAS	Reactome
REACTOME_PARTICIPATION:328|R-HSA-73930	328	APEX1	ENSG00000100823	Reactome:R-HSA-73930	R-HSA-73930	TAS	Reactome
REACTOME_PARTICIPATION:328|R-HSA-73933	328	APEX1	ENSG00000100823	Reactome:R-HSA-73933	R-HSA-73933	TAS	Reactome
REACTOME_PARTICIPATION:3291|R-HSA-194002	3291	HSD11B2	ENSG00000176387	Reactome:R-HSA-194002	R-HSA-194002	TAS	Reactome
REACTOME_PARTICIPATION:3291|R-HSA-9757110	3291	HSD11B2	ENSG00000176387	Reactome:R-HSA-9757110	R-HSA-9757110	TAS	Reactome
REACTOME_PARTICIPATION:3309|R-HSA-114608	3309	HSPA5	ENSG00000044574	Reactome:R-HSA-114608	R-HSA-114608	IEA	Reactome
REACTOME_PARTICIPATION:3309|R-HSA-3371453	3309	HSPA5	ENSG00000044574	Reactome:R-HSA-3371453	R-HSA-3371453	TAS	Reactome
REACTOME_PARTICIPATION:3309|R-HSA-381033	3309	HSPA5	ENSG00000044574	Reactome:R-HSA-381033	R-HSA-381033	TAS	Reactome
REACTOME_PARTICIPATION:3309|R-HSA-381042	3309	HSPA5	ENSG00000044574	Reactome:R-HSA-381042	R-HSA-381042	TAS	Reactome
REACTOME_PARTICIPATION:3309|R-HSA-381070	3309	HSPA5	ENSG00000044574	Reactome:R-HSA-381070	R-HSA-381070	TAS	Reactome
REACTOME_PARTICIPATION:3309|R-HSA-381183	3309	HSPA5	ENSG00000044574	Reactome:R-HSA-381183	R-HSA-381183	TAS	Reactome
REACTOME_PARTICIPATION:3309|R-HSA-8874177	3309	HSPA5	ENSG00000044574	Reactome:R-HSA-8874177	R-HSA-8874177	IEA	Reactome
REACTOME_PARTICIPATION:3309|R-HSA-983170	3309	HSPA5	ENSG00000044574	Reactome:R-HSA-983170	R-HSA-983170	IEA	Reactome
REACTOME_PARTICIPATION:3309|R-HSA-9909505	3309	HSPA5	ENSG00000044574	Reactome:R-HSA-9909505	R-HSA-9909505	TAS	Reactome
REACTOME_PARTICIPATION:3309|R-HSA-9918432	3309	HSPA5	ENSG00000044574	Reactome:R-HSA-9918432	R-HSA-9918432	TAS	Reactome
REACTOME_PARTICIPATION:3309|R-HSA-9918485	3309	HSPA5	ENSG00000044574	Reactome:R-HSA-9918485	R-HSA-9918485	TAS	Reactome
REACTOME_PARTICIPATION:330|R-HSA-168638	330	BIRC3	ENSG00000023445	Reactome:R-HSA-168638	R-HSA-168638	TAS	Reactome
REACTOME_PARTICIPATION:330|R-HSA-168927	330	BIRC3	ENSG00000023445	Reactome:R-HSA-168927	R-HSA-168927	TAS	Reactome
REACTOME_PARTICIPATION:330|R-HSA-5213460	330	BIRC3	ENSG00000023445	Reactome:R-HSA-5213460	R-HSA-5213460	TAS	Reactome
REACTOME_PARTICIPATION:330|R-HSA-5357786	330	BIRC3	ENSG00000023445	Reactome:R-HSA-5357786	R-HSA-5357786	TAS	Reactome
REACTOME_PARTICIPATION:330|R-HSA-5357905	330	BIRC3	ENSG00000023445	Reactome:R-HSA-5357905	R-HSA-5357905	TAS	Reactome
REACTOME_PARTICIPATION:330|R-HSA-5357956	330	BIRC3	ENSG00000023445	Reactome:R-HSA-5357956	R-HSA-5357956	TAS	Reactome
REACTOME_PARTICIPATION:330|R-HSA-5668541	330	BIRC3	ENSG00000023445	Reactome:R-HSA-5668541	R-HSA-5668541	TAS	Reactome
REACTOME_PARTICIPATION:330|R-HSA-5675482	330	BIRC3	ENSG00000023445	Reactome:R-HSA-5675482	R-HSA-5675482	TAS	Reactome
REACTOME_PARTICIPATION:330|R-HSA-5676594	330	BIRC3	ENSG00000023445	Reactome:R-HSA-5676594	R-HSA-5676594	TAS	Reactome
REACTOME_PARTICIPATION:330|R-HSA-5689880	330	BIRC3	ENSG00000023445	Reactome:R-HSA-5689880	R-HSA-5689880	TAS	Reactome
REACTOME_PARTICIPATION:330|R-HSA-937041	330	BIRC3	ENSG00000023445	Reactome:R-HSA-937041	R-HSA-937041	TAS	Reactome
REACTOME_PARTICIPATION:3313|R-HSA-1268020	3313	HSPA9	ENSG00000113013	Reactome:R-HSA-1268020	R-HSA-1268020	IEA	Reactome
REACTOME_PARTICIPATION:3313|R-HSA-3371453	3313	HSPA9	ENSG00000113013	Reactome:R-HSA-3371453	R-HSA-3371453	TAS	Reactome
REACTOME_PARTICIPATION:3313|R-HSA-6799198	3313	HSPA9	ENSG00000113013	Reactome:R-HSA-6799198	R-HSA-6799198	TAS	Reactome
REACTOME_PARTICIPATION:3313|R-HSA-8949613	3313	HSPA9	ENSG00000113013	Reactome:R-HSA-8949613	R-HSA-8949613	IEA	Reactome
REACTOME_PARTICIPATION:3313|R-HSA-8950505	3313	HSPA9	ENSG00000113013	Reactome:R-HSA-8950505	R-HSA-8950505	TAS	Reactome
REACTOME_PARTICIPATION:3313|R-HSA-9837999	3313	HSPA9	ENSG00000113013	Reactome:R-HSA-9837999	R-HSA-9837999	TAS	Reactome
REACTOME_PARTICIPATION:3313|R-HSA-9841251	3313	HSPA9	ENSG00000113013	Reactome:R-HSA-9841251	R-HSA-9841251	TAS	Reactome
REACTOME_PARTICIPATION:3313|R-HSA-9865881	3313	HSPA9	ENSG00000113013	Reactome:R-HSA-9865881	R-HSA-9865881	TAS	Reactome
REACTOME_PARTICIPATION:3315|R-HSA-3371453	3315	HSPB1	ENSG00000106211	Reactome:R-HSA-3371453	R-HSA-3371453	TAS	Reactome
REACTOME_PARTICIPATION:3315|R-HSA-3371511	3315	HSPB1	ENSG00000106211	Reactome:R-HSA-3371511	R-HSA-3371511	TAS	Reactome
REACTOME_PARTICIPATION:3315|R-HSA-3371568	3315	HSPB1	ENSG00000106211	Reactome:R-HSA-3371568	R-HSA-3371568	TAS	Reactome
REACTOME_PARTICIPATION:3315|R-HSA-3371571	3315	HSPB1	ENSG00000106211	Reactome:R-HSA-3371571	R-HSA-3371571	TAS	Reactome
REACTOME_PARTICIPATION:3315|R-HSA-4420097	3315	HSPB1	ENSG00000106211	Reactome:R-HSA-4420097	R-HSA-4420097	TAS	Reactome
REACTOME_PARTICIPATION:3315|R-HSA-450408	3315	HSPB1	ENSG00000106211	Reactome:R-HSA-450408	R-HSA-450408	TAS	Reactome
REACTOME_PARTICIPATION:3315|R-HSA-5687128	3315	HSPB1	ENSG00000106211	Reactome:R-HSA-5687128	R-HSA-5687128	TAS	Reactome
REACTOME_PARTICIPATION:3315|R-HSA-9009391	3315	HSPB1	ENSG00000106211	Reactome:R-HSA-9009391	R-HSA-9009391	TAS	Reactome
REACTOME_PARTICIPATION:332|R-HSA-141444	332	BIRC5	ENSG00000089685	Reactome:R-HSA-141444	R-HSA-141444	TAS	Reactome
REACTOME_PARTICIPATION:332|R-HSA-2467813	332	BIRC5	ENSG00000089685	Reactome:R-HSA-2467813	R-HSA-2467813	TAS	Reactome
REACTOME_PARTICIPATION:332|R-HSA-2500257	332	BIRC5	ENSG00000089685	Reactome:R-HSA-2500257	R-HSA-2500257	TAS	Reactome
REACTOME_PARTICIPATION:332|R-HSA-4615885	332	BIRC5	ENSG00000089685	Reactome:R-HSA-4615885	R-HSA-4615885	TAS	Reactome
REACTOME_PARTICIPATION:332|R-HSA-5663220	332	BIRC5	ENSG00000089685	Reactome:R-HSA-5663220	R-HSA-5663220	TAS	Reactome
REACTOME_PARTICIPATION:332|R-HSA-6785807	332	BIRC5	ENSG00000089685	Reactome:R-HSA-6785807	R-HSA-6785807	TAS	Reactome
REACTOME_PARTICIPATION:332|R-HSA-6803205	332	BIRC5	ENSG00000089685	Reactome:R-HSA-6803205	R-HSA-6803205	TAS	Reactome
REACTOME_PARTICIPATION:332|R-HSA-68877	332	BIRC5	ENSG00000089685	Reactome:R-HSA-68877	R-HSA-68877	TAS	Reactome
REACTOME_PARTICIPATION:332|R-HSA-8951664	332	BIRC5	ENSG00000089685	Reactome:R-HSA-8951664	R-HSA-8951664	TAS	Reactome
REACTOME_PARTICIPATION:332|R-HSA-9648025	332	BIRC5	ENSG00000089685	Reactome:R-HSA-9648025	R-HSA-9648025	TAS	Reactome
REACTOME_PARTICIPATION:3357|R-HSA-390666	3357	HTR2B	ENSG00000135914	Reactome:R-HSA-390666	R-HSA-390666	TAS	Reactome
REACTOME_PARTICIPATION:3357|R-HSA-416476	3357	HTR2B	ENSG00000135914	Reactome:R-HSA-416476	R-HSA-416476	TAS	Reactome
REACTOME_PARTICIPATION:335|R-HSA-114608	335	APOA1	ENSG00000118137	Reactome:R-HSA-114608	R-HSA-114608	TAS	Reactome
REACTOME_PARTICIPATION:335|R-HSA-1369062	335	APOA1	ENSG00000118137	Reactome:R-HSA-1369062	R-HSA-1369062	TAS	Reactome
REACTOME_PARTICIPATION:335|R-HSA-1989781	335	APOA1	ENSG00000118137	Reactome:R-HSA-1989781	R-HSA-1989781	TAS	Reactome
REACTOME_PARTICIPATION:335|R-HSA-2168880	335	APOA1	ENSG00000118137	Reactome:R-HSA-2168880	R-HSA-2168880	TAS	Reactome
REACTOME_PARTICIPATION:335|R-HSA-3000471	335	APOA1	ENSG00000118137	Reactome:R-HSA-3000471	R-HSA-3000471	IEA	Reactome
REACTOME_PARTICIPATION:335|R-HSA-3000480	335	APOA1	ENSG00000118137	Reactome:R-HSA-3000480	R-HSA-3000480	IEA	Reactome
REACTOME_PARTICIPATION:335|R-HSA-381426	335	APOA1	ENSG00000118137	Reactome:R-HSA-381426	R-HSA-381426	TAS	Reactome
REACTOME_PARTICIPATION:335|R-HSA-5682113	335	APOA1	ENSG00000118137	Reactome:R-HSA-5682113	R-HSA-5682113	TAS	Reactome
REACTOME_PARTICIPATION:335|R-HSA-8957275	335	APOA1	ENSG00000118137	Reactome:R-HSA-8957275	R-HSA-8957275	TAS	Reactome
REACTOME_PARTICIPATION:335|R-HSA-8963888	335	APOA1	ENSG00000118137	Reactome:R-HSA-8963888	R-HSA-8963888	TAS	Reactome
REACTOME_PARTICIPATION:335|R-HSA-8963896	335	APOA1	ENSG00000118137	Reactome:R-HSA-8963896	R-HSA-8963896	TAS	Reactome
REACTOME_PARTICIPATION:335|R-HSA-8963901	335	APOA1	ENSG00000118137	Reactome:R-HSA-8963901	R-HSA-8963901	TAS	Reactome
REACTOME_PARTICIPATION:335|R-HSA-8964011	335	APOA1	ENSG00000118137	Reactome:R-HSA-8964011	R-HSA-8964011	TAS	Reactome
REACTOME_PARTICIPATION:335|R-HSA-8964058	335	APOA1	ENSG00000118137	Reactome:R-HSA-8964058	R-HSA-8964058	TAS	Reactome
REACTOME_PARTICIPATION:335|R-HSA-9707616	335	APOA1	ENSG00000118137	Reactome:R-HSA-9707616	R-HSA-9707616	TAS	Reactome
REACTOME_PARTICIPATION:335|R-HSA-975634	335	APOA1	ENSG00000118137	Reactome:R-HSA-975634	R-HSA-975634	IEA	Reactome
REACTOME_PARTICIPATION:335|R-HSA-977225	335	APOA1	ENSG00000118137	Reactome:R-HSA-977225	R-HSA-977225	TAS	Reactome
REACTOME_PARTICIPATION:335|R-HSA-9918432	335	APOA1	ENSG00000118137	Reactome:R-HSA-9918432	R-HSA-9918432	TAS	Reactome
REACTOME_PARTICIPATION:335|R-HSA-9918481	335	APOA1	ENSG00000118137	Reactome:R-HSA-9918481	R-HSA-9918481	TAS	Reactome
REACTOME_PARTICIPATION:335|R-HSA-9920588	335	APOA1	ENSG00000118137	Reactome:R-HSA-9920588	R-HSA-9920588	TAS	Reactome
REACTOME_PARTICIPATION:3383|R-HSA-198933	3383	ICAM1	ENSG00000090339	Reactome:R-HSA-198933	R-HSA-198933	TAS	Reactome
REACTOME_PARTICIPATION:3383|R-HSA-216083	3383	ICAM1	ENSG00000090339	Reactome:R-HSA-216083	R-HSA-216083	TAS	Reactome
REACTOME_PARTICIPATION:3383|R-HSA-6783783	3383	ICAM1	ENSG00000090339	Reactome:R-HSA-6783783	R-HSA-6783783	TAS	Reactome
REACTOME_PARTICIPATION:3383|R-HSA-6785807	3383	ICAM1	ENSG00000090339	Reactome:R-HSA-6785807	R-HSA-6785807	TAS	Reactome
REACTOME_PARTICIPATION:3383|R-HSA-877300	3383	ICAM1	ENSG00000090339	Reactome:R-HSA-877300	R-HSA-877300	TAS	Reactome
REACTOME_PARTICIPATION:339390|R-HSA-198933	339390	CLEC4G	ENSG00000182566	Reactome:R-HSA-198933	R-HSA-198933	TAS	Reactome
REACTOME_PARTICIPATION:3417|R-HSA-2978092	3417	IDH1	ENSG00000138413	Reactome:R-HSA-2978092	R-HSA-2978092	TAS	Reactome
REACTOME_PARTICIPATION:3417|R-HSA-389542	3417	IDH1	ENSG00000138413	Reactome:R-HSA-389542	R-HSA-389542	TAS	Reactome
REACTOME_PARTICIPATION:3417|R-HSA-6798695	3417	IDH1	ENSG00000138413	Reactome:R-HSA-6798695	R-HSA-6798695	TAS	Reactome
REACTOME_PARTICIPATION:3417|R-HSA-9033241	3417	IDH1	ENSG00000138413	Reactome:R-HSA-9033241	R-HSA-9033241	TAS	Reactome
REACTOME_PARTICIPATION:3417|R-HSA-9818025	3417	IDH1	ENSG00000138413	Reactome:R-HSA-9818025	R-HSA-9818025	TAS	Reactome
REACTOME_PARTICIPATION:3439|R-HSA-909733	3439	IFNA1	ENSG00000197919	Reactome:R-HSA-909733	R-HSA-909733	TAS	Reactome
REACTOME_PARTICIPATION:3439|R-HSA-912694	3439	IFNA1	ENSG00000197919	Reactome:R-HSA-912694	R-HSA-912694	IEA	Reactome
REACTOME_PARTICIPATION:3439|R-HSA-933541	3439	IFNA1	ENSG00000197919	Reactome:R-HSA-933541	R-HSA-933541	TAS	Reactome
REACTOME_PARTICIPATION:3439|R-HSA-9705671	3439	IFNA1	ENSG00000197919	Reactome:R-HSA-9705671	R-HSA-9705671	TAS	Reactome
REACTOME_PARTICIPATION:3439|R-HSA-983231	3439	IFNA1	ENSG00000197919	Reactome:R-HSA-983231	R-HSA-983231	TAS	Reactome
REACTOME_PARTICIPATION:3439|R-HSA-9833109	3439	IFNA1	ENSG00000197919	Reactome:R-HSA-9833109	R-HSA-9833109	TAS	Reactome
REACTOME_PARTICIPATION:3440|R-HSA-909733	3440	IFNA2	ENSG00000188379	Reactome:R-HSA-909733	R-HSA-909733	TAS	Reactome
REACTOME_PARTICIPATION:3440|R-HSA-912694	3440	IFNA2	ENSG00000188379	Reactome:R-HSA-912694	R-HSA-912694	IEA	Reactome
REACTOME_PARTICIPATION:3440|R-HSA-933541	3440	IFNA2	ENSG00000188379	Reactome:R-HSA-933541	R-HSA-933541	TAS	Reactome
REACTOME_PARTICIPATION:3440|R-HSA-9705671	3440	IFNA2	ENSG00000188379	Reactome:R-HSA-9705671	R-HSA-9705671	TAS	Reactome
REACTOME_PARTICIPATION:3440|R-HSA-983231	3440	IFNA2	ENSG00000188379	Reactome:R-HSA-983231	R-HSA-983231	TAS	Reactome
REACTOME_PARTICIPATION:3440|R-HSA-9833109	3440	IFNA2	ENSG00000188379	Reactome:R-HSA-9833109	R-HSA-9833109	TAS	Reactome
REACTOME_PARTICIPATION:3458|R-HSA-877300	3458	IFNG	ENSG00000111537	Reactome:R-HSA-877300	R-HSA-877300	TAS	Reactome
REACTOME_PARTICIPATION:3458|R-HSA-877312	3458	IFNG	ENSG00000111537	Reactome:R-HSA-877312	R-HSA-877312	TAS	Reactome
REACTOME_PARTICIPATION:3458|R-HSA-8877330	3458	IFNG	ENSG00000111537	Reactome:R-HSA-8877330	R-HSA-8877330	TAS	Reactome
REACTOME_PARTICIPATION:3458|R-HSA-8950505	3458	IFNG	ENSG00000111537	Reactome:R-HSA-8950505	R-HSA-8950505	TAS	Reactome
REACTOME_PARTICIPATION:3458|R-HSA-9732724	3458	IFNG	ENSG00000111537	Reactome:R-HSA-9732724	R-HSA-9732724	TAS	Reactome
REACTOME_PARTICIPATION:3458|R-HSA-9942503	3458	IFNG	ENSG00000111537	Reactome:R-HSA-9942503	R-HSA-9942503	IEA	Reactome
REACTOME_PARTICIPATION:345|R-HSA-8963888	345	APOC3	ENSG00000110245	Reactome:R-HSA-8963888	R-HSA-8963888	TAS	Reactome
REACTOME_PARTICIPATION:345|R-HSA-8963901	345	APOC3	ENSG00000110245	Reactome:R-HSA-8963901	R-HSA-8963901	TAS	Reactome
REACTOME_PARTICIPATION:345|R-HSA-8964058	345	APOC3	ENSG00000110245	Reactome:R-HSA-8964058	R-HSA-8964058	TAS	Reactome
REACTOME_PARTICIPATION:345|R-HSA-975634	345	APOC3	ENSG00000110245	Reactome:R-HSA-975634	R-HSA-975634	IEA	Reactome
REACTOME_PARTICIPATION:3479|R-HSA-114608	3479	IGF1	ENSG00000017427	Reactome:R-HSA-114608	R-HSA-114608	TAS	Reactome
REACTOME_PARTICIPATION:3479|R-HSA-2404192	3479	IGF1	ENSG00000017427	Reactome:R-HSA-2404192	R-HSA-2404192	TAS	Reactome
REACTOME_PARTICIPATION:3479|R-HSA-2428928	3479	IGF1	ENSG00000017427	Reactome:R-HSA-2428928	R-HSA-2428928	TAS	Reactome
REACTOME_PARTICIPATION:3479|R-HSA-2428933	3479	IGF1	ENSG00000017427	Reactome:R-HSA-2428933	R-HSA-2428933	TAS	Reactome
REACTOME_PARTICIPATION:3479|R-HSA-381426	3479	IGF1	ENSG00000017427	Reactome:R-HSA-381426	R-HSA-381426	TAS	Reactome
REACTOME_PARTICIPATION:3479|R-HSA-422085	3479	IGF1	ENSG00000017427	Reactome:R-HSA-422085	R-HSA-422085	TAS	Reactome
REACTOME_PARTICIPATION:3480|R-HSA-2404192	3480	IGF1R	ENSG00000140443	Reactome:R-HSA-2404192	R-HSA-2404192	TAS	Reactome
REACTOME_PARTICIPATION:3480|R-HSA-2428928	3480	IGF1R	ENSG00000140443	Reactome:R-HSA-2428928	R-HSA-2428928	TAS	Reactome
REACTOME_PARTICIPATION:3480|R-HSA-2428933	3480	IGF1R	ENSG00000140443	Reactome:R-HSA-2428933	R-HSA-2428933	TAS	Reactome
REACTOME_PARTICIPATION:3480|R-HSA-9009391	3480	IGF1R	ENSG00000140443	Reactome:R-HSA-9009391	R-HSA-9009391	TAS	Reactome
REACTOME_PARTICIPATION:3480|R-HSA-9820960	3480	IGF1R	ENSG00000140443	Reactome:R-HSA-9820960	R-HSA-9820960	TAS	Reactome
REACTOME_PARTICIPATION:3481|R-HSA-114608	3481	IGF2	ENSG00000167244	Reactome:R-HSA-114608	R-HSA-114608	TAS	Reactome
REACTOME_PARTICIPATION:3481|R-HSA-2404192	3481	IGF2	ENSG00000167244	Reactome:R-HSA-2404192	R-HSA-2404192	TAS	Reactome
REACTOME_PARTICIPATION:3481|R-HSA-2428928	3481	IGF2	ENSG00000167244	Reactome:R-HSA-2428928	R-HSA-2428928	TAS	Reactome
REACTOME_PARTICIPATION:3481|R-HSA-2428933	3481	IGF2	ENSG00000167244	Reactome:R-HSA-2428933	R-HSA-2428933	TAS	Reactome
REACTOME_PARTICIPATION:3481|R-HSA-381426	3481	IGF2	ENSG00000167244	Reactome:R-HSA-381426	R-HSA-381426	TAS	Reactome
REACTOME_PARTICIPATION:3481|R-HSA-9943962	3481	IGF2	ENSG00000167244	Reactome:R-HSA-9943962	R-HSA-9943962	TAS	Reactome
REACTOME_PARTICIPATION:3482|R-HSA-432722	3482	IGF2R	ENSG00000197081	Reactome:R-HSA-432722	R-HSA-432722	TAS	Reactome
REACTOME_PARTICIPATION:3482|R-HSA-6798695	3482	IGF2R	ENSG00000197081	Reactome:R-HSA-6798695	R-HSA-6798695	TAS	Reactome
REACTOME_PARTICIPATION:3482|R-HSA-6811440	3482	IGF2R	ENSG00000197081	Reactome:R-HSA-6811440	R-HSA-6811440	TAS	Reactome
REACTOME_PARTICIPATION:3482|R-HSA-8856825	3482	IGF2R	ENSG00000197081	Reactome:R-HSA-8856825	R-HSA-8856825	TAS	Reactome
REACTOME_PARTICIPATION:3482|R-HSA-8856828	3482	IGF2R	ENSG00000197081	Reactome:R-HSA-8856828	R-HSA-8856828	TAS	Reactome
REACTOME_PARTICIPATION:3483|R-HSA-381426	3483	IGFALS	ENSG00000099769	Reactome:R-HSA-381426	R-HSA-381426	TAS	Reactome
REACTOME_PARTICIPATION:3484|R-HSA-380994	3484	IGFBP1	ENSG00000146678	Reactome:R-HSA-380994	R-HSA-380994	TAS	Reactome
REACTOME_PARTICIPATION:3484|R-HSA-381426	3484	IGFBP1	ENSG00000146678	Reactome:R-HSA-381426	R-HSA-381426	TAS	Reactome
REACTOME_PARTICIPATION:3484|R-HSA-8957275	3484	IGFBP1	ENSG00000146678	Reactome:R-HSA-8957275	R-HSA-8957275	TAS	Reactome
REACTOME_PARTICIPATION:3484|R-HSA-9615017	3484	IGFBP1	ENSG00000146678	Reactome:R-HSA-9615017	R-HSA-9615017	TAS	Reactome
REACTOME_PARTICIPATION:3485|R-HSA-381426	3485	IGFBP2	ENSG00000115457	Reactome:R-HSA-381426	R-HSA-381426	TAS	Reactome
REACTOME_PARTICIPATION:3491|R-HSA-381426	3491	CCN1	ENSG00000142871	Reactome:R-HSA-381426	R-HSA-381426	TAS	Reactome
REACTOME_PARTICIPATION:3491|R-HSA-8957275	3491	CCN1	ENSG00000142871	Reactome:R-HSA-8957275	R-HSA-8957275	TAS	Reactome
REACTOME_PARTICIPATION:350|R-HSA-114608	350	APOH	ENSG00000091583	Reactome:R-HSA-114608	R-HSA-114608	TAS	Reactome
REACTOME_PARTICIPATION:3552|R-HSA-2559582	3552	IL1A	ENSG00000115008	Reactome:R-HSA-2559582	R-HSA-2559582	TAS	Reactome
REACTOME_PARTICIPATION:3552|R-HSA-448706	3552	IL1A	ENSG00000115008	Reactome:R-HSA-448706	R-HSA-448706	TAS	Reactome
REACTOME_PARTICIPATION:3552|R-HSA-5620971	3552	IL1A	ENSG00000115008	Reactome:R-HSA-5620971	R-HSA-5620971	TAS	Reactome
REACTOME_PARTICIPATION:3552|R-HSA-6783783	3552	IL1A	ENSG00000115008	Reactome:R-HSA-6783783	R-HSA-6783783	TAS	Reactome
REACTOME_PARTICIPATION:3552|R-HSA-6785807	3552	IL1A	ENSG00000115008	Reactome:R-HSA-6785807	R-HSA-6785807	TAS	Reactome
REACTOME_PARTICIPATION:3552|R-HSA-9020702	3552	IL1A	ENSG00000115008	Reactome:R-HSA-9020702	R-HSA-9020702	TAS	Reactome
REACTOME_PARTICIPATION:3552|R-HSA-9660826	3552	IL1A	ENSG00000115008	Reactome:R-HSA-9660826	R-HSA-9660826	TAS	Reactome
REACTOME_PARTICIPATION:3553|R-HSA-448706	3553	IL1B	ENSG00000125538	Reactome:R-HSA-448706	R-HSA-448706	TAS	Reactome
REACTOME_PARTICIPATION:3553|R-HSA-5620971	3553	IL1B	ENSG00000125538	Reactome:R-HSA-5620971	R-HSA-5620971	TAS	Reactome
REACTOME_PARTICIPATION:3553|R-HSA-5660668	3553	IL1B	ENSG00000125538	Reactome:R-HSA-5660668	R-HSA-5660668	TAS	Reactome
REACTOME_PARTICIPATION:3553|R-HSA-6783783	3553	IL1B	ENSG00000125538	Reactome:R-HSA-6783783	R-HSA-6783783	TAS	Reactome
REACTOME_PARTICIPATION:3553|R-HSA-6785807	3553	IL1B	ENSG00000125538	Reactome:R-HSA-6785807	R-HSA-6785807	TAS	Reactome
REACTOME_PARTICIPATION:3553|R-HSA-9020702	3553	IL1B	ENSG00000125538	Reactome:R-HSA-9020702	R-HSA-9020702	TAS	Reactome
REACTOME_PARTICIPATION:3553|R-HSA-9660826	3553	IL1B	ENSG00000125538	Reactome:R-HSA-9660826	R-HSA-9660826	TAS	Reactome
REACTOME_PARTICIPATION:3553|R-HSA-9960519	3553	IL1B	ENSG00000125538	Reactome:R-HSA-9960519	R-HSA-9960519	TAS	Reactome
REACTOME_PARTICIPATION:3553|R-HSA-9960525	3553	IL1B	ENSG00000125538	Reactome:R-HSA-9960525	R-HSA-9960525	TAS	Reactome
REACTOME_PARTICIPATION:3556|R-HSA-1257604	3556	IL1RAP	ENSG00000196083	Reactome:R-HSA-1257604	R-HSA-1257604	TAS	Reactome
REACTOME_PARTICIPATION:3556|R-HSA-388844	3556	IL1RAP	ENSG00000196083	Reactome:R-HSA-388844	R-HSA-388844	TAS	Reactome
REACTOME_PARTICIPATION:3556|R-HSA-6811558	3556	IL1RAP	ENSG00000196083	Reactome:R-HSA-6811558	R-HSA-6811558	TAS	Reactome
REACTOME_PARTICIPATION:3556|R-HSA-9014826	3556	IL1RAP	ENSG00000196083	Reactome:R-HSA-9014826	R-HSA-9014826	TAS	Reactome
REACTOME_PARTICIPATION:3556|R-HSA-9014843	3556	IL1RAP	ENSG00000196083	Reactome:R-HSA-9014843	R-HSA-9014843	TAS	Reactome
REACTOME_PARTICIPATION:3556|R-HSA-9020702	3556	IL1RAP	ENSG00000196083	Reactome:R-HSA-9020702	R-HSA-9020702	TAS	Reactome
REACTOME_PARTICIPATION:3557|R-HSA-6783783	3557	IL1RN	ENSG00000136689	Reactome:R-HSA-6783783	R-HSA-6783783	TAS	Reactome
REACTOME_PARTICIPATION:3557|R-HSA-9020702	3557	IL1RN	ENSG00000136689	Reactome:R-HSA-9020702	R-HSA-9020702	TAS	Reactome
REACTOME_PARTICIPATION:3558|R-HSA-5673001	3558	IL2	ENSG00000109471	Reactome:R-HSA-5673001	R-HSA-5673001	TAS	Reactome
REACTOME_PARTICIPATION:3558|R-HSA-8877330	3558	IL2	ENSG00000109471	Reactome:R-HSA-8877330	R-HSA-8877330	TAS	Reactome
REACTOME_PARTICIPATION:3558|R-HSA-9020558	3558	IL2	ENSG00000109471	Reactome:R-HSA-9020558	R-HSA-9020558	TAS	Reactome
REACTOME_PARTICIPATION:3558|R-HSA-912526	3558	IL2	ENSG00000109471	Reactome:R-HSA-912526	R-HSA-912526	TAS	Reactome
REACTOME_PARTICIPATION:355|R-HSA-140534	355	FAS	ENSG00000026103	Reactome:R-HSA-140534	R-HSA-140534	TAS	Reactome
REACTOME_PARTICIPATION:355|R-HSA-3371378	355	FAS	ENSG00000026103	Reactome:R-HSA-3371378	R-HSA-3371378	TAS	Reactome
REACTOME_PARTICIPATION:355|R-HSA-5213460	355	FAS	ENSG00000026103	Reactome:R-HSA-5213460	R-HSA-5213460	TAS	Reactome
REACTOME_PARTICIPATION:355|R-HSA-5218900	355	FAS	ENSG00000026103	Reactome:R-HSA-5218900	R-HSA-5218900	TAS	Reactome
REACTOME_PARTICIPATION:355|R-HSA-6803211	355	FAS	ENSG00000026103	Reactome:R-HSA-6803211	R-HSA-6803211	TAS	Reactome
REACTOME_PARTICIPATION:355|R-HSA-69416	355	FAS	ENSG00000026103	Reactome:R-HSA-69416	R-HSA-69416	TAS	Reactome
REACTOME_PARTICIPATION:355|R-HSA-75157	355	FAS	ENSG00000026103	Reactome:R-HSA-75157	R-HSA-75157	TAS	Reactome
REACTOME_PARTICIPATION:3562|R-HSA-512988	3562	IL3	ENSG00000164399	Reactome:R-HSA-512988	R-HSA-512988	TAS	Reactome
REACTOME_PARTICIPATION:3562|R-HSA-5673001	3562	IL3	ENSG00000164399	Reactome:R-HSA-5673001	R-HSA-5673001	TAS	Reactome
REACTOME_PARTICIPATION:3562|R-HSA-8939247	3562	IL3	ENSG00000164399	Reactome:R-HSA-8939247	R-HSA-8939247	TAS	Reactome
REACTOME_PARTICIPATION:3562|R-HSA-912526	3562	IL3	ENSG00000164399	Reactome:R-HSA-912526	R-HSA-912526	TAS	Reactome
REACTOME_PARTICIPATION:3565|R-HSA-6785807	3565	IL4	ENSG00000113520	Reactome:R-HSA-6785807	R-HSA-6785807	TAS	Reactome
REACTOME_PARTICIPATION:3565|R-HSA-9012546	3565	IL4	ENSG00000113520	Reactome:R-HSA-9012546	R-HSA-9012546	TAS	Reactome
REACTOME_PARTICIPATION:3565|R-HSA-9942503	3565	IL4	ENSG00000113520	Reactome:R-HSA-9942503	R-HSA-9942503	IEA	Reactome
REACTOME_PARTICIPATION:3565|R-HSA-9976102	3565	IL4	ENSG00000113520	Reactome:R-HSA-9976102	R-HSA-9976102	IEA	Reactome
REACTOME_PARTICIPATION:3569|R-HSA-1059683	3569	IL6	ENSG00000136244	Reactome:R-HSA-1059683	R-HSA-1059683	TAS	Reactome
REACTOME_PARTICIPATION:3569|R-HSA-110056	3569	IL6	ENSG00000136244	Reactome:R-HSA-110056	R-HSA-110056	TAS	Reactome
REACTOME_PARTICIPATION:3569|R-HSA-112411	3569	IL6	ENSG00000136244	Reactome:R-HSA-112411	R-HSA-112411	TAS	Reactome
REACTOME_PARTICIPATION:3569|R-HSA-2559582	3569	IL6	ENSG00000136244	Reactome:R-HSA-2559582	R-HSA-2559582	TAS	Reactome
REACTOME_PARTICIPATION:3569|R-HSA-381426	3569	IL6	ENSG00000136244	Reactome:R-HSA-381426	R-HSA-381426	TAS	Reactome
REACTOME_PARTICIPATION:3569|R-HSA-6783783	3569	IL6	ENSG00000136244	Reactome:R-HSA-6783783	R-HSA-6783783	TAS	Reactome
REACTOME_PARTICIPATION:3569|R-HSA-6785807	3569	IL6	ENSG00000136244	Reactome:R-HSA-6785807	R-HSA-6785807	TAS	Reactome
REACTOME_PARTICIPATION:3569|R-HSA-8853884	3569	IL6	ENSG00000136244	Reactome:R-HSA-8853884	R-HSA-8853884	TAS	Reactome
REACTOME_PARTICIPATION:3569|R-HSA-8957275	3569	IL6	ENSG00000136244	Reactome:R-HSA-8957275	R-HSA-8957275	TAS	Reactome
REACTOME_PARTICIPATION:3569|R-HSA-9660821	3569	IL6	ENSG00000136244	Reactome:R-HSA-9660821	R-HSA-9660821	TAS	Reactome
REACTOME_PARTICIPATION:3569|R-HSA-9662834	3569	IL6	ENSG00000136244	Reactome:R-HSA-9662834	R-HSA-9662834	TAS	Reactome
REACTOME_PARTICIPATION:3569|R-HSA-9958825	3569	IL6	ENSG00000136244	Reactome:R-HSA-9958825	R-HSA-9958825	TAS	Reactome
REACTOME_PARTICIPATION:3576|R-HSA-2559582	3576	CXCL8	ENSG00000169429	Reactome:R-HSA-2559582	R-HSA-2559582	TAS	Reactome
REACTOME_PARTICIPATION:3576|R-HSA-375276	3576	CXCL8	ENSG00000169429	Reactome:R-HSA-375276	R-HSA-375276	TAS	Reactome
REACTOME_PARTICIPATION:3576|R-HSA-380108	3576	CXCL8	ENSG00000169429	Reactome:R-HSA-380108	R-HSA-380108	TAS	Reactome
REACTOME_PARTICIPATION:3576|R-HSA-380994	3576	CXCL8	ENSG00000169429	Reactome:R-HSA-380994	R-HSA-380994	TAS	Reactome
REACTOME_PARTICIPATION:3576|R-HSA-418594	3576	CXCL8	ENSG00000169429	Reactome:R-HSA-418594	R-HSA-418594	TAS	Reactome
REACTOME_PARTICIPATION:3576|R-HSA-6783783	3576	CXCL8	ENSG00000169429	Reactome:R-HSA-6783783	R-HSA-6783783	TAS	Reactome
REACTOME_PARTICIPATION:3576|R-HSA-6785807	3576	CXCL8	ENSG00000169429	Reactome:R-HSA-6785807	R-HSA-6785807	TAS	Reactome
REACTOME_PARTICIPATION:3586|R-HSA-6783783	3586	IL10	ENSG00000136634	Reactome:R-HSA-6783783	R-HSA-6783783	TAS	Reactome
REACTOME_PARTICIPATION:3586|R-HSA-6785807	3586	IL10	ENSG00000136634	Reactome:R-HSA-6785807	R-HSA-6785807	TAS	Reactome
REACTOME_PARTICIPATION:3586|R-HSA-8950505	3586	IL10	ENSG00000136634	Reactome:R-HSA-8950505	R-HSA-8950505	TAS	Reactome
REACTOME_PARTICIPATION:3586|R-HSA-9662834	3586	IL10	ENSG00000136634	Reactome:R-HSA-9662834	R-HSA-9662834	TAS	Reactome
REACTOME_PARTICIPATION:3586|R-HSA-9664323	3586	IL10	ENSG00000136634	Reactome:R-HSA-9664323	R-HSA-9664323	TAS	Reactome
REACTOME_PARTICIPATION:3586|R-HSA-9725370	3586	IL10	ENSG00000136634	Reactome:R-HSA-9725370	R-HSA-9725370	TAS	Reactome
REACTOME_PARTICIPATION:3592|R-HSA-6783783	3592	IL12A	ENSG00000168811	Reactome:R-HSA-6783783	R-HSA-6783783	TAS	Reactome
REACTOME_PARTICIPATION:3592|R-HSA-6785807	3592	IL12A	ENSG00000168811	Reactome:R-HSA-6785807	R-HSA-6785807	TAS	Reactome
REACTOME_PARTICIPATION:3592|R-HSA-8984722	3592	IL12A	ENSG00000168811	Reactome:R-HSA-8984722	R-HSA-8984722	TAS	Reactome
REACTOME_PARTICIPATION:3592|R-HSA-9020591	3592	IL12A	ENSG00000168811	Reactome:R-HSA-9020591	R-HSA-9020591	IEA	Reactome
REACTOME_PARTICIPATION:3606|R-HSA-448706	3606	IL18	ENSG00000150782	Reactome:R-HSA-448706	R-HSA-448706	TAS	Reactome
REACTOME_PARTICIPATION:3606|R-HSA-5620971	3606	IL18	ENSG00000150782	Reactome:R-HSA-5620971	R-HSA-5620971	TAS	Reactome
REACTOME_PARTICIPATION:3606|R-HSA-6783783	3606	IL18	ENSG00000150782	Reactome:R-HSA-6783783	R-HSA-6783783	TAS	Reactome
REACTOME_PARTICIPATION:3606|R-HSA-6785807	3606	IL18	ENSG00000150782	Reactome:R-HSA-6785807	R-HSA-6785807	TAS	Reactome
REACTOME_PARTICIPATION:3606|R-HSA-9012546	3606	IL18	ENSG00000150782	Reactome:R-HSA-9012546	R-HSA-9012546	TAS	Reactome
REACTOME_PARTICIPATION:3606|R-HSA-9660826	3606	IL18	ENSG00000150782	Reactome:R-HSA-9660826	R-HSA-9660826	TAS	Reactome
REACTOME_PARTICIPATION:3606|R-HSA-9960519	3606	IL18	ENSG00000150782	Reactome:R-HSA-9960519	R-HSA-9960519	TAS	Reactome
REACTOME_PARTICIPATION:3606|R-HSA-9960525	3606	IL18	ENSG00000150782	Reactome:R-HSA-9960525	R-HSA-9960525	TAS	Reactome
REACTOME_PARTICIPATION:3630|R-HSA-210745	3630	INS	ENSG00000254647	Reactome:R-HSA-210745	R-HSA-210745	IEA	Reactome
REACTOME_PARTICIPATION:3630|R-HSA-264876	3630	INS	ENSG00000254647	Reactome:R-HSA-264876	R-HSA-264876	IEA	Reactome
REACTOME_PARTICIPATION:3630|R-HSA-422085	3630	INS	ENSG00000254647	Reactome:R-HSA-422085	R-HSA-422085	TAS	Reactome
REACTOME_PARTICIPATION:3630|R-HSA-422356	3630	INS	ENSG00000254647	Reactome:R-HSA-422356	R-HSA-422356	IEA	Reactome
REACTOME_PARTICIPATION:3630|R-HSA-6807878	3630	INS	ENSG00000254647	Reactome:R-HSA-6807878	R-HSA-6807878	TAS	Reactome
REACTOME_PARTICIPATION:3630|R-HSA-6811558	3630	INS	ENSG00000254647	Reactome:R-HSA-6811558	R-HSA-6811558	TAS	Reactome
REACTOME_PARTICIPATION:3630|R-HSA-74713	3630	INS	ENSG00000254647	Reactome:R-HSA-74713	R-HSA-74713	TAS	Reactome
REACTOME_PARTICIPATION:3630|R-HSA-74749	3630	INS	ENSG00000254647	Reactome:R-HSA-74749	R-HSA-74749	TAS	Reactome
REACTOME_PARTICIPATION:3630|R-HSA-74751	3630	INS	ENSG00000254647	Reactome:R-HSA-74751	R-HSA-74751	TAS	Reactome
REACTOME_PARTICIPATION:3630|R-HSA-74752	3630	INS	ENSG00000254647	Reactome:R-HSA-74752	R-HSA-74752	TAS	Reactome
REACTOME_PARTICIPATION:3630|R-HSA-77387	3630	INS	ENSG00000254647	Reactome:R-HSA-77387	R-HSA-77387	TAS	Reactome
REACTOME_PARTICIPATION:3630|R-HSA-9615017	3630	INS	ENSG00000254647	Reactome:R-HSA-9615017	R-HSA-9615017	TAS	Reactome
REACTOME_PARTICIPATION:3630|R-HSA-9768919	3630	INS	ENSG00000254647	Reactome:R-HSA-9768919	R-HSA-9768919	IEA	Reactome
REACTOME_PARTICIPATION:3630|R-HSA-977225	3630	INS	ENSG00000254647	Reactome:R-HSA-977225	R-HSA-977225	TAS	Reactome
REACTOME_PARTICIPATION:3660|R-HSA-5620971	3660	IRF2	ENSG00000168310	Reactome:R-HSA-5620971	R-HSA-5620971	TAS	Reactome
REACTOME_PARTICIPATION:3660|R-HSA-877300	3660	IRF2	ENSG00000168310	Reactome:R-HSA-877300	R-HSA-877300	TAS	Reactome
REACTOME_PARTICIPATION:3660|R-HSA-909733	3660	IRF2	ENSG00000168310	Reactome:R-HSA-909733	R-HSA-909733	TAS	Reactome
REACTOME_PARTICIPATION:3660|R-HSA-983231	3660	IRF2	ENSG00000168310	Reactome:R-HSA-983231	R-HSA-983231	TAS	Reactome
REACTOME_PARTICIPATION:3667|R-HSA-109704	3667	IRS1	ENSG00000169047	Reactome:R-HSA-109704	R-HSA-109704	TAS	Reactome
REACTOME_PARTICIPATION:3667|R-HSA-112399	3667	IRS1	ENSG00000169047	Reactome:R-HSA-112399	R-HSA-112399	TAS	Reactome
REACTOME_PARTICIPATION:3667|R-HSA-112412	3667	IRS1	ENSG00000169047	Reactome:R-HSA-112412	R-HSA-112412	IEA	Reactome
REACTOME_PARTICIPATION:3667|R-HSA-1257604	3667	IRS1	ENSG00000169047	Reactome:R-HSA-1257604	R-HSA-1257604	TAS	Reactome
REACTOME_PARTICIPATION:3667|R-HSA-1266695	3667	IRS1	ENSG00000169047	Reactome:R-HSA-1266695	R-HSA-1266695	TAS	Reactome
REACTOME_PARTICIPATION:3667|R-HSA-198203	3667	IRS1	ENSG00000169047	Reactome:R-HSA-198203	R-HSA-198203	TAS	Reactome
REACTOME_PARTICIPATION:3667|R-HSA-201556	3667	IRS1	ENSG00000169047	Reactome:R-HSA-201556	R-HSA-201556	TAS	Reactome
REACTOME_PARTICIPATION:3667|R-HSA-2219530	3667	IRS1	ENSG00000169047	Reactome:R-HSA-2219530	R-HSA-2219530	TAS	Reactome
REACTOME_PARTICIPATION:3667|R-HSA-2428928	3667	IRS1	ENSG00000169047	Reactome:R-HSA-2428928	R-HSA-2428928	TAS	Reactome
REACTOME_PARTICIPATION:3667|R-HSA-2586552	3667	IRS1	ENSG00000169047	Reactome:R-HSA-2586552	R-HSA-2586552	IEA	Reactome
REACTOME_PARTICIPATION:3667|R-HSA-5673001	3667	IRS1	ENSG00000169047	Reactome:R-HSA-5673001	R-HSA-5673001	TAS	Reactome
REACTOME_PARTICIPATION:3667|R-HSA-6811558	3667	IRS1	ENSG00000169047	Reactome:R-HSA-6811558	R-HSA-6811558	TAS	Reactome
REACTOME_PARTICIPATION:3667|R-HSA-74713	3667	IRS1	ENSG00000169047	Reactome:R-HSA-74713	R-HSA-74713	TAS	Reactome
REACTOME_PARTICIPATION:3667|R-HSA-74749	3667	IRS1	ENSG00000169047	Reactome:R-HSA-74749	R-HSA-74749	TAS	Reactome
REACTOME_PARTICIPATION:3667|R-HSA-9603381	3667	IRS1	ENSG00000169047	Reactome:R-HSA-9603381	R-HSA-9603381	IEA	Reactome
REACTOME_PARTICIPATION:3667|R-HSA-9725370	3667	IRS1	ENSG00000169047	Reactome:R-HSA-9725370	R-HSA-9725370	TAS	Reactome
REACTOME_PARTICIPATION:3667|R-HSA-982772	3667	IRS1	ENSG00000169047	Reactome:R-HSA-982772	R-HSA-982772	IEA	Reactome
REACTOME_PARTICIPATION:3667|R-HSA-9842663	3667	IRS1	ENSG00000169047	Reactome:R-HSA-9842663	R-HSA-9842663	TAS	Reactome
REACTOME_PARTICIPATION:367|R-HSA-3371497	367	AR	ENSG00000169083	Reactome:R-HSA-3371497	R-HSA-3371497	TAS	Reactome
REACTOME_PARTICIPATION:367|R-HSA-383280	367	AR	ENSG00000169083	Reactome:R-HSA-383280	R-HSA-383280	TAS	Reactome
REACTOME_PARTICIPATION:367|R-HSA-4090294	367	AR	ENSG00000169083	Reactome:R-HSA-4090294	R-HSA-4090294	TAS	Reactome
REACTOME_PARTICIPATION:367|R-HSA-5625886	367	AR	ENSG00000169083	Reactome:R-HSA-5625886	R-HSA-5625886	TAS	Reactome
REACTOME_PARTICIPATION:367|R-HSA-5689880	367	AR	ENSG00000169083	Reactome:R-HSA-5689880	R-HSA-5689880	TAS	Reactome
REACTOME_PARTICIPATION:367|R-HSA-8940973	367	AR	ENSG00000169083	Reactome:R-HSA-8940973	R-HSA-8940973	IEA	Reactome
REACTOME_PARTICIPATION:3699|R-HSA-114608	3699	ITIH3	ENSG00000162267	Reactome:R-HSA-114608	R-HSA-114608	TAS	Reactome
REACTOME_PARTICIPATION:3716|R-HSA-1059683	3716	JAK1	ENSG00000162434	Reactome:R-HSA-1059683	R-HSA-1059683	IEA	Reactome
REACTOME_PARTICIPATION:3716|R-HSA-110056	3716	JAK1	ENSG00000162434	Reactome:R-HSA-110056	R-HSA-110056	TAS	Reactome
REACTOME_PARTICIPATION:3716|R-HSA-112411	3716	JAK1	ENSG00000162434	Reactome:R-HSA-112411	R-HSA-112411	TAS	Reactome
REACTOME_PARTICIPATION:3716|R-HSA-1169408	3716	JAK1	ENSG00000162434	Reactome:R-HSA-1169408	R-HSA-1169408	TAS	Reactome
REACTOME_PARTICIPATION:3716|R-HSA-1266695	3716	JAK1	ENSG00000162434	Reactome:R-HSA-1266695	R-HSA-1266695	IEA	Reactome
REACTOME_PARTICIPATION:3716|R-HSA-449836	3716	JAK1	ENSG00000162434	Reactome:R-HSA-449836	R-HSA-449836	TAS	Reactome
REACTOME_PARTICIPATION:3716|R-HSA-5673001	3716	JAK1	ENSG00000162434	Reactome:R-HSA-5673001	R-HSA-5673001	TAS	Reactome
REACTOME_PARTICIPATION:3716|R-HSA-6783783	3716	JAK1	ENSG00000162434	Reactome:R-HSA-6783783	R-HSA-6783783	TAS	Reactome
REACTOME_PARTICIPATION:3716|R-HSA-6785807	3716	JAK1	ENSG00000162434	Reactome:R-HSA-6785807	R-HSA-6785807	TAS	Reactome
REACTOME_PARTICIPATION:3716|R-HSA-6788467	3716	JAK1	ENSG00000162434	Reactome:R-HSA-6788467	R-HSA-6788467	TAS	Reactome
REACTOME_PARTICIPATION:3716|R-HSA-877300	3716	JAK1	ENSG00000162434	Reactome:R-HSA-877300	R-HSA-877300	TAS	Reactome
REACTOME_PARTICIPATION:3716|R-HSA-877312	3716	JAK1	ENSG00000162434	Reactome:R-HSA-877312	R-HSA-877312	IEA	Reactome
REACTOME_PARTICIPATION:3716|R-HSA-8854691	3716	JAK1	ENSG00000162434	Reactome:R-HSA-8854691	R-HSA-8854691	TAS	Reactome
REACTOME_PARTICIPATION:3716|R-HSA-8983432	3716	JAK1	ENSG00000162434	Reactome:R-HSA-8983432	R-HSA-8983432	IEA	Reactome
REACTOME_PARTICIPATION:3716|R-HSA-8984722	3716	JAK1	ENSG00000162434	Reactome:R-HSA-8984722	R-HSA-8984722	TAS	Reactome
REACTOME_PARTICIPATION:3716|R-HSA-8985947	3716	JAK1	ENSG00000162434	Reactome:R-HSA-8985947	R-HSA-8985947	TAS	Reactome
REACTOME_PARTICIPATION:3716|R-HSA-9020558	3716	JAK1	ENSG00000162434	Reactome:R-HSA-9020558	R-HSA-9020558	TAS	Reactome
REACTOME_PARTICIPATION:3716|R-HSA-9020591	3716	JAK1	ENSG00000162434	Reactome:R-HSA-9020591	R-HSA-9020591	IEA	Reactome
REACTOME_PARTICIPATION:3716|R-HSA-9020956	3716	JAK1	ENSG00000162434	Reactome:R-HSA-9020956	R-HSA-9020956	IEA	Reactome
REACTOME_PARTICIPATION:3716|R-HSA-9020958	3716	JAK1	ENSG00000162434	Reactome:R-HSA-9020958	R-HSA-9020958	TAS	Reactome
REACTOME_PARTICIPATION:3716|R-HSA-909733	3716	JAK1	ENSG00000162434	Reactome:R-HSA-909733	R-HSA-909733	TAS	Reactome
REACTOME_PARTICIPATION:3716|R-HSA-912526	3716	JAK1	ENSG00000162434	Reactome:R-HSA-912526	R-HSA-912526	TAS	Reactome
REACTOME_PARTICIPATION:3716|R-HSA-912694	3716	JAK1	ENSG00000162434	Reactome:R-HSA-912694	R-HSA-912694	IEA	Reactome
REACTOME_PARTICIPATION:3716|R-HSA-9674555	3716	JAK1	ENSG00000162434	Reactome:R-HSA-9674555	R-HSA-9674555	TAS	Reactome
REACTOME_PARTICIPATION:3716|R-HSA-9679191	3716	JAK1	ENSG00000162434	Reactome:R-HSA-9679191	R-HSA-9679191	TAS	Reactome
REACTOME_PARTICIPATION:3716|R-HSA-9705462	3716	JAK1	ENSG00000162434	Reactome:R-HSA-9705462	R-HSA-9705462	TAS	Reactome
REACTOME_PARTICIPATION:3716|R-HSA-9705671	3716	JAK1	ENSG00000162434	Reactome:R-HSA-9705671	R-HSA-9705671	TAS	Reactome
REACTOME_PARTICIPATION:3716|R-HSA-9732724	3716	JAK1	ENSG00000162434	Reactome:R-HSA-9732724	R-HSA-9732724	TAS	Reactome
REACTOME_PARTICIPATION:3716|R-HSA-9833109	3716	JAK1	ENSG00000162434	Reactome:R-HSA-9833109	R-HSA-9833109	TAS	Reactome
REACTOME_PARTICIPATION:3716|R-HSA-9931295	3716	JAK1	ENSG00000162434	Reactome:R-HSA-9931295	R-HSA-9931295	TAS	Reactome
REACTOME_PARTICIPATION:3716|R-HSA-9958825	3716	JAK1	ENSG00000162434	Reactome:R-HSA-9958825	R-HSA-9958825	IEA	Reactome
REACTOME_PARTICIPATION:3717|R-HSA-1059683	3717	JAK2	ENSG00000096968	Reactome:R-HSA-1059683	R-HSA-1059683	IEA	Reactome
REACTOME_PARTICIPATION:3717|R-HSA-110056	3717	JAK2	ENSG00000096968	Reactome:R-HSA-110056	R-HSA-110056	TAS	Reactome
REACTOME_PARTICIPATION:3717|R-HSA-112411	3717	JAK2	ENSG00000096968	Reactome:R-HSA-112411	R-HSA-112411	TAS	Reactome
REACTOME_PARTICIPATION:3717|R-HSA-1170546	3717	JAK2	ENSG00000096968	Reactome:R-HSA-1170546	R-HSA-1170546	IEA	Reactome
REACTOME_PARTICIPATION:3717|R-HSA-1433557	3717	JAK2	ENSG00000096968	Reactome:R-HSA-1433557	R-HSA-1433557	TAS	Reactome
REACTOME_PARTICIPATION:3717|R-HSA-2586552	3717	JAK2	ENSG00000096968	Reactome:R-HSA-2586552	R-HSA-2586552	IEA	Reactome
REACTOME_PARTICIPATION:3717|R-HSA-3214858	3717	JAK2	ENSG00000096968	Reactome:R-HSA-3214858	R-HSA-3214858	TAS	Reactome
REACTOME_PARTICIPATION:3717|R-HSA-512988	3717	JAK2	ENSG00000096968	Reactome:R-HSA-512988	R-HSA-512988	IEA	Reactome
REACTOME_PARTICIPATION:3717|R-HSA-5673000	3717	JAK2	ENSG00000096968	Reactome:R-HSA-5673000	R-HSA-5673000	TAS	Reactome
REACTOME_PARTICIPATION:3717|R-HSA-5673001	3717	JAK2	ENSG00000096968	Reactome:R-HSA-5673001	R-HSA-5673001	TAS	Reactome
REACTOME_PARTICIPATION:3717|R-HSA-6785807	3717	JAK2	ENSG00000096968	Reactome:R-HSA-6785807	R-HSA-6785807	TAS	Reactome
REACTOME_PARTICIPATION:3717|R-HSA-6788467	3717	JAK2	ENSG00000096968	Reactome:R-HSA-6788467	R-HSA-6788467	TAS	Reactome
REACTOME_PARTICIPATION:3717|R-HSA-6802946	3717	JAK2	ENSG00000096968	Reactome:R-HSA-6802946	R-HSA-6802946	TAS	Reactome
REACTOME_PARTICIPATION:3717|R-HSA-6802952	3717	JAK2	ENSG00000096968	Reactome:R-HSA-6802952	R-HSA-6802952	TAS	Reactome
REACTOME_PARTICIPATION:3717|R-HSA-6802955	3717	JAK2	ENSG00000096968	Reactome:R-HSA-6802955	R-HSA-6802955	TAS	Reactome
REACTOME_PARTICIPATION:3717|R-HSA-69231	3717	JAK2	ENSG00000096968	Reactome:R-HSA-69231	R-HSA-69231	TAS	Reactome
REACTOME_PARTICIPATION:3717|R-HSA-877300	3717	JAK2	ENSG00000096968	Reactome:R-HSA-877300	R-HSA-877300	TAS	Reactome
REACTOME_PARTICIPATION:3717|R-HSA-877312	3717	JAK2	ENSG00000096968	Reactome:R-HSA-877312	R-HSA-877312	TAS	Reactome
REACTOME_PARTICIPATION:3717|R-HSA-8854691	3717	JAK2	ENSG00000096968	Reactome:R-HSA-8854691	R-HSA-8854691	TAS	Reactome
REACTOME_PARTICIPATION:3717|R-HSA-8984722	3717	JAK2	ENSG00000096968	Reactome:R-HSA-8984722	R-HSA-8984722	TAS	Reactome
REACTOME_PARTICIPATION:3717|R-HSA-9006335	3717	JAK2	ENSG00000096968	Reactome:R-HSA-9006335	R-HSA-9006335	TAS	Reactome
REACTOME_PARTICIPATION:3717|R-HSA-9020591	3717	JAK2	ENSG00000096968	Reactome:R-HSA-9020591	R-HSA-9020591	IEA	Reactome
REACTOME_PARTICIPATION:3717|R-HSA-9020933	3717	JAK2	ENSG00000096968	Reactome:R-HSA-9020933	R-HSA-9020933	TAS	Reactome
REACTOME_PARTICIPATION:3717|R-HSA-9020956	3717	JAK2	ENSG00000096968	Reactome:R-HSA-9020956	R-HSA-9020956	IEA	Reactome
REACTOME_PARTICIPATION:3717|R-HSA-9027276	3717	JAK2	ENSG00000096968	Reactome:R-HSA-9027276	R-HSA-9027276	IEA	Reactome
REACTOME_PARTICIPATION:3717|R-HSA-9027277	3717	JAK2	ENSG00000096968	Reactome:R-HSA-9027277	R-HSA-9027277	IEA	Reactome
REACTOME_PARTICIPATION:3717|R-HSA-9027283	3717	JAK2	ENSG00000096968	Reactome:R-HSA-9027283	R-HSA-9027283	IEA	Reactome
REACTOME_PARTICIPATION:3717|R-HSA-9027284	3717	JAK2	ENSG00000096968	Reactome:R-HSA-9027284	R-HSA-9027284	TAS	Reactome
REACTOME_PARTICIPATION:3717|R-HSA-912526	3717	JAK2	ENSG00000096968	Reactome:R-HSA-912526	R-HSA-912526	TAS	Reactome
REACTOME_PARTICIPATION:3717|R-HSA-9649948	3717	JAK2	ENSG00000096968	Reactome:R-HSA-9649948	R-HSA-9649948	TAS	Reactome
REACTOME_PARTICIPATION:3717|R-HSA-9656223	3717	JAK2	ENSG00000096968	Reactome:R-HSA-9656223	R-HSA-9656223	TAS	Reactome
REACTOME_PARTICIPATION:3717|R-HSA-9670439	3717	JAK2	ENSG00000096968	Reactome:R-HSA-9670439	R-HSA-9670439	TAS	Reactome
REACTOME_PARTICIPATION:3717|R-HSA-9674555	3717	JAK2	ENSG00000096968	Reactome:R-HSA-9674555	R-HSA-9674555	TAS	Reactome
REACTOME_PARTICIPATION:3717|R-HSA-9679191	3717	JAK2	ENSG00000096968	Reactome:R-HSA-9679191	R-HSA-9679191	TAS	Reactome
REACTOME_PARTICIPATION:3717|R-HSA-9705462	3717	JAK2	ENSG00000096968	Reactome:R-HSA-9705462	R-HSA-9705462	TAS	Reactome
REACTOME_PARTICIPATION:3717|R-HSA-9732724	3717	JAK2	ENSG00000096968	Reactome:R-HSA-9732724	R-HSA-9732724	TAS	Reactome
REACTOME_PARTICIPATION:3717|R-HSA-982772	3717	JAK2	ENSG00000096968	Reactome:R-HSA-982772	R-HSA-982772	IEA	Reactome
REACTOME_PARTICIPATION:3717|R-HSA-983231	3717	JAK2	ENSG00000096968	Reactome:R-HSA-983231	R-HSA-983231	TAS	Reactome
REACTOME_PARTICIPATION:3717|R-HSA-9958825	3717	JAK2	ENSG00000096968	Reactome:R-HSA-9958825	R-HSA-9958825	IEA	Reactome
REACTOME_PARTICIPATION:3725|R-HSA-1912408	3725	JUN	ENSG00000177606	Reactome:R-HSA-1912408	R-HSA-1912408	TAS	Reactome
REACTOME_PARTICIPATION:3725|R-HSA-2559580	3725	JUN	ENSG00000177606	Reactome:R-HSA-2559580	R-HSA-2559580	TAS	Reactome
REACTOME_PARTICIPATION:3725|R-HSA-2559582	3725	JUN	ENSG00000177606	Reactome:R-HSA-2559582	R-HSA-2559582	TAS	Reactome
REACTOME_PARTICIPATION:3725|R-HSA-2871796	3725	JUN	ENSG00000177606	Reactome:R-HSA-2871796	R-HSA-2871796	TAS	Reactome
REACTOME_PARTICIPATION:3725|R-HSA-450341	3725	JUN	ENSG00000177606	Reactome:R-HSA-450341	R-HSA-450341	TAS	Reactome
REACTOME_PARTICIPATION:3725|R-HSA-5617472	3725	JUN	ENSG00000177606	Reactome:R-HSA-5617472	R-HSA-5617472	IEA	Reactome
REACTOME_PARTICIPATION:3725|R-HSA-5687128	3725	JUN	ENSG00000177606	Reactome:R-HSA-5687128	R-HSA-5687128	TAS	Reactome
REACTOME_PARTICIPATION:3725|R-HSA-6796648	3725	JUN	ENSG00000177606	Reactome:R-HSA-6796648	R-HSA-6796648	TAS	Reactome
REACTOME_PARTICIPATION:3725|R-HSA-8862803	3725	JUN	ENSG00000177606	Reactome:R-HSA-8862803	R-HSA-8862803	IEA	Reactome
REACTOME_PARTICIPATION:3725|R-HSA-8943724	3725	JUN	ENSG00000177606	Reactome:R-HSA-8943724	R-HSA-8943724	TAS	Reactome
REACTOME_PARTICIPATION:3725|R-HSA-9018519	3725	JUN	ENSG00000177606	Reactome:R-HSA-9018519	R-HSA-9018519	TAS	Reactome
REACTOME_PARTICIPATION:3725|R-HSA-9673324	3725	JUN	ENSG00000177606	Reactome:R-HSA-9673324	R-HSA-9673324	TAS	Reactome
REACTOME_PARTICIPATION:3725|R-HSA-9725370	3725	JUN	ENSG00000177606	Reactome:R-HSA-9725370	R-HSA-9725370	TAS	Reactome
REACTOME_PARTICIPATION:3725|R-HSA-9909649	3725	JUN	ENSG00000177606	Reactome:R-HSA-9909649	R-HSA-9909649	TAS	Reactome
REACTOME_PARTICIPATION:3725|R-HSA-9976102	3725	JUN	ENSG00000177606	Reactome:R-HSA-9976102	R-HSA-9976102	IEA	Reactome
REACTOME_PARTICIPATION:3727|R-HSA-9018519	3727	JUND	ENSG00000130522	Reactome:R-HSA-9018519	R-HSA-9018519	TAS	Reactome
REACTOME_PARTICIPATION:3727|R-HSA-9031628	3727	JUND	ENSG00000130522	Reactome:R-HSA-9031628	R-HSA-9031628	IEA	Reactome
REACTOME_PARTICIPATION:3727|R-HSA-9909649	3727	JUND	ENSG00000130522	Reactome:R-HSA-9909649	R-HSA-9909649	TAS	Reactome
REACTOME_PARTICIPATION:374569|R-HSA-8963693	374569	ASPG	ENSG00000166183	Reactome:R-HSA-8963693	R-HSA-8963693	TAS	Reactome
REACTOME_PARTICIPATION:3781|R-HSA-1296052	3781	KCNN2	ENSG00000080709	Reactome:R-HSA-1296052	R-HSA-1296052	TAS	Reactome
REACTOME_PARTICIPATION:3781|R-HSA-9667769	3781	KCNN2	ENSG00000080709	Reactome:R-HSA-9667769	R-HSA-9667769	IEA	Reactome
REACTOME_PARTICIPATION:3791|R-HSA-194306	3791	KDR	ENSG00000128052	Reactome:R-HSA-194306	R-HSA-194306	TAS	Reactome
REACTOME_PARTICIPATION:3791|R-HSA-195399	3791	KDR	ENSG00000128052	Reactome:R-HSA-195399	R-HSA-195399	TAS	Reactome
REACTOME_PARTICIPATION:3791|R-HSA-216083	3791	KDR	ENSG00000128052	Reactome:R-HSA-216083	R-HSA-216083	TAS	Reactome
REACTOME_PARTICIPATION:3791|R-HSA-4420097	3791	KDR	ENSG00000128052	Reactome:R-HSA-4420097	R-HSA-4420097	IEA	Reactome
REACTOME_PARTICIPATION:3791|R-HSA-5218921	3791	KDR	ENSG00000128052	Reactome:R-HSA-5218921	R-HSA-5218921	TAS	Reactome
REACTOME_PARTICIPATION:3791|R-HSA-9673768	3791	KDR	ENSG00000128052	Reactome:R-HSA-9673768	R-HSA-9673768	TAS	Reactome
REACTOME_PARTICIPATION:3791|R-HSA-9856530	3791	KDR	ENSG00000128052	Reactome:R-HSA-9856530	R-HSA-9856530	IEA	Reactome
REACTOME_PARTICIPATION:3832|R-HSA-2132295	3832	KIF11	ENSG00000138160	Reactome:R-HSA-2132295	R-HSA-2132295	TAS	Reactome
REACTOME_PARTICIPATION:3832|R-HSA-6811434	3832	KIF11	ENSG00000138160	Reactome:R-HSA-6811434	R-HSA-6811434	TAS	Reactome
REACTOME_PARTICIPATION:3832|R-HSA-983189	3832	KIF11	ENSG00000138160	Reactome:R-HSA-983189	R-HSA-983189	TAS	Reactome
REACTOME_PARTICIPATION:3833|R-HSA-6811434	3833	KIFC1	ENSG00000237649	Reactome:R-HSA-6811434	R-HSA-6811434	TAS	Reactome
REACTOME_PARTICIPATION:3833|R-HSA-983189	3833	KIFC1	ENSG00000237649	Reactome:R-HSA-983189	R-HSA-983189	TAS	Reactome
REACTOME_PARTICIPATION:383|R-HSA-6798695	383	ARG1	ENSG00000118520	Reactome:R-HSA-6798695	R-HSA-6798695	TAS	Reactome
REACTOME_PARTICIPATION:383|R-HSA-70635	383	ARG1	ENSG00000118520	Reactome:R-HSA-70635	R-HSA-70635	TAS	Reactome
REACTOME_PARTICIPATION:383|R-HSA-9956514	383	ARG1	ENSG00000118520	Reactome:R-HSA-9956514	R-HSA-9956514	TAS	Reactome
REACTOME_PARTICIPATION:3845|R-HSA-112412	3845	KRAS	ENSG00000133703	Reactome:R-HSA-112412	R-HSA-112412	IEA	Reactome
REACTOME_PARTICIPATION:3845|R-HSA-1169092	3845	KRAS	ENSG00000133703	Reactome:R-HSA-1169092	R-HSA-1169092	TAS	Reactome
REACTOME_PARTICIPATION:3845|R-HSA-1236382	3845	KRAS	ENSG00000133703	Reactome:R-HSA-1236382	R-HSA-1236382	TAS	Reactome
REACTOME_PARTICIPATION:3845|R-HSA-1250196	3845	KRAS	ENSG00000133703	Reactome:R-HSA-1250196	R-HSA-1250196	IEA	Reactome
REACTOME_PARTICIPATION:3845|R-HSA-1250347	3845	KRAS	ENSG00000133703	Reactome:R-HSA-1250347	R-HSA-1250347	TAS	Reactome
REACTOME_PARTICIPATION:3845|R-HSA-1433557	3845	KRAS	ENSG00000133703	Reactome:R-HSA-1433557	R-HSA-1433557	TAS	Reactome
REACTOME_PARTICIPATION:3845|R-HSA-167044	3845	KRAS	ENSG00000133703	Reactome:R-HSA-167044	R-HSA-167044	IEA	Reactome
REACTOME_PARTICIPATION:3845|R-HSA-171007	3845	KRAS	ENSG00000133703	Reactome:R-HSA-171007	R-HSA-171007	IEA	Reactome
REACTOME_PARTICIPATION:3845|R-HSA-179812	3845	KRAS	ENSG00000133703	Reactome:R-HSA-179812	R-HSA-179812	TAS	Reactome
REACTOME_PARTICIPATION:3845|R-HSA-180336	3845	KRAS	ENSG00000133703	Reactome:R-HSA-180336	R-HSA-180336	TAS	Reactome
REACTOME_PARTICIPATION:3845|R-HSA-186763	3845	KRAS	ENSG00000133703	Reactome:R-HSA-186763	R-HSA-186763	TAS	Reactome
REACTOME_PARTICIPATION:3845|R-HSA-1963640	3845	KRAS	ENSG00000133703	Reactome:R-HSA-1963640	R-HSA-1963640	IEA	Reactome
REACTOME_PARTICIPATION:3845|R-HSA-210993	3845	KRAS	ENSG00000133703	Reactome:R-HSA-210993	R-HSA-210993	TAS	Reactome
REACTOME_PARTICIPATION:3845|R-HSA-2179392	3845	KRAS	ENSG00000133703	Reactome:R-HSA-2179392	R-HSA-2179392	TAS	Reactome
REACTOME_PARTICIPATION:3845|R-HSA-2424491	3845	KRAS	ENSG00000133703	Reactome:R-HSA-2424491	R-HSA-2424491	TAS	Reactome
REACTOME_PARTICIPATION:3845|R-HSA-2428933	3845	KRAS	ENSG00000133703	Reactome:R-HSA-2428933	R-HSA-2428933	IEA	Reactome
REACTOME_PARTICIPATION:3845|R-HSA-2871796	3845	KRAS	ENSG00000133703	Reactome:R-HSA-2871796	R-HSA-2871796	TAS	Reactome
REACTOME_PARTICIPATION:3845|R-HSA-375165	3845	KRAS	ENSG00000133703	Reactome:R-HSA-375165	R-HSA-375165	TAS	Reactome
REACTOME_PARTICIPATION:3845|R-HSA-4086398	3845	KRAS	ENSG00000133703	Reactome:R-HSA-4086398	R-HSA-4086398	TAS	Reactome
REACTOME_PARTICIPATION:3845|R-HSA-442982	3845	KRAS	ENSG00000133703	Reactome:R-HSA-442982	R-HSA-442982	IEA	Reactome
REACTOME_PARTICIPATION:3845|R-HSA-5218921	3845	KRAS	ENSG00000133703	Reactome:R-HSA-5218921	R-HSA-5218921	TAS	Reactome
REACTOME_PARTICIPATION:3845|R-HSA-5621575	3845	KRAS	ENSG00000133703	Reactome:R-HSA-5621575	R-HSA-5621575	TAS	Reactome
REACTOME_PARTICIPATION:3845|R-HSA-5637810	3845	KRAS	ENSG00000133703	Reactome:R-HSA-5637810	R-HSA-5637810	TAS	Reactome
REACTOME_PARTICIPATION:3845|R-HSA-5654688	3845	KRAS	ENSG00000133703	Reactome:R-HSA-5654688	R-HSA-5654688	TAS	Reactome
REACTOME_PARTICIPATION:3845|R-HSA-5654693	3845	KRAS	ENSG00000133703	Reactome:R-HSA-5654693	R-HSA-5654693	TAS	Reactome
REACTOME_PARTICIPATION:3845|R-HSA-5654699	3845	KRAS	ENSG00000133703	Reactome:R-HSA-5654699	R-HSA-5654699	TAS	Reactome
REACTOME_PARTICIPATION:3845|R-HSA-5654700	3845	KRAS	ENSG00000133703	Reactome:R-HSA-5654700	R-HSA-5654700	TAS	Reactome
REACTOME_PARTICIPATION:3845|R-HSA-5654704	3845	KRAS	ENSG00000133703	Reactome:R-HSA-5654704	R-HSA-5654704	TAS	Reactome
REACTOME_PARTICIPATION:3845|R-HSA-5654706	3845	KRAS	ENSG00000133703	Reactome:R-HSA-5654706	R-HSA-5654706	TAS	Reactome
REACTOME_PARTICIPATION:3845|R-HSA-5654712	3845	KRAS	ENSG00000133703	Reactome:R-HSA-5654712	R-HSA-5654712	TAS	Reactome
REACTOME_PARTICIPATION:3845|R-HSA-5654719	3845	KRAS	ENSG00000133703	Reactome:R-HSA-5654719	R-HSA-5654719	TAS	Reactome
REACTOME_PARTICIPATION:3845|R-HSA-5655253	3845	KRAS	ENSG00000133703	Reactome:R-HSA-5655253	R-HSA-5655253	TAS	Reactome
REACTOME_PARTICIPATION:3845|R-HSA-5655291	3845	KRAS	ENSG00000133703	Reactome:R-HSA-5655291	R-HSA-5655291	TAS	Reactome
REACTOME_PARTICIPATION:3845|R-HSA-5655302	3845	KRAS	ENSG00000133703	Reactome:R-HSA-5655302	R-HSA-5655302	TAS	Reactome
REACTOME_PARTICIPATION:3845|R-HSA-5655332	3845	KRAS	ENSG00000133703	Reactome:R-HSA-5655332	R-HSA-5655332	TAS	Reactome
REACTOME_PARTICIPATION:3845|R-HSA-5658442	3845	KRAS	ENSG00000133703	Reactome:R-HSA-5658442	R-HSA-5658442	TAS	Reactome
REACTOME_PARTICIPATION:3845|R-HSA-5673000	3845	KRAS	ENSG00000133703	Reactome:R-HSA-5673000	R-HSA-5673000	TAS	Reactome
REACTOME_PARTICIPATION:3845|R-HSA-5673001	3845	KRAS	ENSG00000133703	Reactome:R-HSA-5673001	R-HSA-5673001	TAS	Reactome
REACTOME_PARTICIPATION:3845|R-HSA-5674135	3845	KRAS	ENSG00000133703	Reactome:R-HSA-5674135	R-HSA-5674135	TAS	Reactome
REACTOME_PARTICIPATION:3845|R-HSA-5675221	3845	KRAS	ENSG00000133703	Reactome:R-HSA-5675221	R-HSA-5675221	TAS	Reactome
REACTOME_PARTICIPATION:3845|R-HSA-6802946	3845	KRAS	ENSG00000133703	Reactome:R-HSA-6802946	R-HSA-6802946	TAS	Reactome
REACTOME_PARTICIPATION:3845|R-HSA-6802948	3845	KRAS	ENSG00000133703	Reactome:R-HSA-6802948	R-HSA-6802948	TAS	Reactome
REACTOME_PARTICIPATION:3845|R-HSA-6802952	3845	KRAS	ENSG00000133703	Reactome:R-HSA-6802952	R-HSA-6802952	TAS	Reactome
REACTOME_PARTICIPATION:3845|R-HSA-6802953	3845	KRAS	ENSG00000133703	Reactome:R-HSA-6802953	R-HSA-6802953	TAS	Reactome
REACTOME_PARTICIPATION:3845|R-HSA-6802955	3845	KRAS	ENSG00000133703	Reactome:R-HSA-6802955	R-HSA-6802955	TAS	Reactome
REACTOME_PARTICIPATION:3845|R-HSA-74751	3845	KRAS	ENSG00000133703	Reactome:R-HSA-74751	R-HSA-74751	IEA	Reactome
REACTOME_PARTICIPATION:3845|R-HSA-8849471	3845	KRAS	ENSG00000133703	Reactome:R-HSA-8849471	R-HSA-8849471	TAS	Reactome
REACTOME_PARTICIPATION:3845|R-HSA-8851805	3845	KRAS	ENSG00000133703	Reactome:R-HSA-8851805	R-HSA-8851805	TAS	Reactome
REACTOME_PARTICIPATION:3845|R-HSA-8951936	3845	KRAS	ENSG00000133703	Reactome:R-HSA-8951936	R-HSA-8951936	TAS	Reactome
REACTOME_PARTICIPATION:3845|R-HSA-9026519	3845	KRAS	ENSG00000133703	Reactome:R-HSA-9026519	R-HSA-9026519	IEA	Reactome
REACTOME_PARTICIPATION:3845|R-HSA-9027284	3845	KRAS	ENSG00000133703	Reactome:R-HSA-9027284	R-HSA-9027284	IEA	Reactome
REACTOME_PARTICIPATION:3845|R-HSA-9028731	3845	KRAS	ENSG00000133703	Reactome:R-HSA-9028731	R-HSA-9028731	IEA	Reactome
REACTOME_PARTICIPATION:3845|R-HSA-9034864	3845	KRAS	ENSG00000133703	Reactome:R-HSA-9034864	R-HSA-9034864	IEA	Reactome
REACTOME_PARTICIPATION:3845|R-HSA-9607240	3845	KRAS	ENSG00000133703	Reactome:R-HSA-9607240	R-HSA-9607240	TAS	Reactome
REACTOME_PARTICIPATION:3845|R-HSA-9634285	3845	KRAS	ENSG00000133703	Reactome:R-HSA-9634285	R-HSA-9634285	TAS	Reactome
REACTOME_PARTICIPATION:3845|R-HSA-9634635	3845	KRAS	ENSG00000133703	Reactome:R-HSA-9634635	R-HSA-9634635	TAS	Reactome
REACTOME_PARTICIPATION:3845|R-HSA-9648002	3845	KRAS	ENSG00000133703	Reactome:R-HSA-9648002	R-HSA-9648002	TAS	Reactome
REACTOME_PARTICIPATION:3845|R-HSA-9649948	3845	KRAS	ENSG00000133703	Reactome:R-HSA-9649948	R-HSA-9649948	TAS	Reactome
REACTOME_PARTICIPATION:3845|R-HSA-9656223	3845	KRAS	ENSG00000133703	Reactome:R-HSA-9656223	R-HSA-9656223	TAS	Reactome
REACTOME_PARTICIPATION:3845|R-HSA-9664565	3845	KRAS	ENSG00000133703	Reactome:R-HSA-9664565	R-HSA-9664565	TAS	Reactome
REACTOME_PARTICIPATION:3845|R-HSA-9665348	3845	KRAS	ENSG00000133703	Reactome:R-HSA-9665348	R-HSA-9665348	TAS	Reactome
REACTOME_PARTICIPATION:3845|R-HSA-9665686	3845	KRAS	ENSG00000133703	Reactome:R-HSA-9665686	R-HSA-9665686	TAS	Reactome
REACTOME_PARTICIPATION:3845|R-HSA-9670439	3845	KRAS	ENSG00000133703	Reactome:R-HSA-9670439	R-HSA-9670439	TAS	Reactome
REACTOME_PARTICIPATION:3845|R-HSA-9673767	3845	KRAS	ENSG00000133703	Reactome:R-HSA-9673767	R-HSA-9673767	TAS	Reactome
REACTOME_PARTICIPATION:3845|R-HSA-9673770	3845	KRAS	ENSG00000133703	Reactome:R-HSA-9673770	R-HSA-9673770	TAS	Reactome
REACTOME_PARTICIPATION:3845|R-HSA-9674555	3845	KRAS	ENSG00000133703	Reactome:R-HSA-9674555	R-HSA-9674555	TAS	Reactome
REACTOME_PARTICIPATION:3845|R-HSA-9680350	3845	KRAS	ENSG00000133703	Reactome:R-HSA-9680350	R-HSA-9680350	IEA	Reactome
REACTOME_PARTICIPATION:3845|R-HSA-9703465	3845	KRAS	ENSG00000133703	Reactome:R-HSA-9703465	R-HSA-9703465	TAS	Reactome
REACTOME_PARTICIPATION:3845|R-HSA-9703648	3845	KRAS	ENSG00000133703	Reactome:R-HSA-9703648	R-HSA-9703648	TAS	Reactome
REACTOME_PARTICIPATION:3845|R-HSA-9753510	3845	KRAS	ENSG00000133703	Reactome:R-HSA-9753510	R-HSA-9753510	TAS	Reactome
REACTOME_PARTICIPATION:3845|R-HSA-9753512	3845	KRAS	ENSG00000133703	Reactome:R-HSA-9753512	R-HSA-9753512	TAS	Reactome
REACTOME_PARTICIPATION:3856|R-HSA-6805567	3856	KRT8	ENSG00000170421	Reactome:R-HSA-6805567	R-HSA-6805567	TAS	Reactome
REACTOME_PARTICIPATION:3856|R-HSA-6809371	3856	KRT8	ENSG00000170421	Reactome:R-HSA-6809371	R-HSA-6809371	TAS	Reactome
REACTOME_PARTICIPATION:3856|R-HSA-9927418	3856	KRT8	ENSG00000170421	Reactome:R-HSA-9927418	R-HSA-9927418	TAS	Reactome
REACTOME_PARTICIPATION:3856|R-HSA-9927426	3856	KRT8	ENSG00000170421	Reactome:R-HSA-9927426	R-HSA-9927426	TAS	Reactome
REACTOME_PARTICIPATION:387103|R-HSA-606279	387103	CENPW	ENSG00000203760	Reactome:R-HSA-606279	R-HSA-606279	TAS	Reactome
REACTOME_PARTICIPATION:3875|R-HSA-6805567	3875	KRT18	ENSG00000111057	Reactome:R-HSA-6805567	R-HSA-6805567	TAS	Reactome
REACTOME_PARTICIPATION:3875|R-HSA-6809371	3875	KRT18	ENSG00000111057	Reactome:R-HSA-6809371	R-HSA-6809371	TAS	Reactome
REACTOME_PARTICIPATION:3875|R-HSA-9927418	3875	KRT18	ENSG00000111057	Reactome:R-HSA-9927418	R-HSA-9927418	TAS	Reactome
REACTOME_PARTICIPATION:3875|R-HSA-9927426	3875	KRT18	ENSG00000111057	Reactome:R-HSA-9927426	R-HSA-9927426	TAS	Reactome
REACTOME_PARTICIPATION:390|R-HSA-9696264	390	RND3	ENSG00000115963	Reactome:R-HSA-9696264	R-HSA-9696264	TAS	Reactome
REACTOME_PARTICIPATION:3918|R-HSA-1474228	3918	LAMC2	ENSG00000058085	Reactome:R-HSA-1474228	R-HSA-1474228	IEA	Reactome
REACTOME_PARTICIPATION:3918|R-HSA-2022090	3918	LAMC2	ENSG00000058085	Reactome:R-HSA-2022090	R-HSA-2022090	TAS	Reactome
REACTOME_PARTICIPATION:3918|R-HSA-2214320	3918	LAMC2	ENSG00000058085	Reactome:R-HSA-2214320	R-HSA-2214320	TAS	Reactome
REACTOME_PARTICIPATION:3918|R-HSA-3000157	3918	LAMC2	ENSG00000058085	Reactome:R-HSA-3000157	R-HSA-3000157	TAS	Reactome
REACTOME_PARTICIPATION:3918|R-HSA-3000171	3918	LAMC2	ENSG00000058085	Reactome:R-HSA-3000171	R-HSA-3000171	IEA	Reactome
REACTOME_PARTICIPATION:3918|R-HSA-446107	3918	LAMC2	ENSG00000058085	Reactome:R-HSA-446107	R-HSA-446107	TAS	Reactome
REACTOME_PARTICIPATION:3918|R-HSA-8874081	3918	LAMC2	ENSG00000058085	Reactome:R-HSA-8874081	R-HSA-8874081	TAS	Reactome
REACTOME_PARTICIPATION:3918|R-HSA-9638630	3918	LAMC2	ENSG00000058085	Reactome:R-HSA-9638630	R-HSA-9638630	TAS	Reactome
REACTOME_PARTICIPATION:3918|R-HSA-9913351	3918	LAMC2	ENSG00000058085	Reactome:R-HSA-9913351	R-HSA-9913351	TAS	Reactome
REACTOME_PARTICIPATION:3918|R-HSA-9925563	3918	LAMC2	ENSG00000058085	Reactome:R-HSA-9925563	R-HSA-9925563	TAS	Reactome
REACTOME_PARTICIPATION:3925|R-HSA-1251985	3925	STMN1	ENSG00000117632	Reactome:R-HSA-1251985	R-HSA-1251985	TAS	Reactome
REACTOME_PARTICIPATION:3931|R-HSA-8964058	3931	LCAT	ENSG00000213398	Reactome:R-HSA-8964058	R-HSA-8964058	TAS	Reactome
REACTOME_PARTICIPATION:3949|R-HSA-8856825	3949	LDLR	ENSG00000130164	Reactome:R-HSA-8856825	R-HSA-8856825	TAS	Reactome
REACTOME_PARTICIPATION:3949|R-HSA-8856828	3949	LDLR	ENSG00000130164	Reactome:R-HSA-8856828	R-HSA-8856828	TAS	Reactome
REACTOME_PARTICIPATION:3949|R-HSA-8964026	3949	LDLR	ENSG00000130164	Reactome:R-HSA-8964026	R-HSA-8964026	TAS	Reactome
REACTOME_PARTICIPATION:3949|R-HSA-8964038	3949	LDLR	ENSG00000130164	Reactome:R-HSA-8964038	R-HSA-8964038	TAS	Reactome
REACTOME_PARTICIPATION:3949|R-HSA-975634	3949	LDLR	ENSG00000130164	Reactome:R-HSA-975634	R-HSA-975634	IEA	Reactome
REACTOME_PARTICIPATION:3952|R-HSA-2586552	3952	LEP	ENSG00000174697	Reactome:R-HSA-2586552	R-HSA-2586552	IEA	Reactome
REACTOME_PARTICIPATION:3952|R-HSA-381340	3952	LEP	ENSG00000174697	Reactome:R-HSA-381340	R-HSA-381340	TAS	Reactome
REACTOME_PARTICIPATION:3952|R-HSA-381771	3952	LEP	ENSG00000174697	Reactome:R-HSA-381771	R-HSA-381771	TAS	Reactome
REACTOME_PARTICIPATION:3952|R-HSA-422085	3952	LEP	ENSG00000174697	Reactome:R-HSA-422085	R-HSA-422085	TAS	Reactome
REACTOME_PARTICIPATION:3953|R-HSA-2586552	3953	LEPR	ENSG00000116678	Reactome:R-HSA-2586552	R-HSA-2586552	IEA	Reactome
REACTOME_PARTICIPATION:3954|R-HSA-8949215	3954	LETM1	ENSG00000168924	Reactome:R-HSA-8949215	R-HSA-8949215	IEA	Reactome
REACTOME_PARTICIPATION:3954|R-HSA-9013408	3954	LETM1	ENSG00000168924	Reactome:R-HSA-9013408	R-HSA-9013408	TAS	Reactome
REACTOME_PARTICIPATION:3954|R-HSA-9865881	3954	LETM1	ENSG00000168924	Reactome:R-HSA-9865881	R-HSA-9865881	IEA	Reactome
REACTOME_PARTICIPATION:3956|R-HSA-381426	3956	LGALS1	ENSG00000100097	Reactome:R-HSA-381426	R-HSA-381426	TAS	Reactome
REACTOME_PARTICIPATION:3956|R-HSA-8957275	3956	LGALS1	ENSG00000100097	Reactome:R-HSA-8957275	R-HSA-8957275	TAS	Reactome
REACTOME_PARTICIPATION:3959|R-HSA-114608	3959	LGALS3BP	ENSG00000108679	Reactome:R-HSA-114608	R-HSA-114608	TAS	Reactome
REACTOME_PARTICIPATION:3976|R-HSA-6783783	3976	LIF	ENSG00000128342	Reactome:R-HSA-6783783	R-HSA-6783783	TAS	Reactome
REACTOME_PARTICIPATION:3976|R-HSA-6785807	3976	LIF	ENSG00000128342	Reactome:R-HSA-6785807	R-HSA-6785807	TAS	Reactome
REACTOME_PARTICIPATION:3976|R-HSA-6788467	3976	LIF	ENSG00000128342	Reactome:R-HSA-6788467	R-HSA-6788467	TAS	Reactome
REACTOME_PARTICIPATION:3977|R-HSA-6788467	3977	LIFR	ENSG00000113594	Reactome:R-HSA-6788467	R-HSA-6788467	TAS	Reactome
REACTOME_PARTICIPATION:3977|R-HSA-8939247	3977	LIFR	ENSG00000113594	Reactome:R-HSA-8939247	R-HSA-8939247	TAS	Reactome
REACTOME_PARTICIPATION:4015|R-HSA-1566948	4015	LOX	ENSG00000113083	Reactome:R-HSA-1566948	R-HSA-1566948	TAS	Reactome
REACTOME_PARTICIPATION:4015|R-HSA-2243919	4015	LOX	ENSG00000113083	Reactome:R-HSA-2243919	R-HSA-2243919	TAS	Reactome
REACTOME_PARTICIPATION:4016|R-HSA-1566948	4016	LOXL1	ENSG00000129038	Reactome:R-HSA-1566948	R-HSA-1566948	TAS	Reactome
REACTOME_PARTICIPATION:4016|R-HSA-2243919	4016	LOXL1	ENSG00000129038	Reactome:R-HSA-2243919	R-HSA-2243919	TAS	Reactome
REACTOME_PARTICIPATION:405|R-HSA-1234158	405	ARNT	ENSG00000143437	Reactome:R-HSA-1234158	R-HSA-1234158	TAS	Reactome
REACTOME_PARTICIPATION:405|R-HSA-1989781	405	ARNT	ENSG00000143437	Reactome:R-HSA-1989781	R-HSA-1989781	TAS	Reactome
REACTOME_PARTICIPATION:405|R-HSA-211945	405	ARNT	ENSG00000143437	Reactome:R-HSA-211945	R-HSA-211945	TAS	Reactome
REACTOME_PARTICIPATION:405|R-HSA-211976	405	ARNT	ENSG00000143437	Reactome:R-HSA-211976	R-HSA-211976	TAS	Reactome
REACTOME_PARTICIPATION:405|R-HSA-211981	405	ARNT	ENSG00000143437	Reactome:R-HSA-211981	R-HSA-211981	TAS	Reactome
REACTOME_PARTICIPATION:405|R-HSA-8937144	405	ARNT	ENSG00000143437	Reactome:R-HSA-8937144	R-HSA-8937144	TAS	Reactome
REACTOME_PARTICIPATION:405|R-HSA-9768919	405	ARNT	ENSG00000143437	Reactome:R-HSA-9768919	R-HSA-9768919	TAS	Reactome
REACTOME_PARTICIPATION:4060|R-HSA-2022854	4060	LUM	ENSG00000139329	Reactome:R-HSA-2022854	R-HSA-2022854	TAS	Reactome
REACTOME_PARTICIPATION:4060|R-HSA-2022857	4060	LUM	ENSG00000139329	Reactome:R-HSA-2022857	R-HSA-2022857	TAS	Reactome
REACTOME_PARTICIPATION:4060|R-HSA-216083	4060	LUM	ENSG00000139329	Reactome:R-HSA-216083	R-HSA-216083	TAS	Reactome
REACTOME_PARTICIPATION:4060|R-HSA-3000178	4060	LUM	ENSG00000139329	Reactome:R-HSA-3000178	R-HSA-3000178	IEA	Reactome
REACTOME_PARTICIPATION:4060|R-HSA-3656225	4060	LUM	ENSG00000139329	Reactome:R-HSA-3656225	R-HSA-3656225	TAS	Reactome
REACTOME_PARTICIPATION:4060|R-HSA-3656243	4060	LUM	ENSG00000139329	Reactome:R-HSA-3656243	R-HSA-3656243	TAS	Reactome
REACTOME_PARTICIPATION:4060|R-HSA-3656244	4060	LUM	ENSG00000139329	Reactome:R-HSA-3656244	R-HSA-3656244	TAS	Reactome
REACTOME_PARTICIPATION:406984|R-HSA-1912408	406984	MIR200B	ENSG00000207730	Reactome:R-HSA-1912408	R-HSA-1912408	TAS	Reactome
REACTOME_PARTICIPATION:406984|R-HSA-9909620	406984	MIR200B	ENSG00000207730	Reactome:R-HSA-9909620	R-HSA-9909620	TAS	Reactome
REACTOME_PARTICIPATION:407011|R-HSA-203927	407011	MIR23B	ENSG00000207563	Reactome:R-HSA-203927	R-HSA-203927	TAS	Reactome
REACTOME_PARTICIPATION:407011|R-HSA-9839394	407011	MIR23B	ENSG00000207563	Reactome:R-HSA-9839394	R-HSA-9839394	TAS	Reactome
REACTOME_PARTICIPATION:407018|R-HSA-8936459	407018	MIR27A	ENSG00000207808	Reactome:R-HSA-8936459	R-HSA-8936459	TAS	Reactome
REACTOME_PARTICIPATION:4085|R-HSA-141405	4085	MAD2L1	ENSG00000164109	Reactome:R-HSA-141405	R-HSA-141405	TAS	Reactome
REACTOME_PARTICIPATION:4085|R-HSA-141430	4085	MAD2L1	ENSG00000164109	Reactome:R-HSA-141430	R-HSA-141430	TAS	Reactome
REACTOME_PARTICIPATION:4085|R-HSA-141444	4085	MAD2L1	ENSG00000164109	Reactome:R-HSA-141444	R-HSA-141444	TAS	Reactome
REACTOME_PARTICIPATION:4085|R-HSA-174184	4085	MAD2L1	ENSG00000164109	Reactome:R-HSA-174184	R-HSA-174184	TAS	Reactome
REACTOME_PARTICIPATION:4085|R-HSA-176409	4085	MAD2L1	ENSG00000164109	Reactome:R-HSA-176409	R-HSA-176409	TAS	Reactome
REACTOME_PARTICIPATION:4085|R-HSA-179409	4085	MAD2L1	ENSG00000164109	Reactome:R-HSA-179409	R-HSA-179409	TAS	Reactome
REACTOME_PARTICIPATION:4085|R-HSA-2467813	4085	MAD2L1	ENSG00000164109	Reactome:R-HSA-2467813	R-HSA-2467813	TAS	Reactome
REACTOME_PARTICIPATION:4085|R-HSA-2500257	4085	MAD2L1	ENSG00000164109	Reactome:R-HSA-2500257	R-HSA-2500257	TAS	Reactome
REACTOME_PARTICIPATION:4085|R-HSA-5663220	4085	MAD2L1	ENSG00000164109	Reactome:R-HSA-5663220	R-HSA-5663220	TAS	Reactome
REACTOME_PARTICIPATION:4085|R-HSA-68877	4085	MAD2L1	ENSG00000164109	Reactome:R-HSA-68877	R-HSA-68877	TAS	Reactome
REACTOME_PARTICIPATION:4085|R-HSA-9648025	4085	MAD2L1	ENSG00000164109	Reactome:R-HSA-9648025	R-HSA-9648025	TAS	Reactome
REACTOME_PARTICIPATION:4088|R-HSA-1181150	4088	SMAD3	ENSG00000166949	Reactome:R-HSA-1181150	R-HSA-1181150	TAS	Reactome
REACTOME_PARTICIPATION:4088|R-HSA-1502540	4088	SMAD3	ENSG00000166949	Reactome:R-HSA-1502540	R-HSA-1502540	IEA	Reactome
REACTOME_PARTICIPATION:4088|R-HSA-2173788	4088	SMAD3	ENSG00000166949	Reactome:R-HSA-2173788	R-HSA-2173788	TAS	Reactome
REACTOME_PARTICIPATION:4088|R-HSA-2173789	4088	SMAD3	ENSG00000166949	Reactome:R-HSA-2173789	R-HSA-2173789	TAS	Reactome
REACTOME_PARTICIPATION:4088|R-HSA-2173795	4088	SMAD3	ENSG00000166949	Reactome:R-HSA-2173795	R-HSA-2173795	IEA	Reactome
REACTOME_PARTICIPATION:4088|R-HSA-2173796	4088	SMAD3	ENSG00000166949	Reactome:R-HSA-2173796	R-HSA-2173796	TAS	Reactome
REACTOME_PARTICIPATION:4088|R-HSA-3304356	4088	SMAD3	ENSG00000166949	Reactome:R-HSA-3304356	R-HSA-3304356	TAS	Reactome
REACTOME_PARTICIPATION:4088|R-HSA-3311021	4088	SMAD3	ENSG00000166949	Reactome:R-HSA-3311021	R-HSA-3311021	TAS	Reactome
REACTOME_PARTICIPATION:4088|R-HSA-3315487	4088	SMAD3	ENSG00000166949	Reactome:R-HSA-3315487	R-HSA-3315487	TAS	Reactome
REACTOME_PARTICIPATION:4088|R-HSA-3656532	4088	SMAD3	ENSG00000166949	Reactome:R-HSA-3656532	R-HSA-3656532	TAS	Reactome
REACTOME_PARTICIPATION:4088|R-HSA-5689880	4088	SMAD3	ENSG00000166949	Reactome:R-HSA-5689880	R-HSA-5689880	TAS	Reactome
REACTOME_PARTICIPATION:4088|R-HSA-8941855	4088	SMAD3	ENSG00000166949	Reactome:R-HSA-8941855	R-HSA-8941855	TAS	Reactome
REACTOME_PARTICIPATION:4088|R-HSA-8952158	4088	SMAD3	ENSG00000166949	Reactome:R-HSA-8952158	R-HSA-8952158	TAS	Reactome
REACTOME_PARTICIPATION:4088|R-HSA-9008059	4088	SMAD3	ENSG00000166949	Reactome:R-HSA-9008059	R-HSA-9008059	TAS	Reactome
REACTOME_PARTICIPATION:4088|R-HSA-9013695	4088	SMAD3	ENSG00000166949	Reactome:R-HSA-9013695	R-HSA-9013695	IEA	Reactome
REACTOME_PARTICIPATION:4088|R-HSA-9615017	4088	SMAD3	ENSG00000166949	Reactome:R-HSA-9615017	R-HSA-9615017	IEA	Reactome
REACTOME_PARTICIPATION:4088|R-HSA-9617828	4088	SMAD3	ENSG00000166949	Reactome:R-HSA-9617828	R-HSA-9617828	IEA	Reactome
REACTOME_PARTICIPATION:4088|R-HSA-9735871	4088	SMAD3	ENSG00000166949	Reactome:R-HSA-9735871	R-HSA-9735871	TAS	Reactome
REACTOME_PARTICIPATION:4088|R-HSA-9754189	4088	SMAD3	ENSG00000166949	Reactome:R-HSA-9754189	R-HSA-9754189	IEA	Reactome
REACTOME_PARTICIPATION:4088|R-HSA-9796292	4088	SMAD3	ENSG00000166949	Reactome:R-HSA-9796292	R-HSA-9796292	IEA	Reactome
REACTOME_PARTICIPATION:4088|R-HSA-9823730	4088	SMAD3	ENSG00000166949	Reactome:R-HSA-9823730	R-HSA-9823730	TAS	Reactome
REACTOME_PARTICIPATION:4088|R-HSA-9839394	4088	SMAD3	ENSG00000166949	Reactome:R-HSA-9839394	R-HSA-9839394	TAS	Reactome
REACTOME_PARTICIPATION:408|R-HSA-2122948	408	ARRB1	ENSG00000137486	Reactome:R-HSA-2122948	R-HSA-2122948	IEA	Reactome
REACTOME_PARTICIPATION:408|R-HSA-418555	408	ARRB1	ENSG00000137486	Reactome:R-HSA-418555	R-HSA-418555	TAS	Reactome
REACTOME_PARTICIPATION:408|R-HSA-432720	408	ARRB1	ENSG00000137486	Reactome:R-HSA-432720	R-HSA-432720	TAS	Reactome
REACTOME_PARTICIPATION:408|R-HSA-432722	408	ARRB1	ENSG00000137486	Reactome:R-HSA-432722	R-HSA-432722	TAS	Reactome
REACTOME_PARTICIPATION:408|R-HSA-456926	408	ARRB1	ENSG00000137486	Reactome:R-HSA-456926	R-HSA-456926	TAS	Reactome
REACTOME_PARTICIPATION:408|R-HSA-5635838	408	ARRB1	ENSG00000137486	Reactome:R-HSA-5635838	R-HSA-5635838	IEA	Reactome
REACTOME_PARTICIPATION:408|R-HSA-5674135	408	ARRB1	ENSG00000137486	Reactome:R-HSA-5674135	R-HSA-5674135	TAS	Reactome
REACTOME_PARTICIPATION:408|R-HSA-5689880	408	ARRB1	ENSG00000137486	Reactome:R-HSA-5689880	R-HSA-5689880	TAS	Reactome
REACTOME_PARTICIPATION:408|R-HSA-6802946	408	ARRB1	ENSG00000137486	Reactome:R-HSA-6802946	R-HSA-6802946	TAS	Reactome
REACTOME_PARTICIPATION:408|R-HSA-6802948	408	ARRB1	ENSG00000137486	Reactome:R-HSA-6802948	R-HSA-6802948	TAS	Reactome
REACTOME_PARTICIPATION:408|R-HSA-6802952	408	ARRB1	ENSG00000137486	Reactome:R-HSA-6802952	R-HSA-6802952	TAS	Reactome
REACTOME_PARTICIPATION:408|R-HSA-6802955	408	ARRB1	ENSG00000137486	Reactome:R-HSA-6802955	R-HSA-6802955	TAS	Reactome
REACTOME_PARTICIPATION:408|R-HSA-8856825	408	ARRB1	ENSG00000137486	Reactome:R-HSA-8856825	R-HSA-8856825	TAS	Reactome
REACTOME_PARTICIPATION:408|R-HSA-8856828	408	ARRB1	ENSG00000137486	Reactome:R-HSA-8856828	R-HSA-8856828	TAS	Reactome
REACTOME_PARTICIPATION:408|R-HSA-9649948	408	ARRB1	ENSG00000137486	Reactome:R-HSA-9649948	R-HSA-9649948	TAS	Reactome
REACTOME_PARTICIPATION:408|R-HSA-9656223	408	ARRB1	ENSG00000137486	Reactome:R-HSA-9656223	R-HSA-9656223	TAS	Reactome
REACTOME_PARTICIPATION:408|R-HSA-9839389	408	ARRB1	ENSG00000137486	Reactome:R-HSA-9839389	R-HSA-9839389	TAS	Reactome
REACTOME_PARTICIPATION:409|R-HSA-2122948	409	ARRB2	ENSG00000141480	Reactome:R-HSA-2122948	R-HSA-2122948	IEA	Reactome
REACTOME_PARTICIPATION:409|R-HSA-418555	409	ARRB2	ENSG00000141480	Reactome:R-HSA-418555	R-HSA-418555	TAS	Reactome
REACTOME_PARTICIPATION:409|R-HSA-456926	409	ARRB2	ENSG00000141480	Reactome:R-HSA-456926	R-HSA-456926	TAS	Reactome
REACTOME_PARTICIPATION:409|R-HSA-5099900	409	ARRB2	ENSG00000141480	Reactome:R-HSA-5099900	R-HSA-5099900	TAS	Reactome
REACTOME_PARTICIPATION:409|R-HSA-5635838	409	ARRB2	ENSG00000141480	Reactome:R-HSA-5635838	R-HSA-5635838	IEA	Reactome
REACTOME_PARTICIPATION:409|R-HSA-5674135	409	ARRB2	ENSG00000141480	Reactome:R-HSA-5674135	R-HSA-5674135	TAS	Reactome
REACTOME_PARTICIPATION:409|R-HSA-5689880	409	ARRB2	ENSG00000141480	Reactome:R-HSA-5689880	R-HSA-5689880	TAS	Reactome
REACTOME_PARTICIPATION:409|R-HSA-6802946	409	ARRB2	ENSG00000141480	Reactome:R-HSA-6802946	R-HSA-6802946	TAS	Reactome
REACTOME_PARTICIPATION:409|R-HSA-6802948	409	ARRB2	ENSG00000141480	Reactome:R-HSA-6802948	R-HSA-6802948	TAS	Reactome
REACTOME_PARTICIPATION:409|R-HSA-6802952	409	ARRB2	ENSG00000141480	Reactome:R-HSA-6802952	R-HSA-6802952	TAS	Reactome
REACTOME_PARTICIPATION:409|R-HSA-6802955	409	ARRB2	ENSG00000141480	Reactome:R-HSA-6802955	R-HSA-6802955	TAS	Reactome
REACTOME_PARTICIPATION:409|R-HSA-8856825	409	ARRB2	ENSG00000141480	Reactome:R-HSA-8856825	R-HSA-8856825	TAS	Reactome
REACTOME_PARTICIPATION:409|R-HSA-8856828	409	ARRB2	ENSG00000141480	Reactome:R-HSA-8856828	R-HSA-8856828	TAS	Reactome
REACTOME_PARTICIPATION:409|R-HSA-9649948	409	ARRB2	ENSG00000141480	Reactome:R-HSA-9649948	R-HSA-9649948	TAS	Reactome
REACTOME_PARTICIPATION:409|R-HSA-9656223	409	ARRB2	ENSG00000141480	Reactome:R-HSA-9656223	R-HSA-9656223	TAS	Reactome
REACTOME_PARTICIPATION:409|R-HSA-9839389	409	ARRB2	ENSG00000141480	Reactome:R-HSA-9839389	R-HSA-9839389	TAS	Reactome
REACTOME_PARTICIPATION:4137|R-HSA-264870	4137	MAPT	ENSG00000186868	Reactome:R-HSA-264870	R-HSA-264870	TAS	Reactome
REACTOME_PARTICIPATION:4137|R-HSA-9619483	4137	MAPT	ENSG00000186868	Reactome:R-HSA-9619483	R-HSA-9619483	IEA	Reactome
REACTOME_PARTICIPATION:4137|R-HSA-9833482	4137	MAPT	ENSG00000186868	Reactome:R-HSA-9833482	R-HSA-9833482	TAS	Reactome
REACTOME_PARTICIPATION:4143|R-HSA-156581	4143	MAT1A	ENSG00000151224	Reactome:R-HSA-156581	R-HSA-156581	TAS	Reactome
REACTOME_PARTICIPATION:4143|R-HSA-1614635	4143	MAT1A	ENSG00000151224	Reactome:R-HSA-1614635	R-HSA-1614635	TAS	Reactome
REACTOME_PARTICIPATION:4143|R-HSA-2408508	4143	MAT1A	ENSG00000151224	Reactome:R-HSA-2408508	R-HSA-2408508	TAS	Reactome
REACTOME_PARTICIPATION:4143|R-HSA-5579024	4143	MAT1A	ENSG00000151224	Reactome:R-HSA-5579024	R-HSA-5579024	TAS	Reactome
REACTOME_PARTICIPATION:4153|R-HSA-166662	4153	MBL2	ENSG00000165471	Reactome:R-HSA-166662	R-HSA-166662	TAS	Reactome
REACTOME_PARTICIPATION:4153|R-HSA-166663	4153	MBL2	ENSG00000165471	Reactome:R-HSA-166663	R-HSA-166663	TAS	Reactome
REACTOME_PARTICIPATION:4153|R-HSA-9705671	4153	MBL2	ENSG00000165471	Reactome:R-HSA-9705671	R-HSA-9705671	TAS	Reactome
REACTOME_PARTICIPATION:4153|R-HSA-9920588	4153	MBL2	ENSG00000165471	Reactome:R-HSA-9920588	R-HSA-9920588	TAS	Reactome
REACTOME_PARTICIPATION:4171|R-HSA-176187	4171	MCM2	ENSG00000073111	Reactome:R-HSA-176187	R-HSA-176187	TAS	Reactome
REACTOME_PARTICIPATION:4171|R-HSA-176974	4171	MCM2	ENSG00000073111	Reactome:R-HSA-176974	R-HSA-176974	IEA	Reactome
REACTOME_PARTICIPATION:4171|R-HSA-68867	4171	MCM2	ENSG00000073111	Reactome:R-HSA-68867	R-HSA-68867	IEA	Reactome
REACTOME_PARTICIPATION:4171|R-HSA-68949	4171	MCM2	ENSG00000073111	Reactome:R-HSA-68949	R-HSA-68949	TAS	Reactome
REACTOME_PARTICIPATION:4171|R-HSA-68962	4171	MCM2	ENSG00000073111	Reactome:R-HSA-68962	R-HSA-68962	TAS	Reactome
REACTOME_PARTICIPATION:4171|R-HSA-69052	4171	MCM2	ENSG00000073111	Reactome:R-HSA-69052	R-HSA-69052	TAS	Reactome
REACTOME_PARTICIPATION:4171|R-HSA-9825895	4171	MCM2	ENSG00000073111	Reactome:R-HSA-9825895	R-HSA-9825895	TAS	Reactome
REACTOME_PARTICIPATION:4193|R-HSA-198323	4193	MDM2	ENSG00000135679	Reactome:R-HSA-198323	R-HSA-198323	TAS	Reactome
REACTOME_PARTICIPATION:4193|R-HSA-2559580	4193	MDM2	ENSG00000135679	Reactome:R-HSA-2559580	R-HSA-2559580	TAS	Reactome
REACTOME_PARTICIPATION:4193|R-HSA-2559585	4193	MDM2	ENSG00000135679	Reactome:R-HSA-2559585	R-HSA-2559585	TAS	Reactome
REACTOME_PARTICIPATION:4193|R-HSA-3232118	4193	MDM2	ENSG00000135679	Reactome:R-HSA-3232118	R-HSA-3232118	TAS	Reactome
REACTOME_PARTICIPATION:4193|R-HSA-3232142	4193	MDM2	ENSG00000135679	Reactome:R-HSA-3232142	R-HSA-3232142	TAS	Reactome
REACTOME_PARTICIPATION:4193|R-HSA-399719	4193	MDM2	ENSG00000135679	Reactome:R-HSA-399719	R-HSA-399719	TAS	Reactome
REACTOME_PARTICIPATION:4193|R-HSA-5674400	4193	MDM2	ENSG00000135679	Reactome:R-HSA-5674400	R-HSA-5674400	TAS	Reactome
REACTOME_PARTICIPATION:4193|R-HSA-5689880	4193	MDM2	ENSG00000135679	Reactome:R-HSA-5689880	R-HSA-5689880	TAS	Reactome
REACTOME_PARTICIPATION:4193|R-HSA-6804756	4193	MDM2	ENSG00000135679	Reactome:R-HSA-6804756	R-HSA-6804756	TAS	Reactome
REACTOME_PARTICIPATION:4193|R-HSA-6804757	4193	MDM2	ENSG00000135679	Reactome:R-HSA-6804757	R-HSA-6804757	TAS	Reactome
REACTOME_PARTICIPATION:4193|R-HSA-6804760	4193	MDM2	ENSG00000135679	Reactome:R-HSA-6804760	R-HSA-6804760	TAS	Reactome
REACTOME_PARTICIPATION:4193|R-HSA-69541	4193	MDM2	ENSG00000135679	Reactome:R-HSA-69541	R-HSA-69541	TAS	Reactome
REACTOME_PARTICIPATION:4193|R-HSA-8941858	4193	MDM2	ENSG00000135679	Reactome:R-HSA-8941858	R-HSA-8941858	TAS	Reactome
REACTOME_PARTICIPATION:4193|R-HSA-9725370	4193	MDM2	ENSG00000135679	Reactome:R-HSA-9725370	R-HSA-9725370	TAS	Reactome
REACTOME_PARTICIPATION:4193|R-HSA-9766229	4193	MDM2	ENSG00000135679	Reactome:R-HSA-9766229	R-HSA-9766229	TAS	Reactome
REACTOME_PARTICIPATION:4193|R-HSA-9768919	4193	MDM2	ENSG00000135679	Reactome:R-HSA-9768919	R-HSA-9768919	IEA	Reactome
REACTOME_PARTICIPATION:4199|R-HSA-1989781	4199	ME1	ENSG00000065833	Reactome:R-HSA-1989781	R-HSA-1989781	TAS	Reactome
REACTOME_PARTICIPATION:4199|R-HSA-70268	4199	ME1	ENSG00000065833	Reactome:R-HSA-70268	R-HSA-70268	TAS	Reactome
REACTOME_PARTICIPATION:4199|R-HSA-9818025	4199	ME1	ENSG00000065833	Reactome:R-HSA-9818025	R-HSA-9818025	TAS	Reactome
REACTOME_PARTICIPATION:4199|R-HSA-9861718	4199	ME1	ENSG00000065833	Reactome:R-HSA-9861718	R-HSA-9861718	TAS	Reactome
REACTOME_PARTICIPATION:4204|R-HSA-8986944	4204	MECP2	ENSG00000169057	Reactome:R-HSA-8986944	R-HSA-8986944	TAS	Reactome
REACTOME_PARTICIPATION:4204|R-HSA-9022534	4204	MECP2	ENSG00000169057	Reactome:R-HSA-9022534	R-HSA-9022534	TAS	Reactome
REACTOME_PARTICIPATION:4204|R-HSA-9022535	4204	MECP2	ENSG00000169057	Reactome:R-HSA-9022535	R-HSA-9022535	IEA	Reactome
REACTOME_PARTICIPATION:4204|R-HSA-9022537	4204	MECP2	ENSG00000169057	Reactome:R-HSA-9022537	R-HSA-9022537	IEA	Reactome
REACTOME_PARTICIPATION:4204|R-HSA-9022538	4204	MECP2	ENSG00000169057	Reactome:R-HSA-9022538	R-HSA-9022538	TAS	Reactome
REACTOME_PARTICIPATION:4204|R-HSA-9022692	4204	MECP2	ENSG00000169057	Reactome:R-HSA-9022692	R-HSA-9022692	TAS	Reactome
REACTOME_PARTICIPATION:4204|R-HSA-9022699	4204	MECP2	ENSG00000169057	Reactome:R-HSA-9022699	R-HSA-9022699	IEA	Reactome
REACTOME_PARTICIPATION:4204|R-HSA-9022702	4204	MECP2	ENSG00000169057	Reactome:R-HSA-9022702	R-HSA-9022702	IEA	Reactome
REACTOME_PARTICIPATION:4204|R-HSA-9022707	4204	MECP2	ENSG00000169057	Reactome:R-HSA-9022707	R-HSA-9022707	IEA	Reactome
REACTOME_PARTICIPATION:4204|R-HSA-9022927	4204	MECP2	ENSG00000169057	Reactome:R-HSA-9022927	R-HSA-9022927	IEA	Reactome
REACTOME_PARTICIPATION:4204|R-HSA-9725371	4204	MECP2	ENSG00000169057	Reactome:R-HSA-9725371	R-HSA-9725371	TAS	Reactome
REACTOME_PARTICIPATION:4233|R-HSA-1257604	4233	MET	ENSG00000105976	Reactome:R-HSA-1257604	R-HSA-1257604	TAS	Reactome
REACTOME_PARTICIPATION:4233|R-HSA-2219530	4233	MET	ENSG00000105976	Reactome:R-HSA-2219530	R-HSA-2219530	TAS	Reactome
REACTOME_PARTICIPATION:4233|R-HSA-416550	4233	MET	ENSG00000105976	Reactome:R-HSA-416550	R-HSA-416550	TAS	Reactome
REACTOME_PARTICIPATION:4233|R-HSA-5673001	4233	MET	ENSG00000105976	Reactome:R-HSA-5673001	R-HSA-5673001	TAS	Reactome
REACTOME_PARTICIPATION:4233|R-HSA-6806942	4233	MET	ENSG00000105976	Reactome:R-HSA-6806942	R-HSA-6806942	TAS	Reactome
REACTOME_PARTICIPATION:4233|R-HSA-6807004	4233	MET	ENSG00000105976	Reactome:R-HSA-6807004	R-HSA-6807004	TAS	Reactome
REACTOME_PARTICIPATION:4233|R-HSA-6811558	4233	MET	ENSG00000105976	Reactome:R-HSA-6811558	R-HSA-6811558	TAS	Reactome
REACTOME_PARTICIPATION:4233|R-HSA-8851805	4233	MET	ENSG00000105976	Reactome:R-HSA-8851805	R-HSA-8851805	TAS	Reactome
REACTOME_PARTICIPATION:4233|R-HSA-8851907	4233	MET	ENSG00000105976	Reactome:R-HSA-8851907	R-HSA-8851907	TAS	Reactome
REACTOME_PARTICIPATION:4233|R-HSA-8865999	4233	MET	ENSG00000105976	Reactome:R-HSA-8865999	R-HSA-8865999	TAS	Reactome
REACTOME_PARTICIPATION:4233|R-HSA-8874081	4233	MET	ENSG00000105976	Reactome:R-HSA-8874081	R-HSA-8874081	TAS	Reactome
REACTOME_PARTICIPATION:4233|R-HSA-8875360	4233	MET	ENSG00000105976	Reactome:R-HSA-8875360	R-HSA-8875360	TAS	Reactome
REACTOME_PARTICIPATION:4233|R-HSA-8875513	4233	MET	ENSG00000105976	Reactome:R-HSA-8875513	R-HSA-8875513	TAS	Reactome
REACTOME_PARTICIPATION:4233|R-HSA-8875555	4233	MET	ENSG00000105976	Reactome:R-HSA-8875555	R-HSA-8875555	TAS	Reactome
REACTOME_PARTICIPATION:4233|R-HSA-8875656	4233	MET	ENSG00000105976	Reactome:R-HSA-8875656	R-HSA-8875656	TAS	Reactome
REACTOME_PARTICIPATION:4233|R-HSA-8875791	4233	MET	ENSG00000105976	Reactome:R-HSA-8875791	R-HSA-8875791	TAS	Reactome
REACTOME_PARTICIPATION:4233|R-HSA-9022699	4233	MET	ENSG00000105976	Reactome:R-HSA-9022699	R-HSA-9022699	TAS	Reactome
REACTOME_PARTICIPATION:4233|R-HSA-9734091	4233	MET	ENSG00000105976	Reactome:R-HSA-9734091	R-HSA-9734091	TAS	Reactome
REACTOME_PARTICIPATION:4233|R-HSA-9825892	4233	MET	ENSG00000105976	Reactome:R-HSA-9825892	R-HSA-9825892	TAS	Reactome
REACTOME_PARTICIPATION:4297|R-HSA-3214841	4297	KMT2A	ENSG00000118058	Reactome:R-HSA-3214841	R-HSA-3214841	TAS	Reactome
REACTOME_PARTICIPATION:4297|R-HSA-8936459	4297	KMT2A	ENSG00000118058	Reactome:R-HSA-8936459	R-HSA-8936459	TAS	Reactome
REACTOME_PARTICIPATION:4297|R-HSA-8939236	4297	KMT2A	ENSG00000118058	Reactome:R-HSA-8939236	R-HSA-8939236	IEA	Reactome
REACTOME_PARTICIPATION:4297|R-HSA-9616222	4297	KMT2A	ENSG00000118058	Reactome:R-HSA-9616222	R-HSA-9616222	IEA	Reactome
REACTOME_PARTICIPATION:4297|R-HSA-9772755	4297	KMT2A	ENSG00000118058	Reactome:R-HSA-9772755	R-HSA-9772755	TAS	Reactome
REACTOME_PARTICIPATION:4297|R-HSA-9909649	4297	KMT2A	ENSG00000118058	Reactome:R-HSA-9909649	R-HSA-9909649	TAS	Reactome
REACTOME_PARTICIPATION:4297|R-HSA-9931510	4297	KMT2A	ENSG00000118058	Reactome:R-HSA-9931510	R-HSA-9931510	IEA	Reactome
REACTOME_PARTICIPATION:4297|R-HSA-9931512	4297	KMT2A	ENSG00000118058	Reactome:R-HSA-9931512	R-HSA-9931512	IEA	Reactome
REACTOME_PARTICIPATION:4297|R-HSA-9931521	4297	KMT2A	ENSG00000118058	Reactome:R-HSA-9931521	R-HSA-9931521	IEA	Reactome
REACTOME_PARTICIPATION:4297|R-HSA-9976102	4297	KMT2A	ENSG00000118058	Reactome:R-HSA-9976102	R-HSA-9976102	IEA	Reactome
REACTOME_PARTICIPATION:4312|R-HSA-1442490	4312	MMP1	ENSG00000196611	Reactome:R-HSA-1442490	R-HSA-1442490	TAS	Reactome
REACTOME_PARTICIPATION:4312|R-HSA-1474228	4312	MMP1	ENSG00000196611	Reactome:R-HSA-1474228	R-HSA-1474228	IEA	Reactome
REACTOME_PARTICIPATION:4312|R-HSA-1592389	4312	MMP1	ENSG00000196611	Reactome:R-HSA-1592389	R-HSA-1592389	TAS	Reactome
REACTOME_PARTICIPATION:4312|R-HSA-210991	4312	MMP1	ENSG00000196611	Reactome:R-HSA-210991	R-HSA-210991	TAS	Reactome
REACTOME_PARTICIPATION:4312|R-HSA-381426	4312	MMP1	ENSG00000196611	Reactome:R-HSA-381426	R-HSA-381426	TAS	Reactome
REACTOME_PARTICIPATION:4312|R-HSA-6785807	4312	MMP1	ENSG00000196611	Reactome:R-HSA-6785807	R-HSA-6785807	TAS	Reactome
REACTOME_PARTICIPATION:4313|R-HSA-1442490	4313	MMP2	ENSG00000087245	Reactome:R-HSA-1442490	R-HSA-1442490	TAS	Reactome
REACTOME_PARTICIPATION:4313|R-HSA-1474228	4313	MMP2	ENSG00000087245	Reactome:R-HSA-1474228	R-HSA-1474228	IEA	Reactome
REACTOME_PARTICIPATION:4313|R-HSA-1592389	4313	MMP2	ENSG00000087245	Reactome:R-HSA-1592389	R-HSA-1592389	TAS	Reactome
REACTOME_PARTICIPATION:4313|R-HSA-381426	4313	MMP2	ENSG00000087245	Reactome:R-HSA-381426	R-HSA-381426	TAS	Reactome
REACTOME_PARTICIPATION:4313|R-HSA-3928665	4313	MMP2	ENSG00000087245	Reactome:R-HSA-3928665	R-HSA-3928665	TAS	Reactome
REACTOME_PARTICIPATION:4313|R-HSA-5687128	4313	MMP2	ENSG00000087245	Reactome:R-HSA-5687128	R-HSA-5687128	TAS	Reactome
REACTOME_PARTICIPATION:4313|R-HSA-6785807	4313	MMP2	ENSG00000087245	Reactome:R-HSA-6785807	R-HSA-6785807	TAS	Reactome
REACTOME_PARTICIPATION:4313|R-HSA-9009391	4313	MMP2	ENSG00000087245	Reactome:R-HSA-9009391	R-HSA-9009391	TAS	Reactome
REACTOME_PARTICIPATION:4318|R-HSA-1433557	4318	MMP9	ENSG00000100985	Reactome:R-HSA-1433557	R-HSA-1433557	TAS	Reactome
REACTOME_PARTICIPATION:4318|R-HSA-1442490	4318	MMP9	ENSG00000100985	Reactome:R-HSA-1442490	R-HSA-1442490	TAS	Reactome
REACTOME_PARTICIPATION:4318|R-HSA-1474228	4318	MMP9	ENSG00000100985	Reactome:R-HSA-1474228	R-HSA-1474228	IEA	Reactome
REACTOME_PARTICIPATION:4318|R-HSA-1592389	4318	MMP9	ENSG00000100985	Reactome:R-HSA-1592389	R-HSA-1592389	TAS	Reactome
REACTOME_PARTICIPATION:4318|R-HSA-2022090	4318	MMP9	ENSG00000100985	Reactome:R-HSA-2022090	R-HSA-2022090	TAS	Reactome
REACTOME_PARTICIPATION:4318|R-HSA-3928665	4318	MMP9	ENSG00000100985	Reactome:R-HSA-3928665	R-HSA-3928665	TAS	Reactome
REACTOME_PARTICIPATION:4318|R-HSA-6785807	4318	MMP9	ENSG00000100985	Reactome:R-HSA-6785807	R-HSA-6785807	TAS	Reactome
REACTOME_PARTICIPATION:4318|R-HSA-6798695	4318	MMP9	ENSG00000100985	Reactome:R-HSA-6798695	R-HSA-6798695	TAS	Reactome
REACTOME_PARTICIPATION:4318|R-HSA-9009391	4318	MMP9	ENSG00000100985	Reactome:R-HSA-9009391	R-HSA-9009391	TAS	Reactome
REACTOME_PARTICIPATION:4318|R-HSA-9918481	4318	MMP9	ENSG00000100985	Reactome:R-HSA-9918481	R-HSA-9918481	TAS	Reactome
REACTOME_PARTICIPATION:4323|R-HSA-1442490	4323	MMP14	ENSG00000157227	Reactome:R-HSA-1442490	R-HSA-1442490	TAS	Reactome
REACTOME_PARTICIPATION:4323|R-HSA-1474228	4323	MMP14	ENSG00000157227	Reactome:R-HSA-1474228	R-HSA-1474228	IEA	Reactome
REACTOME_PARTICIPATION:4323|R-HSA-1592389	4323	MMP14	ENSG00000157227	Reactome:R-HSA-1592389	R-HSA-1592389	TAS	Reactome
REACTOME_PARTICIPATION:4323|R-HSA-9839383	4323	MMP14	ENSG00000157227	Reactome:R-HSA-9839383	R-HSA-9839383	TAS	Reactome
REACTOME_PARTICIPATION:4323|R-HSA-9856530	4323	MMP14	ENSG00000157227	Reactome:R-HSA-9856530	R-HSA-9856530	IEA	Reactome
REACTOME_PARTICIPATION:4353|R-HSA-6798695	4353	MPO	ENSG00000005381	Reactome:R-HSA-6798695	R-HSA-6798695	TAS	Reactome
REACTOME_PARTICIPATION:4353|R-HSA-8941413	4353	MPO	ENSG00000005381	Reactome:R-HSA-8941413	R-HSA-8941413	TAS	Reactome
REACTOME_PARTICIPATION:4439|R-HSA-912446	4439	MSH5	ENSG00000204410	Reactome:R-HSA-912446	R-HSA-912446	IEA	Reactome
REACTOME_PARTICIPATION:445|R-HSA-70635	445	ASS1	ENSG00000130707	Reactome:R-HSA-70635	R-HSA-70635	TAS	Reactome
REACTOME_PARTICIPATION:445|R-HSA-9956520	445	ASS1	ENSG00000130707	Reactome:R-HSA-9956520	R-HSA-9956520	TAS	Reactome
REACTOME_PARTICIPATION:4489|R-HSA-5661231	4489	MT1A	ENSG00000205362	Reactome:R-HSA-5661231	R-HSA-5661231	IEA	Reactome
REACTOME_PARTICIPATION:4493|R-HSA-5661231	4493	MT1E	ENSG00000169715	Reactome:R-HSA-5661231	R-HSA-5661231	IEA	Reactome
REACTOME_PARTICIPATION:4502|R-HSA-5661231	4502	MT2A	ENSG00000125148	Reactome:R-HSA-5661231	R-HSA-5661231	IEA	Reactome
REACTOME_PARTICIPATION:4502|R-HSA-877300	4502	MT2A	ENSG00000125148	Reactome:R-HSA-877300	R-HSA-877300	TAS	Reactome
REACTOME_PARTICIPATION:4524|R-HSA-196757	4524	MTHFR	ENSG00000177000	Reactome:R-HSA-196757	R-HSA-196757	TAS	Reactome
REACTOME_PARTICIPATION:4547|R-HSA-8866423	4547	MTTP	ENSG00000138823	Reactome:R-HSA-8866423	R-HSA-8866423	TAS	Reactome
REACTOME_PARTICIPATION:4547|R-HSA-8963888	4547	MTTP	ENSG00000138823	Reactome:R-HSA-8963888	R-HSA-8963888	TAS	Reactome
REACTOME_PARTICIPATION:4547|R-HSA-8964041	4547	MTTP	ENSG00000138823	Reactome:R-HSA-8964041	R-HSA-8964041	TAS	Reactome
REACTOME_PARTICIPATION:4552|R-HSA-156581	4552	MTRR	ENSG00000124275	Reactome:R-HSA-156581	R-HSA-156581	TAS	Reactome
REACTOME_PARTICIPATION:4552|R-HSA-1614635	4552	MTRR	ENSG00000124275	Reactome:R-HSA-1614635	R-HSA-1614635	TAS	Reactome
REACTOME_PARTICIPATION:4552|R-HSA-3359467	4552	MTRR	ENSG00000124275	Reactome:R-HSA-3359467	R-HSA-3359467	TAS	Reactome
REACTOME_PARTICIPATION:4552|R-HSA-3359469	4552	MTRR	ENSG00000124275	Reactome:R-HSA-3359469	R-HSA-3359469	TAS	Reactome
REACTOME_PARTICIPATION:4552|R-HSA-9759218	4552	MTRR	ENSG00000124275	Reactome:R-HSA-9759218	R-HSA-9759218	TAS	Reactome
REACTOME_PARTICIPATION:4598|R-HSA-2426168	4598	MVK	ENSG00000110921	Reactome:R-HSA-2426168	R-HSA-2426168	TAS	Reactome
REACTOME_PARTICIPATION:4598|R-HSA-9969896	4598	MVK	ENSG00000110921	Reactome:R-HSA-9969896	R-HSA-9969896	TAS	Reactome
REACTOME_PARTICIPATION:4605|R-HSA-1362300	4605	MYBL2	ENSG00000101057	Reactome:R-HSA-1362300	R-HSA-1362300	IEA	Reactome
REACTOME_PARTICIPATION:4605|R-HSA-156711	4605	MYBL2	ENSG00000101057	Reactome:R-HSA-156711	R-HSA-156711	TAS	Reactome
REACTOME_PARTICIPATION:4605|R-HSA-8869496	4605	MYBL2	ENSG00000101057	Reactome:R-HSA-8869496	R-HSA-8869496	TAS	Reactome
REACTOME_PARTICIPATION:4609|R-HSA-1362277	4609	MYC	ENSG00000136997	Reactome:R-HSA-1362277	R-HSA-1362277	TAS	Reactome
REACTOME_PARTICIPATION:4609|R-HSA-201556	4609	MYC	ENSG00000136997	Reactome:R-HSA-201556	R-HSA-201556	TAS	Reactome
REACTOME_PARTICIPATION:4609|R-HSA-201722	4609	MYC	ENSG00000136997	Reactome:R-HSA-201722	R-HSA-201722	TAS	Reactome
REACTOME_PARTICIPATION:4609|R-HSA-2122947	4609	MYC	ENSG00000136997	Reactome:R-HSA-2122947	R-HSA-2122947	TAS	Reactome
REACTOME_PARTICIPATION:4609|R-HSA-2173796	4609	MYC	ENSG00000136997	Reactome:R-HSA-2173796	R-HSA-2173796	TAS	Reactome
REACTOME_PARTICIPATION:4609|R-HSA-2644606	4609	MYC	ENSG00000136997	Reactome:R-HSA-2644606	R-HSA-2644606	TAS	Reactome
REACTOME_PARTICIPATION:4609|R-HSA-2894862	4609	MYC	ENSG00000136997	Reactome:R-HSA-2894862	R-HSA-2894862	TAS	Reactome
REACTOME_PARTICIPATION:4609|R-HSA-4086398	4609	MYC	ENSG00000136997	Reactome:R-HSA-4086398	R-HSA-4086398	TAS	Reactome
REACTOME_PARTICIPATION:4609|R-HSA-4411364	4609	MYC	ENSG00000136997	Reactome:R-HSA-4411364	R-HSA-4411364	TAS	Reactome
REACTOME_PARTICIPATION:4609|R-HSA-4641265	4609	MYC	ENSG00000136997	Reactome:R-HSA-4641265	R-HSA-4641265	IEA	Reactome
REACTOME_PARTICIPATION:4609|R-HSA-5687128	4609	MYC	ENSG00000136997	Reactome:R-HSA-5687128	R-HSA-5687128	TAS	Reactome
REACTOME_PARTICIPATION:4609|R-HSA-5689880	4609	MYC	ENSG00000136997	Reactome:R-HSA-5689880	R-HSA-5689880	TAS	Reactome
REACTOME_PARTICIPATION:4609|R-HSA-6785807	4609	MYC	ENSG00000136997	Reactome:R-HSA-6785807	R-HSA-6785807	TAS	Reactome
REACTOME_PARTICIPATION:4609|R-HSA-69202	4609	MYC	ENSG00000136997	Reactome:R-HSA-69202	R-HSA-69202	TAS	Reactome
REACTOME_PARTICIPATION:4609|R-HSA-69656	4609	MYC	ENSG00000136997	Reactome:R-HSA-69656	R-HSA-69656	TAS	Reactome
REACTOME_PARTICIPATION:4609|R-HSA-8866911	4609	MYC	ENSG00000136997	Reactome:R-HSA-8866911	R-HSA-8866911	TAS	Reactome
REACTOME_PARTICIPATION:4609|R-HSA-8951430	4609	MYC	ENSG00000136997	Reactome:R-HSA-8951430	R-HSA-8951430	TAS	Reactome
REACTOME_PARTICIPATION:4609|R-HSA-9018519	4609	MYC	ENSG00000136997	Reactome:R-HSA-9018519	R-HSA-9018519	TAS	Reactome
REACTOME_PARTICIPATION:4609|R-HSA-9616222	4609	MYC	ENSG00000136997	Reactome:R-HSA-9616222	R-HSA-9616222	TAS	Reactome
REACTOME_PARTICIPATION:4609|R-HSA-9764562	4609	MYC	ENSG00000136997	Reactome:R-HSA-9764562	R-HSA-9764562	TAS	Reactome
REACTOME_PARTICIPATION:4609|R-HSA-9818749	4609	MYC	ENSG00000136997	Reactome:R-HSA-9818749	R-HSA-9818749	TAS	Reactome
REACTOME_PARTICIPATION:4609|R-HSA-9909649	4609	MYC	ENSG00000136997	Reactome:R-HSA-9909649	R-HSA-9909649	TAS	Reactome
REACTOME_PARTICIPATION:4615|R-HSA-1236974	4615	MYD88	ENSG00000172936	Reactome:R-HSA-1236974	R-HSA-1236974	TAS	Reactome
REACTOME_PARTICIPATION:4615|R-HSA-1257604	4615	MYD88	ENSG00000172936	Reactome:R-HSA-1257604	R-HSA-1257604	TAS	Reactome
REACTOME_PARTICIPATION:4615|R-HSA-166058	4615	MYD88	ENSG00000172936	Reactome:R-HSA-166058	R-HSA-166058	TAS	Reactome
REACTOME_PARTICIPATION:4615|R-HSA-1810476	4615	MYD88	ENSG00000172936	Reactome:R-HSA-1810476	R-HSA-1810476	TAS	Reactome
REACTOME_PARTICIPATION:4615|R-HSA-209543	4615	MYD88	ENSG00000172936	Reactome:R-HSA-209543	R-HSA-209543	IEA	Reactome
REACTOME_PARTICIPATION:4615|R-HSA-3134963	4615	MYD88	ENSG00000172936	Reactome:R-HSA-3134963	R-HSA-3134963	TAS	Reactome
REACTOME_PARTICIPATION:4615|R-HSA-5602498	4615	MYD88	ENSG00000172936	Reactome:R-HSA-5602498	R-HSA-5602498	TAS	Reactome
REACTOME_PARTICIPATION:4615|R-HSA-5602680	4615	MYD88	ENSG00000172936	Reactome:R-HSA-5602680	R-HSA-5602680	TAS	Reactome
REACTOME_PARTICIPATION:4615|R-HSA-5603037	4615	MYD88	ENSG00000172936	Reactome:R-HSA-5603037	R-HSA-5603037	TAS	Reactome
REACTOME_PARTICIPATION:4615|R-HSA-5603041	4615	MYD88	ENSG00000172936	Reactome:R-HSA-5603041	R-HSA-5603041	TAS	Reactome
REACTOME_PARTICIPATION:4615|R-HSA-6811558	4615	MYD88	ENSG00000172936	Reactome:R-HSA-6811558	R-HSA-6811558	TAS	Reactome
REACTOME_PARTICIPATION:4615|R-HSA-9020702	4615	MYD88	ENSG00000172936	Reactome:R-HSA-9020702	R-HSA-9020702	TAS	Reactome
REACTOME_PARTICIPATION:4615|R-HSA-975110	4615	MYD88	ENSG00000172936	Reactome:R-HSA-975110	R-HSA-975110	TAS	Reactome
REACTOME_PARTICIPATION:4615|R-HSA-975138	4615	MYD88	ENSG00000172936	Reactome:R-HSA-975138	R-HSA-975138	TAS	Reactome
REACTOME_PARTICIPATION:4615|R-HSA-975155	4615	MYD88	ENSG00000172936	Reactome:R-HSA-975155	R-HSA-975155	TAS	Reactome
REACTOME_PARTICIPATION:4615|R-HSA-975871	4615	MYD88	ENSG00000172936	Reactome:R-HSA-975871	R-HSA-975871	TAS	Reactome
REACTOME_PARTICIPATION:463|R-HSA-8941855	463	ZFHX3	ENSG00000140836	Reactome:R-HSA-8941855	R-HSA-8941855	TAS	Reactome
REACTOME_PARTICIPATION:4683|R-HSA-2559586	4683	NBN	ENSG00000104320	Reactome:R-HSA-2559586	R-HSA-2559586	TAS	Reactome
REACTOME_PARTICIPATION:4683|R-HSA-5685938	4683	NBN	ENSG00000104320	Reactome:R-HSA-5685938	R-HSA-5685938	TAS	Reactome
REACTOME_PARTICIPATION:4683|R-HSA-5685939	4683	NBN	ENSG00000104320	Reactome:R-HSA-5685939	R-HSA-5685939	TAS	Reactome
REACTOME_PARTICIPATION:4683|R-HSA-5685942	4683	NBN	ENSG00000104320	Reactome:R-HSA-5685942	R-HSA-5685942	TAS	Reactome
REACTOME_PARTICIPATION:4683|R-HSA-5693548	4683	NBN	ENSG00000104320	Reactome:R-HSA-5693548	R-HSA-5693548	TAS	Reactome
REACTOME_PARTICIPATION:4683|R-HSA-5693554	4683	NBN	ENSG00000104320	Reactome:R-HSA-5693554	R-HSA-5693554	TAS	Reactome
REACTOME_PARTICIPATION:4683|R-HSA-5693565	4683	NBN	ENSG00000104320	Reactome:R-HSA-5693565	R-HSA-5693565	TAS	Reactome
REACTOME_PARTICIPATION:4683|R-HSA-5693568	4683	NBN	ENSG00000104320	Reactome:R-HSA-5693568	R-HSA-5693568	TAS	Reactome
REACTOME_PARTICIPATION:4683|R-HSA-5693571	4683	NBN	ENSG00000104320	Reactome:R-HSA-5693571	R-HSA-5693571	TAS	Reactome
REACTOME_PARTICIPATION:4683|R-HSA-5693579	4683	NBN	ENSG00000104320	Reactome:R-HSA-5693579	R-HSA-5693579	TAS	Reactome
REACTOME_PARTICIPATION:4683|R-HSA-5693607	4683	NBN	ENSG00000104320	Reactome:R-HSA-5693607	R-HSA-5693607	TAS	Reactome
REACTOME_PARTICIPATION:4683|R-HSA-5693616	4683	NBN	ENSG00000104320	Reactome:R-HSA-5693616	R-HSA-5693616	TAS	Reactome
REACTOME_PARTICIPATION:4683|R-HSA-6804756	4683	NBN	ENSG00000104320	Reactome:R-HSA-6804756	R-HSA-6804756	TAS	Reactome
REACTOME_PARTICIPATION:4683|R-HSA-69473	4683	NBN	ENSG00000104320	Reactome:R-HSA-69473	R-HSA-69473	TAS	Reactome
REACTOME_PARTICIPATION:4683|R-HSA-912446	4683	NBN	ENSG00000104320	Reactome:R-HSA-912446	R-HSA-912446	IEA	Reactome
REACTOME_PARTICIPATION:4683|R-HSA-9701192	4683	NBN	ENSG00000104320	Reactome:R-HSA-9701192	R-HSA-9701192	TAS	Reactome
REACTOME_PARTICIPATION:4683|R-HSA-9704331	4683	NBN	ENSG00000104320	Reactome:R-HSA-9704331	R-HSA-9704331	TAS	Reactome
REACTOME_PARTICIPATION:4683|R-HSA-9704646	4683	NBN	ENSG00000104320	Reactome:R-HSA-9704646	R-HSA-9704646	TAS	Reactome
REACTOME_PARTICIPATION:4683|R-HSA-9709570	4683	NBN	ENSG00000104320	Reactome:R-HSA-9709570	R-HSA-9709570	TAS	Reactome
REACTOME_PARTICIPATION:4683|R-HSA-9709603	4683	NBN	ENSG00000104320	Reactome:R-HSA-9709603	R-HSA-9709603	TAS	Reactome
REACTOME_PARTICIPATION:472|R-HSA-2559586	472	ATM	ENSG00000149311	Reactome:R-HSA-2559586	R-HSA-2559586	TAS	Reactome
REACTOME_PARTICIPATION:472|R-HSA-3371453	472	ATM	ENSG00000149311	Reactome:R-HSA-3371453	R-HSA-3371453	TAS	Reactome
REACTOME_PARTICIPATION:472|R-HSA-349425	472	ATM	ENSG00000149311	Reactome:R-HSA-349425	R-HSA-349425	TAS	Reactome
REACTOME_PARTICIPATION:472|R-HSA-5685938	472	ATM	ENSG00000149311	Reactome:R-HSA-5685938	R-HSA-5685938	TAS	Reactome
REACTOME_PARTICIPATION:472|R-HSA-5685942	472	ATM	ENSG00000149311	Reactome:R-HSA-5685942	R-HSA-5685942	TAS	Reactome
REACTOME_PARTICIPATION:472|R-HSA-5693548	472	ATM	ENSG00000149311	Reactome:R-HSA-5693548	R-HSA-5693548	TAS	Reactome
REACTOME_PARTICIPATION:472|R-HSA-5693554	472	ATM	ENSG00000149311	Reactome:R-HSA-5693554	R-HSA-5693554	TAS	Reactome
REACTOME_PARTICIPATION:472|R-HSA-5693565	472	ATM	ENSG00000149311	Reactome:R-HSA-5693565	R-HSA-5693565	TAS	Reactome
REACTOME_PARTICIPATION:472|R-HSA-5693568	472	ATM	ENSG00000149311	Reactome:R-HSA-5693568	R-HSA-5693568	TAS	Reactome
REACTOME_PARTICIPATION:472|R-HSA-5693571	472	ATM	ENSG00000149311	Reactome:R-HSA-5693571	R-HSA-5693571	TAS	Reactome
REACTOME_PARTICIPATION:472|R-HSA-5693579	472	ATM	ENSG00000149311	Reactome:R-HSA-5693579	R-HSA-5693579	TAS	Reactome
REACTOME_PARTICIPATION:472|R-HSA-5693607	472	ATM	ENSG00000149311	Reactome:R-HSA-5693607	R-HSA-5693607	TAS	Reactome
REACTOME_PARTICIPATION:472|R-HSA-5693616	472	ATM	ENSG00000149311	Reactome:R-HSA-5693616	R-HSA-5693616	TAS	Reactome
REACTOME_PARTICIPATION:472|R-HSA-6796648	472	ATM	ENSG00000149311	Reactome:R-HSA-6796648	R-HSA-6796648	TAS	Reactome
REACTOME_PARTICIPATION:472|R-HSA-6803204	472	ATM	ENSG00000149311	Reactome:R-HSA-6803204	R-HSA-6803204	TAS	Reactome
REACTOME_PARTICIPATION:472|R-HSA-6803207	472	ATM	ENSG00000149311	Reactome:R-HSA-6803207	R-HSA-6803207	TAS	Reactome
REACTOME_PARTICIPATION:472|R-HSA-6804756	472	ATM	ENSG00000149311	Reactome:R-HSA-6804756	R-HSA-6804756	TAS	Reactome
REACTOME_PARTICIPATION:472|R-HSA-6804757	472	ATM	ENSG00000149311	Reactome:R-HSA-6804757	R-HSA-6804757	TAS	Reactome
REACTOME_PARTICIPATION:472|R-HSA-6804760	472	ATM	ENSG00000149311	Reactome:R-HSA-6804760	R-HSA-6804760	TAS	Reactome
REACTOME_PARTICIPATION:472|R-HSA-69473	472	ATM	ENSG00000149311	Reactome:R-HSA-69473	R-HSA-69473	TAS	Reactome
REACTOME_PARTICIPATION:472|R-HSA-69541	472	ATM	ENSG00000149311	Reactome:R-HSA-69541	R-HSA-69541	TAS	Reactome
REACTOME_PARTICIPATION:472|R-HSA-912446	472	ATM	ENSG00000149311	Reactome:R-HSA-912446	R-HSA-912446	IEA	Reactome
REACTOME_PARTICIPATION:472|R-HSA-9664873	472	ATM	ENSG00000149311	Reactome:R-HSA-9664873	R-HSA-9664873	TAS	Reactome
REACTOME_PARTICIPATION:472|R-HSA-9701192	472	ATM	ENSG00000149311	Reactome:R-HSA-9701192	R-HSA-9701192	TAS	Reactome
REACTOME_PARTICIPATION:472|R-HSA-9704331	472	ATM	ENSG00000149311	Reactome:R-HSA-9704331	R-HSA-9704331	TAS	Reactome
REACTOME_PARTICIPATION:472|R-HSA-9704646	472	ATM	ENSG00000149311	Reactome:R-HSA-9704646	R-HSA-9704646	TAS	Reactome
REACTOME_PARTICIPATION:472|R-HSA-9709570	472	ATM	ENSG00000149311	Reactome:R-HSA-9709570	R-HSA-9709570	TAS	Reactome
REACTOME_PARTICIPATION:472|R-HSA-9709603	472	ATM	ENSG00000149311	Reactome:R-HSA-9709603	R-HSA-9709603	TAS	Reactome
REACTOME_PARTICIPATION:4751|R-HSA-179409	4751	NEK2	ENSG00000117650	Reactome:R-HSA-179409	R-HSA-179409	TAS	Reactome
REACTOME_PARTICIPATION:4751|R-HSA-2565942	4751	NEK2	ENSG00000117650	Reactome:R-HSA-2565942	R-HSA-2565942	TAS	Reactome
REACTOME_PARTICIPATION:4751|R-HSA-380259	4751	NEK2	ENSG00000117650	Reactome:R-HSA-380259	R-HSA-380259	TAS	Reactome
REACTOME_PARTICIPATION:4751|R-HSA-380270	4751	NEK2	ENSG00000117650	Reactome:R-HSA-380270	R-HSA-380270	TAS	Reactome
REACTOME_PARTICIPATION:4751|R-HSA-380284	4751	NEK2	ENSG00000117650	Reactome:R-HSA-380284	R-HSA-380284	TAS	Reactome
REACTOME_PARTICIPATION:4751|R-HSA-380320	4751	NEK2	ENSG00000117650	Reactome:R-HSA-380320	R-HSA-380320	TAS	Reactome
REACTOME_PARTICIPATION:4751|R-HSA-5620912	4751	NEK2	ENSG00000117650	Reactome:R-HSA-5620912	R-HSA-5620912	TAS	Reactome
REACTOME_PARTICIPATION:4751|R-HSA-8854518	4751	NEK2	ENSG00000117650	Reactome:R-HSA-8854518	R-HSA-8854518	TAS	Reactome
REACTOME_PARTICIPATION:4751|R-HSA-9918481	4751	NEK2	ENSG00000117650	Reactome:R-HSA-9918481	R-HSA-9918481	TAS	Reactome
REACTOME_PARTICIPATION:4751|R-HSA-9929356	4751	NEK2	ENSG00000117650	Reactome:R-HSA-9929356	R-HSA-9929356	TAS	Reactome
REACTOME_PARTICIPATION:4771|R-HSA-2029482	4771	NF2	ENSG00000186575	Reactome:R-HSA-2029482	R-HSA-2029482	TAS	Reactome
REACTOME_PARTICIPATION:4771|R-HSA-5627123	4771	NF2	ENSG00000186575	Reactome:R-HSA-5627123	R-HSA-5627123	TAS	Reactome
REACTOME_PARTICIPATION:4780|R-HSA-8951664	4780	NFE2L2	ENSG00000116044	Reactome:R-HSA-8951664	R-HSA-8951664	TAS	Reactome
REACTOME_PARTICIPATION:4780|R-HSA-9679191	4780	NFE2L2	ENSG00000116044	Reactome:R-HSA-9679191	R-HSA-9679191	TAS	Reactome
REACTOME_PARTICIPATION:4780|R-HSA-9707587	4780	NFE2L2	ENSG00000116044	Reactome:R-HSA-9707587	R-HSA-9707587	TAS	Reactome
REACTOME_PARTICIPATION:4780|R-HSA-9707616	4780	NFE2L2	ENSG00000116044	Reactome:R-HSA-9707616	R-HSA-9707616	TAS	Reactome
REACTOME_PARTICIPATION:4780|R-HSA-9755511	4780	NFE2L2	ENSG00000116044	Reactome:R-HSA-9755511	R-HSA-9755511	IEA	Reactome
REACTOME_PARTICIPATION:4780|R-HSA-9759194	4780	NFE2L2	ENSG00000116044	Reactome:R-HSA-9759194	R-HSA-9759194	TAS	Reactome
REACTOME_PARTICIPATION:4780|R-HSA-9762114	4780	NFE2L2	ENSG00000116044	Reactome:R-HSA-9762114	R-HSA-9762114	TAS	Reactome
REACTOME_PARTICIPATION:4780|R-HSA-9818025	4780	NFE2L2	ENSG00000116044	Reactome:R-HSA-9818025	R-HSA-9818025	TAS	Reactome
REACTOME_PARTICIPATION:4780|R-HSA-9818026	4780	NFE2L2	ENSG00000116044	Reactome:R-HSA-9818026	R-HSA-9818026	TAS	Reactome
REACTOME_PARTICIPATION:4780|R-HSA-9818027	4780	NFE2L2	ENSG00000116044	Reactome:R-HSA-9818027	R-HSA-9818027	IEA	Reactome
REACTOME_PARTICIPATION:4780|R-HSA-9818028	4780	NFE2L2	ENSG00000116044	Reactome:R-HSA-9818028	R-HSA-9818028	TAS	Reactome
REACTOME_PARTICIPATION:4780|R-HSA-9818030	4780	NFE2L2	ENSG00000116044	Reactome:R-HSA-9818030	R-HSA-9818030	TAS	Reactome
REACTOME_PARTICIPATION:4780|R-HSA-9818032	4780	NFE2L2	ENSG00000116044	Reactome:R-HSA-9818032	R-HSA-9818032	TAS	Reactome
REACTOME_PARTICIPATION:4780|R-HSA-9818035	4780	NFE2L2	ENSG00000116044	Reactome:R-HSA-9818035	R-HSA-9818035	TAS	Reactome
REACTOME_PARTICIPATION:4780|R-HSA-9818749	4780	NFE2L2	ENSG00000116044	Reactome:R-HSA-9818749	R-HSA-9818749	TAS	Reactome
REACTOME_PARTICIPATION:4780|R-HSA-9909649	4780	NFE2L2	ENSG00000116044	Reactome:R-HSA-9909649	R-HSA-9909649	TAS	Reactome
REACTOME_PARTICIPATION:4780|R-HSA-9943962	4780	NFE2L2	ENSG00000116044	Reactome:R-HSA-9943962	R-HSA-9943962	TAS	Reactome
REACTOME_PARTICIPATION:4790|R-HSA-1169091	4790	NFKB1	ENSG00000109320	Reactome:R-HSA-1169091	R-HSA-1169091	TAS	Reactome
REACTOME_PARTICIPATION:4790|R-HSA-1810476	4790	NFKB1	ENSG00000109320	Reactome:R-HSA-1810476	R-HSA-1810476	TAS	Reactome
REACTOME_PARTICIPATION:4790|R-HSA-193692	4790	NFKB1	ENSG00000109320	Reactome:R-HSA-193692	R-HSA-193692	TAS	Reactome
REACTOME_PARTICIPATION:4790|R-HSA-202424	4790	NFKB1	ENSG00000109320	Reactome:R-HSA-202424	R-HSA-202424	TAS	Reactome
REACTOME_PARTICIPATION:4790|R-HSA-209560	4790	NFKB1	ENSG00000109320	Reactome:R-HSA-209560	R-HSA-209560	TAS	Reactome
REACTOME_PARTICIPATION:4790|R-HSA-2559582	4790	NFKB1	ENSG00000109320	Reactome:R-HSA-2559582	R-HSA-2559582	TAS	Reactome
REACTOME_PARTICIPATION:4790|R-HSA-2871837	4790	NFKB1	ENSG00000109320	Reactome:R-HSA-2871837	R-HSA-2871837	TAS	Reactome
REACTOME_PARTICIPATION:4790|R-HSA-3134963	4790	NFKB1	ENSG00000109320	Reactome:R-HSA-3134963	R-HSA-3134963	TAS	Reactome
REACTOME_PARTICIPATION:4790|R-HSA-3214841	4790	NFKB1	ENSG00000109320	Reactome:R-HSA-3214841	R-HSA-3214841	TAS	Reactome
REACTOME_PARTICIPATION:4790|R-HSA-381340	4790	NFKB1	ENSG00000109320	Reactome:R-HSA-381340	R-HSA-381340	IEA	Reactome
REACTOME_PARTICIPATION:4790|R-HSA-445989	4790	NFKB1	ENSG00000109320	Reactome:R-HSA-445989	R-HSA-445989	TAS	Reactome
REACTOME_PARTICIPATION:4790|R-HSA-448706	4790	NFKB1	ENSG00000109320	Reactome:R-HSA-448706	R-HSA-448706	TAS	Reactome
REACTOME_PARTICIPATION:4790|R-HSA-5603029	4790	NFKB1	ENSG00000109320	Reactome:R-HSA-5603029	R-HSA-5603029	TAS	Reactome
REACTOME_PARTICIPATION:4790|R-HSA-5607764	4790	NFKB1	ENSG00000109320	Reactome:R-HSA-5607764	R-HSA-5607764	TAS	Reactome
REACTOME_PARTICIPATION:4790|R-HSA-5621575	4790	NFKB1	ENSG00000109320	Reactome:R-HSA-5621575	R-HSA-5621575	TAS	Reactome
REACTOME_PARTICIPATION:4790|R-HSA-5660668	4790	NFKB1	ENSG00000109320	Reactome:R-HSA-5660668	R-HSA-5660668	TAS	Reactome
REACTOME_PARTICIPATION:4790|R-HSA-5684264	4790	NFKB1	ENSG00000109320	Reactome:R-HSA-5684264	R-HSA-5684264	TAS	Reactome
REACTOME_PARTICIPATION:4790|R-HSA-6798695	4790	NFKB1	ENSG00000109320	Reactome:R-HSA-6798695	R-HSA-6798695	TAS	Reactome
REACTOME_PARTICIPATION:4790|R-HSA-844456	4790	NFKB1	ENSG00000109320	Reactome:R-HSA-844456	R-HSA-844456	TAS	Reactome
REACTOME_PARTICIPATION:4790|R-HSA-8853884	4790	NFKB1	ENSG00000109320	Reactome:R-HSA-8853884	R-HSA-8853884	TAS	Reactome
REACTOME_PARTICIPATION:4790|R-HSA-9020702	4790	NFKB1	ENSG00000109320	Reactome:R-HSA-9020702	R-HSA-9020702	TAS	Reactome
REACTOME_PARTICIPATION:4790|R-HSA-933542	4790	NFKB1	ENSG00000109320	Reactome:R-HSA-933542	R-HSA-933542	TAS	Reactome
REACTOME_PARTICIPATION:4790|R-HSA-9609690	4790	NFKB1	ENSG00000109320	Reactome:R-HSA-9609690	R-HSA-9609690	TAS	Reactome
REACTOME_PARTICIPATION:4790|R-HSA-9660826	4790	NFKB1	ENSG00000109320	Reactome:R-HSA-9660826	R-HSA-9660826	TAS	Reactome
REACTOME_PARTICIPATION:4790|R-HSA-9692916	4790	NFKB1	ENSG00000109320	Reactome:R-HSA-9692916	R-HSA-9692916	TAS	Reactome
REACTOME_PARTICIPATION:4790|R-HSA-9818749	4790	NFKB1	ENSG00000109320	Reactome:R-HSA-9818749	R-HSA-9818749	TAS	Reactome
REACTOME_PARTICIPATION:4790|R-HSA-9860927	4790	NFKB1	ENSG00000109320	Reactome:R-HSA-9860927	R-HSA-9860927	TAS	Reactome
REACTOME_PARTICIPATION:4790|R-HSA-9909649	4790	NFKB1	ENSG00000109320	Reactome:R-HSA-9909649	R-HSA-9909649	TAS	Reactome
REACTOME_PARTICIPATION:4790|R-HSA-9958825	4790	NFKB1	ENSG00000109320	Reactome:R-HSA-9958825	R-HSA-9958825	TAS	Reactome
REACTOME_PARTICIPATION:4792|R-HSA-1169091	4792	NFKBIA	ENSG00000100906	Reactome:R-HSA-1169091	R-HSA-1169091	TAS	Reactome
REACTOME_PARTICIPATION:4792|R-HSA-1810476	4792	NFKBIA	ENSG00000100906	Reactome:R-HSA-1810476	R-HSA-1810476	TAS	Reactome
REACTOME_PARTICIPATION:4792|R-HSA-202424	4792	NFKBIA	ENSG00000100906	Reactome:R-HSA-202424	R-HSA-202424	TAS	Reactome
REACTOME_PARTICIPATION:4792|R-HSA-209560	4792	NFKBIA	ENSG00000100906	Reactome:R-HSA-209560	R-HSA-209560	TAS	Reactome
REACTOME_PARTICIPATION:4792|R-HSA-2871837	4792	NFKBIA	ENSG00000100906	Reactome:R-HSA-2871837	R-HSA-2871837	TAS	Reactome
REACTOME_PARTICIPATION:4792|R-HSA-445989	4792	NFKBIA	ENSG00000100906	Reactome:R-HSA-445989	R-HSA-445989	TAS	Reactome
REACTOME_PARTICIPATION:4792|R-HSA-4755510	4792	NFKBIA	ENSG00000100906	Reactome:R-HSA-4755510	R-HSA-4755510	TAS	Reactome
REACTOME_PARTICIPATION:4792|R-HSA-5603029	4792	NFKBIA	ENSG00000100906	Reactome:R-HSA-5603029	R-HSA-5603029	TAS	Reactome
REACTOME_PARTICIPATION:4792|R-HSA-5607764	4792	NFKBIA	ENSG00000100906	Reactome:R-HSA-5607764	R-HSA-5607764	TAS	Reactome
REACTOME_PARTICIPATION:4792|R-HSA-5689880	4792	NFKBIA	ENSG00000100906	Reactome:R-HSA-5689880	R-HSA-5689880	TAS	Reactome
REACTOME_PARTICIPATION:4792|R-HSA-9020702	4792	NFKBIA	ENSG00000100906	Reactome:R-HSA-9020702	R-HSA-9020702	TAS	Reactome
REACTOME_PARTICIPATION:4792|R-HSA-933542	4792	NFKBIA	ENSG00000100906	Reactome:R-HSA-933542	R-HSA-933542	TAS	Reactome
REACTOME_PARTICIPATION:4792|R-HSA-9692916	4792	NFKBIA	ENSG00000100906	Reactome:R-HSA-9692916	R-HSA-9692916	TAS	Reactome
REACTOME_PARTICIPATION:4792|R-HSA-9860927	4792	NFKBIA	ENSG00000100906	Reactome:R-HSA-9860927	R-HSA-9860927	TAS	Reactome
REACTOME_PARTICIPATION:4792|R-HSA-9920951	4792	NFKBIA	ENSG00000100906	Reactome:R-HSA-9920951	R-HSA-9920951	TAS	Reactome
REACTOME_PARTICIPATION:47|R-HSA-163765	47	ACLY	ENSG00000131473	Reactome:R-HSA-163765	R-HSA-163765	TAS	Reactome
REACTOME_PARTICIPATION:47|R-HSA-6798695	47	ACLY	ENSG00000131473	Reactome:R-HSA-6798695	R-HSA-6798695	TAS	Reactome
REACTOME_PARTICIPATION:47|R-HSA-75105	47	ACLY	ENSG00000131473	Reactome:R-HSA-75105	R-HSA-75105	TAS	Reactome
REACTOME_PARTICIPATION:4830|R-HSA-499943	4830	NME1	ENSG00000239672	Reactome:R-HSA-499943	R-HSA-499943	TAS	Reactome
REACTOME_PARTICIPATION:4830|R-HSA-9748787	4830	NME1	ENSG00000239672	Reactome:R-HSA-9748787	R-HSA-9748787	TAS	Reactome
REACTOME_PARTICIPATION:4830|R-HSA-9755088	4830	NME1	ENSG00000239672	Reactome:R-HSA-9755088	R-HSA-9755088	TAS	Reactome
REACTOME_PARTICIPATION:4837|R-HSA-156581	4837	NNMT	ENSG00000166741	Reactome:R-HSA-156581	R-HSA-156581	TAS	Reactome
REACTOME_PARTICIPATION:4837|R-HSA-196807	4837	NNMT	ENSG00000166741	Reactome:R-HSA-196807	R-HSA-196807	TAS	Reactome
REACTOME_PARTICIPATION:4837|R-HSA-2408508	4837	NNMT	ENSG00000166741	Reactome:R-HSA-2408508	R-HSA-2408508	IEA	Reactome
REACTOME_PARTICIPATION:4854|R-HSA-1912399	4854	NOTCH3	ENSG00000074181	Reactome:R-HSA-1912399	R-HSA-1912399	IEA	Reactome
REACTOME_PARTICIPATION:4854|R-HSA-1912408	4854	NOTCH3	ENSG00000074181	Reactome:R-HSA-1912408	R-HSA-1912408	TAS	Reactome
REACTOME_PARTICIPATION:4854|R-HSA-1912420	4854	NOTCH3	ENSG00000074181	Reactome:R-HSA-1912420	R-HSA-1912420	IEA	Reactome
REACTOME_PARTICIPATION:4854|R-HSA-350054	4854	NOTCH3	ENSG00000074181	Reactome:R-HSA-350054	R-HSA-350054	TAS	Reactome
REACTOME_PARTICIPATION:4854|R-HSA-5083630	4854	NOTCH3	ENSG00000074181	Reactome:R-HSA-5083630	R-HSA-5083630	TAS	Reactome
REACTOME_PARTICIPATION:4854|R-HSA-9013507	4854	NOTCH3	ENSG00000074181	Reactome:R-HSA-9013507	R-HSA-9013507	IEA	Reactome
REACTOME_PARTICIPATION:4854|R-HSA-9013508	4854	NOTCH3	ENSG00000074181	Reactome:R-HSA-9013508	R-HSA-9013508	TAS	Reactome
REACTOME_PARTICIPATION:4854|R-HSA-9017802	4854	NOTCH3	ENSG00000074181	Reactome:R-HSA-9017802	R-HSA-9017802	TAS	Reactome
REACTOME_PARTICIPATION:4864|R-HSA-8964038	4864	NPC1	ENSG00000141458	Reactome:R-HSA-8964038	R-HSA-8964038	TAS	Reactome
REACTOME_PARTICIPATION:4878|R-HSA-2032785	4878	NPPA	ENSG00000175206	Reactome:R-HSA-2032785	R-HSA-2032785	TAS	Reactome
REACTOME_PARTICIPATION:4878|R-HSA-5578768	4878	NPPA	ENSG00000175206	Reactome:R-HSA-5578768	R-HSA-5578768	TAS	Reactome
REACTOME_PARTICIPATION:4878|R-HSA-977225	4878	NPPA	ENSG00000175206	Reactome:R-HSA-977225	R-HSA-977225	TAS	Reactome
REACTOME_PARTICIPATION:4893|R-HSA-112412	4893	NRAS	ENSG00000213281	Reactome:R-HSA-112412	R-HSA-112412	IEA	Reactome
REACTOME_PARTICIPATION:4893|R-HSA-1169092	4893	NRAS	ENSG00000213281	Reactome:R-HSA-1169092	R-HSA-1169092	TAS	Reactome
REACTOME_PARTICIPATION:4893|R-HSA-1236382	4893	NRAS	ENSG00000213281	Reactome:R-HSA-1236382	R-HSA-1236382	TAS	Reactome
REACTOME_PARTICIPATION:4893|R-HSA-1250196	4893	NRAS	ENSG00000213281	Reactome:R-HSA-1250196	R-HSA-1250196	IEA	Reactome
REACTOME_PARTICIPATION:4893|R-HSA-1250347	4893	NRAS	ENSG00000213281	Reactome:R-HSA-1250347	R-HSA-1250347	TAS	Reactome
REACTOME_PARTICIPATION:4893|R-HSA-1433557	4893	NRAS	ENSG00000213281	Reactome:R-HSA-1433557	R-HSA-1433557	TAS	Reactome
REACTOME_PARTICIPATION:4893|R-HSA-167044	4893	NRAS	ENSG00000213281	Reactome:R-HSA-167044	R-HSA-167044	IEA	Reactome
REACTOME_PARTICIPATION:4893|R-HSA-171007	4893	NRAS	ENSG00000213281	Reactome:R-HSA-171007	R-HSA-171007	IEA	Reactome
REACTOME_PARTICIPATION:4893|R-HSA-179812	4893	NRAS	ENSG00000213281	Reactome:R-HSA-179812	R-HSA-179812	TAS	Reactome
REACTOME_PARTICIPATION:4893|R-HSA-180336	4893	NRAS	ENSG00000213281	Reactome:R-HSA-180336	R-HSA-180336	TAS	Reactome
REACTOME_PARTICIPATION:4893|R-HSA-186763	4893	NRAS	ENSG00000213281	Reactome:R-HSA-186763	R-HSA-186763	TAS	Reactome
REACTOME_PARTICIPATION:4893|R-HSA-1963640	4893	NRAS	ENSG00000213281	Reactome:R-HSA-1963640	R-HSA-1963640	IEA	Reactome
REACTOME_PARTICIPATION:4893|R-HSA-210993	4893	NRAS	ENSG00000213281	Reactome:R-HSA-210993	R-HSA-210993	TAS	Reactome
REACTOME_PARTICIPATION:4893|R-HSA-2179392	4893	NRAS	ENSG00000213281	Reactome:R-HSA-2179392	R-HSA-2179392	TAS	Reactome
REACTOME_PARTICIPATION:4893|R-HSA-2424491	4893	NRAS	ENSG00000213281	Reactome:R-HSA-2424491	R-HSA-2424491	TAS	Reactome
REACTOME_PARTICIPATION:4893|R-HSA-2428933	4893	NRAS	ENSG00000213281	Reactome:R-HSA-2428933	R-HSA-2428933	IEA	Reactome
REACTOME_PARTICIPATION:4893|R-HSA-2871796	4893	NRAS	ENSG00000213281	Reactome:R-HSA-2871796	R-HSA-2871796	TAS	Reactome
REACTOME_PARTICIPATION:4893|R-HSA-375165	4893	NRAS	ENSG00000213281	Reactome:R-HSA-375165	R-HSA-375165	TAS	Reactome
REACTOME_PARTICIPATION:4893|R-HSA-442982	4893	NRAS	ENSG00000213281	Reactome:R-HSA-442982	R-HSA-442982	IEA	Reactome
REACTOME_PARTICIPATION:4893|R-HSA-5218921	4893	NRAS	ENSG00000213281	Reactome:R-HSA-5218921	R-HSA-5218921	TAS	Reactome
REACTOME_PARTICIPATION:4893|R-HSA-5621575	4893	NRAS	ENSG00000213281	Reactome:R-HSA-5621575	R-HSA-5621575	TAS	Reactome
REACTOME_PARTICIPATION:4893|R-HSA-5637810	4893	NRAS	ENSG00000213281	Reactome:R-HSA-5637810	R-HSA-5637810	TAS	Reactome
REACTOME_PARTICIPATION:4893|R-HSA-5654688	4893	NRAS	ENSG00000213281	Reactome:R-HSA-5654688	R-HSA-5654688	TAS	Reactome
REACTOME_PARTICIPATION:4893|R-HSA-5654693	4893	NRAS	ENSG00000213281	Reactome:R-HSA-5654693	R-HSA-5654693	TAS	Reactome
REACTOME_PARTICIPATION:4893|R-HSA-5654699	4893	NRAS	ENSG00000213281	Reactome:R-HSA-5654699	R-HSA-5654699	TAS	Reactome
REACTOME_PARTICIPATION:4893|R-HSA-5654700	4893	NRAS	ENSG00000213281	Reactome:R-HSA-5654700	R-HSA-5654700	TAS	Reactome
REACTOME_PARTICIPATION:4893|R-HSA-5654704	4893	NRAS	ENSG00000213281	Reactome:R-HSA-5654704	R-HSA-5654704	TAS	Reactome
REACTOME_PARTICIPATION:4893|R-HSA-5654706	4893	NRAS	ENSG00000213281	Reactome:R-HSA-5654706	R-HSA-5654706	TAS	Reactome
REACTOME_PARTICIPATION:4893|R-HSA-5654712	4893	NRAS	ENSG00000213281	Reactome:R-HSA-5654712	R-HSA-5654712	TAS	Reactome
REACTOME_PARTICIPATION:4893|R-HSA-5654719	4893	NRAS	ENSG00000213281	Reactome:R-HSA-5654719	R-HSA-5654719	TAS	Reactome
REACTOME_PARTICIPATION:4893|R-HSA-5655253	4893	NRAS	ENSG00000213281	Reactome:R-HSA-5655253	R-HSA-5655253	TAS	Reactome
REACTOME_PARTICIPATION:4893|R-HSA-5655291	4893	NRAS	ENSG00000213281	Reactome:R-HSA-5655291	R-HSA-5655291	TAS	Reactome
REACTOME_PARTICIPATION:4893|R-HSA-5655302	4893	NRAS	ENSG00000213281	Reactome:R-HSA-5655302	R-HSA-5655302	TAS	Reactome
REACTOME_PARTICIPATION:4893|R-HSA-5655332	4893	NRAS	ENSG00000213281	Reactome:R-HSA-5655332	R-HSA-5655332	TAS	Reactome
REACTOME_PARTICIPATION:4893|R-HSA-5658442	4893	NRAS	ENSG00000213281	Reactome:R-HSA-5658442	R-HSA-5658442	TAS	Reactome
REACTOME_PARTICIPATION:4893|R-HSA-5673000	4893	NRAS	ENSG00000213281	Reactome:R-HSA-5673000	R-HSA-5673000	TAS	Reactome
REACTOME_PARTICIPATION:4893|R-HSA-5673001	4893	NRAS	ENSG00000213281	Reactome:R-HSA-5673001	R-HSA-5673001	TAS	Reactome
REACTOME_PARTICIPATION:4893|R-HSA-5674135	4893	NRAS	ENSG00000213281	Reactome:R-HSA-5674135	R-HSA-5674135	TAS	Reactome
REACTOME_PARTICIPATION:4893|R-HSA-5675221	4893	NRAS	ENSG00000213281	Reactome:R-HSA-5675221	R-HSA-5675221	TAS	Reactome
REACTOME_PARTICIPATION:4893|R-HSA-6798695	4893	NRAS	ENSG00000213281	Reactome:R-HSA-6798695	R-HSA-6798695	TAS	Reactome
REACTOME_PARTICIPATION:4893|R-HSA-6802946	4893	NRAS	ENSG00000213281	Reactome:R-HSA-6802946	R-HSA-6802946	TAS	Reactome
REACTOME_PARTICIPATION:4893|R-HSA-6802948	4893	NRAS	ENSG00000213281	Reactome:R-HSA-6802948	R-HSA-6802948	TAS	Reactome
REACTOME_PARTICIPATION:4893|R-HSA-6802952	4893	NRAS	ENSG00000213281	Reactome:R-HSA-6802952	R-HSA-6802952	TAS	Reactome
REACTOME_PARTICIPATION:4893|R-HSA-6802953	4893	NRAS	ENSG00000213281	Reactome:R-HSA-6802953	R-HSA-6802953	TAS	Reactome
REACTOME_PARTICIPATION:4893|R-HSA-6802955	4893	NRAS	ENSG00000213281	Reactome:R-HSA-6802955	R-HSA-6802955	TAS	Reactome
REACTOME_PARTICIPATION:4893|R-HSA-74751	4893	NRAS	ENSG00000213281	Reactome:R-HSA-74751	R-HSA-74751	IEA	Reactome
REACTOME_PARTICIPATION:4893|R-HSA-8849471	4893	NRAS	ENSG00000213281	Reactome:R-HSA-8849471	R-HSA-8849471	TAS	Reactome
REACTOME_PARTICIPATION:4893|R-HSA-8851805	4893	NRAS	ENSG00000213281	Reactome:R-HSA-8851805	R-HSA-8851805	TAS	Reactome
REACTOME_PARTICIPATION:4893|R-HSA-9026519	4893	NRAS	ENSG00000213281	Reactome:R-HSA-9026519	R-HSA-9026519	IEA	Reactome
REACTOME_PARTICIPATION:4893|R-HSA-9027284	4893	NRAS	ENSG00000213281	Reactome:R-HSA-9027284	R-HSA-9027284	IEA	Reactome
REACTOME_PARTICIPATION:4893|R-HSA-9028731	4893	NRAS	ENSG00000213281	Reactome:R-HSA-9028731	R-HSA-9028731	IEA	Reactome
REACTOME_PARTICIPATION:4893|R-HSA-9034864	4893	NRAS	ENSG00000213281	Reactome:R-HSA-9034864	R-HSA-9034864	IEA	Reactome
REACTOME_PARTICIPATION:4893|R-HSA-9607240	4893	NRAS	ENSG00000213281	Reactome:R-HSA-9607240	R-HSA-9607240	TAS	Reactome
REACTOME_PARTICIPATION:4893|R-HSA-9634285	4893	NRAS	ENSG00000213281	Reactome:R-HSA-9634285	R-HSA-9634285	TAS	Reactome
REACTOME_PARTICIPATION:4893|R-HSA-9634635	4893	NRAS	ENSG00000213281	Reactome:R-HSA-9634635	R-HSA-9634635	TAS	Reactome
REACTOME_PARTICIPATION:4893|R-HSA-9648002	4893	NRAS	ENSG00000213281	Reactome:R-HSA-9648002	R-HSA-9648002	TAS	Reactome
REACTOME_PARTICIPATION:4893|R-HSA-9649948	4893	NRAS	ENSG00000213281	Reactome:R-HSA-9649948	R-HSA-9649948	TAS	Reactome
REACTOME_PARTICIPATION:4893|R-HSA-9656223	4893	NRAS	ENSG00000213281	Reactome:R-HSA-9656223	R-HSA-9656223	TAS	Reactome
REACTOME_PARTICIPATION:4893|R-HSA-9664565	4893	NRAS	ENSG00000213281	Reactome:R-HSA-9664565	R-HSA-9664565	TAS	Reactome
REACTOME_PARTICIPATION:4893|R-HSA-9665348	4893	NRAS	ENSG00000213281	Reactome:R-HSA-9665348	R-HSA-9665348	TAS	Reactome
REACTOME_PARTICIPATION:4893|R-HSA-9665686	4893	NRAS	ENSG00000213281	Reactome:R-HSA-9665686	R-HSA-9665686	TAS	Reactome
REACTOME_PARTICIPATION:4893|R-HSA-9670439	4893	NRAS	ENSG00000213281	Reactome:R-HSA-9670439	R-HSA-9670439	TAS	Reactome
REACTOME_PARTICIPATION:4893|R-HSA-9673767	4893	NRAS	ENSG00000213281	Reactome:R-HSA-9673767	R-HSA-9673767	TAS	Reactome
REACTOME_PARTICIPATION:4893|R-HSA-9673770	4893	NRAS	ENSG00000213281	Reactome:R-HSA-9673770	R-HSA-9673770	TAS	Reactome
REACTOME_PARTICIPATION:4893|R-HSA-9703465	4893	NRAS	ENSG00000213281	Reactome:R-HSA-9703465	R-HSA-9703465	TAS	Reactome
REACTOME_PARTICIPATION:4893|R-HSA-9703648	4893	NRAS	ENSG00000213281	Reactome:R-HSA-9703648	R-HSA-9703648	TAS	Reactome
REACTOME_PARTICIPATION:4893|R-HSA-9753510	4893	NRAS	ENSG00000213281	Reactome:R-HSA-9753510	R-HSA-9753510	TAS	Reactome
REACTOME_PARTICIPATION:4893|R-HSA-9753512	4893	NRAS	ENSG00000213281	Reactome:R-HSA-9753512	R-HSA-9753512	TAS	Reactome
REACTOME_PARTICIPATION:4998|R-HSA-113507	4998	ORC1	ENSG00000085840	Reactome:R-HSA-113507	R-HSA-113507	IEA	Reactome
REACTOME_PARTICIPATION:4998|R-HSA-176187	4998	ORC1	ENSG00000085840	Reactome:R-HSA-176187	R-HSA-176187	TAS	Reactome
REACTOME_PARTICIPATION:4998|R-HSA-68616	4998	ORC1	ENSG00000085840	Reactome:R-HSA-68616	R-HSA-68616	TAS	Reactome
REACTOME_PARTICIPATION:4998|R-HSA-68689	4998	ORC1	ENSG00000085840	Reactome:R-HSA-68689	R-HSA-68689	TAS	Reactome
REACTOME_PARTICIPATION:4998|R-HSA-68867	4998	ORC1	ENSG00000085840	Reactome:R-HSA-68867	R-HSA-68867	IEA	Reactome
REACTOME_PARTICIPATION:4998|R-HSA-68949	4998	ORC1	ENSG00000085840	Reactome:R-HSA-68949	R-HSA-68949	TAS	Reactome
REACTOME_PARTICIPATION:4998|R-HSA-68962	4998	ORC1	ENSG00000085840	Reactome:R-HSA-68962	R-HSA-68962	TAS	Reactome
REACTOME_PARTICIPATION:4998|R-HSA-69205	4998	ORC1	ENSG00000085840	Reactome:R-HSA-69205	R-HSA-69205	TAS	Reactome
REACTOME_PARTICIPATION:5027|R-HSA-139853	5027	P2RX7	ENSG00000089041	Reactome:R-HSA-139853	R-HSA-139853	TAS	Reactome
REACTOME_PARTICIPATION:5027|R-HSA-418346	5027	P2RX7	ENSG00000089041	Reactome:R-HSA-418346	R-HSA-418346	TAS	Reactome
REACTOME_PARTICIPATION:5027|R-HSA-844456	5027	P2RX7	ENSG00000089041	Reactome:R-HSA-844456	R-HSA-844456	IEA	Reactome
REACTOME_PARTICIPATION:5027|R-HSA-9660826	5027	P2RX7	ENSG00000089041	Reactome:R-HSA-9660826	R-HSA-9660826	TAS	Reactome
REACTOME_PARTICIPATION:5027|R-HSA-9856532	5027	P2RX7	ENSG00000089041	Reactome:R-HSA-9856532	R-HSA-9856532	IEA	Reactome
REACTOME_PARTICIPATION:5052|R-HSA-3000471	5052	PRDX1	ENSG00000117450	Reactome:R-HSA-3000471	R-HSA-3000471	TAS	Reactome
REACTOME_PARTICIPATION:5052|R-HSA-3299685	5052	PRDX1	ENSG00000117450	Reactome:R-HSA-3299685	R-HSA-3299685	TAS	Reactome
REACTOME_PARTICIPATION:5052|R-HSA-5628897	5052	PRDX1	ENSG00000117450	Reactome:R-HSA-5628897	R-HSA-5628897	TAS	Reactome
REACTOME_PARTICIPATION:5052|R-HSA-8862803	5052	PRDX1	ENSG00000117450	Reactome:R-HSA-8862803	R-HSA-8862803	IEA	Reactome
REACTOME_PARTICIPATION:5052|R-HSA-9818027	5052	PRDX1	ENSG00000117450	Reactome:R-HSA-9818027	R-HSA-9818027	TAS	Reactome
REACTOME_PARTICIPATION:5054|R-HSA-114608	5054	SERPINE1	ENSG00000106366	Reactome:R-HSA-114608	R-HSA-114608	TAS	Reactome
REACTOME_PARTICIPATION:5054|R-HSA-1368108	5054	SERPINE1	ENSG00000106366	Reactome:R-HSA-1368108	R-HSA-1368108	TAS	Reactome
REACTOME_PARTICIPATION:5054|R-HSA-2173795	5054	SERPINE1	ENSG00000106366	Reactome:R-HSA-2173795	R-HSA-2173795	TAS	Reactome
REACTOME_PARTICIPATION:5054|R-HSA-2173796	5054	SERPINE1	ENSG00000106366	Reactome:R-HSA-2173796	R-HSA-2173796	TAS	Reactome
REACTOME_PARTICIPATION:5054|R-HSA-3000178	5054	SERPINE1	ENSG00000106366	Reactome:R-HSA-3000178	R-HSA-3000178	TAS	Reactome
REACTOME_PARTICIPATION:5054|R-HSA-75205	5054	SERPINE1	ENSG00000106366	Reactome:R-HSA-75205	R-HSA-75205	TAS	Reactome
REACTOME_PARTICIPATION:5054|R-HSA-9735871	5054	SERPINE1	ENSG00000106366	Reactome:R-HSA-9735871	R-HSA-9735871	TAS	Reactome
REACTOME_PARTICIPATION:5054|R-HSA-9769739	5054	SERPINE1	ENSG00000106366	Reactome:R-HSA-9769739	R-HSA-9769739	TAS	Reactome
REACTOME_PARTICIPATION:5054|R-HSA-9926550	5054	SERPINE1	ENSG00000106366	Reactome:R-HSA-9926550	R-HSA-9926550	TAS	Reactome
REACTOME_PARTICIPATION:5055|R-HSA-75205	5055	SERPINB2	ENSG00000197632	Reactome:R-HSA-75205	R-HSA-75205	TAS	Reactome
REACTOME_PARTICIPATION:5055|R-HSA-8950505	5055	SERPINB2	ENSG00000197632	Reactome:R-HSA-8950505	R-HSA-8950505	TAS	Reactome
REACTOME_PARTICIPATION:506|R-HSA-1268020	506	ATP5F1B	ENSG00000110955	Reactome:R-HSA-1268020	R-HSA-1268020	TAS	Reactome
REACTOME_PARTICIPATION:506|R-HSA-163210	506	ATP5F1B	ENSG00000110955	Reactome:R-HSA-163210	R-HSA-163210	TAS	Reactome
REACTOME_PARTICIPATION:506|R-HSA-2151201	506	ATP5F1B	ENSG00000110955	Reactome:R-HSA-2151201	R-HSA-2151201	IEA	Reactome
REACTOME_PARTICIPATION:506|R-HSA-8949613	506	ATP5F1B	ENSG00000110955	Reactome:R-HSA-8949613	R-HSA-8949613	TAS	Reactome
REACTOME_PARTICIPATION:506|R-HSA-9837999	506	ATP5F1B	ENSG00000110955	Reactome:R-HSA-9837999	R-HSA-9837999	TAS	Reactome
REACTOME_PARTICIPATION:50|R-HSA-1268020	50	ACO2	ENSG00000100412	Reactome:R-HSA-1268020	R-HSA-1268020	IEA	Reactome
REACTOME_PARTICIPATION:50|R-HSA-71403	50	ACO2	ENSG00000100412	Reactome:R-HSA-71403	R-HSA-71403	TAS	Reactome
REACTOME_PARTICIPATION:50|R-HSA-9837999	50	ACO2	ENSG00000100412	Reactome:R-HSA-9837999	R-HSA-9837999	TAS	Reactome
REACTOME_PARTICIPATION:50|R-HSA-9854311	50	ACO2	ENSG00000100412	Reactome:R-HSA-9854311	R-HSA-9854311	TAS	Reactome
REACTOME_PARTICIPATION:51053|R-HSA-68867	51053	GMNN	ENSG00000112312	Reactome:R-HSA-68867	R-HSA-68867	TAS	Reactome
REACTOME_PARTICIPATION:51053|R-HSA-68962	51053	GMNN	ENSG00000112312	Reactome:R-HSA-68962	R-HSA-68962	TAS	Reactome
REACTOME_PARTICIPATION:51053|R-HSA-69052	51053	GMNN	ENSG00000112312	Reactome:R-HSA-69052	R-HSA-69052	TAS	Reactome
REACTOME_PARTICIPATION:5105|R-HSA-2161541	5105	PCK1	ENSG00000124253	Reactome:R-HSA-2161541	R-HSA-2161541	IEA	Reactome
REACTOME_PARTICIPATION:5105|R-HSA-381340	5105	PCK1	ENSG00000124253	Reactome:R-HSA-381340	R-HSA-381340	TAS	Reactome
REACTOME_PARTICIPATION:5105|R-HSA-70263	5105	PCK1	ENSG00000124253	Reactome:R-HSA-70263	R-HSA-70263	TAS	Reactome
REACTOME_PARTICIPATION:5105|R-HSA-9615017	5105	PCK1	ENSG00000124253	Reactome:R-HSA-9615017	R-HSA-9615017	IEA	Reactome
REACTOME_PARTICIPATION:5105|R-HSA-9632974	5105	PCK1	ENSG00000124253	Reactome:R-HSA-9632974	R-HSA-9632974	TAS	Reactome
REACTOME_PARTICIPATION:5105|R-HSA-9940951	5105	PCK1	ENSG00000124253	Reactome:R-HSA-9940951	R-HSA-9940951	TAS	Reactome
REACTOME_PARTICIPATION:51085|R-HSA-163358	51085	MLXIPL	ENSG00000009950	Reactome:R-HSA-163358	R-HSA-163358	IEA	Reactome
REACTOME_PARTICIPATION:51085|R-HSA-163680	51085	MLXIPL	ENSG00000009950	Reactome:R-HSA-163680	R-HSA-163680	IEA	Reactome
REACTOME_PARTICIPATION:51085|R-HSA-163765	51085	MLXIPL	ENSG00000009950	Reactome:R-HSA-163765	R-HSA-163765	IEA	Reactome
REACTOME_PARTICIPATION:51085|R-HSA-163767	51085	MLXIPL	ENSG00000009950	Reactome:R-HSA-163767	R-HSA-163767	IEA	Reactome
REACTOME_PARTICIPATION:51166|R-HSA-71064	51166	AADAT	ENSG00000109576	Reactome:R-HSA-71064	R-HSA-71064	TAS	Reactome
REACTOME_PARTICIPATION:51166|R-HSA-71240	51166	AADAT	ENSG00000109576	Reactome:R-HSA-71240	R-HSA-71240	TAS	Reactome
REACTOME_PARTICIPATION:51179|R-HSA-390918	51179	HAO2	ENSG00000116882	Reactome:R-HSA-390918	R-HSA-390918	TAS	Reactome
REACTOME_PARTICIPATION:51179|R-HSA-9033241	51179	HAO2	ENSG00000116882	Reactome:R-HSA-9033241	R-HSA-9033241	IEA	Reactome
REACTOME_PARTICIPATION:5118|R-HSA-1650814	5118	PCOLCE	ENSG00000106333	Reactome:R-HSA-1650814	R-HSA-1650814	TAS	Reactome
REACTOME_PARTICIPATION:5118|R-HSA-2243919	5118	PCOLCE	ENSG00000106333	Reactome:R-HSA-2243919	R-HSA-2243919	TAS	Reactome
REACTOME_PARTICIPATION:51201|R-HSA-5683826	51201	ZDHHC2	ENSG00000104219	Reactome:R-HSA-5683826	R-HSA-5683826	TAS	Reactome
REACTOME_PARTICIPATION:51201|R-HSA-9694548	51201	ZDHHC2	ENSG00000104219	Reactome:R-HSA-9694548	R-HSA-9694548	TAS	Reactome
REACTOME_PARTICIPATION:51266|R-HSA-114604	51266	CLEC1B	ENSG00000165682	Reactome:R-HSA-114604	R-HSA-114604	TAS	Reactome
REACTOME_PARTICIPATION:51266|R-HSA-9707616	51266	CLEC1B	ENSG00000165682	Reactome:R-HSA-9707616	R-HSA-9707616	TAS	Reactome
REACTOME_PARTICIPATION:51284|R-HSA-1679131	51284	TLR7	ENSG00000196664	Reactome:R-HSA-1679131	R-HSA-1679131	TAS	Reactome
REACTOME_PARTICIPATION:51284|R-HSA-168181	51284	TLR7	ENSG00000196664	Reactome:R-HSA-168181	R-HSA-168181	TAS	Reactome
REACTOME_PARTICIPATION:51284|R-HSA-5686938	51284	TLR7	ENSG00000196664	Reactome:R-HSA-5686938	R-HSA-5686938	TAS	Reactome
REACTOME_PARTICIPATION:51284|R-HSA-9679191	51284	TLR7	ENSG00000196664	Reactome:R-HSA-9679191	R-HSA-9679191	TAS	Reactome
REACTOME_PARTICIPATION:51284|R-HSA-9692916	51284	TLR7	ENSG00000196664	Reactome:R-HSA-9692916	R-HSA-9692916	TAS	Reactome
REACTOME_PARTICIPATION:51284|R-HSA-9705671	51284	TLR7	ENSG00000196664	Reactome:R-HSA-9705671	R-HSA-9705671	TAS	Reactome
REACTOME_PARTICIPATION:51284|R-HSA-975110	51284	TLR7	ENSG00000196664	Reactome:R-HSA-975110	R-HSA-975110	TAS	Reactome
REACTOME_PARTICIPATION:51284|R-HSA-975138	51284	TLR7	ENSG00000196664	Reactome:R-HSA-975138	R-HSA-975138	TAS	Reactome
REACTOME_PARTICIPATION:51284|R-HSA-975155	51284	TLR7	ENSG00000196664	Reactome:R-HSA-975155	R-HSA-975155	TAS	Reactome
REACTOME_PARTICIPATION:51284|R-HSA-9824856	51284	TLR7	ENSG00000196664	Reactome:R-HSA-9824856	R-HSA-9824856	TAS	Reactome
REACTOME_PARTICIPATION:51284|R-HSA-9833110	51284	TLR7	ENSG00000196664	Reactome:R-HSA-9833110	R-HSA-9833110	TAS	Reactome
REACTOME_PARTICIPATION:51302|R-HSA-193775	51302	CYP39A1	ENSG00000146233	Reactome:R-HSA-193775	R-HSA-193775	TAS	Reactome
REACTOME_PARTICIPATION:51302|R-HSA-211976	51302	CYP39A1	ENSG00000146233	Reactome:R-HSA-211976	R-HSA-211976	TAS	Reactome
REACTOME_PARTICIPATION:51316|R-HSA-6798695	51316	PLAC8	ENSG00000145287	Reactome:R-HSA-6798695	R-HSA-6798695	TAS	Reactome
REACTOME_PARTICIPATION:51316|R-HSA-9830364	51316	PLAC8	ENSG00000145287	Reactome:R-HSA-9830364	R-HSA-9830364	IEA	Reactome
REACTOME_PARTICIPATION:5133|R-HSA-389948	5133	PDCD1	ENSG00000188389	Reactome:R-HSA-389948	R-HSA-389948	TAS	Reactome
REACTOME_PARTICIPATION:5133|R-HSA-9679191	5133	PDCD1	ENSG00000188389	Reactome:R-HSA-9679191	R-HSA-9679191	TAS	Reactome
REACTOME_PARTICIPATION:5133|R-HSA-9931295	5133	PDCD1	ENSG00000188389	Reactome:R-HSA-9931295	R-HSA-9931295	TAS	Reactome
REACTOME_PARTICIPATION:51360|R-HSA-1655829	51360	MBTPS2	ENSG00000012174	Reactome:R-HSA-1655829	R-HSA-1655829	TAS	Reactome
REACTOME_PARTICIPATION:51360|R-HSA-381033	51360	MBTPS2	ENSG00000012174	Reactome:R-HSA-381033	R-HSA-381033	TAS	Reactome
REACTOME_PARTICIPATION:51360|R-HSA-8874177	51360	MBTPS2	ENSG00000012174	Reactome:R-HSA-8874177	R-HSA-8874177	TAS	Reactome
REACTOME_PARTICIPATION:51360|R-HSA-8874211	51360	MBTPS2	ENSG00000012174	Reactome:R-HSA-8874211	R-HSA-8874211	TAS	Reactome
REACTOME_PARTICIPATION:51360|R-HSA-8963889	51360	MBTPS2	ENSG00000012174	Reactome:R-HSA-8963889	R-HSA-8963889	IEA	Reactome
REACTOME_PARTICIPATION:51512|R-HSA-69481	51512	GTSE1	ENSG00000075218	Reactome:R-HSA-69481	R-HSA-69481	TAS	Reactome
REACTOME_PARTICIPATION:51512|R-HSA-8852276	51512	GTSE1	ENSG00000075218	Reactome:R-HSA-8852276	R-HSA-8852276	TAS	Reactome
REACTOME_PARTICIPATION:51514|R-HSA-110314	51514	DTL	ENSG00000143476	Reactome:R-HSA-110314	R-HSA-110314	TAS	Reactome
REACTOME_PARTICIPATION:51514|R-HSA-8951664	51514	DTL	ENSG00000143476	Reactome:R-HSA-8951664	R-HSA-8951664	TAS	Reactome
REACTOME_PARTICIPATION:5154|R-HSA-114608	5154	PDGFA	ENSG00000197461	Reactome:R-HSA-114608	R-HSA-114608	TAS	Reactome
REACTOME_PARTICIPATION:5154|R-HSA-1257604	5154	PDGFA	ENSG00000197461	Reactome:R-HSA-1257604	R-HSA-1257604	TAS	Reactome
REACTOME_PARTICIPATION:5154|R-HSA-186763	5154	PDGFA	ENSG00000197461	Reactome:R-HSA-186763	R-HSA-186763	TAS	Reactome
REACTOME_PARTICIPATION:5154|R-HSA-186797	5154	PDGFA	ENSG00000197461	Reactome:R-HSA-186797	R-HSA-186797	TAS	Reactome
REACTOME_PARTICIPATION:5154|R-HSA-2219530	5154	PDGFA	ENSG00000197461	Reactome:R-HSA-2219530	R-HSA-2219530	TAS	Reactome
REACTOME_PARTICIPATION:5154|R-HSA-3000171	5154	PDGFA	ENSG00000197461	Reactome:R-HSA-3000171	R-HSA-3000171	TAS	Reactome
REACTOME_PARTICIPATION:5154|R-HSA-5673001	5154	PDGFA	ENSG00000197461	Reactome:R-HSA-5673001	R-HSA-5673001	TAS	Reactome
REACTOME_PARTICIPATION:5154|R-HSA-6811558	5154	PDGFA	ENSG00000197461	Reactome:R-HSA-6811558	R-HSA-6811558	TAS	Reactome
REACTOME_PARTICIPATION:5154|R-HSA-9818030	5154	PDGFA	ENSG00000197461	Reactome:R-HSA-9818030	R-HSA-9818030	TAS	Reactome
REACTOME_PARTICIPATION:5155|R-HSA-114608	5155	PDGFB	ENSG00000100311	Reactome:R-HSA-114608	R-HSA-114608	TAS	Reactome
REACTOME_PARTICIPATION:5155|R-HSA-1257604	5155	PDGFB	ENSG00000100311	Reactome:R-HSA-1257604	R-HSA-1257604	TAS	Reactome
REACTOME_PARTICIPATION:5155|R-HSA-186763	5155	PDGFB	ENSG00000100311	Reactome:R-HSA-186763	R-HSA-186763	TAS	Reactome
REACTOME_PARTICIPATION:5155|R-HSA-186797	5155	PDGFB	ENSG00000100311	Reactome:R-HSA-186797	R-HSA-186797	TAS	Reactome
REACTOME_PARTICIPATION:5155|R-HSA-2219530	5155	PDGFB	ENSG00000100311	Reactome:R-HSA-2219530	R-HSA-2219530	TAS	Reactome
REACTOME_PARTICIPATION:5155|R-HSA-3000171	5155	PDGFB	ENSG00000100311	Reactome:R-HSA-3000171	R-HSA-3000171	TAS	Reactome
REACTOME_PARTICIPATION:5155|R-HSA-5673001	5155	PDGFB	ENSG00000100311	Reactome:R-HSA-5673001	R-HSA-5673001	TAS	Reactome
REACTOME_PARTICIPATION:5155|R-HSA-6811558	5155	PDGFB	ENSG00000100311	Reactome:R-HSA-6811558	R-HSA-6811558	TAS	Reactome
REACTOME_PARTICIPATION:51582|R-HSA-350562	51582	AZIN1	ENSG00000155096	Reactome:R-HSA-350562	R-HSA-350562	TAS	Reactome
REACTOME_PARTICIPATION:5166|R-HSA-204174	5166	PDK4	ENSG00000004799	Reactome:R-HSA-204174	R-HSA-204174	TAS	Reactome
REACTOME_PARTICIPATION:5166|R-HSA-5362517	5166	PDK4	ENSG00000004799	Reactome:R-HSA-5362517	R-HSA-5362517	TAS	Reactome
REACTOME_PARTICIPATION:5166|R-HSA-9841922	5166	PDK4	ENSG00000004799	Reactome:R-HSA-9841922	R-HSA-9841922	TAS	Reactome
REACTOME_PARTICIPATION:51719|R-HSA-380972	51719	CAB39	ENSG00000135932	Reactome:R-HSA-380972	R-HSA-380972	TAS	Reactome
REACTOME_PARTICIPATION:51719|R-HSA-6798695	51719	CAB39	ENSG00000135932	Reactome:R-HSA-6798695	R-HSA-6798695	TAS	Reactome
REACTOME_PARTICIPATION:5199|R-HSA-173736	5199	CFP	ENSG00000126759	Reactome:R-HSA-173736	R-HSA-173736	TAS	Reactome
REACTOME_PARTICIPATION:5199|R-HSA-174577	5199	CFP	ENSG00000126759	Reactome:R-HSA-174577	R-HSA-174577	TAS	Reactome
REACTOME_PARTICIPATION:5199|R-HSA-5083635	5199	CFP	ENSG00000126759	Reactome:R-HSA-5083635	R-HSA-5083635	TAS	Reactome
REACTOME_PARTICIPATION:5199|R-HSA-5173214	5199	CFP	ENSG00000126759	Reactome:R-HSA-5173214	R-HSA-5173214	TAS	Reactome
REACTOME_PARTICIPATION:5199|R-HSA-6798695	5199	CFP	ENSG00000126759	Reactome:R-HSA-6798695	R-HSA-6798695	TAS	Reactome
REACTOME_PARTICIPATION:5199|R-HSA-977606	5199	CFP	ENSG00000126759	Reactome:R-HSA-977606	R-HSA-977606	TAS	Reactome
REACTOME_PARTICIPATION:51|R-HSA-1989781	51	ACOX1	ENSG00000161533	Reactome:R-HSA-1989781	R-HSA-1989781	TAS	Reactome
REACTOME_PARTICIPATION:51|R-HSA-2046106	51	ACOX1	ENSG00000161533	Reactome:R-HSA-2046106	R-HSA-2046106	TAS	Reactome
REACTOME_PARTICIPATION:51|R-HSA-390247	51	ACOX1	ENSG00000161533	Reactome:R-HSA-390247	R-HSA-390247	TAS	Reactome
REACTOME_PARTICIPATION:51|R-HSA-9033241	51	ACOX1	ENSG00000161533	Reactome:R-HSA-9033241	R-HSA-9033241	TAS	Reactome
REACTOME_PARTICIPATION:51|R-HSA-9033500	51	ACOX1	ENSG00000161533	Reactome:R-HSA-9033500	R-HSA-9033500	IEA	Reactome
REACTOME_PARTICIPATION:5226|R-HSA-71336	5226	PGD	ENSG00000142657	Reactome:R-HSA-71336	R-HSA-71336	TAS	Reactome
REACTOME_PARTICIPATION:5226|R-HSA-9818028	5226	PGD	ENSG00000142657	Reactome:R-HSA-9818028	R-HSA-9818028	TAS	Reactome
REACTOME_PARTICIPATION:5230|R-HSA-165159	5230	PGK1	ENSG00000102144	Reactome:R-HSA-165159	R-HSA-165159	TAS	Reactome
REACTOME_PARTICIPATION:5230|R-HSA-70171	5230	PGK1	ENSG00000102144	Reactome:R-HSA-70171	R-HSA-70171	TAS	Reactome
REACTOME_PARTICIPATION:5230|R-HSA-70263	5230	PGK1	ENSG00000102144	Reactome:R-HSA-70263	R-HSA-70263	TAS	Reactome
REACTOME_PARTICIPATION:5230|R-HSA-9636667	5230	PGK1	ENSG00000102144	Reactome:R-HSA-9636667	R-HSA-9636667	TAS	Reactome
REACTOME_PARTICIPATION:5243|R-HSA-2161517	5243	ABCB1	ENSG00000085563	Reactome:R-HSA-2161517	R-HSA-2161517	IEA	Reactome
REACTOME_PARTICIPATION:5243|R-HSA-382556	5243	ABCB1	ENSG00000085563	Reactome:R-HSA-382556	R-HSA-382556	TAS	Reactome
REACTOME_PARTICIPATION:5243|R-HSA-9754706	5243	ABCB1	ENSG00000085563	Reactome:R-HSA-9754706	R-HSA-9754706	TAS	Reactome
REACTOME_PARTICIPATION:5243|R-HSA-9757110	5243	ABCB1	ENSG00000085563	Reactome:R-HSA-9757110	R-HSA-9757110	TAS	Reactome
REACTOME_PARTICIPATION:5244|R-HSA-1989781	5244	ABCB4	ENSG00000005471	Reactome:R-HSA-1989781	R-HSA-1989781	TAS	Reactome
REACTOME_PARTICIPATION:5244|R-HSA-382556	5244	ABCB4	ENSG00000005471	Reactome:R-HSA-382556	R-HSA-382556	TAS	Reactome
REACTOME_PARTICIPATION:5244|R-HSA-5678771	5244	ABCB4	ENSG00000005471	Reactome:R-HSA-5678771	R-HSA-5678771	TAS	Reactome
REACTOME_PARTICIPATION:5245|R-HSA-5673000	5245	PHB1	ENSG00000167085	Reactome:R-HSA-5673000	R-HSA-5673000	TAS	Reactome
REACTOME_PARTICIPATION:5245|R-HSA-6802946	5245	PHB1	ENSG00000167085	Reactome:R-HSA-6802946	R-HSA-6802946	TAS	Reactome
REACTOME_PARTICIPATION:5245|R-HSA-6802955	5245	PHB1	ENSG00000167085	Reactome:R-HSA-6802955	R-HSA-6802955	TAS	Reactome
REACTOME_PARTICIPATION:5245|R-HSA-8949664	5245	PHB1	ENSG00000167085	Reactome:R-HSA-8949664	R-HSA-8949664	TAS	Reactome
REACTOME_PARTICIPATION:5245|R-HSA-9649948	5245	PHB1	ENSG00000167085	Reactome:R-HSA-9649948	R-HSA-9649948	TAS	Reactome
REACTOME_PARTICIPATION:5261|R-HSA-70221	5261	PHKG2	ENSG00000156873	Reactome:R-HSA-70221	R-HSA-70221	TAS	Reactome
REACTOME_PARTICIPATION:5265|R-HSA-114608	5265	SERPINA1	ENSG00000197249	Reactome:R-HSA-114608	R-HSA-114608	TAS	Reactome
REACTOME_PARTICIPATION:5265|R-HSA-204005	5265	SERPINA1	ENSG00000197249	Reactome:R-HSA-204005	R-HSA-204005	TAS	Reactome
REACTOME_PARTICIPATION:5265|R-HSA-381426	5265	SERPINA1	ENSG00000197249	Reactome:R-HSA-381426	R-HSA-381426	TAS	Reactome
REACTOME_PARTICIPATION:5265|R-HSA-5694530	5265	SERPINA1	ENSG00000197249	Reactome:R-HSA-5694530	R-HSA-5694530	TAS	Reactome
REACTOME_PARTICIPATION:5265|R-HSA-6798695	5265	SERPINA1	ENSG00000197249	Reactome:R-HSA-6798695	R-HSA-6798695	TAS	Reactome
REACTOME_PARTICIPATION:5265|R-HSA-8957275	5265	SERPINA1	ENSG00000197249	Reactome:R-HSA-8957275	R-HSA-8957275	TAS	Reactome
REACTOME_PARTICIPATION:5267|R-HSA-114608	5267	SERPINA4	ENSG00000100665	Reactome:R-HSA-114608	R-HSA-114608	TAS	Reactome
REACTOME_PARTICIPATION:5267|R-HSA-9925561	5267	SERPINA4	ENSG00000100665	Reactome:R-HSA-9925561	R-HSA-9925561	TAS	Reactome
REACTOME_PARTICIPATION:5290|R-HSA-109704	5290	PIK3CA	ENSG00000121879	Reactome:R-HSA-109704	R-HSA-109704	TAS	Reactome
REACTOME_PARTICIPATION:5290|R-HSA-112399	5290	PIK3CA	ENSG00000121879	Reactome:R-HSA-112399	R-HSA-112399	TAS	Reactome
REACTOME_PARTICIPATION:5290|R-HSA-114604	5290	PIK3CA	ENSG00000121879	Reactome:R-HSA-114604	R-HSA-114604	TAS	Reactome
REACTOME_PARTICIPATION:5290|R-HSA-1236382	5290	PIK3CA	ENSG00000121879	Reactome:R-HSA-1236382	R-HSA-1236382	TAS	Reactome
REACTOME_PARTICIPATION:5290|R-HSA-1250342	5290	PIK3CA	ENSG00000121879	Reactome:R-HSA-1250342	R-HSA-1250342	TAS	Reactome
REACTOME_PARTICIPATION:5290|R-HSA-1257604	5290	PIK3CA	ENSG00000121879	Reactome:R-HSA-1257604	R-HSA-1257604	TAS	Reactome
REACTOME_PARTICIPATION:5290|R-HSA-1433557	5290	PIK3CA	ENSG00000121879	Reactome:R-HSA-1433557	R-HSA-1433557	TAS	Reactome
REACTOME_PARTICIPATION:5290|R-HSA-1660499	5290	PIK3CA	ENSG00000121879	Reactome:R-HSA-1660499	R-HSA-1660499	TAS	Reactome
REACTOME_PARTICIPATION:5290|R-HSA-180292	5290	PIK3CA	ENSG00000121879	Reactome:R-HSA-180292	R-HSA-180292	TAS	Reactome
REACTOME_PARTICIPATION:5290|R-HSA-1839117	5290	PIK3CA	ENSG00000121879	Reactome:R-HSA-1839117	R-HSA-1839117	TAS	Reactome
REACTOME_PARTICIPATION:5290|R-HSA-186763	5290	PIK3CA	ENSG00000121879	Reactome:R-HSA-186763	R-HSA-186763	TAS	Reactome
REACTOME_PARTICIPATION:5290|R-HSA-1963642	5290	PIK3CA	ENSG00000121879	Reactome:R-HSA-1963642	R-HSA-1963642	TAS	Reactome
REACTOME_PARTICIPATION:5290|R-HSA-198203	5290	PIK3CA	ENSG00000121879	Reactome:R-HSA-198203	R-HSA-198203	TAS	Reactome
REACTOME_PARTICIPATION:5290|R-HSA-201556	5290	PIK3CA	ENSG00000121879	Reactome:R-HSA-201556	R-HSA-201556	TAS	Reactome
REACTOME_PARTICIPATION:5290|R-HSA-202424	5290	PIK3CA	ENSG00000121879	Reactome:R-HSA-202424	R-HSA-202424	TAS	Reactome
REACTOME_PARTICIPATION:5290|R-HSA-2029485	5290	PIK3CA	ENSG00000121879	Reactome:R-HSA-2029485	R-HSA-2029485	TAS	Reactome
REACTOME_PARTICIPATION:5290|R-HSA-210993	5290	PIK3CA	ENSG00000121879	Reactome:R-HSA-210993	R-HSA-210993	TAS	Reactome
REACTOME_PARTICIPATION:5290|R-HSA-2219530	5290	PIK3CA	ENSG00000121879	Reactome:R-HSA-2219530	R-HSA-2219530	TAS	Reactome
REACTOME_PARTICIPATION:5290|R-HSA-2424491	5290	PIK3CA	ENSG00000121879	Reactome:R-HSA-2424491	R-HSA-2424491	TAS	Reactome
REACTOME_PARTICIPATION:5290|R-HSA-2730905	5290	PIK3CA	ENSG00000121879	Reactome:R-HSA-2730905	R-HSA-2730905	TAS	Reactome
REACTOME_PARTICIPATION:5290|R-HSA-373753	5290	PIK3CA	ENSG00000121879	Reactome:R-HSA-373753	R-HSA-373753	IEA	Reactome
REACTOME_PARTICIPATION:5290|R-HSA-389357	5290	PIK3CA	ENSG00000121879	Reactome:R-HSA-389357	R-HSA-389357	TAS	Reactome
REACTOME_PARTICIPATION:5290|R-HSA-416476	5290	PIK3CA	ENSG00000121879	Reactome:R-HSA-416476	R-HSA-416476	TAS	Reactome
REACTOME_PARTICIPATION:5290|R-HSA-4420097	5290	PIK3CA	ENSG00000121879	Reactome:R-HSA-4420097	R-HSA-4420097	TAS	Reactome
REACTOME_PARTICIPATION:5290|R-HSA-512988	5290	PIK3CA	ENSG00000121879	Reactome:R-HSA-512988	R-HSA-512988	TAS	Reactome
REACTOME_PARTICIPATION:5290|R-HSA-5637810	5290	PIK3CA	ENSG00000121879	Reactome:R-HSA-5637810	R-HSA-5637810	TAS	Reactome
REACTOME_PARTICIPATION:5290|R-HSA-5654689	5290	PIK3CA	ENSG00000121879	Reactome:R-HSA-5654689	R-HSA-5654689	TAS	Reactome
REACTOME_PARTICIPATION:5290|R-HSA-5654695	5290	PIK3CA	ENSG00000121879	Reactome:R-HSA-5654695	R-HSA-5654695	TAS	Reactome
REACTOME_PARTICIPATION:5290|R-HSA-5654710	5290	PIK3CA	ENSG00000121879	Reactome:R-HSA-5654710	R-HSA-5654710	TAS	Reactome
REACTOME_PARTICIPATION:5290|R-HSA-5654720	5290	PIK3CA	ENSG00000121879	Reactome:R-HSA-5654720	R-HSA-5654720	TAS	Reactome
REACTOME_PARTICIPATION:5290|R-HSA-5655253	5290	PIK3CA	ENSG00000121879	Reactome:R-HSA-5655253	R-HSA-5655253	TAS	Reactome
REACTOME_PARTICIPATION:5290|R-HSA-5655291	5290	PIK3CA	ENSG00000121879	Reactome:R-HSA-5655291	R-HSA-5655291	TAS	Reactome
REACTOME_PARTICIPATION:5290|R-HSA-5655302	5290	PIK3CA	ENSG00000121879	Reactome:R-HSA-5655302	R-HSA-5655302	TAS	Reactome
REACTOME_PARTICIPATION:5290|R-HSA-5655332	5290	PIK3CA	ENSG00000121879	Reactome:R-HSA-5655332	R-HSA-5655332	TAS	Reactome
REACTOME_PARTICIPATION:5290|R-HSA-5673001	5290	PIK3CA	ENSG00000121879	Reactome:R-HSA-5673001	R-HSA-5673001	TAS	Reactome
REACTOME_PARTICIPATION:5290|R-HSA-6811558	5290	PIK3CA	ENSG00000121879	Reactome:R-HSA-6811558	R-HSA-6811558	TAS	Reactome
REACTOME_PARTICIPATION:5290|R-HSA-8851907	5290	PIK3CA	ENSG00000121879	Reactome:R-HSA-8851907	R-HSA-8851907	TAS	Reactome
REACTOME_PARTICIPATION:5290|R-HSA-8853659	5290	PIK3CA	ENSG00000121879	Reactome:R-HSA-8853659	R-HSA-8853659	TAS	Reactome
REACTOME_PARTICIPATION:5290|R-HSA-9009391	5290	PIK3CA	ENSG00000121879	Reactome:R-HSA-9009391	R-HSA-9009391	TAS	Reactome
REACTOME_PARTICIPATION:5290|R-HSA-9013149	5290	PIK3CA	ENSG00000121879	Reactome:R-HSA-9013149	R-HSA-9013149	TAS	Reactome
REACTOME_PARTICIPATION:5290|R-HSA-9013404	5290	PIK3CA	ENSG00000121879	Reactome:R-HSA-9013404	R-HSA-9013404	TAS	Reactome
REACTOME_PARTICIPATION:5290|R-HSA-9027276	5290	PIK3CA	ENSG00000121879	Reactome:R-HSA-9027276	R-HSA-9027276	IEA	Reactome
REACTOME_PARTICIPATION:5290|R-HSA-9028335	5290	PIK3CA	ENSG00000121879	Reactome:R-HSA-9028335	R-HSA-9028335	IEA	Reactome
REACTOME_PARTICIPATION:5290|R-HSA-912526	5290	PIK3CA	ENSG00000121879	Reactome:R-HSA-912526	R-HSA-912526	TAS	Reactome
REACTOME_PARTICIPATION:5290|R-HSA-912631	5290	PIK3CA	ENSG00000121879	Reactome:R-HSA-912631	R-HSA-912631	IEA	Reactome
REACTOME_PARTICIPATION:5290|R-HSA-9603381	5290	PIK3CA	ENSG00000121879	Reactome:R-HSA-9603381	R-HSA-9603381	IEA	Reactome
REACTOME_PARTICIPATION:5290|R-HSA-9607240	5290	PIK3CA	ENSG00000121879	Reactome:R-HSA-9607240	R-HSA-9607240	TAS	Reactome
REACTOME_PARTICIPATION:5290|R-HSA-9664565	5290	PIK3CA	ENSG00000121879	Reactome:R-HSA-9664565	R-HSA-9664565	TAS	Reactome
REACTOME_PARTICIPATION:5290|R-HSA-9665348	5290	PIK3CA	ENSG00000121879	Reactome:R-HSA-9665348	R-HSA-9665348	TAS	Reactome
REACTOME_PARTICIPATION:5290|R-HSA-9670439	5290	PIK3CA	ENSG00000121879	Reactome:R-HSA-9670439	R-HSA-9670439	TAS	Reactome
REACTOME_PARTICIPATION:5290|R-HSA-9673767	5290	PIK3CA	ENSG00000121879	Reactome:R-HSA-9673767	R-HSA-9673767	TAS	Reactome
REACTOME_PARTICIPATION:5290|R-HSA-9673770	5290	PIK3CA	ENSG00000121879	Reactome:R-HSA-9673770	R-HSA-9673770	TAS	Reactome
REACTOME_PARTICIPATION:5290|R-HSA-9680350	5290	PIK3CA	ENSG00000121879	Reactome:R-HSA-9680350	R-HSA-9680350	IEA	Reactome
REACTOME_PARTICIPATION:5290|R-HSA-9703465	5290	PIK3CA	ENSG00000121879	Reactome:R-HSA-9703465	R-HSA-9703465	TAS	Reactome
REACTOME_PARTICIPATION:5290|R-HSA-9703648	5290	PIK3CA	ENSG00000121879	Reactome:R-HSA-9703648	R-HSA-9703648	TAS	Reactome
REACTOME_PARTICIPATION:5290|R-HSA-9725370	5290	PIK3CA	ENSG00000121879	Reactome:R-HSA-9725370	R-HSA-9725370	TAS	Reactome
REACTOME_PARTICIPATION:5290|R-HSA-9842640	5290	PIK3CA	ENSG00000121879	Reactome:R-HSA-9842640	R-HSA-9842640	TAS	Reactome
REACTOME_PARTICIPATION:5290|R-HSA-9842663	5290	PIK3CA	ENSG00000121879	Reactome:R-HSA-9842663	R-HSA-9842663	TAS	Reactome
REACTOME_PARTICIPATION:5290|R-HSA-9856530	5290	PIK3CA	ENSG00000121879	Reactome:R-HSA-9856530	R-HSA-9856530	IEA	Reactome
REACTOME_PARTICIPATION:5290|R-HSA-9927354	5290	PIK3CA	ENSG00000121879	Reactome:R-HSA-9927354	R-HSA-9927354	TAS	Reactome
REACTOME_PARTICIPATION:5315|R-HSA-6798695	5315	PKM	ENSG00000067225	Reactome:R-HSA-6798695	R-HSA-6798695	TAS	Reactome
REACTOME_PARTICIPATION:5315|R-HSA-70171	5315	PKM	ENSG00000067225	Reactome:R-HSA-70171	R-HSA-70171	TAS	Reactome
REACTOME_PARTICIPATION:5315|R-HSA-70268	5315	PKM	ENSG00000067225	Reactome:R-HSA-70268	R-HSA-70268	TAS	Reactome
REACTOME_PARTICIPATION:5315|R-HSA-9764725	5315	PKM	ENSG00000067225	Reactome:R-HSA-9764725	R-HSA-9764725	TAS	Reactome
REACTOME_PARTICIPATION:5315|R-HSA-9861718	5315	PKM	ENSG00000067225	Reactome:R-HSA-9861718	R-HSA-9861718	TAS	Reactome
REACTOME_PARTICIPATION:5317|R-HSA-351906	5317	PKP1	ENSG00000081277	Reactome:R-HSA-351906	R-HSA-351906	TAS	Reactome
REACTOME_PARTICIPATION:5317|R-HSA-6798695	5317	PKP1	ENSG00000081277	Reactome:R-HSA-6798695	R-HSA-6798695	TAS	Reactome
REACTOME_PARTICIPATION:5317|R-HSA-6805567	5317	PKP1	ENSG00000081277	Reactome:R-HSA-6805567	R-HSA-6805567	TAS	Reactome
REACTOME_PARTICIPATION:5317|R-HSA-6809371	5317	PKP1	ENSG00000081277	Reactome:R-HSA-6809371	R-HSA-6809371	TAS	Reactome
REACTOME_PARTICIPATION:5328|R-HSA-6798695	5328	PLAU	ENSG00000122861	Reactome:R-HSA-6798695	R-HSA-6798695	TAS	Reactome
REACTOME_PARTICIPATION:5328|R-HSA-75205	5328	PLAU	ENSG00000122861	Reactome:R-HSA-75205	R-HSA-75205	TAS	Reactome
REACTOME_PARTICIPATION:5335|R-HSA-1169408	5335	PLCG1	ENSG00000124181	Reactome:R-HSA-1169408	R-HSA-1169408	TAS	Reactome
REACTOME_PARTICIPATION:5335|R-HSA-1236382	5335	PLCG1	ENSG00000124181	Reactome:R-HSA-1236382	R-HSA-1236382	TAS	Reactome
REACTOME_PARTICIPATION:5335|R-HSA-1251932	5335	PLCG1	ENSG00000124181	Reactome:R-HSA-1251932	R-HSA-1251932	IEA	Reactome
REACTOME_PARTICIPATION:5335|R-HSA-1489509	5335	PLCG1	ENSG00000124181	Reactome:R-HSA-1489509	R-HSA-1489509	IEA	Reactome
REACTOME_PARTICIPATION:5335|R-HSA-167021	5335	PLCG1	ENSG00000124181	Reactome:R-HSA-167021	R-HSA-167021	IEA	Reactome
REACTOME_PARTICIPATION:5335|R-HSA-1855204	5335	PLCG1	ENSG00000124181	Reactome:R-HSA-1855204	R-HSA-1855204	TAS	Reactome
REACTOME_PARTICIPATION:5335|R-HSA-186763	5335	PLCG1	ENSG00000124181	Reactome:R-HSA-186763	R-HSA-186763	TAS	Reactome
REACTOME_PARTICIPATION:5335|R-HSA-201556	5335	PLCG1	ENSG00000124181	Reactome:R-HSA-201556	R-HSA-201556	TAS	Reactome
REACTOME_PARTICIPATION:5335|R-HSA-202433	5335	PLCG1	ENSG00000124181	Reactome:R-HSA-202433	R-HSA-202433	TAS	Reactome
REACTOME_PARTICIPATION:5335|R-HSA-2029485	5335	PLCG1	ENSG00000124181	Reactome:R-HSA-2029485	R-HSA-2029485	IEA	Reactome
REACTOME_PARTICIPATION:5335|R-HSA-210990	5335	PLCG1	ENSG00000124181	Reactome:R-HSA-210990	R-HSA-210990	TAS	Reactome
REACTOME_PARTICIPATION:5335|R-HSA-212718	5335	PLCG1	ENSG00000124181	Reactome:R-HSA-212718	R-HSA-212718	TAS	Reactome
REACTOME_PARTICIPATION:5335|R-HSA-2424491	5335	PLCG1	ENSG00000124181	Reactome:R-HSA-2424491	R-HSA-2424491	TAS	Reactome
REACTOME_PARTICIPATION:5335|R-HSA-2871796	5335	PLCG1	ENSG00000124181	Reactome:R-HSA-2871796	R-HSA-2871796	TAS	Reactome
REACTOME_PARTICIPATION:5335|R-HSA-2871809	5335	PLCG1	ENSG00000124181	Reactome:R-HSA-2871809	R-HSA-2871809	TAS	Reactome
REACTOME_PARTICIPATION:5335|R-HSA-418890	5335	PLCG1	ENSG00000124181	Reactome:R-HSA-418890	R-HSA-418890	IEA	Reactome
REACTOME_PARTICIPATION:5335|R-HSA-5218921	5335	PLCG1	ENSG00000124181	Reactome:R-HSA-5218921	R-HSA-5218921	IEA	Reactome
REACTOME_PARTICIPATION:5335|R-HSA-5637810	5335	PLCG1	ENSG00000124181	Reactome:R-HSA-5637810	R-HSA-5637810	TAS	Reactome
REACTOME_PARTICIPATION:5335|R-HSA-5654219	5335	PLCG1	ENSG00000124181	Reactome:R-HSA-5654219	R-HSA-5654219	TAS	Reactome
REACTOME_PARTICIPATION:5335|R-HSA-5654221	5335	PLCG1	ENSG00000124181	Reactome:R-HSA-5654221	R-HSA-5654221	TAS	Reactome
REACTOME_PARTICIPATION:5335|R-HSA-5654227	5335	PLCG1	ENSG00000124181	Reactome:R-HSA-5654227	R-HSA-5654227	TAS	Reactome
REACTOME_PARTICIPATION:5335|R-HSA-5654228	5335	PLCG1	ENSG00000124181	Reactome:R-HSA-5654228	R-HSA-5654228	TAS	Reactome
REACTOME_PARTICIPATION:5335|R-HSA-5655253	5335	PLCG1	ENSG00000124181	Reactome:R-HSA-5655253	R-HSA-5655253	TAS	Reactome
REACTOME_PARTICIPATION:5335|R-HSA-5655291	5335	PLCG1	ENSG00000124181	Reactome:R-HSA-5655291	R-HSA-5655291	TAS	Reactome
REACTOME_PARTICIPATION:5335|R-HSA-5655302	5335	PLCG1	ENSG00000124181	Reactome:R-HSA-5655302	R-HSA-5655302	TAS	Reactome
REACTOME_PARTICIPATION:5335|R-HSA-5655332	5335	PLCG1	ENSG00000124181	Reactome:R-HSA-5655332	R-HSA-5655332	TAS	Reactome
REACTOME_PARTICIPATION:5335|R-HSA-8853659	5335	PLCG1	ENSG00000124181	Reactome:R-HSA-8853659	R-HSA-8853659	TAS	Reactome
REACTOME_PARTICIPATION:5335|R-HSA-9026527	5335	PLCG1	ENSG00000124181	Reactome:R-HSA-9026527	R-HSA-9026527	TAS	Reactome
REACTOME_PARTICIPATION:5335|R-HSA-9027277	5335	PLCG1	ENSG00000124181	Reactome:R-HSA-9027277	R-HSA-9027277	IEA	Reactome
REACTOME_PARTICIPATION:5335|R-HSA-9034793	5335	PLCG1	ENSG00000124181	Reactome:R-HSA-9034793	R-HSA-9034793	TAS	Reactome
REACTOME_PARTICIPATION:5335|R-HSA-9664323	5335	PLCG1	ENSG00000124181	Reactome:R-HSA-9664323	R-HSA-9664323	TAS	Reactome
REACTOME_PARTICIPATION:5335|R-HSA-9664565	5335	PLCG1	ENSG00000124181	Reactome:R-HSA-9664565	R-HSA-9664565	TAS	Reactome
REACTOME_PARTICIPATION:5335|R-HSA-9665348	5335	PLCG1	ENSG00000124181	Reactome:R-HSA-9665348	R-HSA-9665348	TAS	Reactome
REACTOME_PARTICIPATION:5335|R-HSA-9665686	5335	PLCG1	ENSG00000124181	Reactome:R-HSA-9665686	R-HSA-9665686	TAS	Reactome
REACTOME_PARTICIPATION:5335|R-HSA-9725370	5335	PLCG1	ENSG00000124181	Reactome:R-HSA-9725370	R-HSA-9725370	TAS	Reactome
REACTOME_PARTICIPATION:5347|R-HSA-141444	5347	PLK1	ENSG00000166851	Reactome:R-HSA-141444	R-HSA-141444	TAS	Reactome
REACTOME_PARTICIPATION:5347|R-HSA-156711	5347	PLK1	ENSG00000166851	Reactome:R-HSA-156711	R-HSA-156711	TAS	Reactome
REACTOME_PARTICIPATION:5347|R-HSA-162658	5347	PLK1	ENSG00000166851	Reactome:R-HSA-162658	R-HSA-162658	IEA	Reactome
REACTOME_PARTICIPATION:5347|R-HSA-174178	5347	PLK1	ENSG00000166851	Reactome:R-HSA-174178	R-HSA-174178	TAS	Reactome
REACTOME_PARTICIPATION:5347|R-HSA-176412	5347	PLK1	ENSG00000166851	Reactome:R-HSA-176412	R-HSA-176412	TAS	Reactome
REACTOME_PARTICIPATION:5347|R-HSA-176417	5347	PLK1	ENSG00000166851	Reactome:R-HSA-176417	R-HSA-176417	TAS	Reactome
REACTOME_PARTICIPATION:5347|R-HSA-2299718	5347	PLK1	ENSG00000166851	Reactome:R-HSA-2299718	R-HSA-2299718	TAS	Reactome
REACTOME_PARTICIPATION:5347|R-HSA-2467813	5347	PLK1	ENSG00000166851	Reactome:R-HSA-2467813	R-HSA-2467813	TAS	Reactome
REACTOME_PARTICIPATION:5347|R-HSA-2500257	5347	PLK1	ENSG00000166851	Reactome:R-HSA-2500257	R-HSA-2500257	TAS	Reactome
REACTOME_PARTICIPATION:5347|R-HSA-2565942	5347	PLK1	ENSG00000166851	Reactome:R-HSA-2565942	R-HSA-2565942	TAS	Reactome
REACTOME_PARTICIPATION:5347|R-HSA-2980767	5347	PLK1	ENSG00000166851	Reactome:R-HSA-2980767	R-HSA-2980767	TAS	Reactome
REACTOME_PARTICIPATION:5347|R-HSA-380259	5347	PLK1	ENSG00000166851	Reactome:R-HSA-380259	R-HSA-380259	TAS	Reactome
REACTOME_PARTICIPATION:5347|R-HSA-380270	5347	PLK1	ENSG00000166851	Reactome:R-HSA-380270	R-HSA-380270	TAS	Reactome
REACTOME_PARTICIPATION:5347|R-HSA-380284	5347	PLK1	ENSG00000166851	Reactome:R-HSA-380284	R-HSA-380284	TAS	Reactome
REACTOME_PARTICIPATION:5347|R-HSA-380320	5347	PLK1	ENSG00000166851	Reactome:R-HSA-380320	R-HSA-380320	TAS	Reactome
REACTOME_PARTICIPATION:5347|R-HSA-5620912	5347	PLK1	ENSG00000166851	Reactome:R-HSA-5620912	R-HSA-5620912	TAS	Reactome
REACTOME_PARTICIPATION:5347|R-HSA-5663220	5347	PLK1	ENSG00000166851	Reactome:R-HSA-5663220	R-HSA-5663220	TAS	Reactome
REACTOME_PARTICIPATION:5347|R-HSA-68877	5347	PLK1	ENSG00000166851	Reactome:R-HSA-68877	R-HSA-68877	TAS	Reactome
REACTOME_PARTICIPATION:5347|R-HSA-68881	5347	PLK1	ENSG00000166851	Reactome:R-HSA-68881	R-HSA-68881	TAS	Reactome
REACTOME_PARTICIPATION:5347|R-HSA-68884	5347	PLK1	ENSG00000166851	Reactome:R-HSA-68884	R-HSA-68884	TAS	Reactome
REACTOME_PARTICIPATION:5347|R-HSA-69273	5347	PLK1	ENSG00000166851	Reactome:R-HSA-69273	R-HSA-69273	TAS	Reactome
REACTOME_PARTICIPATION:5347|R-HSA-8852276	5347	PLK1	ENSG00000166851	Reactome:R-HSA-8852276	R-HSA-8852276	TAS	Reactome
REACTOME_PARTICIPATION:5347|R-HSA-8854518	5347	PLK1	ENSG00000166851	Reactome:R-HSA-8854518	R-HSA-8854518	TAS	Reactome
REACTOME_PARTICIPATION:5347|R-HSA-9648025	5347	PLK1	ENSG00000166851	Reactome:R-HSA-9648025	R-HSA-9648025	TAS	Reactome
REACTOME_PARTICIPATION:5347|R-HSA-9825892	5347	PLK1	ENSG00000166851	Reactome:R-HSA-9825892	R-HSA-9825892	TAS	Reactome
REACTOME_PARTICIPATION:5352|R-HSA-1650814	5352	PLOD2	ENSG00000152952	Reactome:R-HSA-1650814	R-HSA-1650814	TAS	Reactome
REACTOME_PARTICIPATION:5395|R-HSA-5358565	5395	PMS2	ENSG00000122512	Reactome:R-HSA-5358565	R-HSA-5358565	TAS	Reactome
REACTOME_PARTICIPATION:5395|R-HSA-5358606	5395	PMS2	ENSG00000122512	Reactome:R-HSA-5358606	R-HSA-5358606	IEA	Reactome
REACTOME_PARTICIPATION:5395|R-HSA-5545483	5395	PMS2	ENSG00000122512	Reactome:R-HSA-5545483	R-HSA-5545483	TAS	Reactome
REACTOME_PARTICIPATION:5395|R-HSA-5632987	5395	PMS2	ENSG00000122512	Reactome:R-HSA-5632987	R-HSA-5632987	TAS	Reactome
REACTOME_PARTICIPATION:5395|R-HSA-6796648	5395	PMS2	ENSG00000122512	Reactome:R-HSA-6796648	R-HSA-6796648	TAS	Reactome
REACTOME_PARTICIPATION:540|R-HSA-936837	540	ATP7B	ENSG00000123191	Reactome:R-HSA-936837	R-HSA-936837	TAS	Reactome
REACTOME_PARTICIPATION:54106|R-HSA-109704	54106	TLR9	ENSG00000239732	Reactome:R-HSA-109704	R-HSA-109704	TAS	Reactome
REACTOME_PARTICIPATION:54106|R-HSA-1679131	54106	TLR9	ENSG00000239732	Reactome:R-HSA-1679131	R-HSA-1679131	TAS	Reactome
REACTOME_PARTICIPATION:54106|R-HSA-168138	54106	TLR9	ENSG00000239732	Reactome:R-HSA-168138	R-HSA-168138	TAS	Reactome
REACTOME_PARTICIPATION:54106|R-HSA-9679191	54106	TLR9	ENSG00000239732	Reactome:R-HSA-9679191	R-HSA-9679191	TAS	Reactome
REACTOME_PARTICIPATION:54106|R-HSA-975110	54106	TLR9	ENSG00000239732	Reactome:R-HSA-975110	R-HSA-975110	TAS	Reactome
REACTOME_PARTICIPATION:54106|R-HSA-975138	54106	TLR9	ENSG00000239732	Reactome:R-HSA-975138	R-HSA-975138	TAS	Reactome
REACTOME_PARTICIPATION:54106|R-HSA-975155	54106	TLR9	ENSG00000239732	Reactome:R-HSA-975155	R-HSA-975155	TAS	Reactome
REACTOME_PARTICIPATION:5428|R-HSA-9913635	5428	POLG	ENSG00000140521	Reactome:R-HSA-9913635	R-HSA-9913635	TAS	Reactome
REACTOME_PARTICIPATION:54443|R-HSA-8980692	54443	ANLN	ENSG00000011426	Reactome:R-HSA-8980692	R-HSA-8980692	TAS	Reactome
REACTOME_PARTICIPATION:54443|R-HSA-9013026	54443	ANLN	ENSG00000011426	Reactome:R-HSA-9013026	R-HSA-9013026	TAS	Reactome
REACTOME_PARTICIPATION:54443|R-HSA-9013106	54443	ANLN	ENSG00000011426	Reactome:R-HSA-9013106	R-HSA-9013106	TAS	Reactome
REACTOME_PARTICIPATION:5465|R-HSA-1368108	5465	PPARA	ENSG00000186951	Reactome:R-HSA-1368108	R-HSA-1368108	IEA	Reactome
REACTOME_PARTICIPATION:5465|R-HSA-1989781	5465	PPARA	ENSG00000186951	Reactome:R-HSA-1989781	R-HSA-1989781	IEA	Reactome
REACTOME_PARTICIPATION:5465|R-HSA-2151201	5465	PPARA	ENSG00000186951	Reactome:R-HSA-2151201	R-HSA-2151201	TAS	Reactome
REACTOME_PARTICIPATION:5465|R-HSA-2426168	5465	PPARA	ENSG00000186951	Reactome:R-HSA-2426168	R-HSA-2426168	TAS	Reactome
REACTOME_PARTICIPATION:5465|R-HSA-381340	5465	PPARA	ENSG00000186951	Reactome:R-HSA-381340	R-HSA-381340	TAS	Reactome
REACTOME_PARTICIPATION:5465|R-HSA-383280	5465	PPARA	ENSG00000186951	Reactome:R-HSA-383280	R-HSA-383280	TAS	Reactome
REACTOME_PARTICIPATION:5465|R-HSA-400206	5465	PPARA	ENSG00000186951	Reactome:R-HSA-400206	R-HSA-400206	TAS	Reactome
REACTOME_PARTICIPATION:5465|R-HSA-4090294	5465	PPARA	ENSG00000186951	Reactome:R-HSA-4090294	R-HSA-4090294	TAS	Reactome
REACTOME_PARTICIPATION:5465|R-HSA-9707564	5465	PPARA	ENSG00000186951	Reactome:R-HSA-9707564	R-HSA-9707564	TAS	Reactome
REACTOME_PARTICIPATION:5465|R-HSA-9707616	5465	PPARA	ENSG00000186951	Reactome:R-HSA-9707616	R-HSA-9707616	IEA	Reactome
REACTOME_PARTICIPATION:5465|R-HSA-9844594	5465	PPARA	ENSG00000186951	Reactome:R-HSA-9844594	R-HSA-9844594	IEA	Reactome
REACTOME_PARTICIPATION:5465|R-HSA-9931509	5465	PPARA	ENSG00000186951	Reactome:R-HSA-9931509	R-HSA-9931509	IEA	Reactome
REACTOME_PARTICIPATION:5465|R-HSA-9933387	5465	PPARA	ENSG00000186951	Reactome:R-HSA-9933387	R-HSA-9933387	IEA	Reactome
REACTOME_PARTICIPATION:5467|R-HSA-200425	5467	PPARD	ENSG00000112033	Reactome:R-HSA-200425	R-HSA-200425	TAS	Reactome
REACTOME_PARTICIPATION:5467|R-HSA-383280	5467	PPARD	ENSG00000112033	Reactome:R-HSA-383280	R-HSA-383280	TAS	Reactome
REACTOME_PARTICIPATION:5467|R-HSA-5362517	5467	PPARD	ENSG00000112033	Reactome:R-HSA-5362517	R-HSA-5362517	TAS	Reactome
REACTOME_PARTICIPATION:5468|R-HSA-1989781	5468	PPARG	ENSG00000132170	Reactome:R-HSA-1989781	R-HSA-1989781	TAS	Reactome
REACTOME_PARTICIPATION:5468|R-HSA-381340	5468	PPARG	ENSG00000132170	Reactome:R-HSA-381340	R-HSA-381340	IEA	Reactome
REACTOME_PARTICIPATION:5468|R-HSA-383280	5468	PPARG	ENSG00000132170	Reactome:R-HSA-383280	R-HSA-383280	TAS	Reactome
REACTOME_PARTICIPATION:5468|R-HSA-4090294	5468	PPARG	ENSG00000132170	Reactome:R-HSA-4090294	R-HSA-4090294	IEA	Reactome
REACTOME_PARTICIPATION:5468|R-HSA-8943724	5468	PPARG	ENSG00000132170	Reactome:R-HSA-8943724	R-HSA-8943724	TAS	Reactome
REACTOME_PARTICIPATION:5468|R-HSA-9022707	5468	PPARG	ENSG00000132170	Reactome:R-HSA-9022707	R-HSA-9022707	IEA	Reactome
REACTOME_PARTICIPATION:5468|R-HSA-9841922	5468	PPARG	ENSG00000132170	Reactome:R-HSA-9841922	R-HSA-9841922	TAS	Reactome
REACTOME_PARTICIPATION:5468|R-HSA-9844594	5468	PPARG	ENSG00000132170	Reactome:R-HSA-9844594	R-HSA-9844594	IEA	Reactome
REACTOME_PARTICIPATION:5469|R-HSA-1368108	5469	MED1	ENSG00000125686	Reactome:R-HSA-1368108	R-HSA-1368108	IEA	Reactome
REACTOME_PARTICIPATION:5469|R-HSA-1989781	5469	MED1	ENSG00000125686	Reactome:R-HSA-1989781	R-HSA-1989781	IEA	Reactome
REACTOME_PARTICIPATION:5469|R-HSA-212436	5469	MED1	ENSG00000125686	Reactome:R-HSA-212436	R-HSA-212436	TAS	Reactome
REACTOME_PARTICIPATION:5469|R-HSA-2151201	5469	MED1	ENSG00000125686	Reactome:R-HSA-2151201	R-HSA-2151201	TAS	Reactome
REACTOME_PARTICIPATION:5469|R-HSA-2426168	5469	MED1	ENSG00000125686	Reactome:R-HSA-2426168	R-HSA-2426168	TAS	Reactome
REACTOME_PARTICIPATION:5469|R-HSA-381340	5469	MED1	ENSG00000125686	Reactome:R-HSA-381340	R-HSA-381340	IEA	Reactome
REACTOME_PARTICIPATION:5469|R-HSA-383280	5469	MED1	ENSG00000125686	Reactome:R-HSA-383280	R-HSA-383280	TAS	Reactome
REACTOME_PARTICIPATION:5469|R-HSA-400206	5469	MED1	ENSG00000125686	Reactome:R-HSA-400206	R-HSA-400206	TAS	Reactome
REACTOME_PARTICIPATION:5469|R-HSA-9018519	5469	MED1	ENSG00000125686	Reactome:R-HSA-9018519	R-HSA-9018519	TAS	Reactome
REACTOME_PARTICIPATION:5469|R-HSA-9707564	5469	MED1	ENSG00000125686	Reactome:R-HSA-9707564	R-HSA-9707564	TAS	Reactome
REACTOME_PARTICIPATION:5469|R-HSA-9707616	5469	MED1	ENSG00000125686	Reactome:R-HSA-9707616	R-HSA-9707616	IEA	Reactome
REACTOME_PARTICIPATION:5469|R-HSA-9833110	5469	MED1	ENSG00000125686	Reactome:R-HSA-9833110	R-HSA-9833110	TAS	Reactome
REACTOME_PARTICIPATION:5469|R-HSA-9841922	5469	MED1	ENSG00000125686	Reactome:R-HSA-9841922	R-HSA-9841922	IEA	Reactome
REACTOME_PARTICIPATION:5469|R-HSA-9931509	5469	MED1	ENSG00000125686	Reactome:R-HSA-9931509	R-HSA-9931509	IEA	Reactome
REACTOME_PARTICIPATION:5469|R-HSA-9933387	5469	MED1	ENSG00000125686	Reactome:R-HSA-9933387	R-HSA-9933387	IEA	Reactome
REACTOME_PARTICIPATION:54790|R-HSA-5221030	54790	TET2	ENSG00000168769	Reactome:R-HSA-5221030	R-HSA-5221030	IEA	Reactome
REACTOME_PARTICIPATION:54790|R-HSA-9827857	54790	TET2	ENSG00000168769	Reactome:R-HSA-9827857	R-HSA-9827857	TAS	Reactome
REACTOME_PARTICIPATION:54822|R-HSA-3295583	54822	TRPM7	ENSG00000092439	Reactome:R-HSA-3295583	R-HSA-3295583	TAS	Reactome
REACTOME_PARTICIPATION:54894|R-HSA-4641263	54894	RNF43	ENSG00000108375	Reactome:R-HSA-4641263	R-HSA-4641263	TAS	Reactome
REACTOME_PARTICIPATION:54894|R-HSA-5340588	54894	RNF43	ENSG00000108375	Reactome:R-HSA-5340588	R-HSA-5340588	TAS	Reactome
REACTOME_PARTICIPATION:55143|R-HSA-141444	55143	CDCA8	ENSG00000134690	Reactome:R-HSA-141444	R-HSA-141444	TAS	Reactome
REACTOME_PARTICIPATION:55143|R-HSA-2467813	55143	CDCA8	ENSG00000134690	Reactome:R-HSA-2467813	R-HSA-2467813	TAS	Reactome
REACTOME_PARTICIPATION:55143|R-HSA-2500257	55143	CDCA8	ENSG00000134690	Reactome:R-HSA-2500257	R-HSA-2500257	TAS	Reactome
REACTOME_PARTICIPATION:55143|R-HSA-4615885	55143	CDCA8	ENSG00000134690	Reactome:R-HSA-4615885	R-HSA-4615885	TAS	Reactome
REACTOME_PARTICIPATION:55143|R-HSA-5663220	55143	CDCA8	ENSG00000134690	Reactome:R-HSA-5663220	R-HSA-5663220	TAS	Reactome
REACTOME_PARTICIPATION:55143|R-HSA-68877	55143	CDCA8	ENSG00000134690	Reactome:R-HSA-68877	R-HSA-68877	TAS	Reactome
REACTOME_PARTICIPATION:55143|R-HSA-9648025	55143	CDCA8	ENSG00000134690	Reactome:R-HSA-9648025	R-HSA-9648025	TAS	Reactome
REACTOME_PARTICIPATION:55215|R-HSA-6783310	55215	FANCI	ENSG00000140525	Reactome:R-HSA-6783310	R-HSA-6783310	TAS	Reactome
REACTOME_PARTICIPATION:55215|R-HSA-6796648	55215	FANCI	ENSG00000140525	Reactome:R-HSA-6796648	R-HSA-6796648	TAS	Reactome
REACTOME_PARTICIPATION:55227|R-HSA-9696270	55227	LRRC1	ENSG00000137269	Reactome:R-HSA-9696270	R-HSA-9696270	TAS	Reactome
REACTOME_PARTICIPATION:55247|R-HSA-110328	55247	NEIL3	ENSG00000109674	Reactome:R-HSA-110328	R-HSA-110328	IEA	Reactome
REACTOME_PARTICIPATION:55247|R-HSA-110329	55247	NEIL3	ENSG00000109674	Reactome:R-HSA-110329	R-HSA-110329	IEA	Reactome
REACTOME_PARTICIPATION:55247|R-HSA-110330	55247	NEIL3	ENSG00000109674	Reactome:R-HSA-110330	R-HSA-110330	IEA	Reactome
REACTOME_PARTICIPATION:55247|R-HSA-110331	55247	NEIL3	ENSG00000109674	Reactome:R-HSA-110331	R-HSA-110331	IEA	Reactome
REACTOME_PARTICIPATION:55247|R-HSA-9629232	55247	NEIL3	ENSG00000109674	Reactome:R-HSA-9629232	R-HSA-9629232	TAS	Reactome
REACTOME_PARTICIPATION:55247|R-HSA-9636003	55247	NEIL3	ENSG00000109674	Reactome:R-HSA-9636003	R-HSA-9636003	TAS	Reactome
REACTOME_PARTICIPATION:55355|R-HSA-606279	55355	HJURP	ENSG00000123485	Reactome:R-HSA-606279	R-HSA-606279	TAS	Reactome
REACTOME_PARTICIPATION:55355|R-HSA-69273	55355	HJURP	ENSG00000123485	Reactome:R-HSA-69273	R-HSA-69273	TAS	Reactome
REACTOME_PARTICIPATION:55388|R-HSA-176187	55388	MCM10	ENSG00000065328	Reactome:R-HSA-176187	R-HSA-176187	TAS	Reactome
REACTOME_PARTICIPATION:55388|R-HSA-68962	55388	MCM10	ENSG00000065328	Reactome:R-HSA-68962	R-HSA-68962	TAS	Reactome
REACTOME_PARTICIPATION:5551|R-HSA-9725371	5551	PRF1	ENSG00000180644	Reactome:R-HSA-9725371	R-HSA-9725371	TAS	Reactome
REACTOME_PARTICIPATION:55532|R-HSA-425410	55532	SLC30A10	ENSG00000196660	Reactome:R-HSA-425410	R-HSA-425410	TAS	Reactome
REACTOME_PARTICIPATION:55576|R-HSA-2142845	55576	STAB2	ENSG00000136011	Reactome:R-HSA-2142845	R-HSA-2142845	TAS	Reactome
REACTOME_PARTICIPATION:55576|R-HSA-2160916	55576	STAB2	ENSG00000136011	Reactome:R-HSA-2160916	R-HSA-2160916	TAS	Reactome
REACTOME_PARTICIPATION:55576|R-HSA-3000497	55576	STAB2	ENSG00000136011	Reactome:R-HSA-3000497	R-HSA-3000497	TAS	Reactome
REACTOME_PARTICIPATION:5566|R-HSA-111931	5566	PRKACA	ENSG00000072062	Reactome:R-HSA-111931	R-HSA-111931	IEA	Reactome
REACTOME_PARTICIPATION:5566|R-HSA-163358	5566	PRKACA	ENSG00000072062	Reactome:R-HSA-163358	R-HSA-163358	IEA	Reactome
REACTOME_PARTICIPATION:5566|R-HSA-163560	5566	PRKACA	ENSG00000072062	Reactome:R-HSA-163560	R-HSA-163560	IEA	Reactome
REACTOME_PARTICIPATION:5566|R-HSA-163615	5566	PRKACA	ENSG00000072062	Reactome:R-HSA-163615	R-HSA-163615	TAS	Reactome
REACTOME_PARTICIPATION:5566|R-HSA-164378	5566	PRKACA	ENSG00000072062	Reactome:R-HSA-164378	R-HSA-164378	TAS	Reactome
REACTOME_PARTICIPATION:5566|R-HSA-180024	5566	PRKACA	ENSG00000072062	Reactome:R-HSA-180024	R-HSA-180024	TAS	Reactome
REACTOME_PARTICIPATION:5566|R-HSA-2565942	5566	PRKACA	ENSG00000072062	Reactome:R-HSA-2565942	R-HSA-2565942	TAS	Reactome
REACTOME_PARTICIPATION:5566|R-HSA-380259	5566	PRKACA	ENSG00000072062	Reactome:R-HSA-380259	R-HSA-380259	TAS	Reactome
REACTOME_PARTICIPATION:5566|R-HSA-380270	5566	PRKACA	ENSG00000072062	Reactome:R-HSA-380270	R-HSA-380270	TAS	Reactome
REACTOME_PARTICIPATION:5566|R-HSA-380284	5566	PRKACA	ENSG00000072062	Reactome:R-HSA-380284	R-HSA-380284	TAS	Reactome
REACTOME_PARTICIPATION:5566|R-HSA-380320	5566	PRKACA	ENSG00000072062	Reactome:R-HSA-380320	R-HSA-380320	TAS	Reactome
REACTOME_PARTICIPATION:5566|R-HSA-381676	5566	PRKACA	ENSG00000072062	Reactome:R-HSA-381676	R-HSA-381676	TAS	Reactome
REACTOME_PARTICIPATION:5566|R-HSA-392517	5566	PRKACA	ENSG00000072062	Reactome:R-HSA-392517	R-HSA-392517	TAS	Reactome
REACTOME_PARTICIPATION:5566|R-HSA-422356	5566	PRKACA	ENSG00000072062	Reactome:R-HSA-422356	R-HSA-422356	TAS	Reactome
REACTOME_PARTICIPATION:5566|R-HSA-432040	5566	PRKACA	ENSG00000072062	Reactome:R-HSA-432040	R-HSA-432040	TAS	Reactome
REACTOME_PARTICIPATION:5566|R-HSA-4420097	5566	PRKACA	ENSG00000072062	Reactome:R-HSA-4420097	R-HSA-4420097	TAS	Reactome
REACTOME_PARTICIPATION:5566|R-HSA-442720	5566	PRKACA	ENSG00000072062	Reactome:R-HSA-442720	R-HSA-442720	TAS	Reactome
REACTOME_PARTICIPATION:5566|R-HSA-512988	5566	PRKACA	ENSG00000072062	Reactome:R-HSA-512988	R-HSA-512988	TAS	Reactome
REACTOME_PARTICIPATION:5566|R-HSA-5578775	5566	PRKACA	ENSG00000072062	Reactome:R-HSA-5578775	R-HSA-5578775	TAS	Reactome
REACTOME_PARTICIPATION:5566|R-HSA-5610780	5566	PRKACA	ENSG00000072062	Reactome:R-HSA-5610780	R-HSA-5610780	IEA	Reactome
REACTOME_PARTICIPATION:5566|R-HSA-5610783	5566	PRKACA	ENSG00000072062	Reactome:R-HSA-5610783	R-HSA-5610783	IEA	Reactome
REACTOME_PARTICIPATION:5566|R-HSA-5610785	5566	PRKACA	ENSG00000072062	Reactome:R-HSA-5610785	R-HSA-5610785	TAS	Reactome
REACTOME_PARTICIPATION:5566|R-HSA-5610787	5566	PRKACA	ENSG00000072062	Reactome:R-HSA-5610787	R-HSA-5610787	TAS	Reactome
REACTOME_PARTICIPATION:5566|R-HSA-5620912	5566	PRKACA	ENSG00000072062	Reactome:R-HSA-5620912	R-HSA-5620912	TAS	Reactome
REACTOME_PARTICIPATION:5566|R-HSA-5621575	5566	PRKACA	ENSG00000072062	Reactome:R-HSA-5621575	R-HSA-5621575	TAS	Reactome
REACTOME_PARTICIPATION:5566|R-HSA-5687128	5566	PRKACA	ENSG00000072062	Reactome:R-HSA-5687128	R-HSA-5687128	TAS	Reactome
REACTOME_PARTICIPATION:5566|R-HSA-8853659	5566	PRKACA	ENSG00000072062	Reactome:R-HSA-8853659	R-HSA-8853659	TAS	Reactome
REACTOME_PARTICIPATION:5566|R-HSA-8854518	5566	PRKACA	ENSG00000072062	Reactome:R-HSA-8854518	R-HSA-8854518	TAS	Reactome
REACTOME_PARTICIPATION:5566|R-HSA-8963896	5566	PRKACA	ENSG00000072062	Reactome:R-HSA-8963896	R-HSA-8963896	TAS	Reactome
REACTOME_PARTICIPATION:5566|R-HSA-9010642	5566	PRKACA	ENSG00000072062	Reactome:R-HSA-9010642	R-HSA-9010642	IEA	Reactome
REACTOME_PARTICIPATION:5566|R-HSA-9022535	5566	PRKACA	ENSG00000072062	Reactome:R-HSA-9022535	R-HSA-9022535	IEA	Reactome
REACTOME_PARTICIPATION:5566|R-HSA-9022692	5566	PRKACA	ENSG00000072062	Reactome:R-HSA-9022692	R-HSA-9022692	IEA	Reactome
REACTOME_PARTICIPATION:5566|R-HSA-9634597	5566	PRKACA	ENSG00000072062	Reactome:R-HSA-9634597	R-HSA-9634597	TAS	Reactome
REACTOME_PARTICIPATION:5566|R-HSA-9634600	5566	PRKACA	ENSG00000072062	Reactome:R-HSA-9634600	R-HSA-9634600	IEA	Reactome
REACTOME_PARTICIPATION:5566|R-HSA-9660821	5566	PRKACA	ENSG00000072062	Reactome:R-HSA-9660821	R-HSA-9660821	TAS	Reactome
REACTOME_PARTICIPATION:5566|R-HSA-9664323	5566	PRKACA	ENSG00000072062	Reactome:R-HSA-9664323	R-HSA-9664323	TAS	Reactome
REACTOME_PARTICIPATION:5566|R-HSA-983231	5566	PRKACA	ENSG00000072062	Reactome:R-HSA-983231	R-HSA-983231	TAS	Reactome
REACTOME_PARTICIPATION:5566|R-HSA-9837999	5566	PRKACA	ENSG00000072062	Reactome:R-HSA-9837999	R-HSA-9837999	TAS	Reactome
REACTOME_PARTICIPATION:5566|R-HSA-9856530	5566	PRKACA	ENSG00000072062	Reactome:R-HSA-9856530	R-HSA-9856530	TAS	Reactome
REACTOME_PARTICIPATION:55789|R-HSA-8980692	55789	DEPDC1B	ENSG00000035499	Reactome:R-HSA-8980692	R-HSA-8980692	TAS	Reactome
REACTOME_PARTICIPATION:55789|R-HSA-9013026	55789	DEPDC1B	ENSG00000035499	Reactome:R-HSA-9013026	R-HSA-9013026	TAS	Reactome
REACTOME_PARTICIPATION:55789|R-HSA-9013106	55789	DEPDC1B	ENSG00000035499	Reactome:R-HSA-9013106	R-HSA-9013106	TAS	Reactome
REACTOME_PARTICIPATION:55789|R-HSA-9013148	55789	DEPDC1B	ENSG00000035499	Reactome:R-HSA-9013148	R-HSA-9013148	TAS	Reactome
REACTOME_PARTICIPATION:55789|R-HSA-9013149	55789	DEPDC1B	ENSG00000035499	Reactome:R-HSA-9013149	R-HSA-9013149	TAS	Reactome
REACTOME_PARTICIPATION:55789|R-HSA-9013404	55789	DEPDC1B	ENSG00000035499	Reactome:R-HSA-9013404	R-HSA-9013404	TAS	Reactome
REACTOME_PARTICIPATION:55789|R-HSA-9013405	55789	DEPDC1B	ENSG00000035499	Reactome:R-HSA-9013405	R-HSA-9013405	TAS	Reactome
REACTOME_PARTICIPATION:55789|R-HSA-9013406	55789	DEPDC1B	ENSG00000035499	Reactome:R-HSA-9013406	R-HSA-9013406	TAS	Reactome
REACTOME_PARTICIPATION:55789|R-HSA-9013408	55789	DEPDC1B	ENSG00000035499	Reactome:R-HSA-9013408	R-HSA-9013408	TAS	Reactome
REACTOME_PARTICIPATION:55789|R-HSA-9013409	55789	DEPDC1B	ENSG00000035499	Reactome:R-HSA-9013409	R-HSA-9013409	TAS	Reactome
REACTOME_PARTICIPATION:55789|R-HSA-9013420	55789	DEPDC1B	ENSG00000035499	Reactome:R-HSA-9013420	R-HSA-9013420	TAS	Reactome
REACTOME_PARTICIPATION:55789|R-HSA-9013423	55789	DEPDC1B	ENSG00000035499	Reactome:R-HSA-9013423	R-HSA-9013423	TAS	Reactome
REACTOME_PARTICIPATION:55789|R-HSA-9013424	55789	DEPDC1B	ENSG00000035499	Reactome:R-HSA-9013424	R-HSA-9013424	TAS	Reactome
REACTOME_PARTICIPATION:55789|R-HSA-9035034	55789	DEPDC1B	ENSG00000035499	Reactome:R-HSA-9035034	R-HSA-9035034	TAS	Reactome
REACTOME_PARTICIPATION:55789|R-HSA-9696264	55789	DEPDC1B	ENSG00000035499	Reactome:R-HSA-9696264	R-HSA-9696264	TAS	Reactome
REACTOME_PARTICIPATION:55789|R-HSA-9696270	55789	DEPDC1B	ENSG00000035499	Reactome:R-HSA-9696270	R-HSA-9696270	TAS	Reactome
REACTOME_PARTICIPATION:55789|R-HSA-9696273	55789	DEPDC1B	ENSG00000035499	Reactome:R-HSA-9696273	R-HSA-9696273	TAS	Reactome
REACTOME_PARTICIPATION:5578|R-HSA-111933	5578	PRKCA	ENSG00000154229	Reactome:R-HSA-111933	R-HSA-111933	TAS	Reactome
REACTOME_PARTICIPATION:5578|R-HSA-114516	5578	PRKCA	ENSG00000154229	Reactome:R-HSA-114516	R-HSA-114516	TAS	Reactome
REACTOME_PARTICIPATION:5578|R-HSA-1250196	5578	PRKCA	ENSG00000154229	Reactome:R-HSA-1250196	R-HSA-1250196	TAS	Reactome
REACTOME_PARTICIPATION:5578|R-HSA-1433557	5578	PRKCA	ENSG00000154229	Reactome:R-HSA-1433557	R-HSA-1433557	TAS	Reactome
REACTOME_PARTICIPATION:5578|R-HSA-1433559	5578	PRKCA	ENSG00000154229	Reactome:R-HSA-1433559	R-HSA-1433559	TAS	Reactome
REACTOME_PARTICIPATION:5578|R-HSA-2179392	5578	PRKCA	ENSG00000154229	Reactome:R-HSA-2179392	R-HSA-2179392	TAS	Reactome
REACTOME_PARTICIPATION:5578|R-HSA-2514859	5578	PRKCA	ENSG00000154229	Reactome:R-HSA-2514859	R-HSA-2514859	IEA	Reactome
REACTOME_PARTICIPATION:5578|R-HSA-3000170	5578	PRKCA	ENSG00000154229	Reactome:R-HSA-3000170	R-HSA-3000170	TAS	Reactome
REACTOME_PARTICIPATION:5578|R-HSA-399997	5578	PRKCA	ENSG00000154229	Reactome:R-HSA-399997	R-HSA-399997	TAS	Reactome
REACTOME_PARTICIPATION:5578|R-HSA-4086398	5578	PRKCA	ENSG00000154229	Reactome:R-HSA-4086398	R-HSA-4086398	IEA	Reactome
REACTOME_PARTICIPATION:5578|R-HSA-416993	5578	PRKCA	ENSG00000154229	Reactome:R-HSA-416993	R-HSA-416993	TAS	Reactome
REACTOME_PARTICIPATION:5578|R-HSA-418597	5578	PRKCA	ENSG00000154229	Reactome:R-HSA-418597	R-HSA-418597	IEA	Reactome
REACTOME_PARTICIPATION:5578|R-HSA-4419969	5578	PRKCA	ENSG00000154229	Reactome:R-HSA-4419969	R-HSA-4419969	TAS	Reactome
REACTOME_PARTICIPATION:5578|R-HSA-450520	5578	PRKCA	ENSG00000154229	Reactome:R-HSA-450520	R-HSA-450520	TAS	Reactome
REACTOME_PARTICIPATION:5578|R-HSA-5099900	5578	PRKCA	ENSG00000154229	Reactome:R-HSA-5099900	R-HSA-5099900	TAS	Reactome
REACTOME_PARTICIPATION:5578|R-HSA-5218921	5578	PRKCA	ENSG00000154229	Reactome:R-HSA-5218921	R-HSA-5218921	TAS	Reactome
REACTOME_PARTICIPATION:5578|R-HSA-5668599	5578	PRKCA	ENSG00000154229	Reactome:R-HSA-5668599	R-HSA-5668599	TAS	Reactome
REACTOME_PARTICIPATION:5578|R-HSA-76005	5578	PRKCA	ENSG00000154229	Reactome:R-HSA-76005	R-HSA-76005	TAS	Reactome
REACTOME_PARTICIPATION:5578|R-HSA-8853659	5578	PRKCA	ENSG00000154229	Reactome:R-HSA-8853659	R-HSA-8853659	TAS	Reactome
REACTOME_PARTICIPATION:5578|R-HSA-9010642	5578	PRKCA	ENSG00000154229	Reactome:R-HSA-9010642	R-HSA-9010642	IEA	Reactome
REACTOME_PARTICIPATION:5580|R-HSA-111465	5580	PRKCD	ENSG00000163932	Reactome:R-HSA-111465	R-HSA-111465	TAS	Reactome
REACTOME_PARTICIPATION:5580|R-HSA-111933	5580	PRKCD	ENSG00000163932	Reactome:R-HSA-111933	R-HSA-111933	TAS	Reactome
REACTOME_PARTICIPATION:5580|R-HSA-114508	5580	PRKCD	ENSG00000163932	Reactome:R-HSA-114508	R-HSA-114508	TAS	Reactome
REACTOME_PARTICIPATION:5580|R-HSA-1250196	5580	PRKCD	ENSG00000163932	Reactome:R-HSA-1250196	R-HSA-1250196	TAS	Reactome
REACTOME_PARTICIPATION:5580|R-HSA-1489509	5580	PRKCD	ENSG00000163932	Reactome:R-HSA-1489509	R-HSA-1489509	TAS	Reactome
REACTOME_PARTICIPATION:5580|R-HSA-2029485	5580	PRKCD	ENSG00000163932	Reactome:R-HSA-2029485	R-HSA-2029485	TAS	Reactome
REACTOME_PARTICIPATION:5580|R-HSA-418597	5580	PRKCD	ENSG00000163932	Reactome:R-HSA-418597	R-HSA-418597	IEA	Reactome
REACTOME_PARTICIPATION:5580|R-HSA-450520	5580	PRKCD	ENSG00000163932	Reactome:R-HSA-450520	R-HSA-450520	TAS	Reactome
REACTOME_PARTICIPATION:5580|R-HSA-5218921	5580	PRKCD	ENSG00000163932	Reactome:R-HSA-5218921	R-HSA-5218921	TAS	Reactome
REACTOME_PARTICIPATION:5580|R-HSA-5607764	5580	PRKCD	ENSG00000163932	Reactome:R-HSA-5607764	R-HSA-5607764	TAS	Reactome
REACTOME_PARTICIPATION:5580|R-HSA-5668599	5580	PRKCD	ENSG00000163932	Reactome:R-HSA-5668599	R-HSA-5668599	TAS	Reactome
REACTOME_PARTICIPATION:5580|R-HSA-6798695	5580	PRKCD	ENSG00000163932	Reactome:R-HSA-6798695	R-HSA-6798695	TAS	Reactome
REACTOME_PARTICIPATION:5580|R-HSA-877300	5580	PRKCD	ENSG00000163932	Reactome:R-HSA-877300	R-HSA-877300	TAS	Reactome
REACTOME_PARTICIPATION:5580|R-HSA-9755511	5580	PRKCD	ENSG00000163932	Reactome:R-HSA-9755511	R-HSA-9755511	IEA	Reactome
REACTOME_PARTICIPATION:5581|R-HSA-114508	5581	PRKCE	ENSG00000171132	Reactome:R-HSA-114508	R-HSA-114508	TAS	Reactome
REACTOME_PARTICIPATION:5581|R-HSA-1250196	5581	PRKCE	ENSG00000171132	Reactome:R-HSA-1250196	R-HSA-1250196	TAS	Reactome
REACTOME_PARTICIPATION:5581|R-HSA-1489509	5581	PRKCE	ENSG00000171132	Reactome:R-HSA-1489509	R-HSA-1489509	TAS	Reactome
REACTOME_PARTICIPATION:5581|R-HSA-2029485	5581	PRKCE	ENSG00000171132	Reactome:R-HSA-2029485	R-HSA-2029485	TAS	Reactome
REACTOME_PARTICIPATION:5581|R-HSA-418597	5581	PRKCE	ENSG00000171132	Reactome:R-HSA-418597	R-HSA-418597	IEA	Reactome
REACTOME_PARTICIPATION:55840|R-HSA-112382	55840	EAF2	ENSG00000145088	Reactome:R-HSA-112382	R-HSA-112382	TAS	Reactome
REACTOME_PARTICIPATION:55840|R-HSA-674695	55840	EAF2	ENSG00000145088	Reactome:R-HSA-674695	R-HSA-674695	TAS	Reactome
REACTOME_PARTICIPATION:55840|R-HSA-75955	55840	EAF2	ENSG00000145088	Reactome:R-HSA-75955	R-HSA-75955	TAS	Reactome
REACTOME_PARTICIPATION:56339|R-HSA-72203	56339	METTL3	ENSG00000165819	Reactome:R-HSA-72203	R-HSA-72203	TAS	Reactome
REACTOME_PARTICIPATION:56992|R-HSA-2132295	56992	KIF15	ENSG00000163808	Reactome:R-HSA-2132295	R-HSA-2132295	TAS	Reactome
REACTOME_PARTICIPATION:56992|R-HSA-6811434	56992	KIF15	ENSG00000163808	Reactome:R-HSA-6811434	R-HSA-6811434	TAS	Reactome
REACTOME_PARTICIPATION:56992|R-HSA-983189	56992	KIF15	ENSG00000163808	Reactome:R-HSA-983189	R-HSA-983189	IEA	Reactome
REACTOME_PARTICIPATION:57016|R-HSA-975634	57016	AKR1B10	ENSG00000198074	Reactome:R-HSA-975634	R-HSA-975634	TAS	Reactome
REACTOME_PARTICIPATION:5728|R-HSA-1660499	5728	PTEN	ENSG00000171862	Reactome:R-HSA-1660499	R-HSA-1660499	TAS	Reactome
REACTOME_PARTICIPATION:5728|R-HSA-1855204	5728	PTEN	ENSG00000171862	Reactome:R-HSA-1855204	R-HSA-1855204	TAS	Reactome
REACTOME_PARTICIPATION:5728|R-HSA-199418	5728	PTEN	ENSG00000171862	Reactome:R-HSA-199418	R-HSA-199418	TAS	Reactome
REACTOME_PARTICIPATION:5728|R-HSA-202424	5728	PTEN	ENSG00000171862	Reactome:R-HSA-202424	R-HSA-202424	TAS	Reactome
REACTOME_PARTICIPATION:5728|R-HSA-5628897	5728	PTEN	ENSG00000171862	Reactome:R-HSA-5628897	R-HSA-5628897	TAS	Reactome
REACTOME_PARTICIPATION:5728|R-HSA-5674404	5728	PTEN	ENSG00000171862	Reactome:R-HSA-5674404	R-HSA-5674404	TAS	Reactome
REACTOME_PARTICIPATION:5728|R-HSA-5689880	5728	PTEN	ENSG00000171862	Reactome:R-HSA-5689880	R-HSA-5689880	TAS	Reactome
REACTOME_PARTICIPATION:5728|R-HSA-5689896	5728	PTEN	ENSG00000171862	Reactome:R-HSA-5689896	R-HSA-5689896	TAS	Reactome
REACTOME_PARTICIPATION:5728|R-HSA-8943723	5728	PTEN	ENSG00000171862	Reactome:R-HSA-8943723	R-HSA-8943723	TAS	Reactome
REACTOME_PARTICIPATION:5728|R-HSA-8943724	5728	PTEN	ENSG00000171862	Reactome:R-HSA-8943724	R-HSA-8943724	TAS	Reactome
REACTOME_PARTICIPATION:5728|R-HSA-8948747	5728	PTEN	ENSG00000171862	Reactome:R-HSA-8948747	R-HSA-8948747	TAS	Reactome
REACTOME_PARTICIPATION:5728|R-HSA-8948751	5728	PTEN	ENSG00000171862	Reactome:R-HSA-8948751	R-HSA-8948751	TAS	Reactome
REACTOME_PARTICIPATION:5728|R-HSA-8986944	5728	PTEN	ENSG00000171862	Reactome:R-HSA-8986944	R-HSA-8986944	TAS	Reactome
REACTOME_PARTICIPATION:57393|R-HSA-264876	57393	CLTRN	ENSG00000147003	Reactome:R-HSA-264876	R-HSA-264876	IEA	Reactome
REACTOME_PARTICIPATION:57405|R-HSA-141444	57405	SPC25	ENSG00000152253	Reactome:R-HSA-141444	R-HSA-141444	TAS	Reactome
REACTOME_PARTICIPATION:57405|R-HSA-2467813	57405	SPC25	ENSG00000152253	Reactome:R-HSA-2467813	R-HSA-2467813	TAS	Reactome
REACTOME_PARTICIPATION:57405|R-HSA-2500257	57405	SPC25	ENSG00000152253	Reactome:R-HSA-2500257	R-HSA-2500257	TAS	Reactome
REACTOME_PARTICIPATION:57405|R-HSA-5663220	57405	SPC25	ENSG00000152253	Reactome:R-HSA-5663220	R-HSA-5663220	TAS	Reactome
REACTOME_PARTICIPATION:57405|R-HSA-68877	57405	SPC25	ENSG00000152253	Reactome:R-HSA-68877	R-HSA-68877	TAS	Reactome
REACTOME_PARTICIPATION:57405|R-HSA-9648025	57405	SPC25	ENSG00000152253	Reactome:R-HSA-9648025	R-HSA-9648025	TAS	Reactome
REACTOME_PARTICIPATION:5743|R-HSA-2142770	5743	PTGS2	ENSG00000073756	Reactome:R-HSA-2142770	R-HSA-2142770	TAS	Reactome
REACTOME_PARTICIPATION:5743|R-HSA-2162123	5743	PTGS2	ENSG00000073756	Reactome:R-HSA-2162123	R-HSA-2162123	TAS	Reactome
REACTOME_PARTICIPATION:5743|R-HSA-6783783	5743	PTGS2	ENSG00000073756	Reactome:R-HSA-6783783	R-HSA-6783783	TAS	Reactome
REACTOME_PARTICIPATION:5743|R-HSA-6785807	5743	PTGS2	ENSG00000073756	Reactome:R-HSA-6785807	R-HSA-6785807	TAS	Reactome
REACTOME_PARTICIPATION:5743|R-HSA-9018677	5743	PTGS2	ENSG00000073756	Reactome:R-HSA-9018677	R-HSA-9018677	TAS	Reactome
REACTOME_PARTICIPATION:5743|R-HSA-9018679	5743	PTGS2	ENSG00000073756	Reactome:R-HSA-9018679	R-HSA-9018679	TAS	Reactome
REACTOME_PARTICIPATION:5743|R-HSA-9025094	5743	PTGS2	ENSG00000073756	Reactome:R-HSA-9025094	R-HSA-9025094	TAS	Reactome
REACTOME_PARTICIPATION:5743|R-HSA-9027604	5743	PTGS2	ENSG00000073756	Reactome:R-HSA-9027604	R-HSA-9027604	TAS	Reactome
REACTOME_PARTICIPATION:5745|R-HSA-373080	5745	PTH1R	ENSG00000160801	Reactome:R-HSA-373080	R-HSA-373080	TAS	Reactome
REACTOME_PARTICIPATION:5745|R-HSA-418555	5745	PTH1R	ENSG00000160801	Reactome:R-HSA-418555	R-HSA-418555	TAS	Reactome
REACTOME_PARTICIPATION:5747|R-HSA-111465	5747	PTK2	ENSG00000169398	Reactome:R-HSA-111465	R-HSA-111465	TAS	Reactome
REACTOME_PARTICIPATION:5747|R-HSA-2029482	5747	PTK2	ENSG00000169398	Reactome:R-HSA-2029482	R-HSA-2029482	TAS	Reactome
REACTOME_PARTICIPATION:5747|R-HSA-354192	5747	PTK2	ENSG00000169398	Reactome:R-HSA-354192	R-HSA-354192	TAS	Reactome
REACTOME_PARTICIPATION:5747|R-HSA-354194	5747	PTK2	ENSG00000169398	Reactome:R-HSA-354194	R-HSA-354194	TAS	Reactome
REACTOME_PARTICIPATION:5747|R-HSA-372708	5747	PTK2	ENSG00000169398	Reactome:R-HSA-372708	R-HSA-372708	TAS	Reactome
REACTOME_PARTICIPATION:5747|R-HSA-375165	5747	PTK2	ENSG00000169398	Reactome:R-HSA-375165	R-HSA-375165	TAS	Reactome
REACTOME_PARTICIPATION:5747|R-HSA-391160	5747	PTK2	ENSG00000169398	Reactome:R-HSA-391160	R-HSA-391160	IEA	Reactome
REACTOME_PARTICIPATION:5747|R-HSA-3928662	5747	PTK2	ENSG00000169398	Reactome:R-HSA-3928662	R-HSA-3928662	TAS	Reactome
REACTOME_PARTICIPATION:5747|R-HSA-418885	5747	PTK2	ENSG00000169398	Reactome:R-HSA-418885	R-HSA-418885	TAS	Reactome
REACTOME_PARTICIPATION:5747|R-HSA-4420097	5747	PTK2	ENSG00000169398	Reactome:R-HSA-4420097	R-HSA-4420097	IEA	Reactome
REACTOME_PARTICIPATION:5747|R-HSA-5663213	5747	PTK2	ENSG00000169398	Reactome:R-HSA-5663213	R-HSA-5663213	TAS	Reactome
REACTOME_PARTICIPATION:5747|R-HSA-5673001	5747	PTK2	ENSG00000169398	Reactome:R-HSA-5673001	R-HSA-5673001	TAS	Reactome
REACTOME_PARTICIPATION:5747|R-HSA-8874081	5747	PTK2	ENSG00000169398	Reactome:R-HSA-8874081	R-HSA-8874081	TAS	Reactome
REACTOME_PARTICIPATION:5747|R-HSA-9009391	5747	PTK2	ENSG00000169398	Reactome:R-HSA-9009391	R-HSA-9009391	TAS	Reactome
REACTOME_PARTICIPATION:5747|R-HSA-9634638	5747	PTK2	ENSG00000169398	Reactome:R-HSA-9634638	R-HSA-9634638	TAS	Reactome
REACTOME_PARTICIPATION:5747|R-HSA-9664422	5747	PTK2	ENSG00000169398	Reactome:R-HSA-9664422	R-HSA-9664422	TAS	Reactome
REACTOME_PARTICIPATION:5747|R-HSA-9860927	5747	PTK2	ENSG00000169398	Reactome:R-HSA-9860927	R-HSA-9860927	TAS	Reactome
REACTOME_PARTICIPATION:57492|R-HSA-3214858	57492	ARID1B	ENSG00000049618	Reactome:R-HSA-3214858	R-HSA-3214858	TAS	Reactome
REACTOME_PARTICIPATION:57492|R-HSA-8939243	57492	ARID1B	ENSG00000049618	Reactome:R-HSA-8939243	R-HSA-8939243	TAS	Reactome
REACTOME_PARTICIPATION:57492|R-HSA-9824585	57492	ARID1B	ENSG00000049618	Reactome:R-HSA-9824585	R-HSA-9824585	TAS	Reactome
REACTOME_PARTICIPATION:57492|R-HSA-9845323	57492	ARID1B	ENSG00000049618	Reactome:R-HSA-9845323	R-HSA-9845323	IEA	Reactome
REACTOME_PARTICIPATION:57492|R-HSA-9933937	57492	ARID1B	ENSG00000049618	Reactome:R-HSA-9933937	R-HSA-9933937	TAS	Reactome
REACTOME_PARTICIPATION:57492|R-HSA-9934037	57492	ARID1B	ENSG00000049618	Reactome:R-HSA-9934037	R-HSA-9934037	TAS	Reactome
REACTOME_PARTICIPATION:57510|R-HSA-203927	57510	XPO5	ENSG00000124571	Reactome:R-HSA-203927	R-HSA-203927	TAS	Reactome
REACTOME_PARTICIPATION:57591|R-HSA-3899300	57591	MRTFA	ENSG00000196588	Reactome:R-HSA-3899300	R-HSA-3899300	TAS	Reactome
REACTOME_PARTICIPATION:57591|R-HSA-5663220	57591	MRTFA	ENSG00000196588	Reactome:R-HSA-5663220	R-HSA-5663220	TAS	Reactome
REACTOME_PARTICIPATION:57761|R-HSA-1257604	57761	TRIB3	ENSG00000101255	Reactome:R-HSA-1257604	R-HSA-1257604	TAS	Reactome
REACTOME_PARTICIPATION:57761|R-HSA-165158	57761	TRIB3	ENSG00000101255	Reactome:R-HSA-165158	R-HSA-165158	TAS	Reactome
REACTOME_PARTICIPATION:57761|R-HSA-1989781	57761	TRIB3	ENSG00000101255	Reactome:R-HSA-1989781	R-HSA-1989781	TAS	Reactome
REACTOME_PARTICIPATION:57761|R-HSA-199418	57761	TRIB3	ENSG00000101255	Reactome:R-HSA-199418	R-HSA-199418	TAS	Reactome
REACTOME_PARTICIPATION:57761|R-HSA-389357	57761	TRIB3	ENSG00000101255	Reactome:R-HSA-389357	R-HSA-389357	TAS	Reactome
REACTOME_PARTICIPATION:57761|R-HSA-5218920	57761	TRIB3	ENSG00000101255	Reactome:R-HSA-5218920	R-HSA-5218920	TAS	Reactome
REACTOME_PARTICIPATION:57761|R-HSA-9633012	57761	TRIB3	ENSG00000101255	Reactome:R-HSA-9633012	R-HSA-9633012	IEA	Reactome
REACTOME_PARTICIPATION:57761|R-HSA-9648895	57761	TRIB3	ENSG00000101255	Reactome:R-HSA-9648895	R-HSA-9648895	IEA	Reactome
REACTOME_PARTICIPATION:5783|R-HSA-1660499	5783	PTPN13	ENSG00000163629	Reactome:R-HSA-1660499	R-HSA-1660499	TAS	Reactome
REACTOME_PARTICIPATION:5783|R-HSA-9008059	5783	PTPN13	ENSG00000163629	Reactome:R-HSA-9008059	R-HSA-9008059	TAS	Reactome
REACTOME_PARTICIPATION:5783|R-HSA-9696264	5783	PTPN13	ENSG00000163629	Reactome:R-HSA-9696264	R-HSA-9696264	TAS	Reactome
REACTOME_PARTICIPATION:5783|R-HSA-9696270	5783	PTPN13	ENSG00000163629	Reactome:R-HSA-9696270	R-HSA-9696270	TAS	Reactome
REACTOME_PARTICIPATION:5783|R-HSA-9696273	5783	PTPN13	ENSG00000163629	Reactome:R-HSA-9696273	R-HSA-9696273	TAS	Reactome
REACTOME_PARTICIPATION:5836|R-HSA-6798695	5836	PYGL	ENSG00000100504	Reactome:R-HSA-6798695	R-HSA-6798695	TAS	Reactome
REACTOME_PARTICIPATION:5836|R-HSA-70221	5836	PYGL	ENSG00000100504	Reactome:R-HSA-70221	R-HSA-70221	TAS	Reactome
REACTOME_PARTICIPATION:58508|R-HSA-3214841	58508	KMT2C	ENSG00000055609	Reactome:R-HSA-3214841	R-HSA-3214841	TAS	Reactome
REACTOME_PARTICIPATION:58508|R-HSA-5617472	58508	KMT2C	ENSG00000055609	Reactome:R-HSA-5617472	R-HSA-5617472	IEA	Reactome
REACTOME_PARTICIPATION:58508|R-HSA-8936459	58508	KMT2C	ENSG00000055609	Reactome:R-HSA-8936459	R-HSA-8936459	TAS	Reactome
REACTOME_PARTICIPATION:58508|R-HSA-9772755	58508	KMT2C	ENSG00000055609	Reactome:R-HSA-9772755	R-HSA-9772755	TAS	Reactome
REACTOME_PARTICIPATION:58508|R-HSA-9818564	58508	KMT2C	ENSG00000055609	Reactome:R-HSA-9818564	R-HSA-9818564	TAS	Reactome
REACTOME_PARTICIPATION:58508|R-HSA-9841922	58508	KMT2C	ENSG00000055609	Reactome:R-HSA-9841922	R-HSA-9841922	IEA	Reactome
REACTOME_PARTICIPATION:58508|R-HSA-9909649	58508	KMT2C	ENSG00000055609	Reactome:R-HSA-9909649	R-HSA-9909649	TAS	Reactome
REACTOME_PARTICIPATION:5879|R-HSA-114604	5879	RAC1	ENSG00000136238	Reactome:R-HSA-114604	R-HSA-114604	TAS	Reactome
REACTOME_PARTICIPATION:5879|R-HSA-1257604	5879	RAC1	ENSG00000136238	Reactome:R-HSA-1257604	R-HSA-1257604	TAS	Reactome
REACTOME_PARTICIPATION:5879|R-HSA-1433557	5879	RAC1	ENSG00000136238	Reactome:R-HSA-1433557	R-HSA-1433557	TAS	Reactome
REACTOME_PARTICIPATION:5879|R-HSA-1445148	5879	RAC1	ENSG00000136238	Reactome:R-HSA-1445148	R-HSA-1445148	IEA	Reactome
REACTOME_PARTICIPATION:5879|R-HSA-164944	5879	RAC1	ENSG00000136238	Reactome:R-HSA-164944	R-HSA-164944	TAS	Reactome
REACTOME_PARTICIPATION:5879|R-HSA-193648	5879	RAC1	ENSG00000136238	Reactome:R-HSA-193648	R-HSA-193648	TAS	Reactome
REACTOME_PARTICIPATION:5879|R-HSA-2029482	5879	RAC1	ENSG00000136238	Reactome:R-HSA-2029482	R-HSA-2029482	IEA	Reactome
REACTOME_PARTICIPATION:5879|R-HSA-2219530	5879	RAC1	ENSG00000136238	Reactome:R-HSA-2219530	R-HSA-2219530	TAS	Reactome
REACTOME_PARTICIPATION:5879|R-HSA-2424491	5879	RAC1	ENSG00000136238	Reactome:R-HSA-2424491	R-HSA-2424491	TAS	Reactome
REACTOME_PARTICIPATION:5879|R-HSA-2871796	5879	RAC1	ENSG00000136238	Reactome:R-HSA-2871796	R-HSA-2871796	TAS	Reactome
REACTOME_PARTICIPATION:5879|R-HSA-389359	5879	RAC1	ENSG00000136238	Reactome:R-HSA-389359	R-HSA-389359	TAS	Reactome
REACTOME_PARTICIPATION:5879|R-HSA-3928662	5879	RAC1	ENSG00000136238	Reactome:R-HSA-3928662	R-HSA-3928662	TAS	Reactome
REACTOME_PARTICIPATION:5879|R-HSA-3928664	5879	RAC1	ENSG00000136238	Reactome:R-HSA-3928664	R-HSA-3928664	TAS	Reactome
REACTOME_PARTICIPATION:5879|R-HSA-3928665	5879	RAC1	ENSG00000136238	Reactome:R-HSA-3928665	R-HSA-3928665	TAS	Reactome
REACTOME_PARTICIPATION:5879|R-HSA-399954	5879	RAC1	ENSG00000136238	Reactome:R-HSA-399954	R-HSA-399954	TAS	Reactome
REACTOME_PARTICIPATION:5879|R-HSA-399955	5879	RAC1	ENSG00000136238	Reactome:R-HSA-399955	R-HSA-399955	IEA	Reactome
REACTOME_PARTICIPATION:5879|R-HSA-4086400	5879	RAC1	ENSG00000136238	Reactome:R-HSA-4086400	R-HSA-4086400	TAS	Reactome
REACTOME_PARTICIPATION:5879|R-HSA-416550	5879	RAC1	ENSG00000136238	Reactome:R-HSA-416550	R-HSA-416550	TAS	Reactome
REACTOME_PARTICIPATION:5879|R-HSA-418885	5879	RAC1	ENSG00000136238	Reactome:R-HSA-418885	R-HSA-418885	IEA	Reactome
REACTOME_PARTICIPATION:5879|R-HSA-428540	5879	RAC1	ENSG00000136238	Reactome:R-HSA-428540	R-HSA-428540	IEA	Reactome
REACTOME_PARTICIPATION:5879|R-HSA-428543	5879	RAC1	ENSG00000136238	Reactome:R-HSA-428543	R-HSA-428543	IEA	Reactome
REACTOME_PARTICIPATION:5879|R-HSA-4420097	5879	RAC1	ENSG00000136238	Reactome:R-HSA-4420097	R-HSA-4420097	TAS	Reactome
REACTOME_PARTICIPATION:5879|R-HSA-445144	5879	RAC1	ENSG00000136238	Reactome:R-HSA-445144	R-HSA-445144	TAS	Reactome
REACTOME_PARTICIPATION:5879|R-HSA-5218920	5879	RAC1	ENSG00000136238	Reactome:R-HSA-5218920	R-HSA-5218920	TAS	Reactome
REACTOME_PARTICIPATION:5879|R-HSA-5625740	5879	RAC1	ENSG00000136238	Reactome:R-HSA-5625740	R-HSA-5625740	TAS	Reactome
REACTOME_PARTICIPATION:5879|R-HSA-5625900	5879	RAC1	ENSG00000136238	Reactome:R-HSA-5625900	R-HSA-5625900	TAS	Reactome
REACTOME_PARTICIPATION:5879|R-HSA-5625970	5879	RAC1	ENSG00000136238	Reactome:R-HSA-5625970	R-HSA-5625970	TAS	Reactome
REACTOME_PARTICIPATION:5879|R-HSA-5626467	5879	RAC1	ENSG00000136238	Reactome:R-HSA-5626467	R-HSA-5626467	TAS	Reactome
REACTOME_PARTICIPATION:5879|R-HSA-5627123	5879	RAC1	ENSG00000136238	Reactome:R-HSA-5627123	R-HSA-5627123	TAS	Reactome
REACTOME_PARTICIPATION:5879|R-HSA-5663213	5879	RAC1	ENSG00000136238	Reactome:R-HSA-5663213	R-HSA-5663213	IEA	Reactome
REACTOME_PARTICIPATION:5879|R-HSA-5663220	5879	RAC1	ENSG00000136238	Reactome:R-HSA-5663220	R-HSA-5663220	IEA	Reactome
REACTOME_PARTICIPATION:5879|R-HSA-5668599	5879	RAC1	ENSG00000136238	Reactome:R-HSA-5668599	R-HSA-5668599	TAS	Reactome
REACTOME_PARTICIPATION:5879|R-HSA-5687128	5879	RAC1	ENSG00000136238	Reactome:R-HSA-5687128	R-HSA-5687128	TAS	Reactome
REACTOME_PARTICIPATION:5879|R-HSA-6798695	5879	RAC1	ENSG00000136238	Reactome:R-HSA-6798695	R-HSA-6798695	TAS	Reactome
REACTOME_PARTICIPATION:5879|R-HSA-6811558	5879	RAC1	ENSG00000136238	Reactome:R-HSA-6811558	R-HSA-6811558	TAS	Reactome
REACTOME_PARTICIPATION:5879|R-HSA-8849471	5879	RAC1	ENSG00000136238	Reactome:R-HSA-8849471	R-HSA-8849471	TAS	Reactome
REACTOME_PARTICIPATION:5879|R-HSA-8875555	5879	RAC1	ENSG00000136238	Reactome:R-HSA-8875555	R-HSA-8875555	TAS	Reactome
REACTOME_PARTICIPATION:5879|R-HSA-9013149	5879	RAC1	ENSG00000136238	Reactome:R-HSA-9013149	R-HSA-9013149	TAS	Reactome
REACTOME_PARTICIPATION:5879|R-HSA-9032759	5879	RAC1	ENSG00000136238	Reactome:R-HSA-9032759	R-HSA-9032759	TAS	Reactome
REACTOME_PARTICIPATION:5879|R-HSA-9032845	5879	RAC1	ENSG00000136238	Reactome:R-HSA-9032845	R-HSA-9032845	IEA	Reactome
REACTOME_PARTICIPATION:5879|R-HSA-9619229	5879	RAC1	ENSG00000136238	Reactome:R-HSA-9619229	R-HSA-9619229	IEA	Reactome
REACTOME_PARTICIPATION:5879|R-HSA-9664422	5879	RAC1	ENSG00000136238	Reactome:R-HSA-9664422	R-HSA-9664422	IEA	Reactome
REACTOME_PARTICIPATION:5879|R-HSA-9673324	5879	RAC1	ENSG00000136238	Reactome:R-HSA-9673324	R-HSA-9673324	TAS	Reactome
REACTOME_PARTICIPATION:5879|R-HSA-9748787	5879	RAC1	ENSG00000136238	Reactome:R-HSA-9748787	R-HSA-9748787	TAS	Reactome
REACTOME_PARTICIPATION:5879|R-HSA-983231	5879	RAC1	ENSG00000136238	Reactome:R-HSA-983231	R-HSA-983231	TAS	Reactome
REACTOME_PARTICIPATION:5879|R-HSA-9958810	5879	RAC1	ENSG00000136238	Reactome:R-HSA-9958810	R-HSA-9958810	TAS	Reactome
REACTOME_PARTICIPATION:5879|R-HSA-9958825	5879	RAC1	ENSG00000136238	Reactome:R-HSA-9958825	R-HSA-9958825	IEA	Reactome
REACTOME_PARTICIPATION:5885|R-HSA-1221632	5885	RAD21	ENSG00000164754	Reactome:R-HSA-1221632	R-HSA-1221632	IEA	Reactome
REACTOME_PARTICIPATION:5885|R-HSA-2467813	5885	RAD21	ENSG00000164754	Reactome:R-HSA-2467813	R-HSA-2467813	TAS	Reactome
REACTOME_PARTICIPATION:5885|R-HSA-2468052	5885	RAD21	ENSG00000164754	Reactome:R-HSA-2468052	R-HSA-2468052	TAS	Reactome
REACTOME_PARTICIPATION:5885|R-HSA-2470946	5885	RAD21	ENSG00000164754	Reactome:R-HSA-2470946	R-HSA-2470946	TAS	Reactome
REACTOME_PARTICIPATION:5885|R-HSA-2500257	5885	RAD21	ENSG00000164754	Reactome:R-HSA-2500257	R-HSA-2500257	TAS	Reactome
REACTOME_PARTICIPATION:5885|R-HSA-3108214	5885	RAD21	ENSG00000164754	Reactome:R-HSA-3108214	R-HSA-3108214	TAS	Reactome
REACTOME_PARTICIPATION:5885|R-HSA-9018519	5885	RAD21	ENSG00000164754	Reactome:R-HSA-9018519	R-HSA-9018519	TAS	Reactome
REACTOME_PARTICIPATION:5893|R-HSA-3108214	5893	RAD52	ENSG00000002016	Reactome:R-HSA-3108214	R-HSA-3108214	TAS	Reactome
REACTOME_PARTICIPATION:5893|R-HSA-5685938	5893	RAD52	ENSG00000002016	Reactome:R-HSA-5685938	R-HSA-5685938	TAS	Reactome
REACTOME_PARTICIPATION:5893|R-HSA-5685939	5893	RAD52	ENSG00000002016	Reactome:R-HSA-5685939	R-HSA-5685939	TAS	Reactome
REACTOME_PARTICIPATION:5897|R-HSA-1266695	5897	RAG2	ENSG00000175097	Reactome:R-HSA-1266695	R-HSA-1266695	IEA	Reactome
REACTOME_PARTICIPATION:5897|R-HSA-5687128	5897	RAG2	ENSG00000175097	Reactome:R-HSA-5687128	R-HSA-5687128	TAS	Reactome
REACTOME_PARTICIPATION:59067|R-HSA-9020958	59067	IL21	ENSG00000138684	Reactome:R-HSA-9020958	R-HSA-9020958	TAS	Reactome
REACTOME_PARTICIPATION:5914|R-HSA-383280	5914	RARA	ENSG00000131759	Reactome:R-HSA-383280	R-HSA-383280	TAS	Reactome
REACTOME_PARTICIPATION:5914|R-HSA-4090294	5914	RARA	ENSG00000131759	Reactome:R-HSA-4090294	R-HSA-4090294	TAS	Reactome
REACTOME_PARTICIPATION:5914|R-HSA-5362517	5914	RARA	ENSG00000131759	Reactome:R-HSA-5362517	R-HSA-5362517	TAS	Reactome
REACTOME_PARTICIPATION:5914|R-HSA-5617472	5914	RARA	ENSG00000131759	Reactome:R-HSA-5617472	R-HSA-5617472	IEA	Reactome
REACTOME_PARTICIPATION:5914|R-HSA-9616222	5914	RARA	ENSG00000131759	Reactome:R-HSA-9616222	R-HSA-9616222	TAS	Reactome
REACTOME_PARTICIPATION:5914|R-HSA-9839394	5914	RARA	ENSG00000131759	Reactome:R-HSA-9839394	R-HSA-9839394	TAS	Reactome
REACTOME_PARTICIPATION:5925|R-HSA-113501	5925	RB1	ENSG00000139687	Reactome:R-HSA-113501	R-HSA-113501	IEA	Reactome
REACTOME_PARTICIPATION:5925|R-HSA-174178	5925	RB1	ENSG00000139687	Reactome:R-HSA-174178	R-HSA-174178	TAS	Reactome
REACTOME_PARTICIPATION:5925|R-HSA-2299718	5925	RB1	ENSG00000139687	Reactome:R-HSA-2299718	R-HSA-2299718	TAS	Reactome
REACTOME_PARTICIPATION:5925|R-HSA-2559584	5925	RB1	ENSG00000139687	Reactome:R-HSA-2559584	R-HSA-2559584	TAS	Reactome
REACTOME_PARTICIPATION:5925|R-HSA-2559585	5925	RB1	ENSG00000139687	Reactome:R-HSA-2559585	R-HSA-2559585	TAS	Reactome
REACTOME_PARTICIPATION:5925|R-HSA-69200	5925	RB1	ENSG00000139687	Reactome:R-HSA-69200	R-HSA-69200	TAS	Reactome
REACTOME_PARTICIPATION:5925|R-HSA-69202	5925	RB1	ENSG00000139687	Reactome:R-HSA-69202	R-HSA-69202	TAS	Reactome
REACTOME_PARTICIPATION:5925|R-HSA-69231	5925	RB1	ENSG00000139687	Reactome:R-HSA-69231	R-HSA-69231	TAS	Reactome
REACTOME_PARTICIPATION:5925|R-HSA-69656	5925	RB1	ENSG00000139687	Reactome:R-HSA-69656	R-HSA-69656	TAS	Reactome
REACTOME_PARTICIPATION:5925|R-HSA-8940973	5925	RB1	ENSG00000139687	Reactome:R-HSA-8940973	R-HSA-8940973	IEA	Reactome
REACTOME_PARTICIPATION:5925|R-HSA-9661069	5925	RB1	ENSG00000139687	Reactome:R-HSA-9661069	R-HSA-9661069	TAS	Reactome
REACTOME_PARTICIPATION:5925|R-HSA-9661070	5925	RB1	ENSG00000139687	Reactome:R-HSA-9661070	R-HSA-9661070	TAS	Reactome
REACTOME_PARTICIPATION:5925|R-HSA-9682706	5925	RB1	ENSG00000139687	Reactome:R-HSA-9682706	R-HSA-9682706	TAS	Reactome
REACTOME_PARTICIPATION:5925|R-HSA-9687136	5925	RB1	ENSG00000139687	Reactome:R-HSA-9687136	R-HSA-9687136	TAS	Reactome
REACTOME_PARTICIPATION:5925|R-HSA-9694686	5925	RB1	ENSG00000139687	Reactome:R-HSA-9694686	R-HSA-9694686	IEA	Reactome
REACTOME_PARTICIPATION:5925|R-HSA-9725371	5925	RB1	ENSG00000139687	Reactome:R-HSA-9725371	R-HSA-9725371	TAS	Reactome
REACTOME_PARTICIPATION:5925|R-HSA-9764790	5925	RB1	ENSG00000139687	Reactome:R-HSA-9764790	R-HSA-9764790	TAS	Reactome
REACTOME_PARTICIPATION:5925|R-HSA-9841922	5925	RB1	ENSG00000139687	Reactome:R-HSA-9841922	R-HSA-9841922	TAS	Reactome
REACTOME_PARTICIPATION:595|R-HSA-187577	595	CCND1	ENSG00000110092	Reactome:R-HSA-187577	R-HSA-187577	TAS	Reactome
REACTOME_PARTICIPATION:595|R-HSA-1912408	595	CCND1	ENSG00000110092	Reactome:R-HSA-1912408	R-HSA-1912408	IEA	Reactome
REACTOME_PARTICIPATION:595|R-HSA-3214858	595	CCND1	ENSG00000110092	Reactome:R-HSA-3214858	R-HSA-3214858	TAS	Reactome
REACTOME_PARTICIPATION:595|R-HSA-6785807	595	CCND1	ENSG00000110092	Reactome:R-HSA-6785807	R-HSA-6785807	TAS	Reactome
REACTOME_PARTICIPATION:595|R-HSA-69231	595	CCND1	ENSG00000110092	Reactome:R-HSA-69231	R-HSA-69231	TAS	Reactome
REACTOME_PARTICIPATION:595|R-HSA-75815	595	CCND1	ENSG00000110092	Reactome:R-HSA-75815	R-HSA-75815	IEA	Reactome
REACTOME_PARTICIPATION:595|R-HSA-8849470	595	CCND1	ENSG00000110092	Reactome:R-HSA-8849470	R-HSA-8849470	TAS	Reactome
REACTOME_PARTICIPATION:595|R-HSA-8853884	595	CCND1	ENSG00000110092	Reactome:R-HSA-8853884	R-HSA-8853884	TAS	Reactome
REACTOME_PARTICIPATION:595|R-HSA-8878166	595	CCND1	ENSG00000110092	Reactome:R-HSA-8878166	R-HSA-8878166	TAS	Reactome
REACTOME_PARTICIPATION:595|R-HSA-8934593	595	CCND1	ENSG00000110092	Reactome:R-HSA-8934593	R-HSA-8934593	TAS	Reactome
REACTOME_PARTICIPATION:595|R-HSA-8951430	595	CCND1	ENSG00000110092	Reactome:R-HSA-8951430	R-HSA-8951430	TAS	Reactome
REACTOME_PARTICIPATION:595|R-HSA-8951936	595	CCND1	ENSG00000110092	Reactome:R-HSA-8951936	R-HSA-8951936	TAS	Reactome
REACTOME_PARTICIPATION:595|R-HSA-9018519	595	CCND1	ENSG00000110092	Reactome:R-HSA-9018519	R-HSA-9018519	TAS	Reactome
REACTOME_PARTICIPATION:595|R-HSA-9634638	595	CCND1	ENSG00000110092	Reactome:R-HSA-9634638	R-HSA-9634638	TAS	Reactome
REACTOME_PARTICIPATION:595|R-HSA-9661069	595	CCND1	ENSG00000110092	Reactome:R-HSA-9661069	R-HSA-9661069	TAS	Reactome
REACTOME_PARTICIPATION:595|R-HSA-9754119	595	CCND1	ENSG00000110092	Reactome:R-HSA-9754119	R-HSA-9754119	TAS	Reactome
REACTOME_PARTICIPATION:595|R-HSA-9825892	595	CCND1	ENSG00000110092	Reactome:R-HSA-9825892	R-HSA-9825892	TAS	Reactome
REACTOME_PARTICIPATION:595|R-HSA-9929491	595	CCND1	ENSG00000110092	Reactome:R-HSA-9929491	R-HSA-9929491	TAS	Reactome
REACTOME_PARTICIPATION:5962|R-HSA-437239	5962	RDX	ENSG00000137710	Reactome:R-HSA-437239	R-HSA-437239	IEA	Reactome
REACTOME_PARTICIPATION:5962|R-HSA-9662360	5962	RDX	ENSG00000137710	Reactome:R-HSA-9662360	R-HSA-9662360	IEA	Reactome
REACTOME_PARTICIPATION:5962|R-HSA-9662361	5962	RDX	ENSG00000137710	Reactome:R-HSA-9662361	R-HSA-9662361	IEA	Reactome
REACTOME_PARTICIPATION:5972|R-HSA-2022377	5972	REN	ENSG00000143839	Reactome:R-HSA-2022377	R-HSA-2022377	TAS	Reactome
REACTOME_PARTICIPATION:5979|R-HSA-5673001	5979	RET	ENSG00000165731	Reactome:R-HSA-5673001	R-HSA-5673001	TAS	Reactome
REACTOME_PARTICIPATION:5979|R-HSA-8853659	5979	RET	ENSG00000165731	Reactome:R-HSA-8853659	R-HSA-8853659	TAS	Reactome
REACTOME_PARTICIPATION:5979|R-HSA-9768919	5979	RET	ENSG00000165731	Reactome:R-HSA-9768919	R-HSA-9768919	TAS	Reactome
REACTOME_PARTICIPATION:5979|R-HSA-9830364	5979	RET	ENSG00000165731	Reactome:R-HSA-9830364	R-HSA-9830364	IEA	Reactome
REACTOME_PARTICIPATION:5979|R-HSA-9830674	5979	RET	ENSG00000165731	Reactome:R-HSA-9830674	R-HSA-9830674	IEA	Reactome
REACTOME_PARTICIPATION:598|R-HSA-111453	598	BCL2L1	ENSG00000171552	Reactome:R-HSA-111453	R-HSA-111453	TAS	Reactome
REACTOME_PARTICIPATION:598|R-HSA-6785807	598	BCL2L1	ENSG00000171552	Reactome:R-HSA-6785807	R-HSA-6785807	TAS	Reactome
REACTOME_PARTICIPATION:598|R-HSA-844455	598	BCL2L1	ENSG00000171552	Reactome:R-HSA-844455	R-HSA-844455	TAS	Reactome
REACTOME_PARTICIPATION:598|R-HSA-9648002	598	BCL2L1	ENSG00000171552	Reactome:R-HSA-9648002	R-HSA-9648002	TAS	Reactome
REACTOME_PARTICIPATION:598|R-HSA-9692913	598	BCL2L1	ENSG00000171552	Reactome:R-HSA-9692913	R-HSA-9692913	TAS	Reactome
REACTOME_PARTICIPATION:598|R-HSA-9702518	598	BCL2L1	ENSG00000171552	Reactome:R-HSA-9702518	R-HSA-9702518	TAS	Reactome
REACTOME_PARTICIPATION:598|R-HSA-9818030	598	BCL2L1	ENSG00000171552	Reactome:R-HSA-9818030	R-HSA-9818030	TAS	Reactome
REACTOME_PARTICIPATION:59|R-HSA-445355	59	ACTA2	ENSG00000107796	Reactome:R-HSA-445355	R-HSA-445355	TAS	Reactome
REACTOME_PARTICIPATION:59|R-HSA-9013695	59	ACTA2	ENSG00000107796	Reactome:R-HSA-9013695	R-HSA-9013695	TAS	Reactome
REACTOME_PARTICIPATION:59|R-HSA-9764561	59	ACTA2	ENSG00000107796	Reactome:R-HSA-9764561	R-HSA-9764561	TAS	Reactome
REACTOME_PARTICIPATION:59|R-HSA-9913351	59	ACTA2	ENSG00000107796	Reactome:R-HSA-9913351	R-HSA-9913351	TAS	Reactome
REACTOME_PARTICIPATION:59|R-HSA-9927432	59	ACTA2	ENSG00000107796	Reactome:R-HSA-9927432	R-HSA-9927432	TAS	Reactome
REACTOME_PARTICIPATION:59|R-HSA-9958825	59	ACTA2	ENSG00000107796	Reactome:R-HSA-9958825	R-HSA-9958825	IEA	Reactome
REACTOME_PARTICIPATION:6016|R-HSA-187706	6016	RIT1	ENSG00000143622	Reactome:R-HSA-187706	R-HSA-187706	IEA	Reactome
REACTOME_PARTICIPATION:6091|R-HSA-373752	6091	ROBO1	ENSG00000169855	Reactome:R-HSA-373752	R-HSA-373752	IEA	Reactome
REACTOME_PARTICIPATION:6091|R-HSA-376176	6091	ROBO1	ENSG00000169855	Reactome:R-HSA-376176	R-HSA-376176	TAS	Reactome
REACTOME_PARTICIPATION:6091|R-HSA-428540	6091	ROBO1	ENSG00000169855	Reactome:R-HSA-428540	R-HSA-428540	IEA	Reactome
REACTOME_PARTICIPATION:6091|R-HSA-428542	6091	ROBO1	ENSG00000169855	Reactome:R-HSA-428542	R-HSA-428542	TAS	Reactome
REACTOME_PARTICIPATION:6091|R-HSA-428543	6091	ROBO1	ENSG00000169855	Reactome:R-HSA-428543	R-HSA-428543	IEA	Reactome
REACTOME_PARTICIPATION:6091|R-HSA-428890	6091	ROBO1	ENSG00000169855	Reactome:R-HSA-428890	R-HSA-428890	IEA	Reactome
REACTOME_PARTICIPATION:6091|R-HSA-8985586	6091	ROBO1	ENSG00000169855	Reactome:R-HSA-8985586	R-HSA-8985586	TAS	Reactome
REACTOME_PARTICIPATION:6091|R-HSA-8985801	6091	ROBO1	ENSG00000169855	Reactome:R-HSA-8985801	R-HSA-8985801	IEA	Reactome
REACTOME_PARTICIPATION:6091|R-HSA-9010553	6091	ROBO1	ENSG00000169855	Reactome:R-HSA-9010553	R-HSA-9010553	IEA	Reactome
REACTOME_PARTICIPATION:60|R-HSA-1445148	60	ACTB	ENSG00000075624	Reactome:R-HSA-1445148	R-HSA-1445148	IEA	Reactome
REACTOME_PARTICIPATION:60|R-HSA-190873	60	ACTB	ENSG00000075624	Reactome:R-HSA-190873	R-HSA-190873	TAS	Reactome
REACTOME_PARTICIPATION:60|R-HSA-196025	60	ACTB	ENSG00000075624	Reactome:R-HSA-196025	R-HSA-196025	TAS	Reactome
REACTOME_PARTICIPATION:60|R-HSA-2029482	60	ACTB	ENSG00000075624	Reactome:R-HSA-2029482	R-HSA-2029482	IEA	Reactome
REACTOME_PARTICIPATION:60|R-HSA-3214847	60	ACTB	ENSG00000075624	Reactome:R-HSA-3214847	R-HSA-3214847	IEA	Reactome
REACTOME_PARTICIPATION:60|R-HSA-389957	60	ACTB	ENSG00000075624	Reactome:R-HSA-389957	R-HSA-389957	IEA	Reactome
REACTOME_PARTICIPATION:60|R-HSA-390450	60	ACTB	ENSG00000075624	Reactome:R-HSA-390450	R-HSA-390450	IEA	Reactome
REACTOME_PARTICIPATION:60|R-HSA-3928662	60	ACTB	ENSG00000075624	Reactome:R-HSA-3928662	R-HSA-3928662	TAS	Reactome
REACTOME_PARTICIPATION:60|R-HSA-3928665	60	ACTB	ENSG00000075624	Reactome:R-HSA-3928665	R-HSA-3928665	TAS	Reactome
REACTOME_PARTICIPATION:60|R-HSA-418990	60	ACTB	ENSG00000075624	Reactome:R-HSA-418990	R-HSA-418990	TAS	Reactome
REACTOME_PARTICIPATION:60|R-HSA-437239	60	ACTB	ENSG00000075624	Reactome:R-HSA-437239	R-HSA-437239	IEA	Reactome
REACTOME_PARTICIPATION:60|R-HSA-4420097	60	ACTB	ENSG00000075624	Reactome:R-HSA-4420097	R-HSA-4420097	TAS	Reactome
REACTOME_PARTICIPATION:60|R-HSA-445095	60	ACTB	ENSG00000075624	Reactome:R-HSA-445095	R-HSA-445095	IEA	Reactome
REACTOME_PARTICIPATION:60|R-HSA-446353	60	ACTB	ENSG00000075624	Reactome:R-HSA-446353	R-HSA-446353	TAS	Reactome
REACTOME_PARTICIPATION:60|R-HSA-5250924	60	ACTB	ENSG00000075624	Reactome:R-HSA-5250924	R-HSA-5250924	TAS	Reactome
REACTOME_PARTICIPATION:60|R-HSA-5626467	60	ACTB	ENSG00000075624	Reactome:R-HSA-5626467	R-HSA-5626467	TAS	Reactome
REACTOME_PARTICIPATION:60|R-HSA-5663213	60	ACTB	ENSG00000075624	Reactome:R-HSA-5663213	R-HSA-5663213	IEA	Reactome
REACTOME_PARTICIPATION:60|R-HSA-5663220	60	ACTB	ENSG00000075624	Reactome:R-HSA-5663220	R-HSA-5663220	IEA	Reactome
REACTOME_PARTICIPATION:60|R-HSA-5674135	60	ACTB	ENSG00000075624	Reactome:R-HSA-5674135	R-HSA-5674135	TAS	Reactome
REACTOME_PARTICIPATION:60|R-HSA-5689603	60	ACTB	ENSG00000075624	Reactome:R-HSA-5689603	R-HSA-5689603	TAS	Reactome
REACTOME_PARTICIPATION:60|R-HSA-5696394	60	ACTB	ENSG00000075624	Reactome:R-HSA-5696394	R-HSA-5696394	TAS	Reactome
REACTOME_PARTICIPATION:60|R-HSA-6802946	60	ACTB	ENSG00000075624	Reactome:R-HSA-6802946	R-HSA-6802946	TAS	Reactome
REACTOME_PARTICIPATION:60|R-HSA-6802948	60	ACTB	ENSG00000075624	Reactome:R-HSA-6802948	R-HSA-6802948	TAS	Reactome
REACTOME_PARTICIPATION:60|R-HSA-6802952	60	ACTB	ENSG00000075624	Reactome:R-HSA-6802952	R-HSA-6802952	TAS	Reactome
REACTOME_PARTICIPATION:60|R-HSA-6802955	60	ACTB	ENSG00000075624	Reactome:R-HSA-6802955	R-HSA-6802955	TAS	Reactome
REACTOME_PARTICIPATION:60|R-HSA-8856828	60	ACTB	ENSG00000075624	Reactome:R-HSA-8856828	R-HSA-8856828	TAS	Reactome
REACTOME_PARTICIPATION:60|R-HSA-9035034	60	ACTB	ENSG00000075624	Reactome:R-HSA-9035034	R-HSA-9035034	TAS	Reactome
REACTOME_PARTICIPATION:60|R-HSA-9649948	60	ACTB	ENSG00000075624	Reactome:R-HSA-9649948	R-HSA-9649948	TAS	Reactome
REACTOME_PARTICIPATION:60|R-HSA-9656223	60	ACTB	ENSG00000075624	Reactome:R-HSA-9656223	R-HSA-9656223	TAS	Reactome
REACTOME_PARTICIPATION:60|R-HSA-9662360	60	ACTB	ENSG00000075624	Reactome:R-HSA-9662360	R-HSA-9662360	IEA	Reactome
REACTOME_PARTICIPATION:60|R-HSA-9662361	60	ACTB	ENSG00000075624	Reactome:R-HSA-9662361	R-HSA-9662361	IEA	Reactome
REACTOME_PARTICIPATION:60|R-HSA-9664422	60	ACTB	ENSG00000075624	Reactome:R-HSA-9664422	R-HSA-9664422	IEA	Reactome
REACTOME_PARTICIPATION:60|R-HSA-9764561	60	ACTB	ENSG00000075624	Reactome:R-HSA-9764561	R-HSA-9764561	TAS	Reactome
REACTOME_PARTICIPATION:60|R-HSA-9824585	60	ACTB	ENSG00000075624	Reactome:R-HSA-9824585	R-HSA-9824585	TAS	Reactome
REACTOME_PARTICIPATION:60|R-HSA-983231	60	ACTB	ENSG00000075624	Reactome:R-HSA-983231	R-HSA-983231	IEA	Reactome
REACTOME_PARTICIPATION:60|R-HSA-9845323	60	ACTB	ENSG00000075624	Reactome:R-HSA-9845323	R-HSA-9845323	IEA	Reactome
REACTOME_PARTICIPATION:60|R-HSA-9913351	60	ACTB	ENSG00000075624	Reactome:R-HSA-9913351	R-HSA-9913351	TAS	Reactome
REACTOME_PARTICIPATION:60|R-HSA-9933937	60	ACTB	ENSG00000075624	Reactome:R-HSA-9933937	R-HSA-9933937	TAS	Reactome
REACTOME_PARTICIPATION:60|R-HSA-9933939	60	ACTB	ENSG00000075624	Reactome:R-HSA-9933939	R-HSA-9933939	TAS	Reactome
REACTOME_PARTICIPATION:60|R-HSA-9933946	60	ACTB	ENSG00000075624	Reactome:R-HSA-9933946	R-HSA-9933946	TAS	Reactome
REACTOME_PARTICIPATION:60|R-HSA-9933947	60	ACTB	ENSG00000075624	Reactome:R-HSA-9933947	R-HSA-9933947	TAS	Reactome
REACTOME_PARTICIPATION:60|R-HSA-9934037	60	ACTB	ENSG00000075624	Reactome:R-HSA-9934037	R-HSA-9934037	TAS	Reactome
REACTOME_PARTICIPATION:60|R-HSA-9953170	60	ACTB	ENSG00000075624	Reactome:R-HSA-9953170	R-HSA-9953170	TAS	Reactome
REACTOME_PARTICIPATION:60|R-HSA-9958825	60	ACTB	ENSG00000075624	Reactome:R-HSA-9958825	R-HSA-9958825	IEA	Reactome
REACTOME_PARTICIPATION:6194|R-HSA-156827	6194	RPS6	ENSG00000137154	Reactome:R-HSA-156827	R-HSA-156827	TAS	Reactome
REACTOME_PARTICIPATION:6194|R-HSA-156902	6194	RPS6	ENSG00000137154	Reactome:R-HSA-156902	R-HSA-156902	IEA	Reactome
REACTOME_PARTICIPATION:6194|R-HSA-166208	6194	RPS6	ENSG00000137154	Reactome:R-HSA-166208	R-HSA-166208	TAS	Reactome
REACTOME_PARTICIPATION:6194|R-HSA-1799339	6194	RPS6	ENSG00000137154	Reactome:R-HSA-1799339	R-HSA-1799339	TAS	Reactome
REACTOME_PARTICIPATION:6194|R-HSA-192823	6194	RPS6	ENSG00000137154	Reactome:R-HSA-192823	R-HSA-192823	TAS	Reactome
REACTOME_PARTICIPATION:6194|R-HSA-2408557	6194	RPS6	ENSG00000137154	Reactome:R-HSA-2408557	R-HSA-2408557	IEA	Reactome
REACTOME_PARTICIPATION:6194|R-HSA-6790901	6194	RPS6	ENSG00000137154	Reactome:R-HSA-6790901	R-HSA-6790901	IEA	Reactome
REACTOME_PARTICIPATION:6194|R-HSA-6791226	6194	RPS6	ENSG00000137154	Reactome:R-HSA-6791226	R-HSA-6791226	TAS	Reactome
REACTOME_PARTICIPATION:6194|R-HSA-72649	6194	RPS6	ENSG00000137154	Reactome:R-HSA-72649	R-HSA-72649	TAS	Reactome
REACTOME_PARTICIPATION:6194|R-HSA-72689	6194	RPS6	ENSG00000137154	Reactome:R-HSA-72689	R-HSA-72689	TAS	Reactome
REACTOME_PARTICIPATION:6194|R-HSA-72695	6194	RPS6	ENSG00000137154	Reactome:R-HSA-72695	R-HSA-72695	TAS	Reactome
REACTOME_PARTICIPATION:6194|R-HSA-72702	6194	RPS6	ENSG00000137154	Reactome:R-HSA-72702	R-HSA-72702	TAS	Reactome
REACTOME_PARTICIPATION:6194|R-HSA-72706	6194	RPS6	ENSG00000137154	Reactome:R-HSA-72706	R-HSA-72706	TAS	Reactome
REACTOME_PARTICIPATION:6194|R-HSA-72764	6194	RPS6	ENSG00000137154	Reactome:R-HSA-72764	R-HSA-72764	IEA	Reactome
REACTOME_PARTICIPATION:6194|R-HSA-9010553	6194	RPS6	ENSG00000137154	Reactome:R-HSA-9010553	R-HSA-9010553	IEA	Reactome
REACTOME_PARTICIPATION:6194|R-HSA-9629569	6194	RPS6	ENSG00000137154	Reactome:R-HSA-9629569	R-HSA-9629569	TAS	Reactome
REACTOME_PARTICIPATION:6194|R-HSA-9633012	6194	RPS6	ENSG00000137154	Reactome:R-HSA-9633012	R-HSA-9633012	IEA	Reactome
REACTOME_PARTICIPATION:6194|R-HSA-9725371	6194	RPS6	ENSG00000137154	Reactome:R-HSA-9725371	R-HSA-9725371	TAS	Reactome
REACTOME_PARTICIPATION:6194|R-HSA-9735869	6194	RPS6	ENSG00000137154	Reactome:R-HSA-9735869	R-HSA-9735869	TAS	Reactome
REACTOME_PARTICIPATION:6194|R-HSA-9754678	6194	RPS6	ENSG00000137154	Reactome:R-HSA-9754678	R-HSA-9754678	TAS	Reactome
REACTOME_PARTICIPATION:6194|R-HSA-975956	6194	RPS6	ENSG00000137154	Reactome:R-HSA-975956	R-HSA-975956	TAS	Reactome
REACTOME_PARTICIPATION:6194|R-HSA-975957	6194	RPS6	ENSG00000137154	Reactome:R-HSA-975957	R-HSA-975957	TAS	Reactome
REACTOME_PARTICIPATION:6194|R-HSA-9954714	6194	RPS6	ENSG00000137154	Reactome:R-HSA-9954714	R-HSA-9954714	TAS	Reactome
REACTOME_PARTICIPATION:6194|R-HSA-9954716	6194	RPS6	ENSG00000137154	Reactome:R-HSA-9954716	R-HSA-9954716	TAS	Reactome
REACTOME_PARTICIPATION:6197|R-HSA-198753	6197	RPS6KA3	ENSG00000177189	Reactome:R-HSA-198753	R-HSA-198753	TAS	Reactome
REACTOME_PARTICIPATION:6197|R-HSA-199920	6197	RPS6KA3	ENSG00000177189	Reactome:R-HSA-199920	R-HSA-199920	TAS	Reactome
REACTOME_PARTICIPATION:6197|R-HSA-2559582	6197	RPS6KA3	ENSG00000177189	Reactome:R-HSA-2559582	R-HSA-2559582	IEA	Reactome
REACTOME_PARTICIPATION:6197|R-HSA-437239	6197	RPS6KA3	ENSG00000177189	Reactome:R-HSA-437239	R-HSA-437239	IEA	Reactome
REACTOME_PARTICIPATION:6197|R-HSA-442742	6197	RPS6KA3	ENSG00000177189	Reactome:R-HSA-442742	R-HSA-442742	TAS	Reactome
REACTOME_PARTICIPATION:6197|R-HSA-444257	6197	RPS6KA3	ENSG00000177189	Reactome:R-HSA-444257	R-HSA-444257	TAS	Reactome
REACTOME_PARTICIPATION:6197|R-HSA-881907	6197	RPS6KA3	ENSG00000177189	Reactome:R-HSA-881907	R-HSA-881907	TAS	Reactome
REACTOME_PARTICIPATION:6240|R-HSA-499943	6240	RRM1	ENSG00000167325	Reactome:R-HSA-499943	R-HSA-499943	TAS	Reactome
REACTOME_PARTICIPATION:6241|R-HSA-499943	6241	RRM2	ENSG00000171848	Reactome:R-HSA-499943	R-HSA-499943	TAS	Reactome
REACTOME_PARTICIPATION:6241|R-HSA-69205	6241	RRM2	ENSG00000171848	Reactome:R-HSA-69205	R-HSA-69205	IEA	Reactome
REACTOME_PARTICIPATION:6241|R-HSA-8953750	6241	RRM2	ENSG00000171848	Reactome:R-HSA-8953750	R-HSA-8953750	TAS	Reactome
REACTOME_PARTICIPATION:6263|R-HSA-2672351	6263	RYR3	ENSG00000198838	Reactome:R-HSA-2672351	R-HSA-2672351	TAS	Reactome
REACTOME_PARTICIPATION:6263|R-HSA-5578775	6263	RYR3	ENSG00000198838	Reactome:R-HSA-5578775	R-HSA-5578775	TAS	Reactome
REACTOME_PARTICIPATION:6319|R-HSA-2426168	6319	SCD	ENSG00000099194	Reactome:R-HSA-2426168	R-HSA-2426168	TAS	Reactome
REACTOME_PARTICIPATION:6319|R-HSA-75105	6319	SCD	ENSG00000099194	Reactome:R-HSA-75105	R-HSA-75105	TAS	Reactome
REACTOME_PARTICIPATION:6319|R-HSA-9029558	6319	SCD	ENSG00000099194	Reactome:R-HSA-9029558	R-HSA-9029558	TAS	Reactome
REACTOME_PARTICIPATION:6319|R-HSA-9841922	6319	SCD	ENSG00000099194	Reactome:R-HSA-9841922	R-HSA-9841922	TAS	Reactome
REACTOME_PARTICIPATION:6347|R-HSA-380108	6347	CCL2	ENSG00000108691	Reactome:R-HSA-380108	R-HSA-380108	TAS	Reactome
REACTOME_PARTICIPATION:6347|R-HSA-380994	6347	CCL2	ENSG00000108691	Reactome:R-HSA-380994	R-HSA-380994	TAS	Reactome
REACTOME_PARTICIPATION:6347|R-HSA-6783783	6347	CCL2	ENSG00000108691	Reactome:R-HSA-6783783	R-HSA-6783783	TAS	Reactome
REACTOME_PARTICIPATION:6347|R-HSA-6785807	6347	CCL2	ENSG00000108691	Reactome:R-HSA-6785807	R-HSA-6785807	TAS	Reactome
REACTOME_PARTICIPATION:6347|R-HSA-9818026	6347	CCL2	ENSG00000108691	Reactome:R-HSA-9818026	R-HSA-9818026	TAS	Reactome
REACTOME_PARTICIPATION:6348|R-HSA-380108	6348	CCL3	ENSG00000277632	Reactome:R-HSA-380108	R-HSA-380108	TAS	Reactome
REACTOME_PARTICIPATION:6348|R-HSA-6783783	6348	CCL3	ENSG00000277632	Reactome:R-HSA-6783783	R-HSA-6783783	TAS	Reactome
REACTOME_PARTICIPATION:6348|R-HSA-9942503	6348	CCL3	ENSG00000277632	Reactome:R-HSA-9942503	R-HSA-9942503	IEA	Reactome
REACTOME_PARTICIPATION:6352|R-HSA-380108	6352	CCL5	ENSG00000271503	Reactome:R-HSA-380108	R-HSA-380108	TAS	Reactome
REACTOME_PARTICIPATION:6352|R-HSA-418594	6352	CCL5	ENSG00000271503	Reactome:R-HSA-418594	R-HSA-418594	TAS	Reactome
REACTOME_PARTICIPATION:6352|R-HSA-6783783	6352	CCL5	ENSG00000271503	Reactome:R-HSA-6783783	R-HSA-6783783	TAS	Reactome
REACTOME_PARTICIPATION:637|R-HSA-111447	637	BID	ENSG00000015475	Reactome:R-HSA-111447	R-HSA-111447	TAS	Reactome
REACTOME_PARTICIPATION:637|R-HSA-111452	637	BID	ENSG00000015475	Reactome:R-HSA-111452	R-HSA-111452	TAS	Reactome
REACTOME_PARTICIPATION:637|R-HSA-111453	637	BID	ENSG00000015475	Reactome:R-HSA-111453	R-HSA-111453	TAS	Reactome
REACTOME_PARTICIPATION:637|R-HSA-114294	637	BID	ENSG00000015475	Reactome:R-HSA-114294	R-HSA-114294	TAS	Reactome
REACTOME_PARTICIPATION:637|R-HSA-6803204	637	BID	ENSG00000015475	Reactome:R-HSA-6803204	R-HSA-6803204	TAS	Reactome
REACTOME_PARTICIPATION:637|R-HSA-75108	637	BID	ENSG00000015475	Reactome:R-HSA-75108	R-HSA-75108	TAS	Reactome
REACTOME_PARTICIPATION:6387|R-HSA-1251985	6387	CXCL12	ENSG00000107562	Reactome:R-HSA-1251985	R-HSA-1251985	TAS	Reactome
REACTOME_PARTICIPATION:6387|R-HSA-376176	6387	CXCL12	ENSG00000107562	Reactome:R-HSA-376176	R-HSA-376176	TAS	Reactome
REACTOME_PARTICIPATION:6387|R-HSA-380108	6387	CXCL12	ENSG00000107562	Reactome:R-HSA-380108	R-HSA-380108	TAS	Reactome
REACTOME_PARTICIPATION:6387|R-HSA-418594	6387	CXCL12	ENSG00000107562	Reactome:R-HSA-418594	R-HSA-418594	TAS	Reactome
REACTOME_PARTICIPATION:6387|R-HSA-9018519	6387	CXCL12	ENSG00000107562	Reactome:R-HSA-9018519	R-HSA-9018519	TAS	Reactome
REACTOME_PARTICIPATION:639|R-HSA-6804754	639	PRDM1	ENSG00000057657	Reactome:R-HSA-6804754	R-HSA-6804754	TAS	Reactome
REACTOME_PARTICIPATION:639|R-HSA-9701898	639	PRDM1	ENSG00000057657	Reactome:R-HSA-9701898	R-HSA-9701898	TAS	Reactome
REACTOME_PARTICIPATION:639|R-HSA-9827857	639	PRDM1	ENSG00000057657	Reactome:R-HSA-9827857	R-HSA-9827857	TAS	Reactome
REACTOME_PARTICIPATION:64151|R-HSA-2514853	64151	NCAPG	ENSG00000109805	Reactome:R-HSA-2514853	R-HSA-2514853	IEA	Reactome
REACTOME_PARTICIPATION:6422|R-HSA-201681	6422	SFRP1	ENSG00000104332	Reactome:R-HSA-201681	R-HSA-201681	IEA	Reactome
REACTOME_PARTICIPATION:6422|R-HSA-3772470	6422	SFRP1	ENSG00000104332	Reactome:R-HSA-3772470	R-HSA-3772470	IEA	Reactome
REACTOME_PARTICIPATION:6427|R-HSA-159236	6427	SRSF2	ENSG00000161547	Reactome:R-HSA-159236	R-HSA-159236	TAS	Reactome
REACTOME_PARTICIPATION:6427|R-HSA-72163	6427	SRSF2	ENSG00000161547	Reactome:R-HSA-72163	R-HSA-72163	TAS	Reactome
REACTOME_PARTICIPATION:6427|R-HSA-72165	6427	SRSF2	ENSG00000161547	Reactome:R-HSA-72165	R-HSA-72165	TAS	Reactome
REACTOME_PARTICIPATION:6427|R-HSA-72187	6427	SRSF2	ENSG00000161547	Reactome:R-HSA-72187	R-HSA-72187	TAS	Reactome
REACTOME_PARTICIPATION:6427|R-HSA-72203	6427	SRSF2	ENSG00000161547	Reactome:R-HSA-72203	R-HSA-72203	TAS	Reactome
REACTOME_PARTICIPATION:6427|R-HSA-9770562	6427	SRSF2	ENSG00000161547	Reactome:R-HSA-9770562	R-HSA-9770562	TAS	Reactome
REACTOME_PARTICIPATION:6427|R-HSA-9918481	6427	SRSF2	ENSG00000161547	Reactome:R-HSA-9918481	R-HSA-9918481	TAS	Reactome
REACTOME_PARTICIPATION:64399|R-HSA-5632681	64399	HHIP	ENSG00000164161	Reactome:R-HSA-5632681	R-HSA-5632681	TAS	Reactome
REACTOME_PARTICIPATION:64399|R-HSA-5635851	64399	HHIP	ENSG00000164161	Reactome:R-HSA-5635851	R-HSA-5635851	TAS	Reactome
REACTOME_PARTICIPATION:6455|R-HSA-182971	6455	SH3GL1	ENSG00000141985	Reactome:R-HSA-182971	R-HSA-182971	TAS	Reactome
REACTOME_PARTICIPATION:6455|R-HSA-6807004	6455	SH3GL1	ENSG00000141985	Reactome:R-HSA-6807004	R-HSA-6807004	TAS	Reactome
REACTOME_PARTICIPATION:6455|R-HSA-8856825	6455	SH3GL1	ENSG00000141985	Reactome:R-HSA-8856825	R-HSA-8856825	TAS	Reactome
REACTOME_PARTICIPATION:6455|R-HSA-8856828	6455	SH3GL1	ENSG00000141985	Reactome:R-HSA-8856828	R-HSA-8856828	TAS	Reactome
REACTOME_PARTICIPATION:6455|R-HSA-8875360	6455	SH3GL1	ENSG00000141985	Reactome:R-HSA-8875360	R-HSA-8875360	IEA	Reactome
REACTOME_PARTICIPATION:6464|R-HSA-1236382	6464	SHC1	ENSG00000160691	Reactome:R-HSA-1236382	R-HSA-1236382	TAS	Reactome
REACTOME_PARTICIPATION:6464|R-HSA-1250196	6464	SHC1	ENSG00000160691	Reactome:R-HSA-1250196	R-HSA-1250196	TAS	Reactome
REACTOME_PARTICIPATION:6464|R-HSA-1250347	6464	SHC1	ENSG00000160691	Reactome:R-HSA-1250347	R-HSA-1250347	TAS	Reactome
REACTOME_PARTICIPATION:6464|R-HSA-167044	6464	SHC1	ENSG00000160691	Reactome:R-HSA-167044	R-HSA-167044	TAS	Reactome
REACTOME_PARTICIPATION:6464|R-HSA-180336	6464	SHC1	ENSG00000160691	Reactome:R-HSA-180336	R-HSA-180336	TAS	Reactome
REACTOME_PARTICIPATION:6464|R-HSA-201556	6464	SHC1	ENSG00000160691	Reactome:R-HSA-201556	R-HSA-201556	TAS	Reactome
REACTOME_PARTICIPATION:6464|R-HSA-210993	6464	SHC1	ENSG00000160691	Reactome:R-HSA-210993	R-HSA-210993	TAS	Reactome
REACTOME_PARTICIPATION:6464|R-HSA-2424491	6464	SHC1	ENSG00000160691	Reactome:R-HSA-2424491	R-HSA-2424491	TAS	Reactome
REACTOME_PARTICIPATION:6464|R-HSA-2428933	6464	SHC1	ENSG00000160691	Reactome:R-HSA-2428933	R-HSA-2428933	IEA	Reactome
REACTOME_PARTICIPATION:6464|R-HSA-2730905	6464	SHC1	ENSG00000160691	Reactome:R-HSA-2730905	R-HSA-2730905	IEA	Reactome
REACTOME_PARTICIPATION:6464|R-HSA-2871796	6464	SHC1	ENSG00000160691	Reactome:R-HSA-2871796	R-HSA-2871796	TAS	Reactome
REACTOME_PARTICIPATION:6464|R-HSA-2871809	6464	SHC1	ENSG00000160691	Reactome:R-HSA-2871809	R-HSA-2871809	TAS	Reactome
REACTOME_PARTICIPATION:6464|R-HSA-354192	6464	SHC1	ENSG00000160691	Reactome:R-HSA-354192	R-HSA-354192	TAS	Reactome
REACTOME_PARTICIPATION:6464|R-HSA-381038	6464	SHC1	ENSG00000160691	Reactome:R-HSA-381038	R-HSA-381038	TAS	Reactome
REACTOME_PARTICIPATION:6464|R-HSA-512988	6464	SHC1	ENSG00000160691	Reactome:R-HSA-512988	R-HSA-512988	TAS	Reactome
REACTOME_PARTICIPATION:6464|R-HSA-5637810	6464	SHC1	ENSG00000160691	Reactome:R-HSA-5637810	R-HSA-5637810	TAS	Reactome
REACTOME_PARTICIPATION:6464|R-HSA-5654688	6464	SHC1	ENSG00000160691	Reactome:R-HSA-5654688	R-HSA-5654688	TAS	Reactome
REACTOME_PARTICIPATION:6464|R-HSA-5654699	6464	SHC1	ENSG00000160691	Reactome:R-HSA-5654699	R-HSA-5654699	TAS	Reactome
REACTOME_PARTICIPATION:6464|R-HSA-5654704	6464	SHC1	ENSG00000160691	Reactome:R-HSA-5654704	R-HSA-5654704	TAS	Reactome
REACTOME_PARTICIPATION:6464|R-HSA-5654719	6464	SHC1	ENSG00000160691	Reactome:R-HSA-5654719	R-HSA-5654719	TAS	Reactome
REACTOME_PARTICIPATION:6464|R-HSA-5673001	6464	SHC1	ENSG00000160691	Reactome:R-HSA-5673001	R-HSA-5673001	TAS	Reactome
REACTOME_PARTICIPATION:6464|R-HSA-74749	6464	SHC1	ENSG00000160691	Reactome:R-HSA-74749	R-HSA-74749	TAS	Reactome
REACTOME_PARTICIPATION:6464|R-HSA-74751	6464	SHC1	ENSG00000160691	Reactome:R-HSA-74751	R-HSA-74751	IEA	Reactome
REACTOME_PARTICIPATION:6464|R-HSA-8851805	6464	SHC1	ENSG00000160691	Reactome:R-HSA-8851805	R-HSA-8851805	TAS	Reactome
REACTOME_PARTICIPATION:6464|R-HSA-8853659	6464	SHC1	ENSG00000160691	Reactome:R-HSA-8853659	R-HSA-8853659	TAS	Reactome
REACTOME_PARTICIPATION:6464|R-HSA-8983432	6464	SHC1	ENSG00000160691	Reactome:R-HSA-8983432	R-HSA-8983432	TAS	Reactome
REACTOME_PARTICIPATION:6464|R-HSA-9009391	6464	SHC1	ENSG00000160691	Reactome:R-HSA-9009391	R-HSA-9009391	TAS	Reactome
REACTOME_PARTICIPATION:6464|R-HSA-9020558	6464	SHC1	ENSG00000160691	Reactome:R-HSA-9020558	R-HSA-9020558	TAS	Reactome
REACTOME_PARTICIPATION:6464|R-HSA-9026519	6464	SHC1	ENSG00000160691	Reactome:R-HSA-9026519	R-HSA-9026519	IEA	Reactome
REACTOME_PARTICIPATION:6464|R-HSA-9027284	6464	SHC1	ENSG00000160691	Reactome:R-HSA-9027284	R-HSA-9027284	TAS	Reactome
REACTOME_PARTICIPATION:6464|R-HSA-9034864	6464	SHC1	ENSG00000160691	Reactome:R-HSA-9034864	R-HSA-9034864	IEA	Reactome
REACTOME_PARTICIPATION:6464|R-HSA-912526	6464	SHC1	ENSG00000160691	Reactome:R-HSA-912526	R-HSA-912526	TAS	Reactome
REACTOME_PARTICIPATION:6464|R-HSA-9634285	6464	SHC1	ENSG00000160691	Reactome:R-HSA-9634285	R-HSA-9634285	TAS	Reactome
REACTOME_PARTICIPATION:6464|R-HSA-9634597	6464	SHC1	ENSG00000160691	Reactome:R-HSA-9634597	R-HSA-9634597	TAS	Reactome
REACTOME_PARTICIPATION:6464|R-HSA-9664565	6464	SHC1	ENSG00000160691	Reactome:R-HSA-9664565	R-HSA-9664565	TAS	Reactome
REACTOME_PARTICIPATION:6464|R-HSA-9665348	6464	SHC1	ENSG00000160691	Reactome:R-HSA-9665348	R-HSA-9665348	TAS	Reactome
REACTOME_PARTICIPATION:6464|R-HSA-9665686	6464	SHC1	ENSG00000160691	Reactome:R-HSA-9665686	R-HSA-9665686	TAS	Reactome
REACTOME_PARTICIPATION:6464|R-HSA-9674555	6464	SHC1	ENSG00000160691	Reactome:R-HSA-9674555	R-HSA-9674555	TAS	Reactome
REACTOME_PARTICIPATION:6464|R-HSA-9680350	6464	SHC1	ENSG00000160691	Reactome:R-HSA-9680350	R-HSA-9680350	IEA	Reactome
REACTOME_PARTICIPATION:6464|R-HSA-9725370	6464	SHC1	ENSG00000160691	Reactome:R-HSA-9725370	R-HSA-9725370	TAS	Reactome
REACTOME_PARTICIPATION:6464|R-HSA-9842663	6464	SHC1	ENSG00000160691	Reactome:R-HSA-9842663	R-HSA-9842663	TAS	Reactome
REACTOME_PARTICIPATION:6469|R-HSA-373080	6469	SHH	ENSG00000164690	Reactome:R-HSA-373080	R-HSA-373080	IEA	Reactome
REACTOME_PARTICIPATION:6469|R-HSA-5358346	6469	SHH	ENSG00000164690	Reactome:R-HSA-5358346	R-HSA-5358346	TAS	Reactome
REACTOME_PARTICIPATION:6469|R-HSA-5362768	6469	SHH	ENSG00000164690	Reactome:R-HSA-5362768	R-HSA-5362768	TAS	Reactome
REACTOME_PARTICIPATION:6469|R-HSA-5362798	6469	SHH	ENSG00000164690	Reactome:R-HSA-5362798	R-HSA-5362798	IEA	Reactome
REACTOME_PARTICIPATION:6469|R-HSA-5632681	6469	SHH	ENSG00000164690	Reactome:R-HSA-5632681	R-HSA-5632681	IEA	Reactome
REACTOME_PARTICIPATION:6469|R-HSA-5632684	6469	SHH	ENSG00000164690	Reactome:R-HSA-5632684	R-HSA-5632684	IEA	Reactome
REACTOME_PARTICIPATION:6469|R-HSA-5635838	6469	SHH	ENSG00000164690	Reactome:R-HSA-5635838	R-HSA-5635838	TAS	Reactome
REACTOME_PARTICIPATION:6469|R-HSA-5658034	6469	SHH	ENSG00000164690	Reactome:R-HSA-5658034	R-HSA-5658034	TAS	Reactome
REACTOME_PARTICIPATION:6469|R-HSA-9758920	6469	SHH	ENSG00000164690	Reactome:R-HSA-9758920	R-HSA-9758920	IEA	Reactome
REACTOME_PARTICIPATION:6469|R-HSA-9796292	6469	SHH	ENSG00000164690	Reactome:R-HSA-9796292	R-HSA-9796292	IEA	Reactome
REACTOME_PARTICIPATION:6469|R-HSA-9937080	6469	SHH	ENSG00000164690	Reactome:R-HSA-9937080	R-HSA-9937080	TAS	Reactome
REACTOME_PARTICIPATION:648|R-HSA-2559580	648	BMI1	ENSG00000168283	Reactome:R-HSA-2559580	R-HSA-2559580	TAS	Reactome
REACTOME_PARTICIPATION:648|R-HSA-3108214	648	BMI1	ENSG00000168283	Reactome:R-HSA-3108214	R-HSA-3108214	TAS	Reactome
REACTOME_PARTICIPATION:648|R-HSA-3899300	648	BMI1	ENSG00000168283	Reactome:R-HSA-3899300	R-HSA-3899300	TAS	Reactome
REACTOME_PARTICIPATION:648|R-HSA-4551638	648	BMI1	ENSG00000168283	Reactome:R-HSA-4551638	R-HSA-4551638	TAS	Reactome
REACTOME_PARTICIPATION:648|R-HSA-4570464	648	BMI1	ENSG00000168283	Reactome:R-HSA-4570464	R-HSA-4570464	TAS	Reactome
REACTOME_PARTICIPATION:648|R-HSA-4655427	648	BMI1	ENSG00000168283	Reactome:R-HSA-4655427	R-HSA-4655427	IEA	Reactome
REACTOME_PARTICIPATION:648|R-HSA-8939243	648	BMI1	ENSG00000168283	Reactome:R-HSA-8939243	R-HSA-8939243	TAS	Reactome
REACTOME_PARTICIPATION:648|R-HSA-8943724	648	BMI1	ENSG00000168283	Reactome:R-HSA-8943724	R-HSA-8943724	TAS	Reactome
REACTOME_PARTICIPATION:648|R-HSA-8953750	648	BMI1	ENSG00000168283	Reactome:R-HSA-8953750	R-HSA-8953750	TAS	Reactome
REACTOME_PARTICIPATION:648|R-HSA-9976102	648	BMI1	ENSG00000168283	Reactome:R-HSA-9976102	R-HSA-9976102	IEA	Reactome
REACTOME_PARTICIPATION:65010|R-HSA-427601	65010	SLC26A6	ENSG00000225697	Reactome:R-HSA-427601	R-HSA-427601	TAS	Reactome
REACTOME_PARTICIPATION:6502|R-HSA-174178	6502	SKP2	ENSG00000145604	Reactome:R-HSA-174178	R-HSA-174178	TAS	Reactome
REACTOME_PARTICIPATION:6502|R-HSA-187577	6502	SKP2	ENSG00000145604	Reactome:R-HSA-187577	R-HSA-187577	TAS	Reactome
REACTOME_PARTICIPATION:6502|R-HSA-5689880	6502	SKP2	ENSG00000145604	Reactome:R-HSA-5689880	R-HSA-5689880	TAS	Reactome
REACTOME_PARTICIPATION:6502|R-HSA-68949	6502	SKP2	ENSG00000145604	Reactome:R-HSA-68949	R-HSA-68949	TAS	Reactome
REACTOME_PARTICIPATION:6502|R-HSA-69231	6502	SKP2	ENSG00000145604	Reactome:R-HSA-69231	R-HSA-69231	TAS	Reactome
REACTOME_PARTICIPATION:6502|R-HSA-8939902	6502	SKP2	ENSG00000145604	Reactome:R-HSA-8939902	R-HSA-8939902	TAS	Reactome
REACTOME_PARTICIPATION:6502|R-HSA-8951664	6502	SKP2	ENSG00000145604	Reactome:R-HSA-8951664	R-HSA-8951664	TAS	Reactome
REACTOME_PARTICIPATION:6502|R-HSA-9687136	6502	SKP2	ENSG00000145604	Reactome:R-HSA-9687136	R-HSA-9687136	TAS	Reactome
REACTOME_PARTICIPATION:6502|R-HSA-9708530	6502	SKP2	ENSG00000145604	Reactome:R-HSA-9708530	R-HSA-9708530	TAS	Reactome
REACTOME_PARTICIPATION:6502|R-HSA-983168	6502	SKP2	ENSG00000145604	Reactome:R-HSA-983168	R-HSA-983168	TAS	Reactome
REACTOME_PARTICIPATION:6513|R-HSA-189200	6513	SLC2A1	ENSG00000117394	Reactome:R-HSA-189200	R-HSA-189200	TAS	Reactome
REACTOME_PARTICIPATION:6513|R-HSA-196836	6513	SLC2A1	ENSG00000117394	Reactome:R-HSA-196836	R-HSA-196836	TAS	Reactome
REACTOME_PARTICIPATION:6513|R-HSA-422356	6513	SLC2A1	ENSG00000117394	Reactome:R-HSA-422356	R-HSA-422356	TAS	Reactome
REACTOME_PARTICIPATION:6513|R-HSA-5619043	6513	SLC2A1	ENSG00000117394	Reactome:R-HSA-5619043	R-HSA-5619043	TAS	Reactome
REACTOME_PARTICIPATION:6513|R-HSA-5653890	6513	SLC2A1	ENSG00000117394	Reactome:R-HSA-5653890	R-HSA-5653890	TAS	Reactome
REACTOME_PARTICIPATION:6514|R-HSA-189200	6514	SLC2A2	ENSG00000163581	Reactome:R-HSA-189200	R-HSA-189200	TAS	Reactome
REACTOME_PARTICIPATION:6514|R-HSA-210745	6514	SLC2A2	ENSG00000163581	Reactome:R-HSA-210745	R-HSA-210745	IEA	Reactome
REACTOME_PARTICIPATION:6514|R-HSA-422356	6514	SLC2A2	ENSG00000163581	Reactome:R-HSA-422356	R-HSA-422356	TAS	Reactome
REACTOME_PARTICIPATION:6514|R-HSA-5619098	6514	SLC2A2	ENSG00000163581	Reactome:R-HSA-5619098	R-HSA-5619098	TAS	Reactome
REACTOME_PARTICIPATION:6514|R-HSA-8981373	6514	SLC2A2	ENSG00000163581	Reactome:R-HSA-8981373	R-HSA-8981373	TAS	Reactome
REACTOME_PARTICIPATION:6528|R-HSA-209968	6528	SLC5A5	ENSG00000105641	Reactome:R-HSA-209968	R-HSA-209968	TAS	Reactome
REACTOME_PARTICIPATION:6528|R-HSA-5619096	6528	SLC5A5	ENSG00000105641	Reactome:R-HSA-5619096	R-HSA-5619096	TAS	Reactome
REACTOME_PARTICIPATION:6528|R-HSA-9958790	6528	SLC5A5	ENSG00000105641	Reactome:R-HSA-9958790	R-HSA-9958790	TAS	Reactome
REACTOME_PARTICIPATION:6532|R-HSA-380615	6532	SLC6A4	ENSG00000108576	Reactome:R-HSA-380615	R-HSA-380615	TAS	Reactome
REACTOME_PARTICIPATION:6532|R-HSA-442660	6532	SLC6A4	ENSG00000108576	Reactome:R-HSA-442660	R-HSA-442660	TAS	Reactome
REACTOME_PARTICIPATION:6554|R-HSA-159418	6554	SLC10A1	ENSG00000100652	Reactome:R-HSA-159418	R-HSA-159418	TAS	Reactome
REACTOME_PARTICIPATION:6580|R-HSA-112311	6580	SLC22A1	ENSG00000175003	Reactome:R-HSA-112311	R-HSA-112311	TAS	Reactome
REACTOME_PARTICIPATION:6580|R-HSA-181430	6580	SLC22A1	ENSG00000175003	Reactome:R-HSA-181430	R-HSA-181430	TAS	Reactome
REACTOME_PARTICIPATION:6580|R-HSA-2161517	6580	SLC22A1	ENSG00000175003	Reactome:R-HSA-2161517	R-HSA-2161517	TAS	Reactome
REACTOME_PARTICIPATION:6580|R-HSA-442660	6580	SLC22A1	ENSG00000175003	Reactome:R-HSA-442660	R-HSA-442660	TAS	Reactome
REACTOME_PARTICIPATION:6580|R-HSA-549127	6580	SLC22A1	ENSG00000175003	Reactome:R-HSA-549127	R-HSA-549127	TAS	Reactome
REACTOME_PARTICIPATION:6580|R-HSA-9793528	6580	SLC22A1	ENSG00000175003	Reactome:R-HSA-9793528	R-HSA-9793528	TAS	Reactome
REACTOME_PARTICIPATION:6597|R-HSA-1266695	6597	SMARCA4	ENSG00000127616	Reactome:R-HSA-1266695	R-HSA-1266695	TAS	Reactome
REACTOME_PARTICIPATION:6597|R-HSA-201722	6597	SMARCA4	ENSG00000127616	Reactome:R-HSA-201722	R-HSA-201722	TAS	Reactome
REACTOME_PARTICIPATION:6597|R-HSA-3214858	6597	SMARCA4	ENSG00000127616	Reactome:R-HSA-3214858	R-HSA-3214858	TAS	Reactome
REACTOME_PARTICIPATION:6597|R-HSA-3247509	6597	SMARCA4	ENSG00000127616	Reactome:R-HSA-3247509	R-HSA-3247509	TAS	Reactome
REACTOME_PARTICIPATION:6597|R-HSA-8939243	6597	SMARCA4	ENSG00000127616	Reactome:R-HSA-8939243	R-HSA-8939243	TAS	Reactome
REACTOME_PARTICIPATION:6597|R-HSA-9619665	6597	SMARCA4	ENSG00000127616	Reactome:R-HSA-9619665	R-HSA-9619665	TAS	Reactome
REACTOME_PARTICIPATION:6597|R-HSA-9764725	6597	SMARCA4	ENSG00000127616	Reactome:R-HSA-9764725	R-HSA-9764725	TAS	Reactome
REACTOME_PARTICIPATION:6597|R-HSA-9824585	6597	SMARCA4	ENSG00000127616	Reactome:R-HSA-9824585	R-HSA-9824585	TAS	Reactome
REACTOME_PARTICIPATION:6597|R-HSA-9845323	6597	SMARCA4	ENSG00000127616	Reactome:R-HSA-9845323	R-HSA-9845323	IEA	Reactome
REACTOME_PARTICIPATION:6597|R-HSA-9933937	6597	SMARCA4	ENSG00000127616	Reactome:R-HSA-9933937	R-HSA-9933937	TAS	Reactome
REACTOME_PARTICIPATION:6597|R-HSA-9933939	6597	SMARCA4	ENSG00000127616	Reactome:R-HSA-9933939	R-HSA-9933939	TAS	Reactome
REACTOME_PARTICIPATION:6597|R-HSA-9933946	6597	SMARCA4	ENSG00000127616	Reactome:R-HSA-9933946	R-HSA-9933946	TAS	Reactome
REACTOME_PARTICIPATION:6597|R-HSA-9933947	6597	SMARCA4	ENSG00000127616	Reactome:R-HSA-9933947	R-HSA-9933947	TAS	Reactome
REACTOME_PARTICIPATION:6597|R-HSA-9934037	6597	SMARCA4	ENSG00000127616	Reactome:R-HSA-9934037	R-HSA-9934037	TAS	Reactome
REACTOME_PARTICIPATION:6597|R-HSA-9976102	6597	SMARCA4	ENSG00000127616	Reactome:R-HSA-9976102	R-HSA-9976102	IEA	Reactome
REACTOME_PARTICIPATION:6608|R-HSA-373080	6608	SMO	ENSG00000128602	Reactome:R-HSA-373080	R-HSA-373080	IEA	Reactome
REACTOME_PARTICIPATION:6608|R-HSA-5610787	6608	SMO	ENSG00000128602	Reactome:R-HSA-5610787	R-HSA-5610787	TAS	Reactome
REACTOME_PARTICIPATION:6608|R-HSA-5620922	6608	SMO	ENSG00000128602	Reactome:R-HSA-5620922	R-HSA-5620922	TAS	Reactome
REACTOME_PARTICIPATION:6608|R-HSA-5632684	6608	SMO	ENSG00000128602	Reactome:R-HSA-5632684	R-HSA-5632684	TAS	Reactome
REACTOME_PARTICIPATION:6608|R-HSA-5635838	6608	SMO	ENSG00000128602	Reactome:R-HSA-5635838	R-HSA-5635838	IEA	Reactome
REACTOME_PARTICIPATION:6615|R-HSA-8943724	6615	SNAI1	ENSG00000124216	Reactome:R-HSA-8943724	R-HSA-8943724	TAS	Reactome
REACTOME_PARTICIPATION:6615|R-HSA-9758919	6615	SNAI1	ENSG00000124216	Reactome:R-HSA-9758919	R-HSA-9758919	IEA	Reactome
REACTOME_PARTICIPATION:6615|R-HSA-9762293	6615	SNAI1	ENSG00000124216	Reactome:R-HSA-9762293	R-HSA-9762293	IEA	Reactome
REACTOME_PARTICIPATION:6615|R-HSA-9764725	6615	SNAI1	ENSG00000124216	Reactome:R-HSA-9764725	R-HSA-9764725	IEA	Reactome
REACTOME_PARTICIPATION:6635|R-HSA-111367	6635	SNRPE	ENSG00000182004	Reactome:R-HSA-111367	R-HSA-111367	TAS	Reactome
REACTOME_PARTICIPATION:6635|R-HSA-191859	6635	SNRPE	ENSG00000182004	Reactome:R-HSA-191859	R-HSA-191859	TAS	Reactome
REACTOME_PARTICIPATION:6635|R-HSA-72163	6635	SNRPE	ENSG00000182004	Reactome:R-HSA-72163	R-HSA-72163	TAS	Reactome
REACTOME_PARTICIPATION:6635|R-HSA-72165	6635	SNRPE	ENSG00000182004	Reactome:R-HSA-72165	R-HSA-72165	TAS	Reactome
REACTOME_PARTICIPATION:6635|R-HSA-73856	6635	SNRPE	ENSG00000182004	Reactome:R-HSA-73856	R-HSA-73856	TAS	Reactome
REACTOME_PARTICIPATION:6635|R-HSA-77588	6635	SNRPE	ENSG00000182004	Reactome:R-HSA-77588	R-HSA-77588	TAS	Reactome
REACTOME_PARTICIPATION:6635|R-HSA-9754678	6635	SNRPE	ENSG00000182004	Reactome:R-HSA-9754678	R-HSA-9754678	TAS	Reactome
REACTOME_PARTICIPATION:6635|R-HSA-9770562	6635	SNRPE	ENSG00000182004	Reactome:R-HSA-9770562	R-HSA-9770562	TAS	Reactome
REACTOME_PARTICIPATION:6635|R-HSA-9918481	6635	SNRPE	ENSG00000182004	Reactome:R-HSA-9918481	R-HSA-9918481	TAS	Reactome
REACTOME_PARTICIPATION:6635|R-HSA-9943411	6635	SNRPE	ENSG00000182004	Reactome:R-HSA-9943411	R-HSA-9943411	TAS	Reactome
REACTOME_PARTICIPATION:6647|R-HSA-114608	6647	SOD1	ENSG00000142168	Reactome:R-HSA-114608	R-HSA-114608	TAS	Reactome
REACTOME_PARTICIPATION:6647|R-HSA-3299685	6647	SOD1	ENSG00000142168	Reactome:R-HSA-3299685	R-HSA-3299685	TAS	Reactome
REACTOME_PARTICIPATION:6647|R-HSA-8950505	6647	SOD1	ENSG00000142168	Reactome:R-HSA-8950505	R-HSA-8950505	TAS	Reactome
REACTOME_PARTICIPATION:6648|R-HSA-2151201	6648	SOD2	ENSG00000291237	Reactome:R-HSA-2151201	R-HSA-2151201	TAS	Reactome
REACTOME_PARTICIPATION:6648|R-HSA-3299685	6648	SOD2	ENSG00000291237	Reactome:R-HSA-3299685	R-HSA-3299685	TAS	Reactome
REACTOME_PARTICIPATION:6648|R-HSA-8862803	6648	SOD2	ENSG00000291237	Reactome:R-HSA-8862803	R-HSA-8862803	TAS	Reactome
REACTOME_PARTICIPATION:6648|R-HSA-8950505	6648	SOD2	ENSG00000291237	Reactome:R-HSA-8950505	R-HSA-8950505	TAS	Reactome
REACTOME_PARTICIPATION:6648|R-HSA-9615017	6648	SOD2	ENSG00000291237	Reactome:R-HSA-9615017	R-HSA-9615017	TAS	Reactome
REACTOME_PARTICIPATION:6648|R-HSA-9841251	6648	SOD2	ENSG00000291237	Reactome:R-HSA-9841251	R-HSA-9841251	TAS	Reactome
REACTOME_PARTICIPATION:6678|R-HSA-114608	6678	SPARC	ENSG00000113140	Reactome:R-HSA-114608	R-HSA-114608	TAS	Reactome
REACTOME_PARTICIPATION:6678|R-HSA-1251985	6678	SPARC	ENSG00000113140	Reactome:R-HSA-1251985	R-HSA-1251985	TAS	Reactome
REACTOME_PARTICIPATION:6678|R-HSA-3000178	6678	SPARC	ENSG00000113140	Reactome:R-HSA-3000178	R-HSA-3000178	TAS	Reactome
REACTOME_PARTICIPATION:6678|R-HSA-3000497	6678	SPARC	ENSG00000113140	Reactome:R-HSA-3000497	R-HSA-3000497	TAS	Reactome
REACTOME_PARTICIPATION:6696|R-HSA-1474228	6696	SPP1	ENSG00000118785	Reactome:R-HSA-1474228	R-HSA-1474228	TAS	Reactome
REACTOME_PARTICIPATION:6696|R-HSA-186797	6696	SPP1	ENSG00000118785	Reactome:R-HSA-186797	R-HSA-186797	TAS	Reactome
REACTOME_PARTICIPATION:6696|R-HSA-216083	6696	SPP1	ENSG00000118785	Reactome:R-HSA-216083	R-HSA-216083	IEA	Reactome
REACTOME_PARTICIPATION:6696|R-HSA-381426	6696	SPP1	ENSG00000118785	Reactome:R-HSA-381426	R-HSA-381426	TAS	Reactome
REACTOME_PARTICIPATION:6696|R-HSA-8949275	6696	SPP1	ENSG00000118785	Reactome:R-HSA-8949275	R-HSA-8949275	TAS	Reactome
REACTOME_PARTICIPATION:6696|R-HSA-8957275	6696	SPP1	ENSG00000118785	Reactome:R-HSA-8957275	R-HSA-8957275	TAS	Reactome
REACTOME_PARTICIPATION:6696|R-HSA-9856532	6696	SPP1	ENSG00000118785	Reactome:R-HSA-9856532	R-HSA-9856532	IEA	Reactome
REACTOME_PARTICIPATION:6720|R-HSA-1655829	6720	SREBF1	ENSG00000072310	Reactome:R-HSA-1655829	R-HSA-1655829	IEA	Reactome
REACTOME_PARTICIPATION:6720|R-HSA-1989781	6720	SREBF1	ENSG00000072310	Reactome:R-HSA-1989781	R-HSA-1989781	TAS	Reactome
REACTOME_PARTICIPATION:6720|R-HSA-2426168	6720	SREBF1	ENSG00000072310	Reactome:R-HSA-2426168	R-HSA-2426168	IEA	Reactome
REACTOME_PARTICIPATION:6720|R-HSA-381340	6720	SREBF1	ENSG00000072310	Reactome:R-HSA-381340	R-HSA-381340	IEA	Reactome
REACTOME_PARTICIPATION:6720|R-HSA-6807062	6720	SREBF1	ENSG00000072310	Reactome:R-HSA-6807062	R-HSA-6807062	TAS	Reactome
REACTOME_PARTICIPATION:6720|R-HSA-9029558	6720	SREBF1	ENSG00000072310	Reactome:R-HSA-9029558	R-HSA-9029558	TAS	Reactome
REACTOME_PARTICIPATION:6720|R-HSA-9615017	6720	SREBF1	ENSG00000072310	Reactome:R-HSA-9615017	R-HSA-9615017	IEA	Reactome
REACTOME_PARTICIPATION:6720|R-HSA-9933387	6720	SREBF1	ENSG00000072310	Reactome:R-HSA-9933387	R-HSA-9933387	IEA	Reactome
REACTOME_PARTICIPATION:6721|R-HSA-1655829	6721	SREBF2	ENSG00000198911	Reactome:R-HSA-1655829	R-HSA-1655829	IEA	Reactome
REACTOME_PARTICIPATION:6721|R-HSA-1989781	6721	SREBF2	ENSG00000198911	Reactome:R-HSA-1989781	R-HSA-1989781	TAS	Reactome
REACTOME_PARTICIPATION:6721|R-HSA-2426168	6721	SREBF2	ENSG00000198911	Reactome:R-HSA-2426168	R-HSA-2426168	IEA	Reactome
REACTOME_PARTICIPATION:6721|R-HSA-381340	6721	SREBF2	ENSG00000198911	Reactome:R-HSA-381340	R-HSA-381340	IEA	Reactome
REACTOME_PARTICIPATION:6721|R-HSA-6807062	6721	SREBF2	ENSG00000198911	Reactome:R-HSA-6807062	R-HSA-6807062	TAS	Reactome
REACTOME_PARTICIPATION:6721|R-HSA-9619665	6721	SREBF2	ENSG00000198911	Reactome:R-HSA-9619665	R-HSA-9619665	TAS	Reactome
REACTOME_PARTICIPATION:673|R-HSA-1295596	673	BRAF	ENSG00000157764	Reactome:R-HSA-1295596	R-HSA-1295596	TAS	Reactome
REACTOME_PARTICIPATION:673|R-HSA-170968	673	BRAF	ENSG00000157764	Reactome:R-HSA-170968	R-HSA-170968	IEA	Reactome
REACTOME_PARTICIPATION:673|R-HSA-170984	673	BRAF	ENSG00000157764	Reactome:R-HSA-170984	R-HSA-170984	IEA	Reactome
REACTOME_PARTICIPATION:673|R-HSA-187706	673	BRAF	ENSG00000157764	Reactome:R-HSA-187706	R-HSA-187706	IEA	Reactome
REACTOME_PARTICIPATION:673|R-HSA-5673000	673	BRAF	ENSG00000157764	Reactome:R-HSA-5673000	R-HSA-5673000	TAS	Reactome
REACTOME_PARTICIPATION:673|R-HSA-5674135	673	BRAF	ENSG00000157764	Reactome:R-HSA-5674135	R-HSA-5674135	TAS	Reactome
REACTOME_PARTICIPATION:673|R-HSA-5674499	673	BRAF	ENSG00000157764	Reactome:R-HSA-5674499	R-HSA-5674499	TAS	Reactome
REACTOME_PARTICIPATION:673|R-HSA-5675221	673	BRAF	ENSG00000157764	Reactome:R-HSA-5675221	R-HSA-5675221	TAS	Reactome
REACTOME_PARTICIPATION:673|R-HSA-6802946	673	BRAF	ENSG00000157764	Reactome:R-HSA-6802946	R-HSA-6802946	TAS	Reactome
REACTOME_PARTICIPATION:673|R-HSA-6802948	673	BRAF	ENSG00000157764	Reactome:R-HSA-6802948	R-HSA-6802948	TAS	Reactome
REACTOME_PARTICIPATION:673|R-HSA-6802952	673	BRAF	ENSG00000157764	Reactome:R-HSA-6802952	R-HSA-6802952	TAS	Reactome
REACTOME_PARTICIPATION:673|R-HSA-6802955	673	BRAF	ENSG00000157764	Reactome:R-HSA-6802955	R-HSA-6802955	TAS	Reactome
REACTOME_PARTICIPATION:673|R-HSA-9649948	673	BRAF	ENSG00000157764	Reactome:R-HSA-9649948	R-HSA-9649948	TAS	Reactome
REACTOME_PARTICIPATION:673|R-HSA-9656223	673	BRAF	ENSG00000157764	Reactome:R-HSA-9656223	R-HSA-9656223	TAS	Reactome
REACTOME_PARTICIPATION:673|R-HSA-9726840	673	BRAF	ENSG00000157764	Reactome:R-HSA-9726840	R-HSA-9726840	TAS	Reactome
REACTOME_PARTICIPATION:673|R-HSA-9726842	673	BRAF	ENSG00000157764	Reactome:R-HSA-9726842	R-HSA-9726842	TAS	Reactome
REACTOME_PARTICIPATION:6772|R-HSA-1059683	6772	STAT1	ENSG00000115415	Reactome:R-HSA-1059683	R-HSA-1059683	TAS	Reactome
REACTOME_PARTICIPATION:6772|R-HSA-1169408	6772	STAT1	ENSG00000115415	Reactome:R-HSA-1169408	R-HSA-1169408	TAS	Reactome
REACTOME_PARTICIPATION:6772|R-HSA-1433557	6772	STAT1	ENSG00000115415	Reactome:R-HSA-1433557	R-HSA-1433557	TAS	Reactome
REACTOME_PARTICIPATION:6772|R-HSA-1839117	6772	STAT1	ENSG00000115415	Reactome:R-HSA-1839117	R-HSA-1839117	TAS	Reactome
REACTOME_PARTICIPATION:6772|R-HSA-186763	6772	STAT1	ENSG00000115415	Reactome:R-HSA-186763	R-HSA-186763	TAS	Reactome
REACTOME_PARTICIPATION:6772|R-HSA-2173795	6772	STAT1	ENSG00000115415	Reactome:R-HSA-2173795	R-HSA-2173795	TAS	Reactome
REACTOME_PARTICIPATION:6772|R-HSA-6785807	6772	STAT1	ENSG00000115415	Reactome:R-HSA-6785807	R-HSA-6785807	TAS	Reactome
REACTOME_PARTICIPATION:6772|R-HSA-877300	6772	STAT1	ENSG00000115415	Reactome:R-HSA-877300	R-HSA-877300	TAS	Reactome
REACTOME_PARTICIPATION:6772|R-HSA-877312	6772	STAT1	ENSG00000115415	Reactome:R-HSA-877312	R-HSA-877312	TAS	Reactome
REACTOME_PARTICIPATION:6772|R-HSA-8854691	6772	STAT1	ENSG00000115415	Reactome:R-HSA-8854691	R-HSA-8854691	TAS	Reactome
REACTOME_PARTICIPATION:6772|R-HSA-8939902	6772	STAT1	ENSG00000115415	Reactome:R-HSA-8939902	R-HSA-8939902	IEA	Reactome
REACTOME_PARTICIPATION:6772|R-HSA-8984722	6772	STAT1	ENSG00000115415	Reactome:R-HSA-8984722	R-HSA-8984722	TAS	Reactome
REACTOME_PARTICIPATION:6772|R-HSA-8985947	6772	STAT1	ENSG00000115415	Reactome:R-HSA-8985947	R-HSA-8985947	TAS	Reactome
REACTOME_PARTICIPATION:6772|R-HSA-9013508	6772	STAT1	ENSG00000115415	Reactome:R-HSA-9013508	R-HSA-9013508	TAS	Reactome
REACTOME_PARTICIPATION:6772|R-HSA-9020956	6772	STAT1	ENSG00000115415	Reactome:R-HSA-9020956	R-HSA-9020956	TAS	Reactome
REACTOME_PARTICIPATION:6772|R-HSA-9020958	6772	STAT1	ENSG00000115415	Reactome:R-HSA-9020958	R-HSA-9020958	TAS	Reactome
REACTOME_PARTICIPATION:6772|R-HSA-909733	6772	STAT1	ENSG00000115415	Reactome:R-HSA-909733	R-HSA-909733	TAS	Reactome
REACTOME_PARTICIPATION:6772|R-HSA-912694	6772	STAT1	ENSG00000115415	Reactome:R-HSA-912694	R-HSA-912694	TAS	Reactome
REACTOME_PARTICIPATION:6772|R-HSA-9670439	6772	STAT1	ENSG00000115415	Reactome:R-HSA-9670439	R-HSA-9670439	TAS	Reactome
REACTOME_PARTICIPATION:6772|R-HSA-9673767	6772	STAT1	ENSG00000115415	Reactome:R-HSA-9673767	R-HSA-9673767	TAS	Reactome
REACTOME_PARTICIPATION:6772|R-HSA-9673770	6772	STAT1	ENSG00000115415	Reactome:R-HSA-9673770	R-HSA-9673770	TAS	Reactome
REACTOME_PARTICIPATION:6772|R-HSA-9674555	6772	STAT1	ENSG00000115415	Reactome:R-HSA-9674555	R-HSA-9674555	IEA	Reactome
REACTOME_PARTICIPATION:6772|R-HSA-9680350	6772	STAT1	ENSG00000115415	Reactome:R-HSA-9680350	R-HSA-9680350	IEA	Reactome
REACTOME_PARTICIPATION:6772|R-HSA-9705462	6772	STAT1	ENSG00000115415	Reactome:R-HSA-9705462	R-HSA-9705462	IEA	Reactome
REACTOME_PARTICIPATION:6772|R-HSA-9705671	6772	STAT1	ENSG00000115415	Reactome:R-HSA-9705671	R-HSA-9705671	TAS	Reactome
REACTOME_PARTICIPATION:6772|R-HSA-9725370	6772	STAT1	ENSG00000115415	Reactome:R-HSA-9725370	R-HSA-9725370	TAS	Reactome
REACTOME_PARTICIPATION:6772|R-HSA-982772	6772	STAT1	ENSG00000115415	Reactome:R-HSA-982772	R-HSA-982772	IEA	Reactome
REACTOME_PARTICIPATION:6772|R-HSA-9833482	6772	STAT1	ENSG00000115415	Reactome:R-HSA-9833482	R-HSA-9833482	TAS	Reactome
REACTOME_PARTICIPATION:6772|R-HSA-9860927	6772	STAT1	ENSG00000115415	Reactome:R-HSA-9860927	R-HSA-9860927	TAS	Reactome
REACTOME_PARTICIPATION:6772|R-HSA-9909649	6772	STAT1	ENSG00000115415	Reactome:R-HSA-9909649	R-HSA-9909649	TAS	Reactome
REACTOME_PARTICIPATION:6772|R-HSA-9942503	6772	STAT1	ENSG00000115415	Reactome:R-HSA-9942503	R-HSA-9942503	IEA	Reactome
REACTOME_PARTICIPATION:6775|R-HSA-8854691	6775	STAT4	ENSG00000138378	Reactome:R-HSA-8854691	R-HSA-8854691	TAS	Reactome
REACTOME_PARTICIPATION:6775|R-HSA-8950505	6775	STAT4	ENSG00000138378	Reactome:R-HSA-8950505	R-HSA-8950505	TAS	Reactome
REACTOME_PARTICIPATION:6775|R-HSA-8984722	6775	STAT4	ENSG00000138378	Reactome:R-HSA-8984722	R-HSA-8984722	TAS	Reactome
REACTOME_PARTICIPATION:6775|R-HSA-9020591	6775	STAT4	ENSG00000138378	Reactome:R-HSA-9020591	R-HSA-9020591	IEA	Reactome
REACTOME_PARTICIPATION:6775|R-HSA-9020933	6775	STAT4	ENSG00000138378	Reactome:R-HSA-9020933	R-HSA-9020933	TAS	Reactome
REACTOME_PARTICIPATION:6775|R-HSA-9020958	6775	STAT4	ENSG00000138378	Reactome:R-HSA-9020958	R-HSA-9020958	TAS	Reactome
REACTOME_PARTICIPATION:6775|R-HSA-9942503	6775	STAT4	ENSG00000138378	Reactome:R-HSA-9942503	R-HSA-9942503	IEA	Reactome
REACTOME_PARTICIPATION:6790|R-HSA-174178	6790	AURKA	ENSG00000087586	Reactome:R-HSA-174178	R-HSA-174178	TAS	Reactome
REACTOME_PARTICIPATION:6790|R-HSA-2565942	6790	AURKA	ENSG00000087586	Reactome:R-HSA-2565942	R-HSA-2565942	TAS	Reactome
REACTOME_PARTICIPATION:6790|R-HSA-4615885	6790	AURKA	ENSG00000087586	Reactome:R-HSA-4615885	R-HSA-4615885	IEA	Reactome
REACTOME_PARTICIPATION:6790|R-HSA-6804114	6790	AURKA	ENSG00000087586	Reactome:R-HSA-6804114	R-HSA-6804114	TAS	Reactome
REACTOME_PARTICIPATION:6790|R-HSA-6804756	6790	AURKA	ENSG00000087586	Reactome:R-HSA-6804756	R-HSA-6804756	TAS	Reactome
REACTOME_PARTICIPATION:6790|R-HSA-8854050	6790	AURKA	ENSG00000087586	Reactome:R-HSA-8854050	R-HSA-8854050	TAS	Reactome
REACTOME_PARTICIPATION:6790|R-HSA-8854518	6790	AURKA	ENSG00000087586	Reactome:R-HSA-8854518	R-HSA-8854518	TAS	Reactome
REACTOME_PARTICIPATION:6790|R-HSA-8854521	6790	AURKA	ENSG00000087586	Reactome:R-HSA-8854521	R-HSA-8854521	TAS	Reactome
REACTOME_PARTICIPATION:682|R-HSA-1474228	682	BSG	ENSG00000172270	Reactome:R-HSA-1474228	R-HSA-1474228	TAS	Reactome
REACTOME_PARTICIPATION:682|R-HSA-210991	682	BSG	ENSG00000172270	Reactome:R-HSA-210991	R-HSA-210991	TAS	Reactome
REACTOME_PARTICIPATION:682|R-HSA-216083	682	BSG	ENSG00000172270	Reactome:R-HSA-216083	R-HSA-216083	TAS	Reactome
REACTOME_PARTICIPATION:682|R-HSA-433692	682	BSG	ENSG00000172270	Reactome:R-HSA-433692	R-HSA-433692	TAS	Reactome
REACTOME_PARTICIPATION:682|R-HSA-5619070	682	BSG	ENSG00000172270	Reactome:R-HSA-5619070	R-HSA-5619070	TAS	Reactome
REACTOME_PARTICIPATION:682|R-HSA-9749641	682	BSG	ENSG00000172270	Reactome:R-HSA-9749641	R-HSA-9749641	TAS	Reactome
REACTOME_PARTICIPATION:6888|R-HSA-163754	6888	TALDO1	ENSG00000177156	Reactome:R-HSA-163754	R-HSA-163754	TAS	Reactome
REACTOME_PARTICIPATION:6888|R-HSA-6791055	6888	TALDO1	ENSG00000177156	Reactome:R-HSA-6791055	R-HSA-6791055	TAS	Reactome
REACTOME_PARTICIPATION:6888|R-HSA-6791462	6888	TALDO1	ENSG00000177156	Reactome:R-HSA-6791462	R-HSA-6791462	TAS	Reactome
REACTOME_PARTICIPATION:6888|R-HSA-71336	6888	TALDO1	ENSG00000177156	Reactome:R-HSA-71336	R-HSA-71336	TAS	Reactome
REACTOME_PARTICIPATION:6888|R-HSA-8950505	6888	TALDO1	ENSG00000177156	Reactome:R-HSA-8950505	R-HSA-8950505	TAS	Reactome
REACTOME_PARTICIPATION:6888|R-HSA-9818028	6888	TALDO1	ENSG00000177156	Reactome:R-HSA-9818028	R-HSA-9818028	TAS	Reactome
REACTOME_PARTICIPATION:688|R-HSA-381340	688	KLF5	ENSG00000102554	Reactome:R-HSA-381340	R-HSA-381340	IEA	Reactome
REACTOME_PARTICIPATION:688|R-HSA-9616222	688	KLF5	ENSG00000102554	Reactome:R-HSA-9616222	R-HSA-9616222	TAS	Reactome
REACTOME_PARTICIPATION:6927|R-HSA-210745	6927	HNF1A	ENSG00000135100	Reactome:R-HSA-210745	R-HSA-210745	IEA	Reactome
REACTOME_PARTICIPATION:6941|R-HSA-9940951	6941	TCF19	ENSG00000137310	Reactome:R-HSA-9940951	R-HSA-9940951	TAS	Reactome
REACTOME_PARTICIPATION:699|R-HSA-141444	699	BUB1	ENSG00000169679	Reactome:R-HSA-141444	R-HSA-141444	TAS	Reactome
REACTOME_PARTICIPATION:699|R-HSA-2467813	699	BUB1	ENSG00000169679	Reactome:R-HSA-2467813	R-HSA-2467813	TAS	Reactome
REACTOME_PARTICIPATION:699|R-HSA-2500257	699	BUB1	ENSG00000169679	Reactome:R-HSA-2500257	R-HSA-2500257	TAS	Reactome
REACTOME_PARTICIPATION:699|R-HSA-5663220	699	BUB1	ENSG00000169679	Reactome:R-HSA-5663220	R-HSA-5663220	TAS	Reactome
REACTOME_PARTICIPATION:699|R-HSA-68877	699	BUB1	ENSG00000169679	Reactome:R-HSA-68877	R-HSA-68877	TAS	Reactome
REACTOME_PARTICIPATION:699|R-HSA-9648025	699	BUB1	ENSG00000169679	Reactome:R-HSA-9648025	R-HSA-9648025	TAS	Reactome
REACTOME_PARTICIPATION:7001|R-HSA-3299685	7001	PRDX2	ENSG00000167815	Reactome:R-HSA-3299685	R-HSA-3299685	TAS	Reactome
REACTOME_PARTICIPATION:7001|R-HSA-5628897	7001	PRDX2	ENSG00000167815	Reactome:R-HSA-5628897	R-HSA-5628897	TAS	Reactome
REACTOME_PARTICIPATION:7001|R-HSA-8862803	7001	PRDX2	ENSG00000167815	Reactome:R-HSA-8862803	R-HSA-8862803	IEA	Reactome
REACTOME_PARTICIPATION:7015|R-HSA-171319	7015	TERT	ENSG00000164362	Reactome:R-HSA-171319	R-HSA-171319	TAS	Reactome
REACTOME_PARTICIPATION:7015|R-HSA-201722	7015	TERT	ENSG00000164362	Reactome:R-HSA-201722	R-HSA-201722	TAS	Reactome
REACTOME_PARTICIPATION:7015|R-HSA-9825895	7015	TERT	ENSG00000164362	Reactome:R-HSA-9825895	R-HSA-9825895	TAS	Reactome
REACTOME_PARTICIPATION:7019|R-HSA-163282	7019	TFAM	ENSG00000108064	Reactome:R-HSA-163282	R-HSA-163282	TAS	Reactome
REACTOME_PARTICIPATION:7019|R-HSA-2151201	7019	TFAM	ENSG00000108064	Reactome:R-HSA-2151201	R-HSA-2151201	TAS	Reactome
REACTOME_PARTICIPATION:7019|R-HSA-9837999	7019	TFAM	ENSG00000108064	Reactome:R-HSA-9837999	R-HSA-9837999	TAS	Reactome
REACTOME_PARTICIPATION:701|R-HSA-141430	701	BUB1B	ENSG00000156970	Reactome:R-HSA-141430	R-HSA-141430	TAS	Reactome
REACTOME_PARTICIPATION:701|R-HSA-141444	701	BUB1B	ENSG00000156970	Reactome:R-HSA-141444	R-HSA-141444	TAS	Reactome
REACTOME_PARTICIPATION:701|R-HSA-174184	701	BUB1B	ENSG00000156970	Reactome:R-HSA-174184	R-HSA-174184	TAS	Reactome
REACTOME_PARTICIPATION:701|R-HSA-176409	701	BUB1B	ENSG00000156970	Reactome:R-HSA-176409	R-HSA-176409	TAS	Reactome
REACTOME_PARTICIPATION:701|R-HSA-179409	701	BUB1B	ENSG00000156970	Reactome:R-HSA-179409	R-HSA-179409	TAS	Reactome
REACTOME_PARTICIPATION:701|R-HSA-2467813	701	BUB1B	ENSG00000156970	Reactome:R-HSA-2467813	R-HSA-2467813	TAS	Reactome
REACTOME_PARTICIPATION:701|R-HSA-2500257	701	BUB1B	ENSG00000156970	Reactome:R-HSA-2500257	R-HSA-2500257	TAS	Reactome
REACTOME_PARTICIPATION:701|R-HSA-5663220	701	BUB1B	ENSG00000156970	Reactome:R-HSA-5663220	R-HSA-5663220	TAS	Reactome
REACTOME_PARTICIPATION:701|R-HSA-68877	701	BUB1B	ENSG00000156970	Reactome:R-HSA-68877	R-HSA-68877	TAS	Reactome
REACTOME_PARTICIPATION:701|R-HSA-9648025	701	BUB1B	ENSG00000156970	Reactome:R-HSA-9648025	R-HSA-9648025	TAS	Reactome
REACTOME_PARTICIPATION:7035|R-HSA-9769735	7035	TFPI	ENSG00000003436	Reactome:R-HSA-9769735	R-HSA-9769735	TAS	Reactome
REACTOME_PARTICIPATION:7035|R-HSA-9769739	7035	TFPI	ENSG00000003436	Reactome:R-HSA-9769739	R-HSA-9769739	TAS	Reactome
REACTOME_PARTICIPATION:7039|R-HSA-1257604	7039	TGFA	ENSG00000163235	Reactome:R-HSA-1257604	R-HSA-1257604	TAS	Reactome
REACTOME_PARTICIPATION:7039|R-HSA-177929	7039	TGFA	ENSG00000163235	Reactome:R-HSA-177929	R-HSA-177929	TAS	Reactome
REACTOME_PARTICIPATION:7039|R-HSA-179812	7039	TGFA	ENSG00000163235	Reactome:R-HSA-179812	R-HSA-179812	TAS	Reactome
REACTOME_PARTICIPATION:7039|R-HSA-180292	7039	TGFA	ENSG00000163235	Reactome:R-HSA-180292	R-HSA-180292	TAS	Reactome
REACTOME_PARTICIPATION:7039|R-HSA-180336	7039	TGFA	ENSG00000163235	Reactome:R-HSA-180336	R-HSA-180336	TAS	Reactome
REACTOME_PARTICIPATION:7039|R-HSA-182971	7039	TGFA	ENSG00000163235	Reactome:R-HSA-182971	R-HSA-182971	TAS	Reactome
REACTOME_PARTICIPATION:7039|R-HSA-204005	7039	TGFA	ENSG00000163235	Reactome:R-HSA-204005	R-HSA-204005	TAS	Reactome
REACTOME_PARTICIPATION:7039|R-HSA-212718	7039	TGFA	ENSG00000163235	Reactome:R-HSA-212718	R-HSA-212718	TAS	Reactome
REACTOME_PARTICIPATION:7039|R-HSA-2219530	7039	TGFA	ENSG00000163235	Reactome:R-HSA-2219530	R-HSA-2219530	TAS	Reactome
REACTOME_PARTICIPATION:7039|R-HSA-5638303	7039	TGFA	ENSG00000163235	Reactome:R-HSA-5638303	R-HSA-5638303	TAS	Reactome
REACTOME_PARTICIPATION:7039|R-HSA-5673001	7039	TGFA	ENSG00000163235	Reactome:R-HSA-5673001	R-HSA-5673001	TAS	Reactome
REACTOME_PARTICIPATION:7039|R-HSA-5694530	7039	TGFA	ENSG00000163235	Reactome:R-HSA-5694530	R-HSA-5694530	TAS	Reactome
REACTOME_PARTICIPATION:7039|R-HSA-6811558	7039	TGFA	ENSG00000163235	Reactome:R-HSA-6811558	R-HSA-6811558	TAS	Reactome
REACTOME_PARTICIPATION:7039|R-HSA-8856825	7039	TGFA	ENSG00000163235	Reactome:R-HSA-8856825	R-HSA-8856825	TAS	Reactome
REACTOME_PARTICIPATION:7039|R-HSA-8856828	7039	TGFA	ENSG00000163235	Reactome:R-HSA-8856828	R-HSA-8856828	TAS	Reactome
REACTOME_PARTICIPATION:7039|R-HSA-8866910	7039	TGFA	ENSG00000163235	Reactome:R-HSA-8866910	R-HSA-8866910	TAS	Reactome
REACTOME_PARTICIPATION:7039|R-HSA-9009391	7039	TGFA	ENSG00000163235	Reactome:R-HSA-9009391	R-HSA-9009391	TAS	Reactome
REACTOME_PARTICIPATION:7039|R-HSA-9018519	7039	TGFA	ENSG00000163235	Reactome:R-HSA-9018519	R-HSA-9018519	TAS	Reactome
REACTOME_PARTICIPATION:7039|R-HSA-9634638	7039	TGFA	ENSG00000163235	Reactome:R-HSA-9634638	R-HSA-9634638	TAS	Reactome
REACTOME_PARTICIPATION:7039|R-HSA-9927418	7039	TGFA	ENSG00000163235	Reactome:R-HSA-9927418	R-HSA-9927418	TAS	Reactome
REACTOME_PARTICIPATION:7039|R-HSA-9927432	7039	TGFA	ENSG00000163235	Reactome:R-HSA-9927432	R-HSA-9927432	TAS	Reactome
REACTOME_PARTICIPATION:7040|R-HSA-114608	7040	TGFB1	ENSG00000105329	Reactome:R-HSA-114608	R-HSA-114608	TAS	Reactome
REACTOME_PARTICIPATION:7040|R-HSA-168277	7040	TGFB1	ENSG00000105329	Reactome:R-HSA-168277	R-HSA-168277	TAS	Reactome
REACTOME_PARTICIPATION:7040|R-HSA-202733	7040	TGFB1	ENSG00000105329	Reactome:R-HSA-202733	R-HSA-202733	TAS	Reactome
REACTOME_PARTICIPATION:7040|R-HSA-2129379	7040	TGFB1	ENSG00000105329	Reactome:R-HSA-2129379	R-HSA-2129379	TAS	Reactome
REACTOME_PARTICIPATION:7040|R-HSA-2173788	7040	TGFB1	ENSG00000105329	Reactome:R-HSA-2173788	R-HSA-2173788	TAS	Reactome
REACTOME_PARTICIPATION:7040|R-HSA-2173789	7040	TGFB1	ENSG00000105329	Reactome:R-HSA-2173789	R-HSA-2173789	TAS	Reactome
REACTOME_PARTICIPATION:7040|R-HSA-2173791	7040	TGFB1	ENSG00000105329	Reactome:R-HSA-2173791	R-HSA-2173791	IEA	Reactome
REACTOME_PARTICIPATION:7040|R-HSA-3000170	7040	TGFB1	ENSG00000105329	Reactome:R-HSA-3000170	R-HSA-3000170	TAS	Reactome
REACTOME_PARTICIPATION:7040|R-HSA-3000178	7040	TGFB1	ENSG00000105329	Reactome:R-HSA-3000178	R-HSA-3000178	IEA	Reactome
REACTOME_PARTICIPATION:7040|R-HSA-3304356	7040	TGFB1	ENSG00000105329	Reactome:R-HSA-3304356	R-HSA-3304356	TAS	Reactome
REACTOME_PARTICIPATION:7040|R-HSA-3642279	7040	TGFB1	ENSG00000105329	Reactome:R-HSA-3642279	R-HSA-3642279	TAS	Reactome
REACTOME_PARTICIPATION:7040|R-HSA-3645790	7040	TGFB1	ENSG00000105329	Reactome:R-HSA-3645790	R-HSA-3645790	TAS	Reactome
REACTOME_PARTICIPATION:7040|R-HSA-3656532	7040	TGFB1	ENSG00000105329	Reactome:R-HSA-3656532	R-HSA-3656532	TAS	Reactome
REACTOME_PARTICIPATION:7040|R-HSA-3656535	7040	TGFB1	ENSG00000105329	Reactome:R-HSA-3656535	R-HSA-3656535	TAS	Reactome
REACTOME_PARTICIPATION:7040|R-HSA-381340	7040	TGFB1	ENSG00000105329	Reactome:R-HSA-381340	R-HSA-381340	IEA	Reactome
REACTOME_PARTICIPATION:7040|R-HSA-5689603	7040	TGFB1	ENSG00000105329	Reactome:R-HSA-5689603	R-HSA-5689603	IEA	Reactome
REACTOME_PARTICIPATION:7040|R-HSA-6785807	7040	TGFB1	ENSG00000105329	Reactome:R-HSA-6785807	R-HSA-6785807	TAS	Reactome
REACTOME_PARTICIPATION:7040|R-HSA-8941855	7040	TGFB1	ENSG00000105329	Reactome:R-HSA-8941855	R-HSA-8941855	TAS	Reactome
REACTOME_PARTICIPATION:7040|R-HSA-8941858	7040	TGFB1	ENSG00000105329	Reactome:R-HSA-8941858	R-HSA-8941858	TAS	Reactome
REACTOME_PARTICIPATION:7040|R-HSA-8951936	7040	TGFB1	ENSG00000105329	Reactome:R-HSA-8951936	R-HSA-8951936	TAS	Reactome
REACTOME_PARTICIPATION:7040|R-HSA-9839389	7040	TGFB1	ENSG00000105329	Reactome:R-HSA-9839389	R-HSA-9839389	TAS	Reactome
REACTOME_PARTICIPATION:7042|R-HSA-114608	7042	TGFB2	ENSG00000092969	Reactome:R-HSA-114608	R-HSA-114608	TAS	Reactome
REACTOME_PARTICIPATION:7042|R-HSA-2129379	7042	TGFB2	ENSG00000092969	Reactome:R-HSA-2129379	R-HSA-2129379	TAS	Reactome
REACTOME_PARTICIPATION:7042|R-HSA-2173789	7042	TGFB2	ENSG00000092969	Reactome:R-HSA-2173789	R-HSA-2173789	TAS	Reactome
REACTOME_PARTICIPATION:7042|R-HSA-3000178	7042	TGFB2	ENSG00000092969	Reactome:R-HSA-3000178	R-HSA-3000178	IEA	Reactome
REACTOME_PARTICIPATION:7042|R-HSA-9839389	7042	TGFB2	ENSG00000092969	Reactome:R-HSA-9839389	R-HSA-9839389	TAS	Reactome
REACTOME_PARTICIPATION:7046|R-HSA-2173788	7046	TGFBR1	ENSG00000106799	Reactome:R-HSA-2173788	R-HSA-2173788	TAS	Reactome
REACTOME_PARTICIPATION:7046|R-HSA-2173789	7046	TGFBR1	ENSG00000106799	Reactome:R-HSA-2173789	R-HSA-2173789	TAS	Reactome
REACTOME_PARTICIPATION:7046|R-HSA-2173791	7046	TGFBR1	ENSG00000106799	Reactome:R-HSA-2173791	R-HSA-2173791	TAS	Reactome
REACTOME_PARTICIPATION:7046|R-HSA-3304356	7046	TGFBR1	ENSG00000106799	Reactome:R-HSA-3304356	R-HSA-3304356	TAS	Reactome
REACTOME_PARTICIPATION:7046|R-HSA-3645790	7046	TGFBR1	ENSG00000106799	Reactome:R-HSA-3645790	R-HSA-3645790	TAS	Reactome
REACTOME_PARTICIPATION:7046|R-HSA-3656532	7046	TGFBR1	ENSG00000106799	Reactome:R-HSA-3656532	R-HSA-3656532	TAS	Reactome
REACTOME_PARTICIPATION:7046|R-HSA-3656535	7046	TGFBR1	ENSG00000106799	Reactome:R-HSA-3656535	R-HSA-3656535	TAS	Reactome
REACTOME_PARTICIPATION:7046|R-HSA-5689603	7046	TGFBR1	ENSG00000106799	Reactome:R-HSA-5689603	R-HSA-5689603	IEA	Reactome
REACTOME_PARTICIPATION:7046|R-HSA-5689880	7046	TGFBR1	ENSG00000106799	Reactome:R-HSA-5689880	R-HSA-5689880	TAS	Reactome
REACTOME_PARTICIPATION:7046|R-HSA-9839389	7046	TGFBR1	ENSG00000106799	Reactome:R-HSA-9839389	R-HSA-9839389	TAS	Reactome
REACTOME_PARTICIPATION:7054|R-HSA-209905	7054	TH	ENSG00000180176	Reactome:R-HSA-209905	R-HSA-209905	TAS	Reactome
REACTOME_PARTICIPATION:7057|R-HSA-114608	7057	THBS1	ENSG00000137801	Reactome:R-HSA-114608	R-HSA-114608	TAS	Reactome
REACTOME_PARTICIPATION:7057|R-HSA-186797	7057	THBS1	ENSG00000137801	Reactome:R-HSA-186797	R-HSA-186797	TAS	Reactome
REACTOME_PARTICIPATION:7057|R-HSA-216083	7057	THBS1	ENSG00000137801	Reactome:R-HSA-216083	R-HSA-216083	TAS	Reactome
REACTOME_PARTICIPATION:7057|R-HSA-3000170	7057	THBS1	ENSG00000137801	Reactome:R-HSA-3000170	R-HSA-3000170	IEA	Reactome
REACTOME_PARTICIPATION:7057|R-HSA-5083635	7057	THBS1	ENSG00000137801	Reactome:R-HSA-5083635	R-HSA-5083635	TAS	Reactome
REACTOME_PARTICIPATION:7057|R-HSA-5173214	7057	THBS1	ENSG00000137801	Reactome:R-HSA-5173214	R-HSA-5173214	TAS	Reactome
REACTOME_PARTICIPATION:7057|R-HSA-8936459	7057	THBS1	ENSG00000137801	Reactome:R-HSA-8936459	R-HSA-8936459	TAS	Reactome
REACTOME_PARTICIPATION:7070|R-HSA-163125	7070	THY1	ENSG00000154096	Reactome:R-HSA-163125	R-HSA-163125	TAS	Reactome
REACTOME_PARTICIPATION:7083|R-HSA-69205	7083	TK1	ENSG00000167900	Reactome:R-HSA-69205	R-HSA-69205	IEA	Reactome
REACTOME_PARTICIPATION:7083|R-HSA-73614	7083	TK1	ENSG00000167900	Reactome:R-HSA-73614	R-HSA-73614	TAS	Reactome
REACTOME_PARTICIPATION:7097|R-HSA-1236974	7097	TLR2	ENSG00000137462	Reactome:R-HSA-1236974	R-HSA-1236974	TAS	Reactome
REACTOME_PARTICIPATION:7097|R-HSA-1461957	7097	TLR2	ENSG00000137462	Reactome:R-HSA-1461957	R-HSA-1461957	TAS	Reactome
REACTOME_PARTICIPATION:7097|R-HSA-166058	7097	TLR2	ENSG00000137462	Reactome:R-HSA-166058	R-HSA-166058	TAS	Reactome
REACTOME_PARTICIPATION:7097|R-HSA-168179	7097	TLR2	ENSG00000137462	Reactome:R-HSA-168179	R-HSA-168179	TAS	Reactome
REACTOME_PARTICIPATION:7097|R-HSA-168188	7097	TLR2	ENSG00000137462	Reactome:R-HSA-168188	R-HSA-168188	TAS	Reactome
REACTOME_PARTICIPATION:7097|R-HSA-5602498	7097	TLR2	ENSG00000137462	Reactome:R-HSA-5602498	R-HSA-5602498	TAS	Reactome
REACTOME_PARTICIPATION:7097|R-HSA-5603041	7097	TLR2	ENSG00000137462	Reactome:R-HSA-5603041	R-HSA-5603041	TAS	Reactome
REACTOME_PARTICIPATION:7097|R-HSA-5686938	7097	TLR2	ENSG00000137462	Reactome:R-HSA-5686938	R-HSA-5686938	TAS	Reactome
REACTOME_PARTICIPATION:7097|R-HSA-6798695	7097	TLR2	ENSG00000137462	Reactome:R-HSA-6798695	R-HSA-6798695	TAS	Reactome
REACTOME_PARTICIPATION:7097|R-HSA-9637628	7097	TLR2	ENSG00000137462	Reactome:R-HSA-9637628	R-HSA-9637628	TAS	Reactome
REACTOME_PARTICIPATION:7097|R-HSA-9705671	7097	TLR2	ENSG00000137462	Reactome:R-HSA-9705671	R-HSA-9705671	TAS	Reactome
REACTOME_PARTICIPATION:7097|R-HSA-9833110	7097	TLR2	ENSG00000137462	Reactome:R-HSA-9833110	R-HSA-9833110	TAS	Reactome
REACTOME_PARTICIPATION:7098|R-HSA-1679131	7098	TLR3	ENSG00000164342	Reactome:R-HSA-1679131	R-HSA-1679131	TAS	Reactome
REACTOME_PARTICIPATION:7098|R-HSA-168164	7098	TLR3	ENSG00000164342	Reactome:R-HSA-168164	R-HSA-168164	TAS	Reactome
REACTOME_PARTICIPATION:7098|R-HSA-168927	7098	TLR3	ENSG00000164342	Reactome:R-HSA-168927	R-HSA-168927	TAS	Reactome
REACTOME_PARTICIPATION:7098|R-HSA-1810476	7098	TLR3	ENSG00000164342	Reactome:R-HSA-1810476	R-HSA-1810476	TAS	Reactome
REACTOME_PARTICIPATION:7098|R-HSA-5602410	7098	TLR3	ENSG00000164342	Reactome:R-HSA-5602410	R-HSA-5602410	TAS	Reactome
REACTOME_PARTICIPATION:7098|R-HSA-5602415	7098	TLR3	ENSG00000164342	Reactome:R-HSA-5602415	R-HSA-5602415	TAS	Reactome
REACTOME_PARTICIPATION:7098|R-HSA-5602566	7098	TLR3	ENSG00000164342	Reactome:R-HSA-5602566	R-HSA-5602566	TAS	Reactome
REACTOME_PARTICIPATION:7098|R-HSA-5602571	7098	TLR3	ENSG00000164342	Reactome:R-HSA-5602571	R-HSA-5602571	TAS	Reactome
REACTOME_PARTICIPATION:7098|R-HSA-9013957	7098	TLR3	ENSG00000164342	Reactome:R-HSA-9013957	R-HSA-9013957	TAS	Reactome
REACTOME_PARTICIPATION:7098|R-HSA-9013973	7098	TLR3	ENSG00000164342	Reactome:R-HSA-9013973	R-HSA-9013973	TAS	Reactome
REACTOME_PARTICIPATION:7098|R-HSA-9014325	7098	TLR3	ENSG00000164342	Reactome:R-HSA-9014325	R-HSA-9014325	TAS	Reactome
REACTOME_PARTICIPATION:7098|R-HSA-9828211	7098	TLR3	ENSG00000164342	Reactome:R-HSA-9828211	R-HSA-9828211	TAS	Reactome
REACTOME_PARTICIPATION:7098|R-HSA-9833110	7098	TLR3	ENSG00000164342	Reactome:R-HSA-9833110	R-HSA-9833110	TAS	Reactome
REACTOME_PARTICIPATION:7099|R-HSA-1236974	7099	TLR4	ENSG00000136869	Reactome:R-HSA-1236974	R-HSA-1236974	TAS	Reactome
REACTOME_PARTICIPATION:7099|R-HSA-140534	7099	TLR4	ENSG00000136869	Reactome:R-HSA-140534	R-HSA-140534	TAS	Reactome
REACTOME_PARTICIPATION:7099|R-HSA-166016	7099	TLR4	ENSG00000136869	Reactome:R-HSA-166016	R-HSA-166016	TAS	Reactome
REACTOME_PARTICIPATION:7099|R-HSA-166058	7099	TLR4	ENSG00000136869	Reactome:R-HSA-166058	R-HSA-166058	TAS	Reactome
REACTOME_PARTICIPATION:7099|R-HSA-166166	7099	TLR4	ENSG00000136869	Reactome:R-HSA-166166	R-HSA-166166	TAS	Reactome
REACTOME_PARTICIPATION:7099|R-HSA-2562578	7099	TLR4	ENSG00000136869	Reactome:R-HSA-2562578	R-HSA-2562578	TAS	Reactome
REACTOME_PARTICIPATION:7099|R-HSA-5602498	7099	TLR4	ENSG00000136869	Reactome:R-HSA-5602498	R-HSA-5602498	TAS	Reactome
REACTOME_PARTICIPATION:7099|R-HSA-5603041	7099	TLR4	ENSG00000136869	Reactome:R-HSA-5603041	R-HSA-5603041	TAS	Reactome
REACTOME_PARTICIPATION:7099|R-HSA-5686938	7099	TLR4	ENSG00000136869	Reactome:R-HSA-5686938	R-HSA-5686938	TAS	Reactome
REACTOME_PARTICIPATION:7099|R-HSA-936964	7099	TLR4	ENSG00000136869	Reactome:R-HSA-936964	R-HSA-936964	TAS	Reactome
REACTOME_PARTICIPATION:7099|R-HSA-937041	7099	TLR4	ENSG00000136869	Reactome:R-HSA-937041	R-HSA-937041	TAS	Reactome
REACTOME_PARTICIPATION:7099|R-HSA-937072	7099	TLR4	ENSG00000136869	Reactome:R-HSA-937072	R-HSA-937072	TAS	Reactome
REACTOME_PARTICIPATION:7099|R-HSA-9707616	7099	TLR4	ENSG00000136869	Reactome:R-HSA-9707616	R-HSA-9707616	TAS	Reactome
REACTOME_PARTICIPATION:7099|R-HSA-975163	7099	TLR4	ENSG00000136869	Reactome:R-HSA-975163	R-HSA-975163	TAS	Reactome
REACTOME_PARTICIPATION:7099|R-HSA-9820960	7099	TLR4	ENSG00000136869	Reactome:R-HSA-9820960	R-HSA-9820960	TAS	Reactome
REACTOME_PARTICIPATION:7099|R-HSA-9824878	7099	TLR4	ENSG00000136869	Reactome:R-HSA-9824878	R-HSA-9824878	TAS	Reactome
REACTOME_PARTICIPATION:7099|R-HSA-9833110	7099	TLR4	ENSG00000136869	Reactome:R-HSA-9833110	R-HSA-9833110	TAS	Reactome
REACTOME_PARTICIPATION:7099|R-HSA-9918481	7099	TLR4	ENSG00000136869	Reactome:R-HSA-9918481	R-HSA-9918481	TAS	Reactome
REACTOME_PARTICIPATION:710|R-HSA-114608	710	SERPING1	ENSG00000149131	Reactome:R-HSA-114608	R-HSA-114608	TAS	Reactome
REACTOME_PARTICIPATION:710|R-HSA-9657689	710	SERPING1	ENSG00000149131	Reactome:R-HSA-9657689	R-HSA-9657689	TAS	Reactome
REACTOME_PARTICIPATION:710|R-HSA-9769739	710	SERPING1	ENSG00000149131	Reactome:R-HSA-9769739	R-HSA-9769739	TAS	Reactome
REACTOME_PARTICIPATION:710|R-HSA-977606	710	SERPING1	ENSG00000149131	Reactome:R-HSA-977606	R-HSA-977606	TAS	Reactome
REACTOME_PARTICIPATION:710|R-HSA-9855719	710	SERPING1	ENSG00000149131	Reactome:R-HSA-9855719	R-HSA-9855719	TAS	Reactome
REACTOME_PARTICIPATION:7124|R-HSA-381340	7124	TNF	ENSG00000232810	Reactome:R-HSA-381340	R-HSA-381340	IEA	Reactome
REACTOME_PARTICIPATION:7124|R-HSA-5357786	7124	TNF	ENSG00000232810	Reactome:R-HSA-5357786	R-HSA-5357786	TAS	Reactome
REACTOME_PARTICIPATION:7124|R-HSA-5357905	7124	TNF	ENSG00000232810	Reactome:R-HSA-5357905	R-HSA-5357905	TAS	Reactome
REACTOME_PARTICIPATION:7124|R-HSA-5357956	7124	TNF	ENSG00000232810	Reactome:R-HSA-5357956	R-HSA-5357956	TAS	Reactome
REACTOME_PARTICIPATION:7124|R-HSA-5626978	7124	TNF	ENSG00000232810	Reactome:R-HSA-5626978	R-HSA-5626978	TAS	Reactome
REACTOME_PARTICIPATION:7124|R-HSA-5668541	7124	TNF	ENSG00000232810	Reactome:R-HSA-5668541	R-HSA-5668541	TAS	Reactome
REACTOME_PARTICIPATION:7124|R-HSA-6783783	7124	TNF	ENSG00000232810	Reactome:R-HSA-6783783	R-HSA-6783783	TAS	Reactome
REACTOME_PARTICIPATION:7124|R-HSA-6785807	7124	TNF	ENSG00000232810	Reactome:R-HSA-6785807	R-HSA-6785807	TAS	Reactome
REACTOME_PARTICIPATION:7124|R-HSA-75893	7124	TNF	ENSG00000232810	Reactome:R-HSA-75893	R-HSA-75893	TAS	Reactome
REACTOME_PARTICIPATION:7124|R-HSA-9942503	7124	TNF	ENSG00000232810	Reactome:R-HSA-9942503	R-HSA-9942503	IEA	Reactome
REACTOME_PARTICIPATION:7133|R-HSA-5668541	7133	TNFRSF1B	ENSG00000028137	Reactome:R-HSA-5668541	R-HSA-5668541	TAS	Reactome
REACTOME_PARTICIPATION:7133|R-HSA-5669034	7133	TNFRSF1B	ENSG00000028137	Reactome:R-HSA-5669034	R-HSA-5669034	TAS	Reactome
REACTOME_PARTICIPATION:7133|R-HSA-6783783	7133	TNFRSF1B	ENSG00000028137	Reactome:R-HSA-6783783	R-HSA-6783783	TAS	Reactome
REACTOME_PARTICIPATION:7133|R-HSA-6785807	7133	TNFRSF1B	ENSG00000028137	Reactome:R-HSA-6785807	R-HSA-6785807	TAS	Reactome
REACTOME_PARTICIPATION:7133|R-HSA-6798695	7133	TNFRSF1B	ENSG00000028137	Reactome:R-HSA-6798695	R-HSA-6798695	TAS	Reactome
REACTOME_PARTICIPATION:713|R-HSA-166663	713	C1QB	ENSG00000173369	Reactome:R-HSA-166663	R-HSA-166663	TAS	Reactome
REACTOME_PARTICIPATION:713|R-HSA-173623	713	C1QB	ENSG00000173369	Reactome:R-HSA-173623	R-HSA-173623	TAS	Reactome
REACTOME_PARTICIPATION:713|R-HSA-977606	713	C1QB	ENSG00000173369	Reactome:R-HSA-977606	R-HSA-977606	TAS	Reactome
REACTOME_PARTICIPATION:714|R-HSA-166663	714	C1QC	ENSG00000159189	Reactome:R-HSA-166663	R-HSA-166663	TAS	Reactome
REACTOME_PARTICIPATION:714|R-HSA-173623	714	C1QC	ENSG00000159189	Reactome:R-HSA-173623	R-HSA-173623	TAS	Reactome
REACTOME_PARTICIPATION:714|R-HSA-977606	714	C1QC	ENSG00000159189	Reactome:R-HSA-977606	R-HSA-977606	TAS	Reactome
REACTOME_PARTICIPATION:7153|R-HSA-1362277	7153	TOP2A	ENSG00000131747	Reactome:R-HSA-1362277	R-HSA-1362277	TAS	Reactome
REACTOME_PARTICIPATION:7153|R-HSA-4615885	7153	TOP2A	ENSG00000131747	Reactome:R-HSA-4615885	R-HSA-4615885	TAS	Reactome
REACTOME_PARTICIPATION:7157|R-HSA-111448	7157	TP53	ENSG00000141510	Reactome:R-HSA-111448	R-HSA-111448	TAS	Reactome
REACTOME_PARTICIPATION:7157|R-HSA-139915	7157	TP53	ENSG00000141510	Reactome:R-HSA-139915	R-HSA-139915	TAS	Reactome
REACTOME_PARTICIPATION:7157|R-HSA-1912408	7157	TP53	ENSG00000141510	Reactome:R-HSA-1912408	R-HSA-1912408	TAS	Reactome
REACTOME_PARTICIPATION:7157|R-HSA-2559580	7157	TP53	ENSG00000141510	Reactome:R-HSA-2559580	R-HSA-2559580	TAS	Reactome
REACTOME_PARTICIPATION:7157|R-HSA-2559584	7157	TP53	ENSG00000141510	Reactome:R-HSA-2559584	R-HSA-2559584	TAS	Reactome
REACTOME_PARTICIPATION:7157|R-HSA-2559585	7157	TP53	ENSG00000141510	Reactome:R-HSA-2559585	R-HSA-2559585	TAS	Reactome
REACTOME_PARTICIPATION:7157|R-HSA-2559586	7157	TP53	ENSG00000141510	Reactome:R-HSA-2559586	R-HSA-2559586	TAS	Reactome
REACTOME_PARTICIPATION:7157|R-HSA-3232118	7157	TP53	ENSG00000141510	Reactome:R-HSA-3232118	R-HSA-3232118	TAS	Reactome
REACTOME_PARTICIPATION:7157|R-HSA-349425	7157	TP53	ENSG00000141510	Reactome:R-HSA-349425	R-HSA-349425	TAS	Reactome
REACTOME_PARTICIPATION:7157|R-HSA-390471	7157	TP53	ENSG00000141510	Reactome:R-HSA-390471	R-HSA-390471	IEA	Reactome
REACTOME_PARTICIPATION:7157|R-HSA-5620971	7157	TP53	ENSG00000141510	Reactome:R-HSA-5620971	R-HSA-5620971	TAS	Reactome
REACTOME_PARTICIPATION:7157|R-HSA-5628897	7157	TP53	ENSG00000141510	Reactome:R-HSA-5628897	R-HSA-5628897	TAS	Reactome
REACTOME_PARTICIPATION:7157|R-HSA-5689880	7157	TP53	ENSG00000141510	Reactome:R-HSA-5689880	R-HSA-5689880	TAS	Reactome
REACTOME_PARTICIPATION:7157|R-HSA-5689896	7157	TP53	ENSG00000141510	Reactome:R-HSA-5689896	R-HSA-5689896	TAS	Reactome
REACTOME_PARTICIPATION:7157|R-HSA-5693565	7157	TP53	ENSG00000141510	Reactome:R-HSA-5693565	R-HSA-5693565	TAS	Reactome
REACTOME_PARTICIPATION:7157|R-HSA-6785807	7157	TP53	ENSG00000141510	Reactome:R-HSA-6785807	R-HSA-6785807	TAS	Reactome
REACTOME_PARTICIPATION:7157|R-HSA-6796648	7157	TP53	ENSG00000141510	Reactome:R-HSA-6796648	R-HSA-6796648	TAS	Reactome
REACTOME_PARTICIPATION:7157|R-HSA-6803204	7157	TP53	ENSG00000141510	Reactome:R-HSA-6803204	R-HSA-6803204	TAS	Reactome
REACTOME_PARTICIPATION:7157|R-HSA-6803205	7157	TP53	ENSG00000141510	Reactome:R-HSA-6803205	R-HSA-6803205	TAS	Reactome
REACTOME_PARTICIPATION:7157|R-HSA-6803207	7157	TP53	ENSG00000141510	Reactome:R-HSA-6803207	R-HSA-6803207	TAS	Reactome
REACTOME_PARTICIPATION:7157|R-HSA-6803211	7157	TP53	ENSG00000141510	Reactome:R-HSA-6803211	R-HSA-6803211	TAS	Reactome
REACTOME_PARTICIPATION:7157|R-HSA-6804114	7157	TP53	ENSG00000141510	Reactome:R-HSA-6804114	R-HSA-6804114	TAS	Reactome
REACTOME_PARTICIPATION:7157|R-HSA-6804115	7157	TP53	ENSG00000141510	Reactome:R-HSA-6804115	R-HSA-6804115	TAS	Reactome
REACTOME_PARTICIPATION:7157|R-HSA-6804116	7157	TP53	ENSG00000141510	Reactome:R-HSA-6804116	R-HSA-6804116	TAS	Reactome
REACTOME_PARTICIPATION:7157|R-HSA-6804754	7157	TP53	ENSG00000141510	Reactome:R-HSA-6804754	R-HSA-6804754	TAS	Reactome
REACTOME_PARTICIPATION:7157|R-HSA-6804756	7157	TP53	ENSG00000141510	Reactome:R-HSA-6804756	R-HSA-6804756	TAS	Reactome
REACTOME_PARTICIPATION:7157|R-HSA-6804757	7157	TP53	ENSG00000141510	Reactome:R-HSA-6804757	R-HSA-6804757	TAS	Reactome
REACTOME_PARTICIPATION:7157|R-HSA-6804758	7157	TP53	ENSG00000141510	Reactome:R-HSA-6804758	R-HSA-6804758	TAS	Reactome
REACTOME_PARTICIPATION:7157|R-HSA-6804759	7157	TP53	ENSG00000141510	Reactome:R-HSA-6804759	R-HSA-6804759	TAS	Reactome
REACTOME_PARTICIPATION:7157|R-HSA-6804760	7157	TP53	ENSG00000141510	Reactome:R-HSA-6804760	R-HSA-6804760	TAS	Reactome
REACTOME_PARTICIPATION:7157|R-HSA-6811555	7157	TP53	ENSG00000141510	Reactome:R-HSA-6811555	R-HSA-6811555	TAS	Reactome
REACTOME_PARTICIPATION:7157|R-HSA-69473	7157	TP53	ENSG00000141510	Reactome:R-HSA-69473	R-HSA-69473	TAS	Reactome
REACTOME_PARTICIPATION:7157|R-HSA-69481	7157	TP53	ENSG00000141510	Reactome:R-HSA-69481	R-HSA-69481	TAS	Reactome
REACTOME_PARTICIPATION:7157|R-HSA-69541	7157	TP53	ENSG00000141510	Reactome:R-HSA-69541	R-HSA-69541	TAS	Reactome
REACTOME_PARTICIPATION:7157|R-HSA-69895	7157	TP53	ENSG00000141510	Reactome:R-HSA-69895	R-HSA-69895	TAS	Reactome
REACTOME_PARTICIPATION:7157|R-HSA-70635	7157	TP53	ENSG00000141510	Reactome:R-HSA-70635	R-HSA-70635	TAS	Reactome
REACTOME_PARTICIPATION:7157|R-HSA-8852276	7157	TP53	ENSG00000141510	Reactome:R-HSA-8852276	R-HSA-8852276	TAS	Reactome
REACTOME_PARTICIPATION:7157|R-HSA-8853884	7157	TP53	ENSG00000141510	Reactome:R-HSA-8853884	R-HSA-8853884	TAS	Reactome
REACTOME_PARTICIPATION:7157|R-HSA-8941855	7157	TP53	ENSG00000141510	Reactome:R-HSA-8941855	R-HSA-8941855	TAS	Reactome
REACTOME_PARTICIPATION:7157|R-HSA-8943724	7157	TP53	ENSG00000141510	Reactome:R-HSA-8943724	R-HSA-8943724	IEA	Reactome
REACTOME_PARTICIPATION:7157|R-HSA-9723905	7157	TP53	ENSG00000141510	Reactome:R-HSA-9723905	R-HSA-9723905	TAS	Reactome
REACTOME_PARTICIPATION:7157|R-HSA-9725370	7157	TP53	ENSG00000141510	Reactome:R-HSA-9725370	R-HSA-9725370	TAS	Reactome
REACTOME_PARTICIPATION:7157|R-HSA-9758274	7157	TP53	ENSG00000141510	Reactome:R-HSA-9758274	R-HSA-9758274	TAS	Reactome
REACTOME_PARTICIPATION:7157|R-HSA-9819196	7157	TP53	ENSG00000141510	Reactome:R-HSA-9819196	R-HSA-9819196	IEA	Reactome
REACTOME_PARTICIPATION:7157|R-HSA-983231	7157	TP53	ENSG00000141510	Reactome:R-HSA-983231	R-HSA-983231	IEA	Reactome
REACTOME_PARTICIPATION:7157|R-HSA-9833482	7157	TP53	ENSG00000141510	Reactome:R-HSA-9833482	R-HSA-9833482	TAS	Reactome
REACTOME_PARTICIPATION:7248|R-HSA-1632852	7248	TSC1	ENSG00000165699	Reactome:R-HSA-1632852	R-HSA-1632852	TAS	Reactome
REACTOME_PARTICIPATION:7248|R-HSA-165181	7248	TSC1	ENSG00000165699	Reactome:R-HSA-165181	R-HSA-165181	TAS	Reactome
REACTOME_PARTICIPATION:7248|R-HSA-380972	7248	TSC1	ENSG00000165699	Reactome:R-HSA-380972	R-HSA-380972	TAS	Reactome
REACTOME_PARTICIPATION:7248|R-HSA-5628897	7248	TSC1	ENSG00000165699	Reactome:R-HSA-5628897	R-HSA-5628897	TAS	Reactome
REACTOME_PARTICIPATION:7248|R-HSA-8854214	7248	TSC1	ENSG00000165699	Reactome:R-HSA-8854214	R-HSA-8854214	TAS	Reactome
REACTOME_PARTICIPATION:7263|R-HSA-1614517	7263	TST	ENSG00000128311	Reactome:R-HSA-1614517	R-HSA-1614517	IEA	Reactome
REACTOME_PARTICIPATION:7263|R-HSA-1614558	7263	TST	ENSG00000128311	Reactome:R-HSA-1614558	R-HSA-1614558	TAS	Reactome
REACTOME_PARTICIPATION:727|R-HSA-166665	727	C5	ENSG00000106804	Reactome:R-HSA-166665	R-HSA-166665	TAS	Reactome
REACTOME_PARTICIPATION:727|R-HSA-174577	727	C5	ENSG00000106804	Reactome:R-HSA-174577	R-HSA-174577	TAS	Reactome
REACTOME_PARTICIPATION:727|R-HSA-375276	727	C5	ENSG00000106804	Reactome:R-HSA-375276	R-HSA-375276	TAS	Reactome
REACTOME_PARTICIPATION:727|R-HSA-418594	727	C5	ENSG00000106804	Reactome:R-HSA-418594	R-HSA-418594	TAS	Reactome
REACTOME_PARTICIPATION:727|R-HSA-977606	727	C5	ENSG00000106804	Reactome:R-HSA-977606	R-HSA-977606	TAS	Reactome
REACTOME_PARTICIPATION:729230|R-HSA-1461957	729230	CCR2	ENSG00000121807	Reactome:R-HSA-1461957	R-HSA-1461957	TAS	Reactome
REACTOME_PARTICIPATION:729230|R-HSA-380108	729230	CCR2	ENSG00000121807	Reactome:R-HSA-380108	R-HSA-380108	TAS	Reactome
REACTOME_PARTICIPATION:729230|R-HSA-418594	729230	CCR2	ENSG00000121807	Reactome:R-HSA-418594	R-HSA-418594	TAS	Reactome
REACTOME_PARTICIPATION:729230|R-HSA-6783783	729230	CCR2	ENSG00000121807	Reactome:R-HSA-6783783	R-HSA-6783783	TAS	Reactome
REACTOME_PARTICIPATION:7298|R-HSA-499943	7298	TYMS	ENSG00000176890	Reactome:R-HSA-499943	R-HSA-499943	TAS	Reactome
REACTOME_PARTICIPATION:7298|R-HSA-69205	7298	TYMS	ENSG00000176890	Reactome:R-HSA-69205	R-HSA-69205	TAS	Reactome
REACTOME_PARTICIPATION:7325|R-HSA-983168	7325	UBE2E2	ENSG00000182247	Reactome:R-HSA-983168	R-HSA-983168	TAS	Reactome
REACTOME_PARTICIPATION:7345|R-HSA-5689603	7345	UCHL1	ENSG00000154277	Reactome:R-HSA-5689603	R-HSA-5689603	TAS	Reactome
REACTOME_PARTICIPATION:735|R-HSA-166665	735	C9	ENSG00000113600	Reactome:R-HSA-166665	R-HSA-166665	TAS	Reactome
REACTOME_PARTICIPATION:735|R-HSA-977606	735	C9	ENSG00000113600	Reactome:R-HSA-977606	R-HSA-977606	TAS	Reactome
REACTOME_PARTICIPATION:7372|R-HSA-500753	7372	UMPS	ENSG00000114491	Reactome:R-HSA-500753	R-HSA-500753	TAS	Reactome
REACTOME_PARTICIPATION:7375|R-HSA-5357786	7375	USP4	ENSG00000114316	Reactome:R-HSA-5357786	R-HSA-5357786	TAS	Reactome
REACTOME_PARTICIPATION:7375|R-HSA-5357905	7375	USP4	ENSG00000114316	Reactome:R-HSA-5357905	R-HSA-5357905	TAS	Reactome
REACTOME_PARTICIPATION:7375|R-HSA-5357956	7375	USP4	ENSG00000114316	Reactome:R-HSA-5357956	R-HSA-5357956	TAS	Reactome
REACTOME_PARTICIPATION:7375|R-HSA-5689880	7375	USP4	ENSG00000114316	Reactome:R-HSA-5689880	R-HSA-5689880	TAS	Reactome
REACTOME_PARTICIPATION:7376|R-HSA-1989781	7376	NR1H2	ENSG00000131408	Reactome:R-HSA-1989781	R-HSA-1989781	TAS	Reactome
REACTOME_PARTICIPATION:7376|R-HSA-383280	7376	NR1H2	ENSG00000131408	Reactome:R-HSA-383280	R-HSA-383280	TAS	Reactome
REACTOME_PARTICIPATION:7376|R-HSA-4090294	7376	NR1H2	ENSG00000131408	Reactome:R-HSA-4090294	R-HSA-4090294	TAS	Reactome
REACTOME_PARTICIPATION:7376|R-HSA-8866427	7376	NR1H2	ENSG00000131408	Reactome:R-HSA-8866427	R-HSA-8866427	TAS	Reactome
REACTOME_PARTICIPATION:7376|R-HSA-9029558	7376	NR1H2	ENSG00000131408	Reactome:R-HSA-9029558	R-HSA-9029558	TAS	Reactome
REACTOME_PARTICIPATION:7376|R-HSA-9029569	7376	NR1H2	ENSG00000131408	Reactome:R-HSA-9029569	R-HSA-9029569	TAS	Reactome
REACTOME_PARTICIPATION:7376|R-HSA-9031525	7376	NR1H2	ENSG00000131408	Reactome:R-HSA-9031525	R-HSA-9031525	TAS	Reactome
REACTOME_PARTICIPATION:7376|R-HSA-9031528	7376	NR1H2	ENSG00000131408	Reactome:R-HSA-9031528	R-HSA-9031528	TAS	Reactome
REACTOME_PARTICIPATION:7376|R-HSA-9623433	7376	NR1H2	ENSG00000131408	Reactome:R-HSA-9623433	R-HSA-9623433	TAS	Reactome
REACTOME_PARTICIPATION:7403|R-HSA-3214842	7403	KDM6A	ENSG00000147050	Reactome:R-HSA-3214842	R-HSA-3214842	TAS	Reactome
REACTOME_PARTICIPATION:7403|R-HSA-5617472	7403	KDM6A	ENSG00000147050	Reactome:R-HSA-5617472	R-HSA-5617472	IEA	Reactome
REACTOME_PARTICIPATION:7403|R-HSA-9772755	7403	KDM6A	ENSG00000147050	Reactome:R-HSA-9772755	R-HSA-9772755	TAS	Reactome
REACTOME_PARTICIPATION:7403|R-HSA-9818564	7403	KDM6A	ENSG00000147050	Reactome:R-HSA-9818564	R-HSA-9818564	TAS	Reactome
REACTOME_PARTICIPATION:7403|R-HSA-9821002	7403	KDM6A	ENSG00000147050	Reactome:R-HSA-9821002	R-HSA-9821002	IEA	Reactome
REACTOME_PARTICIPATION:7403|R-HSA-9841922	7403	KDM6A	ENSG00000147050	Reactome:R-HSA-9841922	R-HSA-9841922	IEA	Reactome
REACTOME_PARTICIPATION:7412|R-HSA-198933	7412	VCAM1	ENSG00000162692	Reactome:R-HSA-198933	R-HSA-198933	TAS	Reactome
REACTOME_PARTICIPATION:7412|R-HSA-216083	7412	VCAM1	ENSG00000162692	Reactome:R-HSA-216083	R-HSA-216083	TAS	Reactome
REACTOME_PARTICIPATION:7412|R-HSA-6785807	7412	VCAM1	ENSG00000162692	Reactome:R-HSA-6785807	R-HSA-6785807	TAS	Reactome
REACTOME_PARTICIPATION:7412|R-HSA-877300	7412	VCAM1	ENSG00000162692	Reactome:R-HSA-877300	R-HSA-877300	TAS	Reactome
REACTOME_PARTICIPATION:7421|R-HSA-196791	7421	VDR	ENSG00000111424	Reactome:R-HSA-196791	R-HSA-196791	TAS	Reactome
REACTOME_PARTICIPATION:7421|R-HSA-383280	7421	VDR	ENSG00000111424	Reactome:R-HSA-383280	R-HSA-383280	TAS	Reactome
REACTOME_PARTICIPATION:7421|R-HSA-4090294	7421	VDR	ENSG00000111424	Reactome:R-HSA-4090294	R-HSA-4090294	TAS	Reactome
REACTOME_PARTICIPATION:7422|R-HSA-114608	7422	VEGFA	ENSG00000112715	Reactome:R-HSA-114608	R-HSA-114608	TAS	Reactome
REACTOME_PARTICIPATION:7422|R-HSA-1234158	7422	VEGFA	ENSG00000112715	Reactome:R-HSA-1234158	R-HSA-1234158	TAS	Reactome
REACTOME_PARTICIPATION:7422|R-HSA-194138	7422	VEGFA	ENSG00000112715	Reactome:R-HSA-194138	R-HSA-194138	TAS	Reactome
REACTOME_PARTICIPATION:7422|R-HSA-194313	7422	VEGFA	ENSG00000112715	Reactome:R-HSA-194313	R-HSA-194313	TAS	Reactome
REACTOME_PARTICIPATION:7422|R-HSA-195399	7422	VEGFA	ENSG00000112715	Reactome:R-HSA-195399	R-HSA-195399	TAS	Reactome
REACTOME_PARTICIPATION:7422|R-HSA-4420097	7422	VEGFA	ENSG00000112715	Reactome:R-HSA-4420097	R-HSA-4420097	IEA	Reactome
REACTOME_PARTICIPATION:7422|R-HSA-5218921	7422	VEGFA	ENSG00000112715	Reactome:R-HSA-5218921	R-HSA-5218921	TAS	Reactome
REACTOME_PARTICIPATION:7422|R-HSA-6785807	7422	VEGFA	ENSG00000112715	Reactome:R-HSA-6785807	R-HSA-6785807	TAS	Reactome
REACTOME_PARTICIPATION:7422|R-HSA-8866910	7422	VEGFA	ENSG00000112715	Reactome:R-HSA-8866910	R-HSA-8866910	TAS	Reactome
REACTOME_PARTICIPATION:7422|R-HSA-9679191	7422	VEGFA	ENSG00000112715	Reactome:R-HSA-9679191	R-HSA-9679191	TAS	Reactome
REACTOME_PARTICIPATION:7423|R-HSA-114608	7423	VEGFB	ENSG00000173511	Reactome:R-HSA-114608	R-HSA-114608	TAS	Reactome
REACTOME_PARTICIPATION:7423|R-HSA-194313	7423	VEGFB	ENSG00000173511	Reactome:R-HSA-194313	R-HSA-194313	TAS	Reactome
REACTOME_PARTICIPATION:7423|R-HSA-195399	7423	VEGFB	ENSG00000173511	Reactome:R-HSA-195399	R-HSA-195399	TAS	Reactome
REACTOME_PARTICIPATION:7431|R-HSA-264870	7431	VIM	ENSG00000026025	Reactome:R-HSA-264870	R-HSA-264870	TAS	Reactome
REACTOME_PARTICIPATION:7431|R-HSA-390522	7431	VIM	ENSG00000026025	Reactome:R-HSA-390522	R-HSA-390522	TAS	Reactome
REACTOME_PARTICIPATION:7431|R-HSA-6785807	7431	VIM	ENSG00000026025	Reactome:R-HSA-6785807	R-HSA-6785807	TAS	Reactome
REACTOME_PARTICIPATION:7431|R-HSA-9013422	7431	VIM	ENSG00000026025	Reactome:R-HSA-9013422	R-HSA-9013422	TAS	Reactome
REACTOME_PARTICIPATION:7431|R-HSA-9613829	7431	VIM	ENSG00000026025	Reactome:R-HSA-9613829	R-HSA-9613829	IEA	Reactome
REACTOME_PARTICIPATION:7431|R-HSA-9615710	7431	VIM	ENSG00000026025	Reactome:R-HSA-9615710	R-HSA-9615710	IEA	Reactome
REACTOME_PARTICIPATION:7431|R-HSA-9646399	7431	VIM	ENSG00000026025	Reactome:R-HSA-9646399	R-HSA-9646399	TAS	Reactome
REACTOME_PARTICIPATION:7431|R-HSA-9918481	7431	VIM	ENSG00000026025	Reactome:R-HSA-9918481	R-HSA-9918481	TAS	Reactome
REACTOME_PARTICIPATION:7431|R-HSA-9918487	7431	VIM	ENSG00000026025	Reactome:R-HSA-9918487	R-HSA-9918487	TAS	Reactome
REACTOME_PARTICIPATION:7431|R-HSA-9927432	7431	VIM	ENSG00000026025	Reactome:R-HSA-9927432	R-HSA-9927432	TAS	Reactome
REACTOME_PARTICIPATION:7433|R-HSA-418555	7433	VIPR1	ENSG00000114812	Reactome:R-HSA-418555	R-HSA-418555	TAS	Reactome
REACTOME_PARTICIPATION:7433|R-HSA-420092	7433	VIPR1	ENSG00000114812	Reactome:R-HSA-420092	R-HSA-420092	TAS	Reactome
REACTOME_PARTICIPATION:7436|R-HSA-8866376	7436	VLDLR	ENSG00000147852	Reactome:R-HSA-8866376	R-HSA-8866376	TAS	Reactome
REACTOME_PARTICIPATION:7436|R-HSA-8866427	7436	VLDLR	ENSG00000147852	Reactome:R-HSA-8866427	R-HSA-8866427	TAS	Reactome
REACTOME_PARTICIPATION:7436|R-HSA-8964046	7436	VLDLR	ENSG00000147852	Reactome:R-HSA-8964046	R-HSA-8964046	TAS	Reactome
REACTOME_PARTICIPATION:7448|R-HSA-2129379	7448	VTN	ENSG00000109072	Reactome:R-HSA-2129379	R-HSA-2129379	TAS	Reactome
REACTOME_PARTICIPATION:7448|R-HSA-216083	7448	VTN	ENSG00000109072	Reactome:R-HSA-216083	R-HSA-216083	TAS	Reactome
REACTOME_PARTICIPATION:7448|R-HSA-3000170	7448	VTN	ENSG00000109072	Reactome:R-HSA-3000170	R-HSA-3000170	TAS	Reactome
REACTOME_PARTICIPATION:7448|R-HSA-3000178	7448	VTN	ENSG00000109072	Reactome:R-HSA-3000178	R-HSA-3000178	IEA	Reactome
REACTOME_PARTICIPATION:7448|R-HSA-977606	7448	VTN	ENSG00000109072	Reactome:R-HSA-977606	R-HSA-977606	TAS	Reactome
REACTOME_PARTICIPATION:7448|R-HSA-9920588	7448	VTN	ENSG00000109072	Reactome:R-HSA-9920588	R-HSA-9920588	TAS	Reactome
REACTOME_PARTICIPATION:7448|R-HSA-9925563	7448	VTN	ENSG00000109072	Reactome:R-HSA-9925563	R-HSA-9925563	TAS	Reactome
REACTOME_PARTICIPATION:7472|R-HSA-3238698	7472	WNT2	ENSG00000105989	Reactome:R-HSA-3238698	R-HSA-3238698	IEA	Reactome
REACTOME_PARTICIPATION:7472|R-HSA-373080	7472	WNT2	ENSG00000105989	Reactome:R-HSA-373080	R-HSA-373080	IEA	Reactome
REACTOME_PARTICIPATION:7494|R-HSA-381038	7494	XBP1	ENSG00000100219	Reactome:R-HSA-381038	R-HSA-381038	TAS	Reactome
REACTOME_PARTICIPATION:7494|R-HSA-381070	7494	XBP1	ENSG00000100219	Reactome:R-HSA-381070	R-HSA-381070	TAS	Reactome
REACTOME_PARTICIPATION:7494|R-HSA-381183	7494	XBP1	ENSG00000100219	Reactome:R-HSA-381183	R-HSA-381183	TAS	Reactome
REACTOME_PARTICIPATION:7514|R-HSA-141444	7514	XPO1	ENSG00000082898	Reactome:R-HSA-141444	R-HSA-141444	TAS	Reactome
REACTOME_PARTICIPATION:7514|R-HSA-165054	7514	XPO1	ENSG00000082898	Reactome:R-HSA-165054	R-HSA-165054	TAS	Reactome
REACTOME_PARTICIPATION:7514|R-HSA-168333	7514	XPO1	ENSG00000082898	Reactome:R-HSA-168333	R-HSA-168333	TAS	Reactome
REACTOME_PARTICIPATION:7514|R-HSA-2173788	7514	XPO1	ENSG00000082898	Reactome:R-HSA-2173788	R-HSA-2173788	IEA	Reactome
REACTOME_PARTICIPATION:7514|R-HSA-2467813	7514	XPO1	ENSG00000082898	Reactome:R-HSA-2467813	R-HSA-2467813	TAS	Reactome
REACTOME_PARTICIPATION:7514|R-HSA-2500257	7514	XPO1	ENSG00000082898	Reactome:R-HSA-2500257	R-HSA-2500257	TAS	Reactome
REACTOME_PARTICIPATION:7514|R-HSA-3769402	7514	XPO1	ENSG00000082898	Reactome:R-HSA-3769402	R-HSA-3769402	TAS	Reactome
REACTOME_PARTICIPATION:7514|R-HSA-450520	7514	XPO1	ENSG00000082898	Reactome:R-HSA-450520	R-HSA-450520	TAS	Reactome
REACTOME_PARTICIPATION:7514|R-HSA-5663220	7514	XPO1	ENSG00000082898	Reactome:R-HSA-5663220	R-HSA-5663220	TAS	Reactome
REACTOME_PARTICIPATION:7514|R-HSA-5687128	7514	XPO1	ENSG00000082898	Reactome:R-HSA-5687128	R-HSA-5687128	TAS	Reactome
REACTOME_PARTICIPATION:7514|R-HSA-68877	7514	XPO1	ENSG00000082898	Reactome:R-HSA-68877	R-HSA-68877	TAS	Reactome
REACTOME_PARTICIPATION:7514|R-HSA-69273	7514	XPO1	ENSG00000082898	Reactome:R-HSA-69273	R-HSA-69273	TAS	Reactome
REACTOME_PARTICIPATION:7514|R-HSA-9634638	7514	XPO1	ENSG00000082898	Reactome:R-HSA-9634638	R-HSA-9634638	TAS	Reactome
REACTOME_PARTICIPATION:7514|R-HSA-9648025	7514	XPO1	ENSG00000082898	Reactome:R-HSA-9648025	R-HSA-9648025	TAS	Reactome
REACTOME_PARTICIPATION:7514|R-HSA-9707616	7514	XPO1	ENSG00000082898	Reactome:R-HSA-9707616	R-HSA-9707616	TAS	Reactome
REACTOME_PARTICIPATION:7514|R-HSA-9768919	7514	XPO1	ENSG00000082898	Reactome:R-HSA-9768919	R-HSA-9768919	IEA	Reactome
REACTOME_PARTICIPATION:7514|R-HSA-9828806	7514	XPO1	ENSG00000082898	Reactome:R-HSA-9828806	R-HSA-9828806	TAS	Reactome
REACTOME_PARTICIPATION:7514|R-HSA-9856649	7514	XPO1	ENSG00000082898	Reactome:R-HSA-9856649	R-HSA-9856649	TAS	Reactome
REACTOME_PARTICIPATION:7514|R-HSA-9918432	7514	XPO1	ENSG00000082898	Reactome:R-HSA-9918432	R-HSA-9918432	TAS	Reactome
REACTOME_PARTICIPATION:7515|R-HSA-110381	7515	XRCC1	ENSG00000073050	Reactome:R-HSA-110381	R-HSA-110381	TAS	Reactome
REACTOME_PARTICIPATION:7515|R-HSA-5649702	7515	XRCC1	ENSG00000073050	Reactome:R-HSA-5649702	R-HSA-5649702	TAS	Reactome
REACTOME_PARTICIPATION:7515|R-HSA-5685939	7515	XRCC1	ENSG00000073050	Reactome:R-HSA-5685939	R-HSA-5685939	TAS	Reactome
REACTOME_PARTICIPATION:7515|R-HSA-5696397	7515	XRCC1	ENSG00000073050	Reactome:R-HSA-5696397	R-HSA-5696397	TAS	Reactome
REACTOME_PARTICIPATION:7515|R-HSA-6782210	7515	XRCC1	ENSG00000073050	Reactome:R-HSA-6782210	R-HSA-6782210	TAS	Reactome
REACTOME_PARTICIPATION:7538|R-HSA-450513	7538	ZFP36	ENSG00000128016	Reactome:R-HSA-450513	R-HSA-450513	TAS	Reactome
REACTOME_PARTICIPATION:7546|R-HSA-9823739	7546	ZIC2	ENSG00000043355	Reactome:R-HSA-9823739	R-HSA-9823739	IEA	Reactome
REACTOME_PARTICIPATION:7571|R-HSA-212436	7571	ZNF23	ENSG00000167377	Reactome:R-HSA-212436	R-HSA-212436	TAS	Reactome
REACTOME_PARTICIPATION:760|R-HSA-1237044	760	CA2	ENSG00000104267	Reactome:R-HSA-1237044	R-HSA-1237044	TAS	Reactome
REACTOME_PARTICIPATION:760|R-HSA-1247673	760	CA2	ENSG00000104267	Reactome:R-HSA-1247673	R-HSA-1247673	TAS	Reactome
REACTOME_PARTICIPATION:760|R-HSA-1475029	760	CA2	ENSG00000104267	Reactome:R-HSA-1475029	R-HSA-1475029	TAS	Reactome
REACTOME_PARTICIPATION:760|R-HSA-9925563	760	CA2	ENSG00000104267	Reactome:R-HSA-9925563	R-HSA-9925563	TAS	Reactome
REACTOME_PARTICIPATION:7832|R-HSA-6804115	7832	BTG2	ENSG00000159388	Reactome:R-HSA-6804115	R-HSA-6804115	TAS	Reactome
REACTOME_PARTICIPATION:79019|R-HSA-141444	79019	CENPM	ENSG00000100162	Reactome:R-HSA-141444	R-HSA-141444	TAS	Reactome
REACTOME_PARTICIPATION:79019|R-HSA-2467813	79019	CENPM	ENSG00000100162	Reactome:R-HSA-2467813	R-HSA-2467813	TAS	Reactome
REACTOME_PARTICIPATION:79019|R-HSA-2500257	79019	CENPM	ENSG00000100162	Reactome:R-HSA-2500257	R-HSA-2500257	TAS	Reactome
REACTOME_PARTICIPATION:79019|R-HSA-5663220	79019	CENPM	ENSG00000100162	Reactome:R-HSA-5663220	R-HSA-5663220	TAS	Reactome
REACTOME_PARTICIPATION:79019|R-HSA-606279	79019	CENPM	ENSG00000100162	Reactome:R-HSA-606279	R-HSA-606279	TAS	Reactome
REACTOME_PARTICIPATION:79019|R-HSA-68877	79019	CENPM	ENSG00000100162	Reactome:R-HSA-68877	R-HSA-68877	TAS	Reactome
REACTOME_PARTICIPATION:79019|R-HSA-9648025	79019	CENPM	ENSG00000100162	Reactome:R-HSA-9648025	R-HSA-9648025	TAS	Reactome
REACTOME_PARTICIPATION:79068|R-HSA-73943	79068	FTO	ENSG00000140718	Reactome:R-HSA-73943	R-HSA-73943	TAS	Reactome
REACTOME_PARTICIPATION:79602|R-HSA-163680	79602	ADIPOR2	ENSG00000006831	Reactome:R-HSA-163680	R-HSA-163680	TAS	Reactome
REACTOME_PARTICIPATION:79682|R-HSA-141444	79682	CENPU	ENSG00000151725	Reactome:R-HSA-141444	R-HSA-141444	TAS	Reactome
REACTOME_PARTICIPATION:79682|R-HSA-2467813	79682	CENPU	ENSG00000151725	Reactome:R-HSA-2467813	R-HSA-2467813	TAS	Reactome
REACTOME_PARTICIPATION:79682|R-HSA-2500257	79682	CENPU	ENSG00000151725	Reactome:R-HSA-2500257	R-HSA-2500257	TAS	Reactome
REACTOME_PARTICIPATION:79682|R-HSA-5663220	79682	CENPU	ENSG00000151725	Reactome:R-HSA-5663220	R-HSA-5663220	TAS	Reactome
REACTOME_PARTICIPATION:79682|R-HSA-606279	79682	CENPU	ENSG00000151725	Reactome:R-HSA-606279	R-HSA-606279	TAS	Reactome
REACTOME_PARTICIPATION:79682|R-HSA-68877	79682	CENPU	ENSG00000151725	Reactome:R-HSA-68877	R-HSA-68877	TAS	Reactome
REACTOME_PARTICIPATION:79682|R-HSA-9648025	79682	CENPU	ENSG00000151725	Reactome:R-HSA-9648025	R-HSA-9648025	TAS	Reactome
REACTOME_PARTICIPATION:79733|R-HSA-6804116	79733	E2F8	ENSG00000129173	Reactome:R-HSA-6804116	R-HSA-6804116	TAS	Reactome
REACTOME_PARTICIPATION:7980|R-HSA-9925563	7980	TFPI2	ENSG00000105825	Reactome:R-HSA-9925563	R-HSA-9925563	TAS	Reactome
REACTOME_PARTICIPATION:79831|R-HSA-9629569	79831	KDM8	ENSG00000155666	Reactome:R-HSA-9629569	R-HSA-9629569	TAS	Reactome
REACTOME_PARTICIPATION:80028|R-HSA-8854050	80028	FBXL18	ENSG00000155034	Reactome:R-HSA-8854050	R-HSA-8854050	TAS	Reactome
REACTOME_PARTICIPATION:80028|R-HSA-8951664	80028	FBXL18	ENSG00000155034	Reactome:R-HSA-8951664	R-HSA-8951664	TAS	Reactome
REACTOME_PARTICIPATION:80028|R-HSA-983168	80028	FBXL18	ENSG00000155034	Reactome:R-HSA-983168	R-HSA-983168	TAS	Reactome
REACTOME_PARTICIPATION:80168|R-HSA-75109	80168	MOGAT2	ENSG00000166391	Reactome:R-HSA-75109	R-HSA-75109	TAS	Reactome
REACTOME_PARTICIPATION:80339|R-HSA-1482883	80339	PNPLA3	ENSG00000100344	Reactome:R-HSA-1482883	R-HSA-1482883	TAS	Reactome
REACTOME_PARTICIPATION:811|R-HSA-1236974	811	CALR	ENSG00000179218	Reactome:R-HSA-1236974	R-HSA-1236974	TAS	Reactome
REACTOME_PARTICIPATION:811|R-HSA-168316	811	CALR	ENSG00000179218	Reactome:R-HSA-168316	R-HSA-168316	TAS	Reactome
REACTOME_PARTICIPATION:811|R-HSA-3000480	811	CALR	ENSG00000179218	Reactome:R-HSA-3000480	R-HSA-3000480	IEA	Reactome
REACTOME_PARTICIPATION:811|R-HSA-3000484	811	CALR	ENSG00000179218	Reactome:R-HSA-3000484	R-HSA-3000484	IEA	Reactome
REACTOME_PARTICIPATION:811|R-HSA-381183	811	CALR	ENSG00000179218	Reactome:R-HSA-381183	R-HSA-381183	TAS	Reactome
REACTOME_PARTICIPATION:811|R-HSA-901042	811	CALR	ENSG00000179218	Reactome:R-HSA-901042	R-HSA-901042	TAS	Reactome
REACTOME_PARTICIPATION:811|R-HSA-983170	811	CALR	ENSG00000179218	Reactome:R-HSA-983170	R-HSA-983170	TAS	Reactome
REACTOME_PARTICIPATION:811|R-HSA-9918432	811	CALR	ENSG00000179218	Reactome:R-HSA-9918432	R-HSA-9918432	TAS	Reactome
REACTOME_PARTICIPATION:8140|R-HSA-210991	8140	SLC7A5	ENSG00000103257	Reactome:R-HSA-210991	R-HSA-210991	TAS	Reactome
REACTOME_PARTICIPATION:8140|R-HSA-352230	8140	SLC7A5	ENSG00000103257	Reactome:R-HSA-352230	R-HSA-352230	TAS	Reactome
REACTOME_PARTICIPATION:8140|R-HSA-71240	8140	SLC7A5	ENSG00000103257	Reactome:R-HSA-71240	R-HSA-71240	TAS	Reactome
REACTOME_PARTICIPATION:81539|R-HSA-210455	81539	SLC38A1	ENSG00000111371	Reactome:R-HSA-210455	R-HSA-210455	TAS	Reactome
REACTOME_PARTICIPATION:81539|R-HSA-352230	81539	SLC38A1	ENSG00000111371	Reactome:R-HSA-352230	R-HSA-352230	TAS	Reactome
REACTOME_PARTICIPATION:81610|R-HSA-177929	81610	FAM83D	ENSG00000101447	Reactome:R-HSA-177929	R-HSA-177929	TAS	Reactome
REACTOME_PARTICIPATION:81620|R-HSA-68867	81620	CDT1	ENSG00000167513	Reactome:R-HSA-68867	R-HSA-68867	IEA	Reactome
REACTOME_PARTICIPATION:81620|R-HSA-68949	81620	CDT1	ENSG00000167513	Reactome:R-HSA-68949	R-HSA-68949	TAS	Reactome
REACTOME_PARTICIPATION:81620|R-HSA-68962	81620	CDT1	ENSG00000167513	Reactome:R-HSA-68962	R-HSA-68962	TAS	Reactome
REACTOME_PARTICIPATION:81620|R-HSA-69052	81620	CDT1	ENSG00000167513	Reactome:R-HSA-69052	R-HSA-69052	TAS	Reactome
REACTOME_PARTICIPATION:81620|R-HSA-69205	81620	CDT1	ENSG00000167513	Reactome:R-HSA-69205	R-HSA-69205	TAS	Reactome
REACTOME_PARTICIPATION:81622|R-HSA-1679131	81622	UNC93B1	ENSG00000110057	Reactome:R-HSA-1679131	R-HSA-1679131	TAS	Reactome
REACTOME_PARTICIPATION:81622|R-HSA-5602415	81622	UNC93B1	ENSG00000110057	Reactome:R-HSA-5602415	R-HSA-5602415	TAS	Reactome
REACTOME_PARTICIPATION:81930|R-HSA-141444	81930	KIF18A	ENSG00000121621	Reactome:R-HSA-141444	R-HSA-141444	TAS	Reactome
REACTOME_PARTICIPATION:81930|R-HSA-2132295	81930	KIF18A	ENSG00000121621	Reactome:R-HSA-2132295	R-HSA-2132295	TAS	Reactome
REACTOME_PARTICIPATION:81930|R-HSA-2467813	81930	KIF18A	ENSG00000121621	Reactome:R-HSA-2467813	R-HSA-2467813	TAS	Reactome
REACTOME_PARTICIPATION:81930|R-HSA-2500257	81930	KIF18A	ENSG00000121621	Reactome:R-HSA-2500257	R-HSA-2500257	TAS	Reactome
REACTOME_PARTICIPATION:81930|R-HSA-5663220	81930	KIF18A	ENSG00000121621	Reactome:R-HSA-5663220	R-HSA-5663220	TAS	Reactome
REACTOME_PARTICIPATION:81930|R-HSA-6811434	81930	KIF18A	ENSG00000121621	Reactome:R-HSA-6811434	R-HSA-6811434	TAS	Reactome
REACTOME_PARTICIPATION:81930|R-HSA-68877	81930	KIF18A	ENSG00000121621	Reactome:R-HSA-68877	R-HSA-68877	TAS	Reactome
REACTOME_PARTICIPATION:81930|R-HSA-9648025	81930	KIF18A	ENSG00000121621	Reactome:R-HSA-9648025	R-HSA-9648025	TAS	Reactome
REACTOME_PARTICIPATION:81930|R-HSA-983189	81930	KIF18A	ENSG00000121621	Reactome:R-HSA-983189	R-HSA-983189	IEA	Reactome
REACTOME_PARTICIPATION:8289|R-HSA-3214858	8289	ARID1A	ENSG00000117713	Reactome:R-HSA-3214858	R-HSA-3214858	TAS	Reactome
REACTOME_PARTICIPATION:8289|R-HSA-8939243	8289	ARID1A	ENSG00000117713	Reactome:R-HSA-8939243	R-HSA-8939243	TAS	Reactome
REACTOME_PARTICIPATION:8289|R-HSA-9764790	8289	ARID1A	ENSG00000117713	Reactome:R-HSA-9764790	R-HSA-9764790	TAS	Reactome
REACTOME_PARTICIPATION:8289|R-HSA-9824585	8289	ARID1A	ENSG00000117713	Reactome:R-HSA-9824585	R-HSA-9824585	TAS	Reactome
REACTOME_PARTICIPATION:8289|R-HSA-9845323	8289	ARID1A	ENSG00000117713	Reactome:R-HSA-9845323	R-HSA-9845323	IEA	Reactome
REACTOME_PARTICIPATION:8289|R-HSA-9933937	8289	ARID1A	ENSG00000117713	Reactome:R-HSA-9933937	R-HSA-9933937	TAS	Reactome
REACTOME_PARTICIPATION:8289|R-HSA-9933946	8289	ARID1A	ENSG00000117713	Reactome:R-HSA-9933946	R-HSA-9933946	TAS	Reactome
REACTOME_PARTICIPATION:8289|R-HSA-9934037	8289	ARID1A	ENSG00000117713	Reactome:R-HSA-9934037	R-HSA-9934037	TAS	Reactome
REACTOME_PARTICIPATION:8312|R-HSA-195253	8312	AXIN1	ENSG00000103126	Reactome:R-HSA-195253	R-HSA-195253	TAS	Reactome
REACTOME_PARTICIPATION:8312|R-HSA-196299	8312	AXIN1	ENSG00000103126	Reactome:R-HSA-196299	R-HSA-196299	TAS	Reactome
REACTOME_PARTICIPATION:8312|R-HSA-201681	8312	AXIN1	ENSG00000103126	Reactome:R-HSA-201681	R-HSA-201681	TAS	Reactome
REACTOME_PARTICIPATION:8312|R-HSA-4641257	8312	AXIN1	ENSG00000103126	Reactome:R-HSA-4641257	R-HSA-4641257	TAS	Reactome
REACTOME_PARTICIPATION:8312|R-HSA-4641262	8312	AXIN1	ENSG00000103126	Reactome:R-HSA-4641262	R-HSA-4641262	TAS	Reactome
REACTOME_PARTICIPATION:8312|R-HSA-5339716	8312	AXIN1	ENSG00000103126	Reactome:R-HSA-5339716	R-HSA-5339716	TAS	Reactome
REACTOME_PARTICIPATION:8312|R-HSA-5358747	8312	AXIN1	ENSG00000103126	Reactome:R-HSA-5358747	R-HSA-5358747	TAS	Reactome
REACTOME_PARTICIPATION:8312|R-HSA-5358749	8312	AXIN1	ENSG00000103126	Reactome:R-HSA-5358749	R-HSA-5358749	TAS	Reactome
REACTOME_PARTICIPATION:8312|R-HSA-5358751	8312	AXIN1	ENSG00000103126	Reactome:R-HSA-5358751	R-HSA-5358751	TAS	Reactome
REACTOME_PARTICIPATION:8312|R-HSA-5358752	8312	AXIN1	ENSG00000103126	Reactome:R-HSA-5358752	R-HSA-5358752	TAS	Reactome
REACTOME_PARTICIPATION:8312|R-HSA-5467337	8312	AXIN1	ENSG00000103126	Reactome:R-HSA-5467337	R-HSA-5467337	TAS	Reactome
REACTOME_PARTICIPATION:8312|R-HSA-5467340	8312	AXIN1	ENSG00000103126	Reactome:R-HSA-5467340	R-HSA-5467340	TAS	Reactome
REACTOME_PARTICIPATION:8312|R-HSA-5467345	8312	AXIN1	ENSG00000103126	Reactome:R-HSA-5467345	R-HSA-5467345	TAS	Reactome
REACTOME_PARTICIPATION:8312|R-HSA-5467348	8312	AXIN1	ENSG00000103126	Reactome:R-HSA-5467348	R-HSA-5467348	TAS	Reactome
REACTOME_PARTICIPATION:8312|R-HSA-5689880	8312	AXIN1	ENSG00000103126	Reactome:R-HSA-5689880	R-HSA-5689880	TAS	Reactome
REACTOME_PARTICIPATION:8312|R-HSA-8931987	8312	AXIN1	ENSG00000103126	Reactome:R-HSA-8931987	R-HSA-8931987	TAS	Reactome
REACTOME_PARTICIPATION:8312|R-HSA-8939256	8312	AXIN1	ENSG00000103126	Reactome:R-HSA-8939256	R-HSA-8939256	TAS	Reactome
REACTOME_PARTICIPATION:8312|R-HSA-9018519	8312	AXIN1	ENSG00000103126	Reactome:R-HSA-9018519	R-HSA-9018519	TAS	Reactome
REACTOME_PARTICIPATION:8318|R-HSA-176187	8318	CDC45	ENSG00000093009	Reactome:R-HSA-176187	R-HSA-176187	TAS	Reactome
REACTOME_PARTICIPATION:8318|R-HSA-176974	8318	CDC45	ENSG00000093009	Reactome:R-HSA-176974	R-HSA-176974	IEA	Reactome
REACTOME_PARTICIPATION:8318|R-HSA-68962	8318	CDC45	ENSG00000093009	Reactome:R-HSA-68962	R-HSA-68962	TAS	Reactome
REACTOME_PARTICIPATION:8318|R-HSA-69205	8318	CDC45	ENSG00000093009	Reactome:R-HSA-69205	R-HSA-69205	TAS	Reactome
REACTOME_PARTICIPATION:83394|R-HSA-1483226	83394	PITPNM3	ENSG00000091622	Reactome:R-HSA-1483226	R-HSA-1483226	TAS	Reactome
REACTOME_PARTICIPATION:83540|R-HSA-141444	83540	NUF2	ENSG00000143228	Reactome:R-HSA-141444	R-HSA-141444	TAS	Reactome
REACTOME_PARTICIPATION:83540|R-HSA-2467813	83540	NUF2	ENSG00000143228	Reactome:R-HSA-2467813	R-HSA-2467813	TAS	Reactome
REACTOME_PARTICIPATION:83540|R-HSA-2500257	83540	NUF2	ENSG00000143228	Reactome:R-HSA-2500257	R-HSA-2500257	TAS	Reactome
REACTOME_PARTICIPATION:83540|R-HSA-5663220	83540	NUF2	ENSG00000143228	Reactome:R-HSA-5663220	R-HSA-5663220	TAS	Reactome
REACTOME_PARTICIPATION:83540|R-HSA-68877	83540	NUF2	ENSG00000143228	Reactome:R-HSA-68877	R-HSA-68877	TAS	Reactome
REACTOME_PARTICIPATION:83540|R-HSA-9648025	83540	NUF2	ENSG00000143228	Reactome:R-HSA-9648025	R-HSA-9648025	TAS	Reactome
REACTOME_PARTICIPATION:83875|R-HSA-975634	83875	BCO2	ENSG00000197580	Reactome:R-HSA-975634	R-HSA-975634	TAS	Reactome
REACTOME_PARTICIPATION:83932|R-HSA-110320	83932	SPRTN	ENSG00000010072	Reactome:R-HSA-110320	R-HSA-110320	TAS	Reactome
REACTOME_PARTICIPATION:8405|R-HSA-5632684	8405	SPOP	ENSG00000121067	Reactome:R-HSA-5632684	R-HSA-5632684	TAS	Reactome
REACTOME_PARTICIPATION:8405|R-HSA-9929491	8405	SPOP	ENSG00000121067	Reactome:R-HSA-9929491	R-HSA-9929491	TAS	Reactome
REACTOME_PARTICIPATION:8407|R-HSA-114608	8407	TAGLN2	ENSG00000158710	Reactome:R-HSA-114608	R-HSA-114608	TAS	Reactome
REACTOME_PARTICIPATION:841|R-HSA-111465	841	CASP8	ENSG00000064012	Reactome:R-HSA-111465	R-HSA-111465	TAS	Reactome
REACTOME_PARTICIPATION:841|R-HSA-140534	841	CASP8	ENSG00000064012	Reactome:R-HSA-140534	R-HSA-140534	TAS	Reactome
REACTOME_PARTICIPATION:841|R-HSA-168638	841	CASP8	ENSG00000064012	Reactome:R-HSA-168638	R-HSA-168638	TAS	Reactome
REACTOME_PARTICIPATION:841|R-HSA-2562578	841	CASP8	ENSG00000064012	Reactome:R-HSA-2562578	R-HSA-2562578	TAS	Reactome
REACTOME_PARTICIPATION:841|R-HSA-264870	841	CASP8	ENSG00000064012	Reactome:R-HSA-264870	R-HSA-264870	TAS	Reactome
REACTOME_PARTICIPATION:841|R-HSA-3371378	841	CASP8	ENSG00000064012	Reactome:R-HSA-3371378	R-HSA-3371378	TAS	Reactome
REACTOME_PARTICIPATION:841|R-HSA-5213460	841	CASP8	ENSG00000064012	Reactome:R-HSA-5213460	R-HSA-5213460	TAS	Reactome
REACTOME_PARTICIPATION:841|R-HSA-5218900	841	CASP8	ENSG00000064012	Reactome:R-HSA-5218900	R-HSA-5218900	TAS	Reactome
REACTOME_PARTICIPATION:841|R-HSA-5357786	841	CASP8	ENSG00000064012	Reactome:R-HSA-5357786	R-HSA-5357786	TAS	Reactome
REACTOME_PARTICIPATION:841|R-HSA-5357905	841	CASP8	ENSG00000064012	Reactome:R-HSA-5357905	R-HSA-5357905	TAS	Reactome
REACTOME_PARTICIPATION:841|R-HSA-5660668	841	CASP8	ENSG00000064012	Reactome:R-HSA-5660668	R-HSA-5660668	TAS	Reactome
REACTOME_PARTICIPATION:841|R-HSA-5675482	841	CASP8	ENSG00000064012	Reactome:R-HSA-5675482	R-HSA-5675482	TAS	Reactome
REACTOME_PARTICIPATION:841|R-HSA-69416	841	CASP8	ENSG00000064012	Reactome:R-HSA-69416	R-HSA-69416	TAS	Reactome
REACTOME_PARTICIPATION:841|R-HSA-75108	841	CASP8	ENSG00000064012	Reactome:R-HSA-75108	R-HSA-75108	TAS	Reactome
REACTOME_PARTICIPATION:841|R-HSA-75153	841	CASP8	ENSG00000064012	Reactome:R-HSA-75153	R-HSA-75153	TAS	Reactome
REACTOME_PARTICIPATION:841|R-HSA-75157	841	CASP8	ENSG00000064012	Reactome:R-HSA-75157	R-HSA-75157	TAS	Reactome
REACTOME_PARTICIPATION:841|R-HSA-75158	841	CASP8	ENSG00000064012	Reactome:R-HSA-75158	R-HSA-75158	TAS	Reactome
REACTOME_PARTICIPATION:841|R-HSA-9013957	841	CASP8	ENSG00000064012	Reactome:R-HSA-9013957	R-HSA-9013957	TAS	Reactome
REACTOME_PARTICIPATION:841|R-HSA-933543	841	CASP8	ENSG00000064012	Reactome:R-HSA-933543	R-HSA-933543	TAS	Reactome
REACTOME_PARTICIPATION:841|R-HSA-9686347	841	CASP8	ENSG00000064012	Reactome:R-HSA-9686347	R-HSA-9686347	TAS	Reactome
REACTOME_PARTICIPATION:841|R-HSA-9693928	841	CASP8	ENSG00000064012	Reactome:R-HSA-9693928	R-HSA-9693928	TAS	Reactome
REACTOME_PARTICIPATION:841|R-HSA-9758274	841	CASP8	ENSG00000064012	Reactome:R-HSA-9758274	R-HSA-9758274	TAS	Reactome
REACTOME_PARTICIPATION:84231|R-HSA-983168	84231	TRAF7	ENSG00000131653	Reactome:R-HSA-983168	R-HSA-983168	TAS	Reactome
REACTOME_PARTICIPATION:84231|R-HSA-9958825	84231	TRAF7	ENSG00000131653	Reactome:R-HSA-9958825	R-HSA-9958825	TAS	Reactome
REACTOME_PARTICIPATION:8431|R-HSA-383280	8431	NR0B2	ENSG00000131910	Reactome:R-HSA-383280	R-HSA-383280	TAS	Reactome
REACTOME_PARTICIPATION:8435|R-HSA-8964038	8435	SOAT2	ENSG00000167780	Reactome:R-HSA-8964038	R-HSA-8964038	TAS	Reactome
REACTOME_PARTICIPATION:84649|R-HSA-1482883	84649	DGAT2	ENSG00000062282	Reactome:R-HSA-1482883	R-HSA-1482883	TAS	Reactome
REACTOME_PARTICIPATION:84649|R-HSA-75109	84649	DGAT2	ENSG00000062282	Reactome:R-HSA-75109	R-HSA-75109	TAS	Reactome
REACTOME_PARTICIPATION:84649|R-HSA-9841922	84649	DGAT2	ENSG00000062282	Reactome:R-HSA-9841922	R-HSA-9841922	TAS	Reactome
REACTOME_PARTICIPATION:84695|R-HSA-1566948	84695	LOXL3	ENSG00000115318	Reactome:R-HSA-1566948	R-HSA-1566948	TAS	Reactome
REACTOME_PARTICIPATION:84695|R-HSA-2243919	84695	LOXL3	ENSG00000115318	Reactome:R-HSA-2243919	R-HSA-2243919	TAS	Reactome
REACTOME_PARTICIPATION:847|R-HSA-3299685	847	CAT	ENSG00000121691	Reactome:R-HSA-3299685	R-HSA-3299685	TAS	Reactome
REACTOME_PARTICIPATION:847|R-HSA-6798695	847	CAT	ENSG00000121691	Reactome:R-HSA-6798695	R-HSA-6798695	TAS	Reactome
REACTOME_PARTICIPATION:847|R-HSA-9033241	847	CAT	ENSG00000121691	Reactome:R-HSA-9033241	R-HSA-9033241	TAS	Reactome
REACTOME_PARTICIPATION:847|R-HSA-9615017	847	CAT	ENSG00000121691	Reactome:R-HSA-9615017	R-HSA-9615017	IEA	Reactome
REACTOME_PARTICIPATION:847|R-HSA-9841251	847	CAT	ENSG00000121691	Reactome:R-HSA-9841251	R-HSA-9841251	TAS	Reactome
REACTOME_PARTICIPATION:84868|R-HSA-451927	84868	HAVCR2	ENSG00000135077	Reactome:R-HSA-451927	R-HSA-451927	IEA	Reactome
REACTOME_PARTICIPATION:84870|R-HSA-4641263	84870	RSPO3	ENSG00000146374	Reactome:R-HSA-4641263	R-HSA-4641263	TAS	Reactome
REACTOME_PARTICIPATION:84870|R-HSA-8939256	84870	RSPO3	ENSG00000146374	Reactome:R-HSA-8939256	R-HSA-8939256	TAS	Reactome
REACTOME_PARTICIPATION:84879|R-HSA-1483191	84879	MFSD2A	ENSG00000168389	Reactome:R-HSA-1483191	R-HSA-1483191	TAS	Reactome
REACTOME_PARTICIPATION:84904|R-HSA-193648	84904	ARHGEF39	ENSG00000137135	Reactome:R-HSA-193648	R-HSA-193648	TAS	Reactome
REACTOME_PARTICIPATION:84904|R-HSA-416482	84904	ARHGEF39	ENSG00000137135	Reactome:R-HSA-416482	R-HSA-416482	TAS	Reactome
REACTOME_PARTICIPATION:84904|R-HSA-9013149	84904	ARHGEF39	ENSG00000137135	Reactome:R-HSA-9013149	R-HSA-9013149	TAS	Reactome
REACTOME_PARTICIPATION:8517|R-HSA-1169091	8517	IKBKG	ENSG00000269335	Reactome:R-HSA-1169091	R-HSA-1169091	TAS	Reactome
REACTOME_PARTICIPATION:8517|R-HSA-1236974	8517	IKBKG	ENSG00000269335	Reactome:R-HSA-1236974	R-HSA-1236974	TAS	Reactome
REACTOME_PARTICIPATION:8517|R-HSA-168638	8517	IKBKG	ENSG00000269335	Reactome:R-HSA-168638	R-HSA-168638	TAS	Reactome
REACTOME_PARTICIPATION:8517|R-HSA-168927	8517	IKBKG	ENSG00000269335	Reactome:R-HSA-168927	R-HSA-168927	TAS	Reactome
REACTOME_PARTICIPATION:8517|R-HSA-1810476	8517	IKBKG	ENSG00000269335	Reactome:R-HSA-1810476	R-HSA-1810476	TAS	Reactome
REACTOME_PARTICIPATION:8517|R-HSA-202424	8517	IKBKG	ENSG00000269335	Reactome:R-HSA-202424	R-HSA-202424	TAS	Reactome
REACTOME_PARTICIPATION:8517|R-HSA-2871837	8517	IKBKG	ENSG00000269335	Reactome:R-HSA-2871837	R-HSA-2871837	TAS	Reactome
REACTOME_PARTICIPATION:8517|R-HSA-445989	8517	IKBKG	ENSG00000269335	Reactome:R-HSA-445989	R-HSA-445989	TAS	Reactome
REACTOME_PARTICIPATION:8517|R-HSA-450302	8517	IKBKG	ENSG00000269335	Reactome:R-HSA-450302	R-HSA-450302	TAS	Reactome
REACTOME_PARTICIPATION:8517|R-HSA-450321	8517	IKBKG	ENSG00000269335	Reactome:R-HSA-450321	R-HSA-450321	TAS	Reactome
REACTOME_PARTICIPATION:8517|R-HSA-4755510	8517	IKBKG	ENSG00000269335	Reactome:R-HSA-4755510	R-HSA-4755510	TAS	Reactome
REACTOME_PARTICIPATION:8517|R-HSA-5357905	8517	IKBKG	ENSG00000269335	Reactome:R-HSA-5357905	R-HSA-5357905	TAS	Reactome
REACTOME_PARTICIPATION:8517|R-HSA-5357956	8517	IKBKG	ENSG00000269335	Reactome:R-HSA-5357956	R-HSA-5357956	TAS	Reactome
REACTOME_PARTICIPATION:8517|R-HSA-5602636	8517	IKBKG	ENSG00000269335	Reactome:R-HSA-5602636	R-HSA-5602636	TAS	Reactome
REACTOME_PARTICIPATION:8517|R-HSA-5603027	8517	IKBKG	ENSG00000269335	Reactome:R-HSA-5603027	R-HSA-5603027	TAS	Reactome
REACTOME_PARTICIPATION:8517|R-HSA-5603029	8517	IKBKG	ENSG00000269335	Reactome:R-HSA-5603029	R-HSA-5603029	TAS	Reactome
REACTOME_PARTICIPATION:8517|R-HSA-5607764	8517	IKBKG	ENSG00000269335	Reactome:R-HSA-5607764	R-HSA-5607764	TAS	Reactome
REACTOME_PARTICIPATION:8517|R-HSA-5684264	8517	IKBKG	ENSG00000269335	Reactome:R-HSA-5684264	R-HSA-5684264	TAS	Reactome
REACTOME_PARTICIPATION:8517|R-HSA-5689880	8517	IKBKG	ENSG00000269335	Reactome:R-HSA-5689880	R-HSA-5689880	TAS	Reactome
REACTOME_PARTICIPATION:8517|R-HSA-5689896	8517	IKBKG	ENSG00000269335	Reactome:R-HSA-5689896	R-HSA-5689896	TAS	Reactome
REACTOME_PARTICIPATION:8517|R-HSA-9020702	8517	IKBKG	ENSG00000269335	Reactome:R-HSA-9020702	R-HSA-9020702	TAS	Reactome
REACTOME_PARTICIPATION:8517|R-HSA-933542	8517	IKBKG	ENSG00000269335	Reactome:R-HSA-933542	R-HSA-933542	TAS	Reactome
REACTOME_PARTICIPATION:8517|R-HSA-933543	8517	IKBKG	ENSG00000269335	Reactome:R-HSA-933543	R-HSA-933543	TAS	Reactome
REACTOME_PARTICIPATION:8517|R-HSA-937039	8517	IKBKG	ENSG00000269335	Reactome:R-HSA-937039	R-HSA-937039	TAS	Reactome
REACTOME_PARTICIPATION:8517|R-HSA-937041	8517	IKBKG	ENSG00000269335	Reactome:R-HSA-937041	R-HSA-937041	TAS	Reactome
REACTOME_PARTICIPATION:8517|R-HSA-9705671	8517	IKBKG	ENSG00000269335	Reactome:R-HSA-9705671	R-HSA-9705671	TAS	Reactome
REACTOME_PARTICIPATION:8517|R-HSA-975144	8517	IKBKG	ENSG00000269335	Reactome:R-HSA-975144	R-HSA-975144	TAS	Reactome
REACTOME_PARTICIPATION:8517|R-HSA-9758274	8517	IKBKG	ENSG00000269335	Reactome:R-HSA-9758274	R-HSA-9758274	TAS	Reactome
REACTOME_PARTICIPATION:8517|R-HSA-9833482	8517	IKBKG	ENSG00000269335	Reactome:R-HSA-9833482	R-HSA-9833482	TAS	Reactome
REACTOME_PARTICIPATION:8517|R-HSA-9860276	8517	IKBKG	ENSG00000269335	Reactome:R-HSA-9860276	R-HSA-9860276	TAS	Reactome
REACTOME_PARTICIPATION:8517|R-HSA-9860927	8517	IKBKG	ENSG00000269335	Reactome:R-HSA-9860927	R-HSA-9860927	TAS	Reactome
REACTOME_PARTICIPATION:8517|R-HSA-9909505	8517	IKBKG	ENSG00000269335	Reactome:R-HSA-9909505	R-HSA-9909505	TAS	Reactome
REACTOME_PARTICIPATION:8535|R-HSA-2559580	8535	CBX4	ENSG00000141582	Reactome:R-HSA-2559580	R-HSA-2559580	TAS	Reactome
REACTOME_PARTICIPATION:8535|R-HSA-3108214	8535	CBX4	ENSG00000141582	Reactome:R-HSA-3108214	R-HSA-3108214	TAS	Reactome
REACTOME_PARTICIPATION:8535|R-HSA-3899300	8535	CBX4	ENSG00000141582	Reactome:R-HSA-3899300	R-HSA-3899300	TAS	Reactome
REACTOME_PARTICIPATION:8535|R-HSA-4551638	8535	CBX4	ENSG00000141582	Reactome:R-HSA-4551638	R-HSA-4551638	TAS	Reactome
REACTOME_PARTICIPATION:8535|R-HSA-4570464	8535	CBX4	ENSG00000141582	Reactome:R-HSA-4570464	R-HSA-4570464	TAS	Reactome
REACTOME_PARTICIPATION:8535|R-HSA-4655427	8535	CBX4	ENSG00000141582	Reactome:R-HSA-4655427	R-HSA-4655427	IEA	Reactome
REACTOME_PARTICIPATION:8535|R-HSA-8939243	8535	CBX4	ENSG00000141582	Reactome:R-HSA-8939243	R-HSA-8939243	TAS	Reactome
REACTOME_PARTICIPATION:8535|R-HSA-8943724	8535	CBX4	ENSG00000141582	Reactome:R-HSA-8943724	R-HSA-8943724	TAS	Reactome
REACTOME_PARTICIPATION:8535|R-HSA-9976102	8535	CBX4	ENSG00000141582	Reactome:R-HSA-9976102	R-HSA-9976102	IEA	Reactome
REACTOME_PARTICIPATION:85480|R-HSA-1266695	85480	TSLP	ENSG00000145777	Reactome:R-HSA-1266695	R-HSA-1266695	IEA	Reactome
REACTOME_PARTICIPATION:8614|R-HSA-381426	8614	STC2	ENSG00000113739	Reactome:R-HSA-381426	R-HSA-381426	TAS	Reactome
REACTOME_PARTICIPATION:8614|R-HSA-8957275	8614	STC2	ENSG00000113739	Reactome:R-HSA-8957275	R-HSA-8957275	TAS	Reactome
REACTOME_PARTICIPATION:8621|R-HSA-6796648	8621	CDK13	ENSG00000065883	Reactome:R-HSA-6796648	R-HSA-6796648	TAS	Reactome
REACTOME_PARTICIPATION:8621|R-HSA-6798695	8621	CDK13	ENSG00000065883	Reactome:R-HSA-6798695	R-HSA-6798695	TAS	Reactome
REACTOME_PARTICIPATION:8647|R-HSA-159418	8647	ABCB11	ENSG00000073734	Reactome:R-HSA-159418	R-HSA-159418	TAS	Reactome
REACTOME_PARTICIPATION:8647|R-HSA-193368	8647	ABCB11	ENSG00000073734	Reactome:R-HSA-193368	R-HSA-193368	TAS	Reactome
REACTOME_PARTICIPATION:8647|R-HSA-5678520	8647	ABCB11	ENSG00000073734	Reactome:R-HSA-5678520	R-HSA-5678520	TAS	Reactome
REACTOME_PARTICIPATION:864|R-HSA-4411364	864	RUNX3	ENSG00000020633	Reactome:R-HSA-4411364	R-HSA-4411364	TAS	Reactome
REACTOME_PARTICIPATION:864|R-HSA-8941855	864	RUNX3	ENSG00000020633	Reactome:R-HSA-8941855	R-HSA-8941855	TAS	Reactome
REACTOME_PARTICIPATION:864|R-HSA-8941856	864	RUNX3	ENSG00000020633	Reactome:R-HSA-8941856	R-HSA-8941856	TAS	Reactome
REACTOME_PARTICIPATION:864|R-HSA-8941858	864	RUNX3	ENSG00000020633	Reactome:R-HSA-8941858	R-HSA-8941858	TAS	Reactome
REACTOME_PARTICIPATION:864|R-HSA-8949275	864	RUNX3	ENSG00000020633	Reactome:R-HSA-8949275	R-HSA-8949275	IEA	Reactome
REACTOME_PARTICIPATION:864|R-HSA-8951430	864	RUNX3	ENSG00000020633	Reactome:R-HSA-8951430	R-HSA-8951430	TAS	Reactome
REACTOME_PARTICIPATION:864|R-HSA-8951671	864	RUNX3	ENSG00000020633	Reactome:R-HSA-8951671	R-HSA-8951671	TAS	Reactome
REACTOME_PARTICIPATION:864|R-HSA-8951911	864	RUNX3	ENSG00000020633	Reactome:R-HSA-8951911	R-HSA-8951911	TAS	Reactome
REACTOME_PARTICIPATION:864|R-HSA-8951936	864	RUNX3	ENSG00000020633	Reactome:R-HSA-8951936	R-HSA-8951936	TAS	Reactome
REACTOME_PARTICIPATION:864|R-HSA-8952158	864	RUNX3	ENSG00000020633	Reactome:R-HSA-8952158	R-HSA-8952158	TAS	Reactome
REACTOME_PARTICIPATION:864|R-HSA-9942503	864	RUNX3	ENSG00000020633	Reactome:R-HSA-9942503	R-HSA-9942503	IEA	Reactome
REACTOME_PARTICIPATION:8651|R-HSA-1266695	8651	SOCS1	ENSG00000185338	Reactome:R-HSA-1266695	R-HSA-1266695	TAS	Reactome
REACTOME_PARTICIPATION:8651|R-HSA-1433559	8651	SOCS1	ENSG00000185338	Reactome:R-HSA-1433559	R-HSA-1433559	IEA	Reactome
REACTOME_PARTICIPATION:8651|R-HSA-166058	8651	SOCS1	ENSG00000185338	Reactome:R-HSA-166058	R-HSA-166058	TAS	Reactome
REACTOME_PARTICIPATION:8651|R-HSA-6785807	8651	SOCS1	ENSG00000185338	Reactome:R-HSA-6785807	R-HSA-6785807	TAS	Reactome
REACTOME_PARTICIPATION:8651|R-HSA-877300	8651	SOCS1	ENSG00000185338	Reactome:R-HSA-877300	R-HSA-877300	TAS	Reactome
REACTOME_PARTICIPATION:8651|R-HSA-877312	8651	SOCS1	ENSG00000185338	Reactome:R-HSA-877312	R-HSA-877312	TAS	Reactome
REACTOME_PARTICIPATION:8651|R-HSA-909733	8651	SOCS1	ENSG00000185338	Reactome:R-HSA-909733	R-HSA-909733	TAS	Reactome
REACTOME_PARTICIPATION:8651|R-HSA-912694	8651	SOCS1	ENSG00000185338	Reactome:R-HSA-912694	R-HSA-912694	IEA	Reactome
REACTOME_PARTICIPATION:8651|R-HSA-9674555	8651	SOCS1	ENSG00000185338	Reactome:R-HSA-9674555	R-HSA-9674555	IEA	Reactome
REACTOME_PARTICIPATION:8651|R-HSA-9705462	8651	SOCS1	ENSG00000185338	Reactome:R-HSA-9705462	R-HSA-9705462	TAS	Reactome
REACTOME_PARTICIPATION:8651|R-HSA-982772	8651	SOCS1	ENSG00000185338	Reactome:R-HSA-982772	R-HSA-982772	IEA	Reactome
REACTOME_PARTICIPATION:8651|R-HSA-983168	8651	SOCS1	ENSG00000185338	Reactome:R-HSA-983168	R-HSA-983168	TAS	Reactome
REACTOME_PARTICIPATION:8659|R-HSA-389661	8659	ALDH4A1	ENSG00000159423	Reactome:R-HSA-389661	R-HSA-389661	TAS	Reactome
REACTOME_PARTICIPATION:8659|R-HSA-70688	8659	ALDH4A1	ENSG00000159423	Reactome:R-HSA-70688	R-HSA-70688	TAS	Reactome
REACTOME_PARTICIPATION:8660|R-HSA-109704	8660	IRS2	ENSG00000185950	Reactome:R-HSA-109704	R-HSA-109704	TAS	Reactome
REACTOME_PARTICIPATION:8660|R-HSA-112399	8660	IRS2	ENSG00000185950	Reactome:R-HSA-112399	R-HSA-112399	TAS	Reactome
REACTOME_PARTICIPATION:8660|R-HSA-112412	8660	IRS2	ENSG00000185950	Reactome:R-HSA-112412	R-HSA-112412	IEA	Reactome
REACTOME_PARTICIPATION:8660|R-HSA-1257604	8660	IRS2	ENSG00000185950	Reactome:R-HSA-1257604	R-HSA-1257604	TAS	Reactome
REACTOME_PARTICIPATION:8660|R-HSA-1266695	8660	IRS2	ENSG00000185950	Reactome:R-HSA-1266695	R-HSA-1266695	TAS	Reactome
REACTOME_PARTICIPATION:8660|R-HSA-198203	8660	IRS2	ENSG00000185950	Reactome:R-HSA-198203	R-HSA-198203	IEA	Reactome
REACTOME_PARTICIPATION:8660|R-HSA-2219530	8660	IRS2	ENSG00000185950	Reactome:R-HSA-2219530	R-HSA-2219530	TAS	Reactome
REACTOME_PARTICIPATION:8660|R-HSA-2428928	8660	IRS2	ENSG00000185950	Reactome:R-HSA-2428928	R-HSA-2428928	TAS	Reactome
REACTOME_PARTICIPATION:8660|R-HSA-2586552	8660	IRS2	ENSG00000185950	Reactome:R-HSA-2586552	R-HSA-2586552	IEA	Reactome
REACTOME_PARTICIPATION:8660|R-HSA-5673001	8660	IRS2	ENSG00000185950	Reactome:R-HSA-5673001	R-HSA-5673001	TAS	Reactome
REACTOME_PARTICIPATION:8660|R-HSA-6811558	8660	IRS2	ENSG00000185950	Reactome:R-HSA-6811558	R-HSA-6811558	TAS	Reactome
REACTOME_PARTICIPATION:8660|R-HSA-74713	8660	IRS2	ENSG00000185950	Reactome:R-HSA-74713	R-HSA-74713	TAS	Reactome
REACTOME_PARTICIPATION:8660|R-HSA-74749	8660	IRS2	ENSG00000185950	Reactome:R-HSA-74749	R-HSA-74749	TAS	Reactome
REACTOME_PARTICIPATION:8660|R-HSA-8853659	8660	IRS2	ENSG00000185950	Reactome:R-HSA-8853659	R-HSA-8853659	TAS	Reactome
REACTOME_PARTICIPATION:8660|R-HSA-9006335	8660	IRS2	ENSG00000185950	Reactome:R-HSA-9006335	R-HSA-9006335	TAS	Reactome
REACTOME_PARTICIPATION:8660|R-HSA-9027276	8660	IRS2	ENSG00000185950	Reactome:R-HSA-9027276	R-HSA-9027276	IEA	Reactome
REACTOME_PARTICIPATION:8660|R-HSA-9027277	8660	IRS2	ENSG00000185950	Reactome:R-HSA-9027277	R-HSA-9027277	IEA	Reactome
REACTOME_PARTICIPATION:8660|R-HSA-9027283	8660	IRS2	ENSG00000185950	Reactome:R-HSA-9027283	R-HSA-9027283	IEA	Reactome
REACTOME_PARTICIPATION:8660|R-HSA-9027284	8660	IRS2	ENSG00000185950	Reactome:R-HSA-9027284	R-HSA-9027284	TAS	Reactome
REACTOME_PARTICIPATION:8660|R-HSA-982772	8660	IRS2	ENSG00000185950	Reactome:R-HSA-982772	R-HSA-982772	IEA	Reactome
REACTOME_PARTICIPATION:8667|R-HSA-156827	8667	EIF3H	ENSG00000147677	Reactome:R-HSA-156827	R-HSA-156827	TAS	Reactome
REACTOME_PARTICIPATION:8667|R-HSA-72649	8667	EIF3H	ENSG00000147677	Reactome:R-HSA-72649	R-HSA-72649	TAS	Reactome
REACTOME_PARTICIPATION:8667|R-HSA-72689	8667	EIF3H	ENSG00000147677	Reactome:R-HSA-72689	R-HSA-72689	TAS	Reactome
REACTOME_PARTICIPATION:8667|R-HSA-72695	8667	EIF3H	ENSG00000147677	Reactome:R-HSA-72695	R-HSA-72695	TAS	Reactome
REACTOME_PARTICIPATION:8667|R-HSA-72702	8667	EIF3H	ENSG00000147677	Reactome:R-HSA-72702	R-HSA-72702	TAS	Reactome
REACTOME_PARTICIPATION:8667|R-HSA-72706	8667	EIF3H	ENSG00000147677	Reactome:R-HSA-72706	R-HSA-72706	TAS	Reactome
REACTOME_PARTICIPATION:866|R-HSA-194002	866	SERPINA6	ENSG00000170099	Reactome:R-HSA-194002	R-HSA-194002	TAS	Reactome
REACTOME_PARTICIPATION:866|R-HSA-9757110	866	SERPINA6	ENSG00000170099	Reactome:R-HSA-9757110	R-HSA-9757110	TAS	Reactome
REACTOME_PARTICIPATION:8685|R-HSA-3000480	8685	MARCO	ENSG00000019169	Reactome:R-HSA-3000480	R-HSA-3000480	TAS	Reactome
REACTOME_PARTICIPATION:87178|R-HSA-9836573	87178	PNPT1	ENSG00000138035	Reactome:R-HSA-9836573	R-HSA-9836573	TAS	Reactome
REACTOME_PARTICIPATION:871|R-HSA-1650814	871	SERPINH1	ENSG00000149257	Reactome:R-HSA-1650814	R-HSA-1650814	TAS	Reactome
REACTOME_PARTICIPATION:871|R-HSA-3371453	871	SERPINH1	ENSG00000149257	Reactome:R-HSA-3371453	R-HSA-3371453	TAS	Reactome
REACTOME_PARTICIPATION:871|R-HSA-3371511	871	SERPINH1	ENSG00000149257	Reactome:R-HSA-3371511	R-HSA-3371511	TAS	Reactome
REACTOME_PARTICIPATION:871|R-HSA-3371568	871	SERPINH1	ENSG00000149257	Reactome:R-HSA-3371568	R-HSA-3371568	TAS	Reactome
REACTOME_PARTICIPATION:871|R-HSA-3371571	871	SERPINH1	ENSG00000149257	Reactome:R-HSA-3371571	R-HSA-3371571	TAS	Reactome
REACTOME_PARTICIPATION:8720|R-HSA-1655829	8720	MBTPS1	ENSG00000140943	Reactome:R-HSA-1655829	R-HSA-1655829	TAS	Reactome
REACTOME_PARTICIPATION:8720|R-HSA-381033	8720	MBTPS1	ENSG00000140943	Reactome:R-HSA-381033	R-HSA-381033	TAS	Reactome
REACTOME_PARTICIPATION:8720|R-HSA-381426	8720	MBTPS1	ENSG00000140943	Reactome:R-HSA-381426	R-HSA-381426	TAS	Reactome
REACTOME_PARTICIPATION:8720|R-HSA-8874177	8720	MBTPS1	ENSG00000140943	Reactome:R-HSA-8874177	R-HSA-8874177	TAS	Reactome
REACTOME_PARTICIPATION:8720|R-HSA-8874211	8720	MBTPS1	ENSG00000140943	Reactome:R-HSA-8874211	R-HSA-8874211	TAS	Reactome
REACTOME_PARTICIPATION:8720|R-HSA-8957275	8720	MBTPS1	ENSG00000140943	Reactome:R-HSA-8957275	R-HSA-8957275	TAS	Reactome
REACTOME_PARTICIPATION:8720|R-HSA-8963889	8720	MBTPS1	ENSG00000140943	Reactome:R-HSA-8963889	R-HSA-8963889	IEA	Reactome
REACTOME_PARTICIPATION:873|R-HSA-2162123	873	CBR1	ENSG00000159228	Reactome:R-HSA-2162123	R-HSA-2162123	TAS	Reactome
REACTOME_PARTICIPATION:8743|R-HSA-140534	8743	TNFSF10	ENSG00000121858	Reactome:R-HSA-140534	R-HSA-140534	TAS	Reactome
REACTOME_PARTICIPATION:8743|R-HSA-3371378	8743	TNFSF10	ENSG00000121858	Reactome:R-HSA-3371378	R-HSA-3371378	TAS	Reactome
REACTOME_PARTICIPATION:8743|R-HSA-5213460	8743	TNFSF10	ENSG00000121858	Reactome:R-HSA-5213460	R-HSA-5213460	TAS	Reactome
REACTOME_PARTICIPATION:8743|R-HSA-5218900	8743	TNFSF10	ENSG00000121858	Reactome:R-HSA-5218900	R-HSA-5218900	TAS	Reactome
REACTOME_PARTICIPATION:8743|R-HSA-69416	8743	TNFSF10	ENSG00000121858	Reactome:R-HSA-69416	R-HSA-69416	TAS	Reactome
REACTOME_PARTICIPATION:8743|R-HSA-75158	8743	TNFSF10	ENSG00000121858	Reactome:R-HSA-75158	R-HSA-75158	TAS	Reactome
REACTOME_PARTICIPATION:8805|R-HSA-1839117	8805	TRIM24	ENSG00000122779	Reactome:R-HSA-1839117	R-HSA-1839117	TAS	Reactome
REACTOME_PARTICIPATION:8805|R-HSA-5655302	8805	TRIM24	ENSG00000122779	Reactome:R-HSA-5655302	R-HSA-5655302	TAS	Reactome
REACTOME_PARTICIPATION:8805|R-HSA-6802952	8805	TRIM24	ENSG00000122779	Reactome:R-HSA-6802952	R-HSA-6802952	TAS	Reactome
REACTOME_PARTICIPATION:8821|R-HSA-1660499	8821	INPP4B	ENSG00000109452	Reactome:R-HSA-1660499	R-HSA-1660499	TAS	Reactome
REACTOME_PARTICIPATION:8821|R-HSA-1660516	8821	INPP4B	ENSG00000109452	Reactome:R-HSA-1660516	R-HSA-1660516	TAS	Reactome
REACTOME_PARTICIPATION:8821|R-HSA-1855183	8821	INPP4B	ENSG00000109452	Reactome:R-HSA-1855183	R-HSA-1855183	TAS	Reactome
REACTOME_PARTICIPATION:8826|R-HSA-373753	8826	IQGAP1	ENSG00000140575	Reactome:R-HSA-373753	R-HSA-373753	TAS	Reactome
REACTOME_PARTICIPATION:8826|R-HSA-381676	8826	IQGAP1	ENSG00000140575	Reactome:R-HSA-381676	R-HSA-381676	IEA	Reactome
REACTOME_PARTICIPATION:8826|R-HSA-5626467	8826	IQGAP1	ENSG00000140575	Reactome:R-HSA-5626467	R-HSA-5626467	TAS	Reactome
REACTOME_PARTICIPATION:8826|R-HSA-5674135	8826	IQGAP1	ENSG00000140575	Reactome:R-HSA-5674135	R-HSA-5674135	TAS	Reactome
REACTOME_PARTICIPATION:8826|R-HSA-6798695	8826	IQGAP1	ENSG00000140575	Reactome:R-HSA-6798695	R-HSA-6798695	TAS	Reactome
REACTOME_PARTICIPATION:8826|R-HSA-6802946	8826	IQGAP1	ENSG00000140575	Reactome:R-HSA-6802946	R-HSA-6802946	TAS	Reactome
REACTOME_PARTICIPATION:8826|R-HSA-6802948	8826	IQGAP1	ENSG00000140575	Reactome:R-HSA-6802948	R-HSA-6802948	TAS	Reactome
REACTOME_PARTICIPATION:8826|R-HSA-6802952	8826	IQGAP1	ENSG00000140575	Reactome:R-HSA-6802952	R-HSA-6802952	TAS	Reactome
REACTOME_PARTICIPATION:8826|R-HSA-6802955	8826	IQGAP1	ENSG00000140575	Reactome:R-HSA-6802955	R-HSA-6802955	TAS	Reactome
REACTOME_PARTICIPATION:8826|R-HSA-8980692	8826	IQGAP1	ENSG00000140575	Reactome:R-HSA-8980692	R-HSA-8980692	TAS	Reactome
REACTOME_PARTICIPATION:8826|R-HSA-9013106	8826	IQGAP1	ENSG00000140575	Reactome:R-HSA-9013106	R-HSA-9013106	TAS	Reactome
REACTOME_PARTICIPATION:8826|R-HSA-9013148	8826	IQGAP1	ENSG00000140575	Reactome:R-HSA-9013148	R-HSA-9013148	TAS	Reactome
REACTOME_PARTICIPATION:8826|R-HSA-9013149	8826	IQGAP1	ENSG00000140575	Reactome:R-HSA-9013149	R-HSA-9013149	TAS	Reactome
REACTOME_PARTICIPATION:8826|R-HSA-9013404	8826	IQGAP1	ENSG00000140575	Reactome:R-HSA-9013404	R-HSA-9013404	TAS	Reactome
REACTOME_PARTICIPATION:8826|R-HSA-9013406	8826	IQGAP1	ENSG00000140575	Reactome:R-HSA-9013406	R-HSA-9013406	TAS	Reactome
REACTOME_PARTICIPATION:8826|R-HSA-9013420	8826	IQGAP1	ENSG00000140575	Reactome:R-HSA-9013420	R-HSA-9013420	TAS	Reactome
REACTOME_PARTICIPATION:8826|R-HSA-9013424	8826	IQGAP1	ENSG00000140575	Reactome:R-HSA-9013424	R-HSA-9013424	TAS	Reactome
REACTOME_PARTICIPATION:8826|R-HSA-9649948	8826	IQGAP1	ENSG00000140575	Reactome:R-HSA-9649948	R-HSA-9649948	TAS	Reactome
REACTOME_PARTICIPATION:8826|R-HSA-9656223	8826	IQGAP1	ENSG00000140575	Reactome:R-HSA-9656223	R-HSA-9656223	TAS	Reactome
REACTOME_PARTICIPATION:8835|R-HSA-1266695	8835	SOCS2	ENSG00000120833	Reactome:R-HSA-1266695	R-HSA-1266695	TAS	Reactome
REACTOME_PARTICIPATION:8835|R-HSA-8951664	8835	SOCS2	ENSG00000120833	Reactome:R-HSA-8951664	R-HSA-8951664	TAS	Reactome
REACTOME_PARTICIPATION:8835|R-HSA-9706369	8835	SOCS2	ENSG00000120833	Reactome:R-HSA-9706369	R-HSA-9706369	TAS	Reactome
REACTOME_PARTICIPATION:8835|R-HSA-982772	8835	SOCS2	ENSG00000120833	Reactome:R-HSA-982772	R-HSA-982772	IEA	Reactome
REACTOME_PARTICIPATION:8862|R-HSA-375276	8862	APLN	ENSG00000171388	Reactome:R-HSA-375276	R-HSA-375276	TAS	Reactome
REACTOME_PARTICIPATION:8862|R-HSA-418594	8862	APLN	ENSG00000171388	Reactome:R-HSA-418594	R-HSA-418594	TAS	Reactome
REACTOME_PARTICIPATION:8900|R-HSA-1538133	8900	CCNA1	ENSG00000133101	Reactome:R-HSA-1538133	R-HSA-1538133	TAS	Reactome
REACTOME_PARTICIPATION:8900|R-HSA-171319	8900	CCNA1	ENSG00000133101	Reactome:R-HSA-171319	R-HSA-171319	TAS	Reactome
REACTOME_PARTICIPATION:8900|R-HSA-174184	8900	CCNA1	ENSG00000133101	Reactome:R-HSA-174184	R-HSA-174184	TAS	Reactome
REACTOME_PARTICIPATION:8900|R-HSA-176408	8900	CCNA1	ENSG00000133101	Reactome:R-HSA-176408	R-HSA-176408	TAS	Reactome
REACTOME_PARTICIPATION:8900|R-HSA-187577	8900	CCNA1	ENSG00000133101	Reactome:R-HSA-187577	R-HSA-187577	TAS	Reactome
REACTOME_PARTICIPATION:8900|R-HSA-2559582	8900	CCNA1	ENSG00000133101	Reactome:R-HSA-2559582	R-HSA-2559582	TAS	Reactome
REACTOME_PARTICIPATION:8900|R-HSA-2559586	8900	CCNA1	ENSG00000133101	Reactome:R-HSA-2559586	R-HSA-2559586	TAS	Reactome
REACTOME_PARTICIPATION:8900|R-HSA-5689880	8900	CCNA1	ENSG00000133101	Reactome:R-HSA-5689880	R-HSA-5689880	TAS	Reactome
REACTOME_PARTICIPATION:8900|R-HSA-5693607	8900	CCNA1	ENSG00000133101	Reactome:R-HSA-5693607	R-HSA-5693607	TAS	Reactome
REACTOME_PARTICIPATION:8900|R-HSA-6804116	8900	CCNA1	ENSG00000133101	Reactome:R-HSA-6804116	R-HSA-6804116	TAS	Reactome
REACTOME_PARTICIPATION:8900|R-HSA-6804756	8900	CCNA1	ENSG00000133101	Reactome:R-HSA-6804756	R-HSA-6804756	TAS	Reactome
REACTOME_PARTICIPATION:8900|R-HSA-6804757	8900	CCNA1	ENSG00000133101	Reactome:R-HSA-6804757	R-HSA-6804757	TAS	Reactome
REACTOME_PARTICIPATION:8900|R-HSA-68911	8900	CCNA1	ENSG00000133101	Reactome:R-HSA-68911	R-HSA-68911	TAS	Reactome
REACTOME_PARTICIPATION:8900|R-HSA-68949	8900	CCNA1	ENSG00000133101	Reactome:R-HSA-68949	R-HSA-68949	TAS	Reactome
REACTOME_PARTICIPATION:8900|R-HSA-69017	8900	CCNA1	ENSG00000133101	Reactome:R-HSA-69017	R-HSA-69017	TAS	Reactome
REACTOME_PARTICIPATION:8900|R-HSA-69205	8900	CCNA1	ENSG00000133101	Reactome:R-HSA-69205	R-HSA-69205	TAS	Reactome
REACTOME_PARTICIPATION:8900|R-HSA-69273	8900	CCNA1	ENSG00000133101	Reactome:R-HSA-69273	R-HSA-69273	TAS	Reactome
REACTOME_PARTICIPATION:8900|R-HSA-69478	8900	CCNA1	ENSG00000133101	Reactome:R-HSA-69478	R-HSA-69478	TAS	Reactome
REACTOME_PARTICIPATION:8900|R-HSA-69563	8900	CCNA1	ENSG00000133101	Reactome:R-HSA-69563	R-HSA-69563	TAS	Reactome
REACTOME_PARTICIPATION:8900|R-HSA-69656	8900	CCNA1	ENSG00000133101	Reactome:R-HSA-69656	R-HSA-69656	TAS	Reactome
REACTOME_PARTICIPATION:8900|R-HSA-75035	8900	CCNA1	ENSG00000133101	Reactome:R-HSA-75035	R-HSA-75035	TAS	Reactome
REACTOME_PARTICIPATION:891|R-HSA-113507	891	CCNB1	ENSG00000134057	Reactome:R-HSA-113507	R-HSA-113507	IEA	Reactome
REACTOME_PARTICIPATION:891|R-HSA-156711	891	CCNB1	ENSG00000134057	Reactome:R-HSA-156711	R-HSA-156711	TAS	Reactome
REACTOME_PARTICIPATION:891|R-HSA-162658	891	CCNB1	ENSG00000134057	Reactome:R-HSA-162658	R-HSA-162658	IEA	Reactome
REACTOME_PARTICIPATION:891|R-HSA-174048	891	CCNB1	ENSG00000134057	Reactome:R-HSA-174048	R-HSA-174048	TAS	Reactome
REACTOME_PARTICIPATION:891|R-HSA-176408	891	CCNB1	ENSG00000134057	Reactome:R-HSA-176408	R-HSA-176408	TAS	Reactome
REACTOME_PARTICIPATION:891|R-HSA-176412	891	CCNB1	ENSG00000134057	Reactome:R-HSA-176412	R-HSA-176412	TAS	Reactome
REACTOME_PARTICIPATION:891|R-HSA-176417	891	CCNB1	ENSG00000134057	Reactome:R-HSA-176417	R-HSA-176417	TAS	Reactome
REACTOME_PARTICIPATION:891|R-HSA-2299718	891	CCNB1	ENSG00000134057	Reactome:R-HSA-2299718	R-HSA-2299718	TAS	Reactome
REACTOME_PARTICIPATION:891|R-HSA-2465910	891	CCNB1	ENSG00000134057	Reactome:R-HSA-2465910	R-HSA-2465910	IEA	Reactome
REACTOME_PARTICIPATION:891|R-HSA-2500257	891	CCNB1	ENSG00000134057	Reactome:R-HSA-2500257	R-HSA-2500257	TAS	Reactome
REACTOME_PARTICIPATION:891|R-HSA-2514853	891	CCNB1	ENSG00000134057	Reactome:R-HSA-2514853	R-HSA-2514853	IEA	Reactome
REACTOME_PARTICIPATION:891|R-HSA-2565942	891	CCNB1	ENSG00000134057	Reactome:R-HSA-2565942	R-HSA-2565942	TAS	Reactome
REACTOME_PARTICIPATION:891|R-HSA-2980767	891	CCNB1	ENSG00000134057	Reactome:R-HSA-2980767	R-HSA-2980767	TAS	Reactome
REACTOME_PARTICIPATION:891|R-HSA-2995383	891	CCNB1	ENSG00000134057	Reactome:R-HSA-2995383	R-HSA-2995383	TAS	Reactome
REACTOME_PARTICIPATION:891|R-HSA-3301854	891	CCNB1	ENSG00000134057	Reactome:R-HSA-3301854	R-HSA-3301854	TAS	Reactome
REACTOME_PARTICIPATION:891|R-HSA-4419969	891	CCNB1	ENSG00000134057	Reactome:R-HSA-4419969	R-HSA-4419969	TAS	Reactome
REACTOME_PARTICIPATION:891|R-HSA-6804114	891	CCNB1	ENSG00000134057	Reactome:R-HSA-6804114	R-HSA-6804114	TAS	Reactome
REACTOME_PARTICIPATION:891|R-HSA-68875	891	CCNB1	ENSG00000134057	Reactome:R-HSA-68875	R-HSA-68875	TAS	Reactome
REACTOME_PARTICIPATION:891|R-HSA-69273	891	CCNB1	ENSG00000134057	Reactome:R-HSA-69273	R-HSA-69273	TAS	Reactome
REACTOME_PARTICIPATION:891|R-HSA-69478	891	CCNB1	ENSG00000134057	Reactome:R-HSA-69478	R-HSA-69478	TAS	Reactome
REACTOME_PARTICIPATION:891|R-HSA-75035	891	CCNB1	ENSG00000134057	Reactome:R-HSA-75035	R-HSA-75035	TAS	Reactome
REACTOME_PARTICIPATION:891|R-HSA-8852276	891	CCNB1	ENSG00000134057	Reactome:R-HSA-8852276	R-HSA-8852276	TAS	Reactome
REACTOME_PARTICIPATION:891|R-HSA-8878166	891	CCNB1	ENSG00000134057	Reactome:R-HSA-8878166	R-HSA-8878166	TAS	Reactome
REACTOME_PARTICIPATION:891|R-HSA-9725371	891	CCNB1	ENSG00000134057	Reactome:R-HSA-9725371	R-HSA-9725371	TAS	Reactome
REACTOME_PARTICIPATION:891|R-HSA-9825892	891	CCNB1	ENSG00000134057	Reactome:R-HSA-9825892	R-HSA-9825892	TAS	Reactome
REACTOME_PARTICIPATION:894|R-HSA-69231	894	CCND2	ENSG00000118971	Reactome:R-HSA-69231	R-HSA-69231	TAS	Reactome
REACTOME_PARTICIPATION:894|R-HSA-8934593	894	CCND2	ENSG00000118971	Reactome:R-HSA-8934593	R-HSA-8934593	TAS	Reactome
REACTOME_PARTICIPATION:894|R-HSA-9661069	894	CCND2	ENSG00000118971	Reactome:R-HSA-9661069	R-HSA-9661069	TAS	Reactome
REACTOME_PARTICIPATION:894|R-HSA-9754119	894	CCND2	ENSG00000118971	Reactome:R-HSA-9754119	R-HSA-9754119	TAS	Reactome
REACTOME_PARTICIPATION:898|R-HSA-1538133	898	CCNE1	ENSG00000105173	Reactome:R-HSA-1538133	R-HSA-1538133	TAS	Reactome
REACTOME_PARTICIPATION:898|R-HSA-187577	898	CCNE1	ENSG00000105173	Reactome:R-HSA-187577	R-HSA-187577	TAS	Reactome
REACTOME_PARTICIPATION:898|R-HSA-2559586	898	CCNE1	ENSG00000105173	Reactome:R-HSA-2559586	R-HSA-2559586	TAS	Reactome
REACTOME_PARTICIPATION:898|R-HSA-390471	898	CCNE1	ENSG00000105173	Reactome:R-HSA-390471	R-HSA-390471	IEA	Reactome
REACTOME_PARTICIPATION:898|R-HSA-6804116	898	CCNE1	ENSG00000105173	Reactome:R-HSA-6804116	R-HSA-6804116	TAS	Reactome
REACTOME_PARTICIPATION:898|R-HSA-69017	898	CCNE1	ENSG00000105173	Reactome:R-HSA-69017	R-HSA-69017	TAS	Reactome
REACTOME_PARTICIPATION:898|R-HSA-69200	898	CCNE1	ENSG00000105173	Reactome:R-HSA-69200	R-HSA-69200	TAS	Reactome
REACTOME_PARTICIPATION:898|R-HSA-69202	898	CCNE1	ENSG00000105173	Reactome:R-HSA-69202	R-HSA-69202	TAS	Reactome
REACTOME_PARTICIPATION:898|R-HSA-69205	898	CCNE1	ENSG00000105173	Reactome:R-HSA-69205	R-HSA-69205	TAS	Reactome
REACTOME_PARTICIPATION:898|R-HSA-69231	898	CCNE1	ENSG00000105173	Reactome:R-HSA-69231	R-HSA-69231	TAS	Reactome
REACTOME_PARTICIPATION:898|R-HSA-69563	898	CCNE1	ENSG00000105173	Reactome:R-HSA-69563	R-HSA-69563	TAS	Reactome
REACTOME_PARTICIPATION:898|R-HSA-8849470	898	CCNE1	ENSG00000105173	Reactome:R-HSA-8849470	R-HSA-8849470	TAS	Reactome
REACTOME_PARTICIPATION:898|R-HSA-9661069	898	CCNE1	ENSG00000105173	Reactome:R-HSA-9661069	R-HSA-9661069	TAS	Reactome
REACTOME_PARTICIPATION:898|R-HSA-9706019	898	CCNE1	ENSG00000105173	Reactome:R-HSA-9706019	R-HSA-9706019	TAS	Reactome
REACTOME_PARTICIPATION:899|R-HSA-8951664	899	CCNF	ENSG00000162063	Reactome:R-HSA-8951664	R-HSA-8951664	TAS	Reactome
REACTOME_PARTICIPATION:899|R-HSA-983168	899	CCNF	ENSG00000162063	Reactome:R-HSA-983168	R-HSA-983168	TAS	Reactome
REACTOME_PARTICIPATION:900|R-HSA-6804757	900	CCNG1	ENSG00000113328	Reactome:R-HSA-6804757	R-HSA-6804757	TAS	Reactome
REACTOME_PARTICIPATION:9021|R-HSA-1059683	9021	SOCS3	ENSG00000184557	Reactome:R-HSA-1059683	R-HSA-1059683	TAS	Reactome
REACTOME_PARTICIPATION:9021|R-HSA-2586552	9021	SOCS3	ENSG00000184557	Reactome:R-HSA-2586552	R-HSA-2586552	IEA	Reactome
REACTOME_PARTICIPATION:9021|R-HSA-6785807	9021	SOCS3	ENSG00000184557	Reactome:R-HSA-6785807	R-HSA-6785807	TAS	Reactome
REACTOME_PARTICIPATION:9021|R-HSA-877300	9021	SOCS3	ENSG00000184557	Reactome:R-HSA-877300	R-HSA-877300	TAS	Reactome
REACTOME_PARTICIPATION:9021|R-HSA-877312	9021	SOCS3	ENSG00000184557	Reactome:R-HSA-877312	R-HSA-877312	TAS	Reactome
REACTOME_PARTICIPATION:9021|R-HSA-8849474	9021	SOCS3	ENSG00000184557	Reactome:R-HSA-8849474	R-HSA-8849474	TAS	Reactome
REACTOME_PARTICIPATION:9021|R-HSA-8854691	9021	SOCS3	ENSG00000184557	Reactome:R-HSA-8854691	R-HSA-8854691	TAS	Reactome
REACTOME_PARTICIPATION:9021|R-HSA-8939242	9021	SOCS3	ENSG00000184557	Reactome:R-HSA-8939242	R-HSA-8939242	IEA	Reactome
REACTOME_PARTICIPATION:9021|R-HSA-8951664	9021	SOCS3	ENSG00000184557	Reactome:R-HSA-8951664	R-HSA-8951664	TAS	Reactome
REACTOME_PARTICIPATION:9021|R-HSA-909733	9021	SOCS3	ENSG00000184557	Reactome:R-HSA-909733	R-HSA-909733	TAS	Reactome
REACTOME_PARTICIPATION:9021|R-HSA-912694	9021	SOCS3	ENSG00000184557	Reactome:R-HSA-912694	R-HSA-912694	IEA	Reactome
REACTOME_PARTICIPATION:9021|R-HSA-9674555	9021	SOCS3	ENSG00000184557	Reactome:R-HSA-9674555	R-HSA-9674555	IEA	Reactome
REACTOME_PARTICIPATION:9021|R-HSA-9705462	9021	SOCS3	ENSG00000184557	Reactome:R-HSA-9705462	R-HSA-9705462	TAS	Reactome
REACTOME_PARTICIPATION:9021|R-HSA-982772	9021	SOCS3	ENSG00000184557	Reactome:R-HSA-982772	R-HSA-982772	IEA	Reactome
REACTOME_PARTICIPATION:9021|R-HSA-983168	9021	SOCS3	ENSG00000184557	Reactome:R-HSA-983168	R-HSA-983168	TAS	Reactome
REACTOME_PARTICIPATION:90381|R-HSA-69273	90381	TICRR	ENSG00000140534	Reactome:R-HSA-69273	R-HSA-69273	TAS	Reactome
REACTOME_PARTICIPATION:9043|R-HSA-525793	9043	SPAG9	ENSG00000008294	Reactome:R-HSA-525793	R-HSA-525793	IEA	Reactome
REACTOME_PARTICIPATION:9055|R-HSA-5625900	9055	PRC1	ENSG00000198901	Reactome:R-HSA-5625900	R-HSA-5625900	TAS	Reactome
REACTOME_PARTICIPATION:9088|R-HSA-156711	9088	PKMYT1	ENSG00000127564	Reactome:R-HSA-156711	R-HSA-156711	TAS	Reactome
REACTOME_PARTICIPATION:9088|R-HSA-69273	9088	PKMYT1	ENSG00000127564	Reactome:R-HSA-69273	R-HSA-69273	TAS	Reactome
REACTOME_PARTICIPATION:9088|R-HSA-69478	9088	PKMYT1	ENSG00000127564	Reactome:R-HSA-69478	R-HSA-69478	TAS	Reactome
REACTOME_PARTICIPATION:9099|R-HSA-5357786	9099	USP2	ENSG00000036672	Reactome:R-HSA-5357786	R-HSA-5357786	TAS	Reactome
REACTOME_PARTICIPATION:9099|R-HSA-5357905	9099	USP2	ENSG00000036672	Reactome:R-HSA-5357905	R-HSA-5357905	TAS	Reactome
REACTOME_PARTICIPATION:9099|R-HSA-5357956	9099	USP2	ENSG00000036672	Reactome:R-HSA-5357956	R-HSA-5357956	TAS	Reactome
REACTOME_PARTICIPATION:9099|R-HSA-5689880	9099	USP2	ENSG00000036672	Reactome:R-HSA-5689880	R-HSA-5689880	TAS	Reactome
REACTOME_PARTICIPATION:9099|R-HSA-6804757	9099	USP2	ENSG00000036672	Reactome:R-HSA-6804757	R-HSA-6804757	TAS	Reactome
REACTOME_PARTICIPATION:91147|R-HSA-5620912	91147	TMEM67	ENSG00000164953	Reactome:R-HSA-5620912	R-HSA-5620912	TAS	Reactome
REACTOME_PARTICIPATION:9126|R-HSA-1221632	9126	SMC3	ENSG00000108055	Reactome:R-HSA-1221632	R-HSA-1221632	IEA	Reactome
REACTOME_PARTICIPATION:9126|R-HSA-2467813	9126	SMC3	ENSG00000108055	Reactome:R-HSA-2467813	R-HSA-2467813	TAS	Reactome
REACTOME_PARTICIPATION:9126|R-HSA-2468052	9126	SMC3	ENSG00000108055	Reactome:R-HSA-2468052	R-HSA-2468052	TAS	Reactome
REACTOME_PARTICIPATION:9126|R-HSA-2470946	9126	SMC3	ENSG00000108055	Reactome:R-HSA-2470946	R-HSA-2470946	TAS	Reactome
REACTOME_PARTICIPATION:9126|R-HSA-2500257	9126	SMC3	ENSG00000108055	Reactome:R-HSA-2500257	R-HSA-2500257	TAS	Reactome
REACTOME_PARTICIPATION:9126|R-HSA-3108214	9126	SMC3	ENSG00000108055	Reactome:R-HSA-3108214	R-HSA-3108214	TAS	Reactome
REACTOME_PARTICIPATION:9126|R-HSA-9018519	9126	SMC3	ENSG00000108055	Reactome:R-HSA-9018519	R-HSA-9018519	TAS	Reactome
REACTOME_PARTICIPATION:9133|R-HSA-156711	9133	CCNB2	ENSG00000157456	Reactome:R-HSA-156711	R-HSA-156711	TAS	Reactome
REACTOME_PARTICIPATION:9133|R-HSA-162658	9133	CCNB2	ENSG00000157456	Reactome:R-HSA-162658	R-HSA-162658	IEA	Reactome
REACTOME_PARTICIPATION:9133|R-HSA-2500257	9133	CCNB2	ENSG00000157456	Reactome:R-HSA-2500257	R-HSA-2500257	TAS	Reactome
REACTOME_PARTICIPATION:9133|R-HSA-2514853	9133	CCNB2	ENSG00000157456	Reactome:R-HSA-2514853	R-HSA-2514853	IEA	Reactome
REACTOME_PARTICIPATION:9133|R-HSA-2565942	9133	CCNB2	ENSG00000157456	Reactome:R-HSA-2565942	R-HSA-2565942	TAS	Reactome
REACTOME_PARTICIPATION:9133|R-HSA-2980767	9133	CCNB2	ENSG00000157456	Reactome:R-HSA-2980767	R-HSA-2980767	TAS	Reactome
REACTOME_PARTICIPATION:9133|R-HSA-2995383	9133	CCNB2	ENSG00000157456	Reactome:R-HSA-2995383	R-HSA-2995383	TAS	Reactome
REACTOME_PARTICIPATION:9133|R-HSA-3301854	9133	CCNB2	ENSG00000157456	Reactome:R-HSA-3301854	R-HSA-3301854	TAS	Reactome
REACTOME_PARTICIPATION:9133|R-HSA-69273	9133	CCNB2	ENSG00000157456	Reactome:R-HSA-69273	R-HSA-69273	TAS	Reactome
REACTOME_PARTICIPATION:9133|R-HSA-69478	9133	CCNB2	ENSG00000157456	Reactome:R-HSA-69478	R-HSA-69478	TAS	Reactome
REACTOME_PARTICIPATION:9133|R-HSA-8852276	9133	CCNB2	ENSG00000157456	Reactome:R-HSA-8852276	R-HSA-8852276	TAS	Reactome
REACTOME_PARTICIPATION:9156|R-HSA-5358565	9156	EXO1	ENSG00000174371	Reactome:R-HSA-5358565	R-HSA-5358565	TAS	Reactome
REACTOME_PARTICIPATION:9156|R-HSA-5358606	9156	EXO1	ENSG00000174371	Reactome:R-HSA-5358606	R-HSA-5358606	IEA	Reactome
REACTOME_PARTICIPATION:9156|R-HSA-5685938	9156	EXO1	ENSG00000174371	Reactome:R-HSA-5685938	R-HSA-5685938	TAS	Reactome
REACTOME_PARTICIPATION:9156|R-HSA-5685942	9156	EXO1	ENSG00000174371	Reactome:R-HSA-5685942	R-HSA-5685942	TAS	Reactome
REACTOME_PARTICIPATION:9156|R-HSA-5693554	9156	EXO1	ENSG00000174371	Reactome:R-HSA-5693554	R-HSA-5693554	TAS	Reactome
REACTOME_PARTICIPATION:9156|R-HSA-5693568	9156	EXO1	ENSG00000174371	Reactome:R-HSA-5693568	R-HSA-5693568	TAS	Reactome
REACTOME_PARTICIPATION:9156|R-HSA-5693579	9156	EXO1	ENSG00000174371	Reactome:R-HSA-5693579	R-HSA-5693579	TAS	Reactome
REACTOME_PARTICIPATION:9156|R-HSA-5693607	9156	EXO1	ENSG00000174371	Reactome:R-HSA-5693607	R-HSA-5693607	TAS	Reactome
REACTOME_PARTICIPATION:9156|R-HSA-5693616	9156	EXO1	ENSG00000174371	Reactome:R-HSA-5693616	R-HSA-5693616	TAS	Reactome
REACTOME_PARTICIPATION:9156|R-HSA-6804756	9156	EXO1	ENSG00000174371	Reactome:R-HSA-6804756	R-HSA-6804756	TAS	Reactome
REACTOME_PARTICIPATION:9156|R-HSA-69473	9156	EXO1	ENSG00000174371	Reactome:R-HSA-69473	R-HSA-69473	TAS	Reactome
REACTOME_PARTICIPATION:9156|R-HSA-9701192	9156	EXO1	ENSG00000174371	Reactome:R-HSA-9701192	R-HSA-9701192	TAS	Reactome
REACTOME_PARTICIPATION:9156|R-HSA-9704331	9156	EXO1	ENSG00000174371	Reactome:R-HSA-9704331	R-HSA-9704331	TAS	Reactome
REACTOME_PARTICIPATION:9156|R-HSA-9704646	9156	EXO1	ENSG00000174371	Reactome:R-HSA-9704646	R-HSA-9704646	TAS	Reactome
REACTOME_PARTICIPATION:9156|R-HSA-9709570	9156	EXO1	ENSG00000174371	Reactome:R-HSA-9709570	R-HSA-9709570	TAS	Reactome
REACTOME_PARTICIPATION:9156|R-HSA-9709603	9156	EXO1	ENSG00000174371	Reactome:R-HSA-9709603	R-HSA-9709603	TAS	Reactome
REACTOME_PARTICIPATION:91937|R-HSA-9918485	91937	TIMD4	ENSG00000145850	Reactome:R-HSA-9918485	R-HSA-9918485	TAS	Reactome
REACTOME_PARTICIPATION:9212|R-HSA-141444	9212	AURKB	ENSG00000178999	Reactome:R-HSA-141444	R-HSA-141444	TAS	Reactome
REACTOME_PARTICIPATION:9212|R-HSA-174178	9212	AURKB	ENSG00000178999	Reactome:R-HSA-174178	R-HSA-174178	TAS	Reactome
REACTOME_PARTICIPATION:9212|R-HSA-2467813	9212	AURKB	ENSG00000178999	Reactome:R-HSA-2467813	R-HSA-2467813	TAS	Reactome
REACTOME_PARTICIPATION:9212|R-HSA-2500257	9212	AURKB	ENSG00000178999	Reactome:R-HSA-2500257	R-HSA-2500257	TAS	Reactome
REACTOME_PARTICIPATION:9212|R-HSA-4615885	9212	AURKB	ENSG00000178999	Reactome:R-HSA-4615885	R-HSA-4615885	TAS	Reactome
REACTOME_PARTICIPATION:9212|R-HSA-5663220	9212	AURKB	ENSG00000178999	Reactome:R-HSA-5663220	R-HSA-5663220	TAS	Reactome
REACTOME_PARTICIPATION:9212|R-HSA-6804756	9212	AURKB	ENSG00000178999	Reactome:R-HSA-6804756	R-HSA-6804756	TAS	Reactome
REACTOME_PARTICIPATION:9212|R-HSA-68877	9212	AURKB	ENSG00000178999	Reactome:R-HSA-68877	R-HSA-68877	TAS	Reactome
REACTOME_PARTICIPATION:9212|R-HSA-9022692	9212	AURKB	ENSG00000178999	Reactome:R-HSA-9022692	R-HSA-9022692	IEA	Reactome
REACTOME_PARTICIPATION:9212|R-HSA-9648025	9212	AURKB	ENSG00000178999	Reactome:R-HSA-9648025	R-HSA-9648025	TAS	Reactome
REACTOME_PARTICIPATION:9227|R-HSA-2453902	9227	LRAT	ENSG00000121207	Reactome:R-HSA-2453902	R-HSA-2453902	TAS	Reactome
REACTOME_PARTICIPATION:9227|R-HSA-975634	9227	LRAT	ENSG00000121207	Reactome:R-HSA-975634	R-HSA-975634	TAS	Reactome
REACTOME_PARTICIPATION:9227|R-HSA-9918442	9227	LRAT	ENSG00000121207	Reactome:R-HSA-9918442	R-HSA-9918442	TAS	Reactome
REACTOME_PARTICIPATION:922|R-HSA-3000471	922	CD5L	ENSG00000073754	Reactome:R-HSA-3000471	R-HSA-3000471	TAS	Reactome
REACTOME_PARTICIPATION:9232|R-HSA-174154	9232	PTTG1	ENSG00000164611	Reactome:R-HSA-174154	R-HSA-174154	TAS	Reactome
REACTOME_PARTICIPATION:9232|R-HSA-174178	9232	PTTG1	ENSG00000164611	Reactome:R-HSA-174178	R-HSA-174178	TAS	Reactome
REACTOME_PARTICIPATION:9232|R-HSA-2467813	9232	PTTG1	ENSG00000164611	Reactome:R-HSA-2467813	R-HSA-2467813	TAS	Reactome
REACTOME_PARTICIPATION:928|R-HSA-114608	928	CD9	ENSG00000010278	Reactome:R-HSA-114608	R-HSA-114608	TAS	Reactome
REACTOME_PARTICIPATION:928|R-HSA-1300645	928	CD9	ENSG00000010278	Reactome:R-HSA-1300645	R-HSA-1300645	TAS	Reactome
REACTOME_PARTICIPATION:928|R-HSA-5336415	928	CD9	ENSG00000010278	Reactome:R-HSA-5336415	R-HSA-5336415	TAS	Reactome
REACTOME_PARTICIPATION:929|R-HSA-1236974	929	CD14	ENSG00000170458	Reactome:R-HSA-1236974	R-HSA-1236974	TAS	Reactome
REACTOME_PARTICIPATION:929|R-HSA-140534	929	CD14	ENSG00000170458	Reactome:R-HSA-140534	R-HSA-140534	TAS	Reactome
REACTOME_PARTICIPATION:929|R-HSA-166016	929	CD14	ENSG00000170458	Reactome:R-HSA-166016	R-HSA-166016	TAS	Reactome
REACTOME_PARTICIPATION:929|R-HSA-166020	929	CD14	ENSG00000170458	Reactome:R-HSA-166020	R-HSA-166020	TAS	Reactome
REACTOME_PARTICIPATION:929|R-HSA-166058	929	CD14	ENSG00000170458	Reactome:R-HSA-166058	R-HSA-166058	TAS	Reactome
REACTOME_PARTICIPATION:929|R-HSA-166166	929	CD14	ENSG00000170458	Reactome:R-HSA-166166	R-HSA-166166	TAS	Reactome
REACTOME_PARTICIPATION:929|R-HSA-168179	929	CD14	ENSG00000170458	Reactome:R-HSA-168179	R-HSA-168179	TAS	Reactome
REACTOME_PARTICIPATION:929|R-HSA-168188	929	CD14	ENSG00000170458	Reactome:R-HSA-168188	R-HSA-168188	TAS	Reactome
REACTOME_PARTICIPATION:929|R-HSA-2562578	929	CD14	ENSG00000170458	Reactome:R-HSA-2562578	R-HSA-2562578	TAS	Reactome
REACTOME_PARTICIPATION:929|R-HSA-5602498	929	CD14	ENSG00000170458	Reactome:R-HSA-5602498	R-HSA-5602498	TAS	Reactome
REACTOME_PARTICIPATION:929|R-HSA-5603041	929	CD14	ENSG00000170458	Reactome:R-HSA-5603041	R-HSA-5603041	TAS	Reactome
REACTOME_PARTICIPATION:929|R-HSA-5686938	929	CD14	ENSG00000170458	Reactome:R-HSA-5686938	R-HSA-5686938	TAS	Reactome
REACTOME_PARTICIPATION:929|R-HSA-6798695	929	CD14	ENSG00000170458	Reactome:R-HSA-6798695	R-HSA-6798695	TAS	Reactome
REACTOME_PARTICIPATION:929|R-HSA-936964	929	CD14	ENSG00000170458	Reactome:R-HSA-936964	R-HSA-936964	TAS	Reactome
REACTOME_PARTICIPATION:929|R-HSA-937041	929	CD14	ENSG00000170458	Reactome:R-HSA-937041	R-HSA-937041	TAS	Reactome
REACTOME_PARTICIPATION:929|R-HSA-937072	929	CD14	ENSG00000170458	Reactome:R-HSA-937072	R-HSA-937072	TAS	Reactome
REACTOME_PARTICIPATION:929|R-HSA-975163	929	CD14	ENSG00000170458	Reactome:R-HSA-975163	R-HSA-975163	TAS	Reactome
REACTOME_PARTICIPATION:929|R-HSA-9820960	929	CD14	ENSG00000170458	Reactome:R-HSA-9820960	R-HSA-9820960	TAS	Reactome
REACTOME_PARTICIPATION:929|R-HSA-9824878	929	CD14	ENSG00000170458	Reactome:R-HSA-9824878	R-HSA-9824878	TAS	Reactome
REACTOME_PARTICIPATION:929|R-HSA-9833110	929	CD14	ENSG00000170458	Reactome:R-HSA-9833110	R-HSA-9833110	TAS	Reactome
REACTOME_PARTICIPATION:929|R-HSA-9918485	929	CD14	ENSG00000170458	Reactome:R-HSA-9918485	R-HSA-9918485	TAS	Reactome
REACTOME_PARTICIPATION:9314|R-HSA-381340	9314	KLF4	ENSG00000136826	Reactome:R-HSA-381340	R-HSA-381340	IEA	Reactome
REACTOME_PARTICIPATION:9314|R-HSA-422085	9314	KLF4	ENSG00000136826	Reactome:R-HSA-422085	R-HSA-422085	TAS	Reactome
REACTOME_PARTICIPATION:9314|R-HSA-452723	9314	KLF4	ENSG00000136826	Reactome:R-HSA-452723	R-HSA-452723	TAS	Reactome
REACTOME_PARTICIPATION:9314|R-HSA-9617828	9314	KLF4	ENSG00000136826	Reactome:R-HSA-9617828	R-HSA-9617828	IEA	Reactome
REACTOME_PARTICIPATION:9314|R-HSA-9764790	9314	KLF4	ENSG00000136826	Reactome:R-HSA-9764790	R-HSA-9764790	TAS	Reactome
REACTOME_PARTICIPATION:9332|R-HSA-2168880	9332	CD163	ENSG00000177575	Reactome:R-HSA-2168880	R-HSA-2168880	TAS	Reactome
REACTOME_PARTICIPATION:9332|R-HSA-9662834	9332	CD163	ENSG00000177575	Reactome:R-HSA-9662834	R-HSA-9662834	TAS	Reactome
REACTOME_PARTICIPATION:9343|R-HSA-72163	9343	EFTUD2	ENSG00000108883	Reactome:R-HSA-72163	R-HSA-72163	TAS	Reactome
REACTOME_PARTICIPATION:9343|R-HSA-72165	9343	EFTUD2	ENSG00000108883	Reactome:R-HSA-72165	R-HSA-72165	TAS	Reactome
REACTOME_PARTICIPATION:9343|R-HSA-9918481	9343	EFTUD2	ENSG00000108883	Reactome:R-HSA-9918481	R-HSA-9918481	TAS	Reactome
REACTOME_PARTICIPATION:9353|R-HSA-373752	9353	SLIT2	ENSG00000145147	Reactome:R-HSA-373752	R-HSA-373752	IEA	Reactome
REACTOME_PARTICIPATION:9353|R-HSA-376176	9353	SLIT2	ENSG00000145147	Reactome:R-HSA-376176	R-HSA-376176	TAS	Reactome
REACTOME_PARTICIPATION:9353|R-HSA-428540	9353	SLIT2	ENSG00000145147	Reactome:R-HSA-428540	R-HSA-428540	IEA	Reactome
REACTOME_PARTICIPATION:9353|R-HSA-428542	9353	SLIT2	ENSG00000145147	Reactome:R-HSA-428542	R-HSA-428542	IEA	Reactome
REACTOME_PARTICIPATION:9353|R-HSA-428543	9353	SLIT2	ENSG00000145147	Reactome:R-HSA-428543	R-HSA-428543	IEA	Reactome
REACTOME_PARTICIPATION:9353|R-HSA-428890	9353	SLIT2	ENSG00000145147	Reactome:R-HSA-428890	R-HSA-428890	TAS	Reactome
REACTOME_PARTICIPATION:9353|R-HSA-8985586	9353	SLIT2	ENSG00000145147	Reactome:R-HSA-8985586	R-HSA-8985586	TAS	Reactome
REACTOME_PARTICIPATION:9353|R-HSA-9010553	9353	SLIT2	ENSG00000145147	Reactome:R-HSA-9010553	R-HSA-9010553	TAS	Reactome
REACTOME_PARTICIPATION:9353|R-HSA-9830674	9353	SLIT2	ENSG00000145147	Reactome:R-HSA-9830674	R-HSA-9830674	IEA	Reactome
REACTOME_PARTICIPATION:9370|R-HSA-163680	9370	ADIPOQ	ENSG00000181092	Reactome:R-HSA-163680	R-HSA-163680	TAS	Reactome
REACTOME_PARTICIPATION:9370|R-HSA-381340	9370	ADIPOQ	ENSG00000181092	Reactome:R-HSA-381340	R-HSA-381340	TAS	Reactome
REACTOME_PARTICIPATION:9370|R-HSA-9841922	9370	ADIPOQ	ENSG00000181092	Reactome:R-HSA-9841922	R-HSA-9841922	TAS	Reactome
REACTOME_PARTICIPATION:9376|R-HSA-561048	9376	SLC22A8	ENSG00000149452	Reactome:R-HSA-561048	R-HSA-561048	TAS	Reactome
REACTOME_PARTICIPATION:9376|R-HSA-9793528	9376	SLC22A8	ENSG00000149452	Reactome:R-HSA-9793528	R-HSA-9793528	IEA	Reactome
REACTOME_PARTICIPATION:9448|R-HSA-2559580	9448	MAP4K4	ENSG00000071054	Reactome:R-HSA-2559580	R-HSA-2559580	TAS	Reactome
REACTOME_PARTICIPATION:9474|R-HSA-1632852	9474	ATG5	ENSG00000057663	Reactome:R-HSA-1632852	R-HSA-1632852	TAS	Reactome
REACTOME_PARTICIPATION:9474|R-HSA-5205685	9474	ATG5	ENSG00000057663	Reactome:R-HSA-5205685	R-HSA-5205685	TAS	Reactome
REACTOME_PARTICIPATION:9474|R-HSA-8934903	9474	ATG5	ENSG00000057663	Reactome:R-HSA-8934903	R-HSA-8934903	TAS	Reactome
REACTOME_PARTICIPATION:9474|R-HSA-936440	9474	ATG5	ENSG00000057663	Reactome:R-HSA-936440	R-HSA-936440	IEA	Reactome
REACTOME_PARTICIPATION:947|R-HSA-198933	947	CD34	ENSG00000174059	Reactome:R-HSA-198933	R-HSA-198933	TAS	Reactome
REACTOME_PARTICIPATION:9493|R-HSA-2132295	9493	KIF23	ENSG00000137807	Reactome:R-HSA-2132295	R-HSA-2132295	TAS	Reactome
REACTOME_PARTICIPATION:9493|R-HSA-6811434	9493	KIF23	ENSG00000137807	Reactome:R-HSA-6811434	R-HSA-6811434	TAS	Reactome
REACTOME_PARTICIPATION:9493|R-HSA-68884	9493	KIF23	ENSG00000137807	Reactome:R-HSA-68884	R-HSA-68884	TAS	Reactome
REACTOME_PARTICIPATION:9493|R-HSA-983189	9493	KIF23	ENSG00000137807	Reactome:R-HSA-983189	R-HSA-983189	TAS	Reactome
REACTOME_PARTICIPATION:949|R-HSA-3000471	949	SCARB1	ENSG00000073060	Reactome:R-HSA-3000471	R-HSA-3000471	TAS	Reactome
REACTOME_PARTICIPATION:949|R-HSA-8964011	949	SCARB1	ENSG00000073060	Reactome:R-HSA-8964011	R-HSA-8964011	TAS	Reactome
REACTOME_PARTICIPATION:9510|R-HSA-1474228	9510	ADAMTS1	ENSG00000154734	Reactome:R-HSA-1474228	R-HSA-1474228	IEA	Reactome
REACTOME_PARTICIPATION:9510|R-HSA-5083635	9510	ADAMTS1	ENSG00000154734	Reactome:R-HSA-5083635	R-HSA-5083635	TAS	Reactome
REACTOME_PARTICIPATION:9510|R-HSA-5173214	9510	ADAMTS1	ENSG00000154734	Reactome:R-HSA-5173214	R-HSA-5173214	TAS	Reactome
REACTOME_PARTICIPATION:9588|R-HSA-3299685	9588	PRDX6	ENSG00000117592	Reactome:R-HSA-3299685	R-HSA-3299685	TAS	Reactome
REACTOME_PARTICIPATION:9588|R-HSA-6798695	9588	PRDX6	ENSG00000117592	Reactome:R-HSA-6798695	R-HSA-6798695	TAS	Reactome
REACTOME_PARTICIPATION:9636|R-HSA-1169408	9636	ISG15	ENSG00000187608	Reactome:R-HSA-1169408	R-HSA-1169408	TAS	Reactome
REACTOME_PARTICIPATION:9636|R-HSA-168276	9636	ISG15	ENSG00000187608	Reactome:R-HSA-168276	R-HSA-168276	TAS	Reactome
REACTOME_PARTICIPATION:9636|R-HSA-168928	9636	ISG15	ENSG00000187608	Reactome:R-HSA-168928	R-HSA-168928	TAS	Reactome
REACTOME_PARTICIPATION:9636|R-HSA-5656169	9636	ISG15	ENSG00000187608	Reactome:R-HSA-5656169	R-HSA-5656169	TAS	Reactome
REACTOME_PARTICIPATION:9636|R-HSA-909733	9636	ISG15	ENSG00000187608	Reactome:R-HSA-909733	R-HSA-909733	TAS	Reactome
REACTOME_PARTICIPATION:9636|R-HSA-936440	9636	ISG15	ENSG00000187608	Reactome:R-HSA-936440	R-HSA-936440	TAS	Reactome
REACTOME_PARTICIPATION:9636|R-HSA-9705671	9636	ISG15	ENSG00000187608	Reactome:R-HSA-9705671	R-HSA-9705671	TAS	Reactome
REACTOME_PARTICIPATION:9636|R-HSA-9833110	9636	ISG15	ENSG00000187608	Reactome:R-HSA-9833110	R-HSA-9833110	TAS	Reactome
REACTOME_PARTICIPATION:9636|R-HSA-9833482	9636	ISG15	ENSG00000187608	Reactome:R-HSA-9833482	R-HSA-9833482	TAS	Reactome
REACTOME_PARTICIPATION:9636|R-HSA-9909505	9636	ISG15	ENSG00000187608	Reactome:R-HSA-9909505	R-HSA-9909505	TAS	Reactome
REACTOME_PARTICIPATION:9681|R-HSA-9639288	9681	DEPDC5	ENSG00000100150	Reactome:R-HSA-9639288	R-HSA-9639288	TAS	Reactome
REACTOME_PARTICIPATION:9757|R-HSA-201722	9757	KMT2B	ENSG00000272333	Reactome:R-HSA-201722	R-HSA-201722	TAS	Reactome
REACTOME_PARTICIPATION:9757|R-HSA-3214841	9757	KMT2B	ENSG00000272333	Reactome:R-HSA-3214841	R-HSA-3214841	TAS	Reactome
REACTOME_PARTICIPATION:9757|R-HSA-3769402	9757	KMT2B	ENSG00000272333	Reactome:R-HSA-3769402	R-HSA-3769402	TAS	Reactome
REACTOME_PARTICIPATION:9757|R-HSA-8936459	9757	KMT2B	ENSG00000272333	Reactome:R-HSA-8936459	R-HSA-8936459	TAS	Reactome
REACTOME_PARTICIPATION:9757|R-HSA-9772755	9757	KMT2B	ENSG00000272333	Reactome:R-HSA-9772755	R-HSA-9772755	IEA	Reactome
REACTOME_PARTICIPATION:9768|R-HSA-5656169	9768	PCLAF	ENSG00000166803	Reactome:R-HSA-5656169	R-HSA-5656169	TAS	Reactome
REACTOME_PARTICIPATION:9787|R-HSA-9013508	9787	DLGAP5	ENSG00000126787	Reactome:R-HSA-9013508	R-HSA-9013508	TAS	Reactome
REACTOME_PARTICIPATION:9824|R-HSA-8980692	9824	ARHGAP11A	ENSG00000198826	Reactome:R-HSA-8980692	R-HSA-8980692	TAS	Reactome
REACTOME_PARTICIPATION:9829|R-HSA-432720	9829	DNAJC6	ENSG00000116675	Reactome:R-HSA-432720	R-HSA-432720	TAS	Reactome
REACTOME_PARTICIPATION:9829|R-HSA-432722	9829	DNAJC6	ENSG00000116675	Reactome:R-HSA-432722	R-HSA-432722	TAS	Reactome
REACTOME_PARTICIPATION:9829|R-HSA-8856828	9829	DNAJC6	ENSG00000116675	Reactome:R-HSA-8856828	R-HSA-8856828	TAS	Reactome
REACTOME_PARTICIPATION:9837|R-HSA-176974	9837	GINS1	ENSG00000101003	Reactome:R-HSA-176974	R-HSA-176974	IEA	Reactome
REACTOME_PARTICIPATION:983|R-HSA-110056	983	CDK1	ENSG00000170312	Reactome:R-HSA-110056	R-HSA-110056	TAS	Reactome
REACTOME_PARTICIPATION:983|R-HSA-113507	983	CDK1	ENSG00000170312	Reactome:R-HSA-113507	R-HSA-113507	IEA	Reactome
REACTOME_PARTICIPATION:983|R-HSA-1362300	983	CDK1	ENSG00000170312	Reactome:R-HSA-1362300	R-HSA-1362300	IEA	Reactome
REACTOME_PARTICIPATION:983|R-HSA-162658	983	CDK1	ENSG00000170312	Reactome:R-HSA-162658	R-HSA-162658	IEA	Reactome
REACTOME_PARTICIPATION:983|R-HSA-174048	983	CDK1	ENSG00000170312	Reactome:R-HSA-174048	R-HSA-174048	TAS	Reactome
REACTOME_PARTICIPATION:983|R-HSA-174184	983	CDK1	ENSG00000170312	Reactome:R-HSA-174184	R-HSA-174184	TAS	Reactome
REACTOME_PARTICIPATION:983|R-HSA-176408	983	CDK1	ENSG00000170312	Reactome:R-HSA-176408	R-HSA-176408	TAS	Reactome
REACTOME_PARTICIPATION:983|R-HSA-176412	983	CDK1	ENSG00000170312	Reactome:R-HSA-176412	R-HSA-176412	TAS	Reactome
REACTOME_PARTICIPATION:983|R-HSA-176417	983	CDK1	ENSG00000170312	Reactome:R-HSA-176417	R-HSA-176417	TAS	Reactome
REACTOME_PARTICIPATION:983|R-HSA-2299718	983	CDK1	ENSG00000170312	Reactome:R-HSA-2299718	R-HSA-2299718	TAS	Reactome
REACTOME_PARTICIPATION:983|R-HSA-2465910	983	CDK1	ENSG00000170312	Reactome:R-HSA-2465910	R-HSA-2465910	IEA	Reactome
REACTOME_PARTICIPATION:983|R-HSA-2500257	983	CDK1	ENSG00000170312	Reactome:R-HSA-2500257	R-HSA-2500257	TAS	Reactome
REACTOME_PARTICIPATION:983|R-HSA-2514853	983	CDK1	ENSG00000170312	Reactome:R-HSA-2514853	R-HSA-2514853	IEA	Reactome
REACTOME_PARTICIPATION:983|R-HSA-2565942	983	CDK1	ENSG00000170312	Reactome:R-HSA-2565942	R-HSA-2565942	TAS	Reactome
REACTOME_PARTICIPATION:983|R-HSA-2980767	983	CDK1	ENSG00000170312	Reactome:R-HSA-2980767	R-HSA-2980767	TAS	Reactome
REACTOME_PARTICIPATION:983|R-HSA-2995383	983	CDK1	ENSG00000170312	Reactome:R-HSA-2995383	R-HSA-2995383	TAS	Reactome
REACTOME_PARTICIPATION:983|R-HSA-3301854	983	CDK1	ENSG00000170312	Reactome:R-HSA-3301854	R-HSA-3301854	TAS	Reactome
REACTOME_PARTICIPATION:983|R-HSA-380259	983	CDK1	ENSG00000170312	Reactome:R-HSA-380259	R-HSA-380259	TAS	Reactome
REACTOME_PARTICIPATION:983|R-HSA-380270	983	CDK1	ENSG00000170312	Reactome:R-HSA-380270	R-HSA-380270	TAS	Reactome
REACTOME_PARTICIPATION:983|R-HSA-380284	983	CDK1	ENSG00000170312	Reactome:R-HSA-380284	R-HSA-380284	TAS	Reactome
REACTOME_PARTICIPATION:983|R-HSA-380320	983	CDK1	ENSG00000170312	Reactome:R-HSA-380320	R-HSA-380320	TAS	Reactome
REACTOME_PARTICIPATION:983|R-HSA-4419969	983	CDK1	ENSG00000170312	Reactome:R-HSA-4419969	R-HSA-4419969	TAS	Reactome
REACTOME_PARTICIPATION:983|R-HSA-5620912	983	CDK1	ENSG00000170312	Reactome:R-HSA-5620912	R-HSA-5620912	TAS	Reactome
REACTOME_PARTICIPATION:983|R-HSA-5687128	983	CDK1	ENSG00000170312	Reactome:R-HSA-5687128	R-HSA-5687128	TAS	Reactome
REACTOME_PARTICIPATION:983|R-HSA-5689896	983	CDK1	ENSG00000170312	Reactome:R-HSA-5689896	R-HSA-5689896	TAS	Reactome
REACTOME_PARTICIPATION:983|R-HSA-6804114	983	CDK1	ENSG00000170312	Reactome:R-HSA-6804114	R-HSA-6804114	TAS	Reactome
REACTOME_PARTICIPATION:983|R-HSA-6804757	983	CDK1	ENSG00000170312	Reactome:R-HSA-6804757	R-HSA-6804757	TAS	Reactome
REACTOME_PARTICIPATION:983|R-HSA-68875	983	CDK1	ENSG00000170312	Reactome:R-HSA-68875	R-HSA-68875	TAS	Reactome
REACTOME_PARTICIPATION:983|R-HSA-69205	983	CDK1	ENSG00000170312	Reactome:R-HSA-69205	R-HSA-69205	TAS	Reactome
REACTOME_PARTICIPATION:983|R-HSA-69273	983	CDK1	ENSG00000170312	Reactome:R-HSA-69273	R-HSA-69273	TAS	Reactome
REACTOME_PARTICIPATION:983|R-HSA-69478	983	CDK1	ENSG00000170312	Reactome:R-HSA-69478	R-HSA-69478	TAS	Reactome
REACTOME_PARTICIPATION:983|R-HSA-75035	983	CDK1	ENSG00000170312	Reactome:R-HSA-75035	R-HSA-75035	TAS	Reactome
REACTOME_PARTICIPATION:983|R-HSA-8852276	983	CDK1	ENSG00000170312	Reactome:R-HSA-8852276	R-HSA-8852276	TAS	Reactome
REACTOME_PARTICIPATION:983|R-HSA-8854518	983	CDK1	ENSG00000170312	Reactome:R-HSA-8854518	R-HSA-8854518	TAS	Reactome
REACTOME_PARTICIPATION:983|R-HSA-8878166	983	CDK1	ENSG00000170312	Reactome:R-HSA-8878166	R-HSA-8878166	TAS	Reactome
REACTOME_PARTICIPATION:983|R-HSA-9833482	983	CDK1	ENSG00000170312	Reactome:R-HSA-9833482	R-HSA-9833482	TAS	Reactome
REACTOME_PARTICIPATION:990|R-HSA-1362277	990	CDC6	ENSG00000094804	Reactome:R-HSA-1362277	R-HSA-1362277	TAS	Reactome
REACTOME_PARTICIPATION:990|R-HSA-176187	990	CDC6	ENSG00000094804	Reactome:R-HSA-176187	R-HSA-176187	TAS	Reactome
REACTOME_PARTICIPATION:990|R-HSA-68689	990	CDC6	ENSG00000094804	Reactome:R-HSA-68689	R-HSA-68689	TAS	Reactome
REACTOME_PARTICIPATION:990|R-HSA-68867	990	CDC6	ENSG00000094804	Reactome:R-HSA-68867	R-HSA-68867	IEA	Reactome
REACTOME_PARTICIPATION:990|R-HSA-68949	990	CDC6	ENSG00000094804	Reactome:R-HSA-68949	R-HSA-68949	TAS	Reactome
REACTOME_PARTICIPATION:990|R-HSA-68962	990	CDC6	ENSG00000094804	Reactome:R-HSA-68962	R-HSA-68962	TAS	Reactome
REACTOME_PARTICIPATION:990|R-HSA-69017	990	CDC6	ENSG00000094804	Reactome:R-HSA-69017	R-HSA-69017	TAS	Reactome
REACTOME_PARTICIPATION:990|R-HSA-69205	990	CDC6	ENSG00000094804	Reactome:R-HSA-69205	R-HSA-69205	TAS	Reactome
REACTOME_PARTICIPATION:991|R-HSA-141405	991	CDC20	ENSG00000117399	Reactome:R-HSA-141405	R-HSA-141405	TAS	Reactome
REACTOME_PARTICIPATION:991|R-HSA-141430	991	CDC20	ENSG00000117399	Reactome:R-HSA-141430	R-HSA-141430	TAS	Reactome
REACTOME_PARTICIPATION:991|R-HSA-141444	991	CDC20	ENSG00000117399	Reactome:R-HSA-141444	R-HSA-141444	TAS	Reactome
REACTOME_PARTICIPATION:991|R-HSA-174048	991	CDC20	ENSG00000117399	Reactome:R-HSA-174048	R-HSA-174048	TAS	Reactome
REACTOME_PARTICIPATION:991|R-HSA-174113	991	CDC20	ENSG00000117399	Reactome:R-HSA-174113	R-HSA-174113	TAS	Reactome
REACTOME_PARTICIPATION:991|R-HSA-174154	991	CDC20	ENSG00000117399	Reactome:R-HSA-174154	R-HSA-174154	TAS	Reactome
REACTOME_PARTICIPATION:991|R-HSA-174178	991	CDC20	ENSG00000117399	Reactome:R-HSA-174178	R-HSA-174178	TAS	Reactome
REACTOME_PARTICIPATION:991|R-HSA-174184	991	CDC20	ENSG00000117399	Reactome:R-HSA-174184	R-HSA-174184	TAS	Reactome
REACTOME_PARTICIPATION:991|R-HSA-176407	991	CDC20	ENSG00000117399	Reactome:R-HSA-176407	R-HSA-176407	TAS	Reactome
REACTOME_PARTICIPATION:991|R-HSA-176408	991	CDC20	ENSG00000117399	Reactome:R-HSA-176408	R-HSA-176408	TAS	Reactome
REACTOME_PARTICIPATION:991|R-HSA-176409	991	CDC20	ENSG00000117399	Reactome:R-HSA-176409	R-HSA-176409	TAS	Reactome
REACTOME_PARTICIPATION:991|R-HSA-176417	991	CDC20	ENSG00000117399	Reactome:R-HSA-176417	R-HSA-176417	TAS	Reactome
REACTOME_PARTICIPATION:991|R-HSA-179409	991	CDC20	ENSG00000117399	Reactome:R-HSA-179409	R-HSA-179409	TAS	Reactome
REACTOME_PARTICIPATION:991|R-HSA-2467813	991	CDC20	ENSG00000117399	Reactome:R-HSA-2467813	R-HSA-2467813	TAS	Reactome
REACTOME_PARTICIPATION:991|R-HSA-2500257	991	CDC20	ENSG00000117399	Reactome:R-HSA-2500257	R-HSA-2500257	TAS	Reactome
REACTOME_PARTICIPATION:991|R-HSA-5663220	991	CDC20	ENSG00000117399	Reactome:R-HSA-5663220	R-HSA-5663220	TAS	Reactome
REACTOME_PARTICIPATION:991|R-HSA-5689880	991	CDC20	ENSG00000117399	Reactome:R-HSA-5689880	R-HSA-5689880	TAS	Reactome
REACTOME_PARTICIPATION:991|R-HSA-68877	991	CDC20	ENSG00000117399	Reactome:R-HSA-68877	R-HSA-68877	TAS	Reactome
REACTOME_PARTICIPATION:991|R-HSA-9648025	991	CDC20	ENSG00000117399	Reactome:R-HSA-9648025	R-HSA-9648025	TAS	Reactome
REACTOME_PARTICIPATION:991|R-HSA-983168	991	CDC20	ENSG00000117399	Reactome:R-HSA-983168	R-HSA-983168	TAS	Reactome
REACTOME_PARTICIPATION:9928|R-HSA-5625900	9928	KIF14	ENSG00000118193	Reactome:R-HSA-5625900	R-HSA-5625900	TAS	Reactome
REACTOME_PARTICIPATION:9928|R-HSA-9696270	9928	KIF14	ENSG00000118193	Reactome:R-HSA-9696270	R-HSA-9696270	TAS	Reactome
REACTOME_PARTICIPATION:9928|R-HSA-9696273	9928	KIF14	ENSG00000118193	Reactome:R-HSA-9696273	R-HSA-9696273	TAS	Reactome
REACTOME_PARTICIPATION:995|R-HSA-156711	995	CDC25C	ENSG00000158402	Reactome:R-HSA-156711	R-HSA-156711	TAS	Reactome
REACTOME_PARTICIPATION:995|R-HSA-176187	995	CDC25C	ENSG00000158402	Reactome:R-HSA-176187	R-HSA-176187	TAS	Reactome
REACTOME_PARTICIPATION:995|R-HSA-5625740	995	CDC25C	ENSG00000158402	Reactome:R-HSA-5625740	R-HSA-5625740	TAS	Reactome
REACTOME_PARTICIPATION:995|R-HSA-6804114	995	CDC25C	ENSG00000158402	Reactome:R-HSA-6804114	R-HSA-6804114	TAS	Reactome
REACTOME_PARTICIPATION:995|R-HSA-6804115	995	CDC25C	ENSG00000158402	Reactome:R-HSA-6804115	R-HSA-6804115	TAS	Reactome
REACTOME_PARTICIPATION:995|R-HSA-69273	995	CDC25C	ENSG00000158402	Reactome:R-HSA-69273	R-HSA-69273	TAS	Reactome
REACTOME_PARTICIPATION:995|R-HSA-75035	995	CDC25C	ENSG00000158402	Reactome:R-HSA-75035	R-HSA-75035	TAS	Reactome
REACTOME_PARTICIPATION:995|R-HSA-8862803	995	CDC25C	ENSG00000158402	Reactome:R-HSA-8862803	R-HSA-8862803	TAS	Reactome
REACTOME_PARTICIPATION:9965|R-HSA-109704	9965	FGF19	ENSG00000162344	Reactome:R-HSA-109704	R-HSA-109704	TAS	Reactome
REACTOME_PARTICIPATION:9965|R-HSA-1257604	9965	FGF19	ENSG00000162344	Reactome:R-HSA-1257604	R-HSA-1257604	TAS	Reactome
REACTOME_PARTICIPATION:9965|R-HSA-1307965	9965	FGF19	ENSG00000162344	Reactome:R-HSA-1307965	R-HSA-1307965	TAS	Reactome
REACTOME_PARTICIPATION:9965|R-HSA-190322	9965	FGF19	ENSG00000162344	Reactome:R-HSA-190322	R-HSA-190322	TAS	Reactome
REACTOME_PARTICIPATION:9965|R-HSA-2219530	9965	FGF19	ENSG00000162344	Reactome:R-HSA-2219530	R-HSA-2219530	TAS	Reactome
REACTOME_PARTICIPATION:9965|R-HSA-5654228	9965	FGF19	ENSG00000162344	Reactome:R-HSA-5654228	R-HSA-5654228	TAS	Reactome
REACTOME_PARTICIPATION:9965|R-HSA-5654712	9965	FGF19	ENSG00000162344	Reactome:R-HSA-5654712	R-HSA-5654712	TAS	Reactome
REACTOME_PARTICIPATION:9965|R-HSA-5654719	9965	FGF19	ENSG00000162344	Reactome:R-HSA-5654719	R-HSA-5654719	TAS	Reactome
REACTOME_PARTICIPATION:9965|R-HSA-5654720	9965	FGF19	ENSG00000162344	Reactome:R-HSA-5654720	R-HSA-5654720	TAS	Reactome
REACTOME_PARTICIPATION:9965|R-HSA-5654733	9965	FGF19	ENSG00000162344	Reactome:R-HSA-5654733	R-HSA-5654733	TAS	Reactome
REACTOME_PARTICIPATION:9965|R-HSA-5673001	9965	FGF19	ENSG00000162344	Reactome:R-HSA-5673001	R-HSA-5673001	TAS	Reactome
REACTOME_PARTICIPATION:9965|R-HSA-6811558	9965	FGF19	ENSG00000162344	Reactome:R-HSA-6811558	R-HSA-6811558	TAS	Reactome
REACTOME_PARTICIPATION:9971|R-HSA-159418	9971	NR1H4	ENSG00000012504	Reactome:R-HSA-159418	R-HSA-159418	TAS	Reactome
REACTOME_PARTICIPATION:9971|R-HSA-192105	9971	NR1H4	ENSG00000012504	Reactome:R-HSA-192105	R-HSA-192105	TAS	Reactome
REACTOME_PARTICIPATION:9971|R-HSA-193368	9971	NR1H4	ENSG00000012504	Reactome:R-HSA-193368	R-HSA-193368	TAS	Reactome
REACTOME_PARTICIPATION:9971|R-HSA-193807	9971	NR1H4	ENSG00000012504	Reactome:R-HSA-193807	R-HSA-193807	TAS	Reactome
REACTOME_PARTICIPATION:9971|R-HSA-1989781	9971	NR1H4	ENSG00000012504	Reactome:R-HSA-1989781	R-HSA-1989781	TAS	Reactome
REACTOME_PARTICIPATION:9971|R-HSA-211976	9971	NR1H4	ENSG00000012504	Reactome:R-HSA-211976	R-HSA-211976	TAS	Reactome
REACTOME_PARTICIPATION:9971|R-HSA-383280	9971	NR1H4	ENSG00000012504	Reactome:R-HSA-383280	R-HSA-383280	TAS	Reactome
REACTOME_PARTICIPATION:9971|R-HSA-4090294	9971	NR1H4	ENSG00000012504	Reactome:R-HSA-4090294	R-HSA-4090294	TAS	Reactome
REACTOME_PARTICIPATION:999|R-HSA-1474228	999	CDH1	ENSG00000039068	Reactome:R-HSA-1474228	R-HSA-1474228	TAS	Reactome
REACTOME_PARTICIPATION:999|R-HSA-198933	999	CDH1	ENSG00000039068	Reactome:R-HSA-198933	R-HSA-198933	IEA	Reactome
REACTOME_PARTICIPATION:999|R-HSA-216083	999	CDH1	ENSG00000039068	Reactome:R-HSA-216083	R-HSA-216083	TAS	Reactome
REACTOME_PARTICIPATION:999|R-HSA-351906	999	CDH1	ENSG00000039068	Reactome:R-HSA-351906	R-HSA-351906	TAS	Reactome
REACTOME_PARTICIPATION:999|R-HSA-418990	999	CDH1	ENSG00000039068	Reactome:R-HSA-418990	R-HSA-418990	TAS	Reactome
REACTOME_PARTICIPATION:999|R-HSA-5626467	999	CDH1	ENSG00000039068	Reactome:R-HSA-5626467	R-HSA-5626467	TAS	Reactome
REACTOME_PARTICIPATION:999|R-HSA-8876493	999	CDH1	ENSG00000039068	Reactome:R-HSA-8876493	R-HSA-8876493	TAS	Reactome
REACTOME_PARTICIPATION:999|R-HSA-9758919	999	CDH1	ENSG00000039068	Reactome:R-HSA-9758919	R-HSA-9758919	IEA	Reactome
REACTOME_PARTICIPATION:999|R-HSA-9764561	999	CDH1	ENSG00000039068	Reactome:R-HSA-9764561	R-HSA-9764561	TAS	Reactome
REACTOME_PARTICIPATION:999|R-HSA-9764562	999	CDH1	ENSG00000039068	Reactome:R-HSA-9764562	R-HSA-9764562	TAS	Reactome
REACTOME_PARTICIPATION:999|R-HSA-9764725	999	CDH1	ENSG00000039068	Reactome:R-HSA-9764725	R-HSA-9764725	IEA	Reactome
REACTOME_PARTICIPATION:999|R-HSA-9764790	999	CDH1	ENSG00000039068	Reactome:R-HSA-9764790	R-HSA-9764790	TAS	Reactome
REACTOME_PARTICIPATION:999|R-HSA-9766229	999	CDH1	ENSG00000039068	Reactome:R-HSA-9766229	R-HSA-9766229	TAS	Reactome
REACTOME_PARTICIPATION:999|R-HSA-9768727	999	CDH1	ENSG00000039068	Reactome:R-HSA-9768727	R-HSA-9768727	TAS	Reactome
REACTOME_PARTICIPATION:999|R-HSA-9823730	999	CDH1	ENSG00000039068	Reactome:R-HSA-9823730	R-HSA-9823730	IEA	Reactome
REACTOME_PARTICIPATION:999|R-HSA-9856649	999	CDH1	ENSG00000039068	Reactome:R-HSA-9856649	R-HSA-9856649	TAS	Reactome
REACTOME_PARTICIPATION:999|R-HSA-9926550	999	CDH1	ENSG00000039068	Reactome:R-HSA-9926550	R-HSA-9926550	TAS	Reactome
REACTOME_PARTICIPATION:999|R-HSA-9927418	999	CDH1	ENSG00000039068	Reactome:R-HSA-9927418	R-HSA-9927418	TAS	Reactome
REACTOME_PARTICIPATION:999|R-HSA-9927432	999	CDH1	ENSG00000039068	Reactome:R-HSA-9927432	R-HSA-9927432	TAS	Reactome
REACTOME_PARTICIPATION:999|R-HSA-9938206	999	CDH1	ENSG00000039068	Reactome:R-HSA-9938206	R-HSA-9938206	TAS	Reactome
REACTOME_PARTICIPATION:999|R-HSA-9958810	999	CDH1	ENSG00000039068	Reactome:R-HSA-9958810	R-HSA-9958810	TAS	Reactome
REACTOME_PARTICIPATION:999|R-HSA-9958825	999	CDH1	ENSG00000039068	Reactome:R-HSA-9958825	R-HSA-9958825	IEA	Reactome
