pathway_id	reactome_stable_id	name	source	ncbi_taxon_id	species_name	schema_class	reactome_url
Reactome:R-HSA-1059683	R-HSA-1059683	Interleukin-6 signaling	Reactome	9606	Homo sapiens	Pathway	https://reactome.org/PathwayBrowser/#/R-HSA-1059683
Reactome:R-HSA-109704	R-HSA-109704	PI3K Cascade	Reactome	9606	Homo sapiens	Pathway	https://reactome.org/PathwayBrowser/#/R-HSA-109704
Reactome:R-HSA-110056	R-HSA-110056	MAPK3 (ERK1) activation	Reactome	9606	Homo sapiens	Pathway	https://reactome.org/PathwayBrowser/#/R-HSA-110056
Reactome:R-HSA-110314	R-HSA-110314	Recognition of DNA damage by PCNA-containing replication complex	Reactome	9606	Homo sapiens	Pathway	https://reactome.org/PathwayBrowser/#/R-HSA-110314
Reactome:R-HSA-110320	R-HSA-110320	Translesion Synthesis by POLH	Reactome	9606	Homo sapiens	Pathway	https://reactome.org/PathwayBrowser/#/R-HSA-110320
Reactome:R-HSA-110328	R-HSA-110328	Recognition and association of DNA glycosylase with site containing an affected pyrimidine	Reactome	9606	Homo sapiens	Pathway	https://reactome.org/PathwayBrowser/#/R-HSA-110328
Reactome:R-HSA-110329	R-HSA-110329	Cleavage of the damaged pyrimidine 	Reactome	9606	Homo sapiens	Pathway	https://reactome.org/PathwayBrowser/#/R-HSA-110329
Reactome:R-HSA-110330	R-HSA-110330	Recognition and association of DNA glycosylase with site containing an affected purine	Reactome	9606	Homo sapiens	Pathway	https://reactome.org/PathwayBrowser/#/R-HSA-110330
Reactome:R-HSA-110331	R-HSA-110331	Cleavage of the damaged purine	Reactome	9606	Homo sapiens	Pathway	https://reactome.org/PathwayBrowser/#/R-HSA-110331
Reactome:R-HSA-110357	R-HSA-110357	Displacement of DNA glycosylase by APEX1	Reactome	9606	Homo sapiens	Pathway	https://reactome.org/PathwayBrowser/#/R-HSA-110357
Reactome:R-HSA-110362	R-HSA-110362	POLB-Dependent Long Patch Base Excision Repair	Reactome	9606	Homo sapiens	Pathway	https://reactome.org/PathwayBrowser/#/R-HSA-110362
Reactome:R-HSA-110373	R-HSA-110373	Resolution of AP sites via the multiple-nucleotide patch replacement pathway	Reactome	9606	Homo sapiens	Pathway	https://reactome.org/PathwayBrowser/#/R-HSA-110373
Reactome:R-HSA-110381	R-HSA-110381	Resolution of AP sites via the single-nucleotide replacement pathway	Reactome	9606	Homo sapiens	Pathway	https://reactome.org/PathwayBrowser/#/R-HSA-110381
Reactome:R-HSA-111367	R-HSA-111367	SLBP independent Processing of Histone Pre-mRNAs	Reactome	9606	Homo sapiens	Pathway	https://reactome.org/PathwayBrowser/#/R-HSA-111367
Reactome:R-HSA-111447	R-HSA-111447	Activation of BAD and translocation to mitochondria 	Reactome	9606	Homo sapiens	Pathway	https://reactome.org/PathwayBrowser/#/R-HSA-111447
Reactome:R-HSA-111448	R-HSA-111448	Activation of NOXA and translocation to mitochondria	Reactome	9606	Homo sapiens	Pathway	https://reactome.org/PathwayBrowser/#/R-HSA-111448
Reactome:R-HSA-111452	R-HSA-111452	Activation and oligomerization of BAK protein	Reactome	9606	Homo sapiens	Pathway	https://reactome.org/PathwayBrowser/#/R-HSA-111452
Reactome:R-HSA-111453	R-HSA-111453	BH3-only proteins associate with and inactivate anti-apoptotic BCL-2 members	Reactome	9606	Homo sapiens	Pathway	https://reactome.org/PathwayBrowser/#/R-HSA-111453
Reactome:R-HSA-111465	R-HSA-111465	Apoptotic cleavage of cellular proteins	Reactome	9606	Homo sapiens	Pathway	https://reactome.org/PathwayBrowser/#/R-HSA-111465
Reactome:R-HSA-111471	R-HSA-111471	Apoptotic factor-mediated response	Reactome	9606	Homo sapiens	Pathway	https://reactome.org/PathwayBrowser/#/R-HSA-111471
Reactome:R-HSA-111931	R-HSA-111931	PKA-mediated phosphorylation of CREB	Reactome	9606	Homo sapiens	Pathway	https://reactome.org/PathwayBrowser/#/R-HSA-111931
Reactome:R-HSA-111933	R-HSA-111933	Calmodulin induced events	Reactome	9606	Homo sapiens	Pathway	https://reactome.org/PathwayBrowser/#/R-HSA-111933
Reactome:R-HSA-112311	R-HSA-112311	Neurotransmitter clearance	Reactome	9606	Homo sapiens	Pathway	https://reactome.org/PathwayBrowser/#/R-HSA-112311
Reactome:R-HSA-112382	R-HSA-112382	Formation of RNA Pol II elongation complex 	Reactome	9606	Homo sapiens	Pathway	https://reactome.org/PathwayBrowser/#/R-HSA-112382
Reactome:R-HSA-112399	R-HSA-112399	IRS-mediated signalling	Reactome	9606	Homo sapiens	Pathway	https://reactome.org/PathwayBrowser/#/R-HSA-112399
Reactome:R-HSA-112411	R-HSA-112411	MAPK1 (ERK2) activation	Reactome	9606	Homo sapiens	Pathway	https://reactome.org/PathwayBrowser/#/R-HSA-112411
Reactome:R-HSA-112412	R-HSA-112412	SOS-mediated signalling	Reactome	9606	Homo sapiens	Pathway	https://reactome.org/PathwayBrowser/#/R-HSA-112412
Reactome:R-HSA-113418	R-HSA-113418	Formation of the Early Elongation Complex	Reactome	9606	Homo sapiens	Pathway	https://reactome.org/PathwayBrowser/#/R-HSA-113418
Reactome:R-HSA-113501	R-HSA-113501	Inhibition of replication initiation of damaged DNA by RB1/E2F1	Reactome	9606	Homo sapiens	Pathway	https://reactome.org/PathwayBrowser/#/R-HSA-113501
Reactome:R-HSA-113507	R-HSA-113507	E2F-enabled inhibition of pre-replication complex formation	Reactome	9606	Homo sapiens	Pathway	https://reactome.org/PathwayBrowser/#/R-HSA-113507
Reactome:R-HSA-114294	R-HSA-114294	Activation, translocation and oligomerization of BAX	Reactome	9606	Homo sapiens	Pathway	https://reactome.org/PathwayBrowser/#/R-HSA-114294
Reactome:R-HSA-114508	R-HSA-114508	Effects of PIP2 hydrolysis	Reactome	9606	Homo sapiens	Pathway	https://reactome.org/PathwayBrowser/#/R-HSA-114508
Reactome:R-HSA-114516	R-HSA-114516	Disinhibition of SNARE formation	Reactome	9606	Homo sapiens	Pathway	https://reactome.org/PathwayBrowser/#/R-HSA-114516
Reactome:R-HSA-114604	R-HSA-114604	GPVI-mediated activation cascade	Reactome	9606	Homo sapiens	Pathway	https://reactome.org/PathwayBrowser/#/R-HSA-114604
Reactome:R-HSA-114608	R-HSA-114608	Platelet degranulation 	Reactome	9606	Homo sapiens	Pathway	https://reactome.org/PathwayBrowser/#/R-HSA-114608
Reactome:R-HSA-1169091	R-HSA-1169091	Activation of NF-kappaB in B cells	Reactome	9606	Homo sapiens	Pathway	https://reactome.org/PathwayBrowser/#/R-HSA-1169091
Reactome:R-HSA-1169092	R-HSA-1169092	Activation of RAS in B cells	Reactome	9606	Homo sapiens	Pathway	https://reactome.org/PathwayBrowser/#/R-HSA-1169092
Reactome:R-HSA-1169408	R-HSA-1169408	ISG15 antiviral mechanism	Reactome	9606	Homo sapiens	Pathway	https://reactome.org/PathwayBrowser/#/R-HSA-1169408
Reactome:R-HSA-1170546	R-HSA-1170546	Prolactin receptor signaling	Reactome	9606	Homo sapiens	Pathway	https://reactome.org/PathwayBrowser/#/R-HSA-1170546
Reactome:R-HSA-1181150	R-HSA-1181150	Signaling by NODAL	Reactome	9606	Homo sapiens	Pathway	https://reactome.org/PathwayBrowser/#/R-HSA-1181150
Reactome:R-HSA-1221632	R-HSA-1221632	Meiotic synapsis	Reactome	9606	Homo sapiens	Pathway	https://reactome.org/PathwayBrowser/#/R-HSA-1221632
Reactome:R-HSA-1222556	R-HSA-1222556	ROS and RNS production in phagocytes	Reactome	9606	Homo sapiens	Pathway	https://reactome.org/PathwayBrowser/#/R-HSA-1222556
Reactome:R-HSA-1227986	R-HSA-1227986	Signaling by ERBB2	Reactome	9606	Homo sapiens	Pathway	https://reactome.org/PathwayBrowser/#/R-HSA-1227986
Reactome:R-HSA-1234158	R-HSA-1234158	Regulation of gene expression by Hypoxia-inducible Factor	Reactome	9606	Homo sapiens	Pathway	https://reactome.org/PathwayBrowser/#/R-HSA-1234158
Reactome:R-HSA-1234174	R-HSA-1234174	Cellular response to hypoxia	Reactome	9606	Homo sapiens	Pathway	https://reactome.org/PathwayBrowser/#/R-HSA-1234174
Reactome:R-HSA-1234176	R-HSA-1234176	Oxygen-dependent proline hydroxylation of Hypoxia-inducible Factor Alpha	Reactome	9606	Homo sapiens	Pathway	https://reactome.org/PathwayBrowser/#/R-HSA-1234176
Reactome:R-HSA-1236382	R-HSA-1236382	Constitutive Signaling by Ligand-Responsive EGFR Cancer Variants	Reactome	9606	Homo sapiens	Pathway	https://reactome.org/PathwayBrowser/#/R-HSA-1236382
Reactome:R-HSA-1236394	R-HSA-1236394	Signaling by ERBB4	Reactome	9606	Homo sapiens	Pathway	https://reactome.org/PathwayBrowser/#/R-HSA-1236394
Reactome:R-HSA-1236973	R-HSA-1236973	Cross-presentation of particulate exogenous antigens (phagosomes)	Reactome	9606	Homo sapiens	Pathway	https://reactome.org/PathwayBrowser/#/R-HSA-1236973
Reactome:R-HSA-1236974	R-HSA-1236974	ER-Phagosome pathway	Reactome	9606	Homo sapiens	Pathway	https://reactome.org/PathwayBrowser/#/R-HSA-1236974
Reactome:R-HSA-1237044	R-HSA-1237044	Erythrocytes take up carbon dioxide and release oxygen	Reactome	9606	Homo sapiens	Pathway	https://reactome.org/PathwayBrowser/#/R-HSA-1237044
Reactome:R-HSA-1247673	R-HSA-1247673	Erythrocytes take up oxygen and release carbon dioxide	Reactome	9606	Homo sapiens	Pathway	https://reactome.org/PathwayBrowser/#/R-HSA-1247673
Reactome:R-HSA-1250196	R-HSA-1250196	SHC1 events in ERBB2 signaling	Reactome	9606	Homo sapiens	Pathway	https://reactome.org/PathwayBrowser/#/R-HSA-1250196
Reactome:R-HSA-1250342	R-HSA-1250342	PI3K events in ERBB4 signaling	Reactome	9606	Homo sapiens	Pathway	https://reactome.org/PathwayBrowser/#/R-HSA-1250342
Reactome:R-HSA-1250347	R-HSA-1250347	SHC1 events in ERBB4 signaling	Reactome	9606	Homo sapiens	Pathway	https://reactome.org/PathwayBrowser/#/R-HSA-1250347
Reactome:R-HSA-1251932	R-HSA-1251932	PLCG1 events in ERBB2 signaling	Reactome	9606	Homo sapiens	Pathway	https://reactome.org/PathwayBrowser/#/R-HSA-1251932
Reactome:R-HSA-1251985	R-HSA-1251985	Nuclear signaling by ERBB4	Reactome	9606	Homo sapiens	Pathway	https://reactome.org/PathwayBrowser/#/R-HSA-1251985
Reactome:R-HSA-1253288	R-HSA-1253288	Downregulation of ERBB4 signaling	Reactome	9606	Homo sapiens	Pathway	https://reactome.org/PathwayBrowser/#/R-HSA-1253288
Reactome:R-HSA-1257604	R-HSA-1257604	PIP3 activates AKT signaling	Reactome	9606	Homo sapiens	Pathway	https://reactome.org/PathwayBrowser/#/R-HSA-1257604
Reactome:R-HSA-1266695	R-HSA-1266695	Interleukin-7 signaling	Reactome	9606	Homo sapiens	Pathway	https://reactome.org/PathwayBrowser/#/R-HSA-1266695
Reactome:R-HSA-1268020	R-HSA-1268020	Mitochondrial protein import	Reactome	9606	Homo sapiens	Pathway	https://reactome.org/PathwayBrowser/#/R-HSA-1268020
Reactome:R-HSA-1295596	R-HSA-1295596	Spry regulation of FGF signaling	Reactome	9606	Homo sapiens	Pathway	https://reactome.org/PathwayBrowser/#/R-HSA-1295596
Reactome:R-HSA-1296052	R-HSA-1296052	Ca2+ activated K+ channels	Reactome	9606	Homo sapiens	Pathway	https://reactome.org/PathwayBrowser/#/R-HSA-1296052
Reactome:R-HSA-1300645	R-HSA-1300645	Acrosome Reaction and Sperm:Oocyte Membrane Binding	Reactome	9606	Homo sapiens	Pathway	https://reactome.org/PathwayBrowser/#/R-HSA-1300645
Reactome:R-HSA-1307965	R-HSA-1307965	betaKlotho-mediated ligand binding	Reactome	9606	Homo sapiens	Pathway	https://reactome.org/PathwayBrowser/#/R-HSA-1307965
Reactome:R-HSA-1358803	R-HSA-1358803	Downregulation of ERBB2:ERBB3 signaling	Reactome	9606	Homo sapiens	Pathway	https://reactome.org/PathwayBrowser/#/R-HSA-1358803
Reactome:R-HSA-1362277	R-HSA-1362277	Transcription of E2F targets under negative control by DREAM complex	Reactome	9606	Homo sapiens	Pathway	https://reactome.org/PathwayBrowser/#/R-HSA-1362277
Reactome:R-HSA-1362300	R-HSA-1362300	Transcription of E2F targets under negative control by p107 (RBL1) and p130 (RBL2) in complex with HDAC1	Reactome	9606	Homo sapiens	Pathway	https://reactome.org/PathwayBrowser/#/R-HSA-1362300
Reactome:R-HSA-1368108	R-HSA-1368108	BMAL1:CLOCK,NPAS2 activates circadian expression	Reactome	9606	Homo sapiens	Pathway	https://reactome.org/PathwayBrowser/#/R-HSA-1368108
Reactome:R-HSA-1369062	R-HSA-1369062	ABC transporters in lipid homeostasis	Reactome	9606	Homo sapiens	Pathway	https://reactome.org/PathwayBrowser/#/R-HSA-1369062
Reactome:R-HSA-139853	R-HSA-139853	Elevation of cytosolic Ca2+ levels	Reactome	9606	Homo sapiens	Pathway	https://reactome.org/PathwayBrowser/#/R-HSA-139853
Reactome:R-HSA-139915	R-HSA-139915	Activation of PUMA and translocation to mitochondria	Reactome	9606	Homo sapiens	Pathway	https://reactome.org/PathwayBrowser/#/R-HSA-139915
Reactome:R-HSA-140342	R-HSA-140342	Apoptosis induced DNA fragmentation	Reactome	9606	Homo sapiens	Pathway	https://reactome.org/PathwayBrowser/#/R-HSA-140342
Reactome:R-HSA-140534	R-HSA-140534	Caspase activation via Death Receptors in the presence of ligand	Reactome	9606	Homo sapiens	Pathway	https://reactome.org/PathwayBrowser/#/R-HSA-140534
Reactome:R-HSA-141405	R-HSA-141405	Inhibition of the proteolytic activity of APC/C required for the onset of anaphase by mitotic spindle checkpoint components	Reactome	9606	Homo sapiens	Pathway	https://reactome.org/PathwayBrowser/#/R-HSA-141405
Reactome:R-HSA-141430	R-HSA-141430	Inactivation of APC/C via direct inhibition of the APC/C complex	Reactome	9606	Homo sapiens	Pathway	https://reactome.org/PathwayBrowser/#/R-HSA-141430
Reactome:R-HSA-141444	R-HSA-141444	Amplification  of signal from unattached  kinetochores via a MAD2  inhibitory signal	Reactome	9606	Homo sapiens	Pathway	https://reactome.org/PathwayBrowser/#/R-HSA-141444
Reactome:R-HSA-1433557	R-HSA-1433557	Signaling by SCF-KIT	Reactome	9606	Homo sapiens	Pathway	https://reactome.org/PathwayBrowser/#/R-HSA-1433557
Reactome:R-HSA-1433559	R-HSA-1433559	Regulation of KIT signaling	Reactome	9606	Homo sapiens	Pathway	https://reactome.org/PathwayBrowser/#/R-HSA-1433559
Reactome:R-HSA-1442490	R-HSA-1442490	Collagen degradation	Reactome	9606	Homo sapiens	Pathway	https://reactome.org/PathwayBrowser/#/R-HSA-1442490
Reactome:R-HSA-1445148	R-HSA-1445148	Translocation of SLC2A4 (GLUT4) to the plasma membrane	Reactome	9606	Homo sapiens	Pathway	https://reactome.org/PathwayBrowser/#/R-HSA-1445148
Reactome:R-HSA-1461957	R-HSA-1461957	Beta defensins	Reactome	9606	Homo sapiens	Pathway	https://reactome.org/PathwayBrowser/#/R-HSA-1461957
Reactome:R-HSA-1474151	R-HSA-1474151	Tetrahydrobiopterin (BH4) synthesis, recycling, salvage and regulation	Reactome	9606	Homo sapiens	Pathway	https://reactome.org/PathwayBrowser/#/R-HSA-1474151
Reactome:R-HSA-1474228	R-HSA-1474228	Degradation of the extracellular matrix	Reactome	9606	Homo sapiens	Pathway	https://reactome.org/PathwayBrowser/#/R-HSA-1474228
Reactome:R-HSA-1475029	R-HSA-1475029	Reversible hydration of carbon dioxide	Reactome	9606	Homo sapiens	Pathway	https://reactome.org/PathwayBrowser/#/R-HSA-1475029
Reactome:R-HSA-1482883	R-HSA-1482883	Acyl chain remodeling of DAG and TAG	Reactome	9606	Homo sapiens	Pathway	https://reactome.org/PathwayBrowser/#/R-HSA-1482883
Reactome:R-HSA-1483191	R-HSA-1483191	Synthesis of PC	Reactome	9606	Homo sapiens	Pathway	https://reactome.org/PathwayBrowser/#/R-HSA-1483191
Reactome:R-HSA-1483226	R-HSA-1483226	Synthesis of PI	Reactome	9606	Homo sapiens	Pathway	https://reactome.org/PathwayBrowser/#/R-HSA-1483226
Reactome:R-HSA-1489509	R-HSA-1489509	DAG and IP3 signaling	Reactome	9606	Homo sapiens	Pathway	https://reactome.org/PathwayBrowser/#/R-HSA-1489509
Reactome:R-HSA-1502540	R-HSA-1502540	Signaling by Activin	Reactome	9606	Homo sapiens	Pathway	https://reactome.org/PathwayBrowser/#/R-HSA-1502540
Reactome:R-HSA-1538133	R-HSA-1538133	G0 and Early G1	Reactome	9606	Homo sapiens	Pathway	https://reactome.org/PathwayBrowser/#/R-HSA-1538133
Reactome:R-HSA-156581	R-HSA-156581	Methylation	Reactome	9606	Homo sapiens	Pathway	https://reactome.org/PathwayBrowser/#/R-HSA-156581
Reactome:R-HSA-156582	R-HSA-156582	Acetylation	Reactome	9606	Homo sapiens	Pathway	https://reactome.org/PathwayBrowser/#/R-HSA-156582
Reactome:R-HSA-156590	R-HSA-156590	Glutathione conjugation	Reactome	9606	Homo sapiens	Pathway	https://reactome.org/PathwayBrowser/#/R-HSA-156590
Reactome:R-HSA-1566948	R-HSA-1566948	Elastic fibre formation	Reactome	9606	Homo sapiens	Pathway	https://reactome.org/PathwayBrowser/#/R-HSA-1566948
Reactome:R-HSA-1566977	R-HSA-1566977	Fibronectin matrix formation	Reactome	9606	Homo sapiens	Pathway	https://reactome.org/PathwayBrowser/#/R-HSA-1566977
Reactome:R-HSA-156711	R-HSA-156711	Polo-like kinase mediated events	Reactome	9606	Homo sapiens	Pathway	https://reactome.org/PathwayBrowser/#/R-HSA-156711
Reactome:R-HSA-156827	R-HSA-156827	L13a-mediated translational silencing of Ceruloplasmin expression	Reactome	9606	Homo sapiens	Pathway	https://reactome.org/PathwayBrowser/#/R-HSA-156827
Reactome:R-HSA-156902	R-HSA-156902	Peptide chain elongation	Reactome	9606	Homo sapiens	Pathway	https://reactome.org/PathwayBrowser/#/R-HSA-156902
Reactome:R-HSA-159236	R-HSA-159236	Transport of Mature mRNA derived from an Intron-Containing Transcript	Reactome	9606	Homo sapiens	Pathway	https://reactome.org/PathwayBrowser/#/R-HSA-159236
Reactome:R-HSA-1592389	R-HSA-1592389	Activation of Matrix Metalloproteinases	Reactome	9606	Homo sapiens	Pathway	https://reactome.org/PathwayBrowser/#/R-HSA-1592389
Reactome:R-HSA-159418	R-HSA-159418	Recycling of bile acids and salts	Reactome	9606	Homo sapiens	Pathway	https://reactome.org/PathwayBrowser/#/R-HSA-159418
Reactome:R-HSA-159740	R-HSA-159740	Gamma-carboxylation of protein precursors	Reactome	9606	Homo sapiens	Pathway	https://reactome.org/PathwayBrowser/#/R-HSA-159740
Reactome:R-HSA-159763	R-HSA-159763	Transport of gamma-carboxylated protein precursors from the endoplasmic reticulum to the Golgi apparatus	Reactome	9606	Homo sapiens	Pathway	https://reactome.org/PathwayBrowser/#/R-HSA-159763
Reactome:R-HSA-159782	R-HSA-159782	Removal of aminoterminal propeptides from gamma-carboxylated proteins	Reactome	9606	Homo sapiens	Pathway	https://reactome.org/PathwayBrowser/#/R-HSA-159782
Reactome:R-HSA-1614517	R-HSA-1614517	Sulfide oxidation to sulfate	Reactome	9606	Homo sapiens	Pathway	https://reactome.org/PathwayBrowser/#/R-HSA-1614517
Reactome:R-HSA-1614558	R-HSA-1614558	Degradation of cysteine and homocysteine	Reactome	9606	Homo sapiens	Pathway	https://reactome.org/PathwayBrowser/#/R-HSA-1614558
Reactome:R-HSA-1614635	R-HSA-1614635	Sulfur amino acid metabolism	Reactome	9606	Homo sapiens	Pathway	https://reactome.org/PathwayBrowser/#/R-HSA-1614635
Reactome:R-HSA-162658	R-HSA-162658	Golgi Cisternae Pericentriolar Stack Reorganization	Reactome	9606	Homo sapiens	Pathway	https://reactome.org/PathwayBrowser/#/R-HSA-162658
Reactome:R-HSA-163125	R-HSA-163125	Post-translational modification: synthesis of GPI-anchored proteins	Reactome	9606	Homo sapiens	Pathway	https://reactome.org/PathwayBrowser/#/R-HSA-163125
Reactome:R-HSA-163210	R-HSA-163210	Formation of ATP by chemiosmotic coupling	Reactome	9606	Homo sapiens	Pathway	https://reactome.org/PathwayBrowser/#/R-HSA-163210
Reactome:R-HSA-163282	R-HSA-163282	Mitochondrial transcription initiation	Reactome	9606	Homo sapiens	Pathway	https://reactome.org/PathwayBrowser/#/R-HSA-163282
Reactome:R-HSA-1632852	R-HSA-1632852	Macroautophagy	Reactome	9606	Homo sapiens	Pathway	https://reactome.org/PathwayBrowser/#/R-HSA-1632852
Reactome:R-HSA-163358	R-HSA-163358	PKA-mediated phosphorylation of key metabolic factors	Reactome	9606	Homo sapiens	Pathway	https://reactome.org/PathwayBrowser/#/R-HSA-163358
Reactome:R-HSA-163560	R-HSA-163560	Triglyceride catabolism	Reactome	9606	Homo sapiens	Pathway	https://reactome.org/PathwayBrowser/#/R-HSA-163560
Reactome:R-HSA-163615	R-HSA-163615	PKA activation	Reactome	9606	Homo sapiens	Pathway	https://reactome.org/PathwayBrowser/#/R-HSA-163615
Reactome:R-HSA-163680	R-HSA-163680	AMPK inhibits chREBP transcriptional activation activity	Reactome	9606	Homo sapiens	Pathway	https://reactome.org/PathwayBrowser/#/R-HSA-163680
Reactome:R-HSA-163754	R-HSA-163754	Insulin effects increased synthesis of Xylulose-5-Phosphate	Reactome	9606	Homo sapiens	Pathway	https://reactome.org/PathwayBrowser/#/R-HSA-163754
Reactome:R-HSA-163765	R-HSA-163765	ChREBP activates metabolic gene expression	Reactome	9606	Homo sapiens	Pathway	https://reactome.org/PathwayBrowser/#/R-HSA-163765
Reactome:R-HSA-163767	R-HSA-163767	PP2A-mediated dephosphorylation of key metabolic factors	Reactome	9606	Homo sapiens	Pathway	https://reactome.org/PathwayBrowser/#/R-HSA-163767
Reactome:R-HSA-164378	R-HSA-164378	PKA activation in glucagon signalling	Reactome	9606	Homo sapiens	Pathway	https://reactome.org/PathwayBrowser/#/R-HSA-164378
Reactome:R-HSA-164944	R-HSA-164944	Nef and signal transduction	Reactome	9606	Homo sapiens	Pathway	https://reactome.org/PathwayBrowser/#/R-HSA-164944
Reactome:R-HSA-165054	R-HSA-165054	Rev-mediated nuclear export of HIV RNA	Reactome	9606	Homo sapiens	Pathway	https://reactome.org/PathwayBrowser/#/R-HSA-165054
Reactome:R-HSA-1650814	R-HSA-1650814	Collagen biosynthesis and modifying enzymes	Reactome	9606	Homo sapiens	Pathway	https://reactome.org/PathwayBrowser/#/R-HSA-1650814
Reactome:R-HSA-165158	R-HSA-165158	Activation of AKT2	Reactome	9606	Homo sapiens	Pathway	https://reactome.org/PathwayBrowser/#/R-HSA-165158
Reactome:R-HSA-165159	R-HSA-165159	MTOR signalling	Reactome	9606	Homo sapiens	Pathway	https://reactome.org/PathwayBrowser/#/R-HSA-165159
Reactome:R-HSA-165181	R-HSA-165181	Inhibition of TSC complex formation by AKT (PKB)	Reactome	9606	Homo sapiens	Pathway	https://reactome.org/PathwayBrowser/#/R-HSA-165181
Reactome:R-HSA-1655829	R-HSA-1655829	Regulation of cholesterol biosynthesis by SREBP (SREBF)	Reactome	9606	Homo sapiens	Pathway	https://reactome.org/PathwayBrowser/#/R-HSA-1655829
Reactome:R-HSA-166016	R-HSA-166016	Toll Like Receptor 4 (TLR4) Cascade	Reactome	9606	Homo sapiens	Pathway	https://reactome.org/PathwayBrowser/#/R-HSA-166016
Reactome:R-HSA-166020	R-HSA-166020	Transfer of LPS from LBP carrier to CD14	Reactome	9606	Homo sapiens	Pathway	https://reactome.org/PathwayBrowser/#/R-HSA-166020
Reactome:R-HSA-1660499	R-HSA-1660499	Synthesis of PIPs at the plasma membrane	Reactome	9606	Homo sapiens	Pathway	https://reactome.org/PathwayBrowser/#/R-HSA-1660499
Reactome:R-HSA-1660516	R-HSA-1660516	Synthesis of PIPs at the early endosome membrane	Reactome	9606	Homo sapiens	Pathway	https://reactome.org/PathwayBrowser/#/R-HSA-1660516
Reactome:R-HSA-166058	R-HSA-166058	MyD88:MAL(TIRAP) cascade initiated on plasma membrane	Reactome	9606	Homo sapiens	Pathway	https://reactome.org/PathwayBrowser/#/R-HSA-166058
Reactome:R-HSA-166166	R-HSA-166166	MyD88-independent TLR4 cascade 	Reactome	9606	Homo sapiens	Pathway	https://reactome.org/PathwayBrowser/#/R-HSA-166166
Reactome:R-HSA-166208	R-HSA-166208	mTORC1-mediated signalling	Reactome	9606	Homo sapiens	Pathway	https://reactome.org/PathwayBrowser/#/R-HSA-166208
Reactome:R-HSA-166662	R-HSA-166662	Lectin pathway of complement activation	Reactome	9606	Homo sapiens	Pathway	https://reactome.org/PathwayBrowser/#/R-HSA-166662
Reactome:R-HSA-166663	R-HSA-166663	Initial triggering of complement	Reactome	9606	Homo sapiens	Pathway	https://reactome.org/PathwayBrowser/#/R-HSA-166663
Reactome:R-HSA-166665	R-HSA-166665	Terminal pathway of complement	Reactome	9606	Homo sapiens	Pathway	https://reactome.org/PathwayBrowser/#/R-HSA-166665
Reactome:R-HSA-167021	R-HSA-167021	PLC-gamma1 signalling	Reactome	9606	Homo sapiens	Pathway	https://reactome.org/PathwayBrowser/#/R-HSA-167021
Reactome:R-HSA-167044	R-HSA-167044	Signalling to RAS	Reactome	9606	Homo sapiens	Pathway	https://reactome.org/PathwayBrowser/#/R-HSA-167044
Reactome:R-HSA-167152	R-HSA-167152	Formation of HIV elongation complex in the absence of HIV Tat	Reactome	9606	Homo sapiens	Pathway	https://reactome.org/PathwayBrowser/#/R-HSA-167152
Reactome:R-HSA-167158	R-HSA-167158	Formation of the HIV-1 Early Elongation Complex	Reactome	9606	Homo sapiens	Pathway	https://reactome.org/PathwayBrowser/#/R-HSA-167158
Reactome:R-HSA-167160	R-HSA-167160	RNA Pol II CTD phosphorylation and interaction with CE during HIV infection	Reactome	9606	Homo sapiens	Pathway	https://reactome.org/PathwayBrowser/#/R-HSA-167160
Reactome:R-HSA-167161	R-HSA-167161	HIV Transcription Initiation	Reactome	9606	Homo sapiens	Pathway	https://reactome.org/PathwayBrowser/#/R-HSA-167161
Reactome:R-HSA-167162	R-HSA-167162	RNA Polymerase II HIV Promoter Escape	Reactome	9606	Homo sapiens	Pathway	https://reactome.org/PathwayBrowser/#/R-HSA-167162
Reactome:R-HSA-167172	R-HSA-167172	Transcription of the HIV genome	Reactome	9606	Homo sapiens	Pathway	https://reactome.org/PathwayBrowser/#/R-HSA-167172
Reactome:R-HSA-167200	R-HSA-167200	Formation of HIV-1 elongation complex containing HIV-1 Tat	Reactome	9606	Homo sapiens	Pathway	https://reactome.org/PathwayBrowser/#/R-HSA-167200
Reactome:R-HSA-167246	R-HSA-167246	Tat-mediated elongation of the HIV-1 transcript	Reactome	9606	Homo sapiens	Pathway	https://reactome.org/PathwayBrowser/#/R-HSA-167246
Reactome:R-HSA-1679131	R-HSA-1679131	Trafficking and processing of endosomal TLR	Reactome	9606	Homo sapiens	Pathway	https://reactome.org/PathwayBrowser/#/R-HSA-1679131
Reactome:R-HSA-168138	R-HSA-168138	Toll Like Receptor 9 (TLR9) Cascade	Reactome	9606	Homo sapiens	Pathway	https://reactome.org/PathwayBrowser/#/R-HSA-168138
Reactome:R-HSA-168164	R-HSA-168164	Toll Like Receptor 3 (TLR3) Cascade	Reactome	9606	Homo sapiens	Pathway	https://reactome.org/PathwayBrowser/#/R-HSA-168164
Reactome:R-HSA-168179	R-HSA-168179	Toll Like Receptor TLR1:TLR2 Cascade	Reactome	9606	Homo sapiens	Pathway	https://reactome.org/PathwayBrowser/#/R-HSA-168179
Reactome:R-HSA-168181	R-HSA-168181	Toll Like Receptor 7/8 (TLR7/8) Cascade	Reactome	9606	Homo sapiens	Pathway	https://reactome.org/PathwayBrowser/#/R-HSA-168181
Reactome:R-HSA-168188	R-HSA-168188	Toll Like Receptor TLR6:TLR2 Cascade	Reactome	9606	Homo sapiens	Pathway	https://reactome.org/PathwayBrowser/#/R-HSA-168188
Reactome:R-HSA-168276	R-HSA-168276	NS1 Mediated Effects on Host Pathways	Reactome	9606	Homo sapiens	Pathway	https://reactome.org/PathwayBrowser/#/R-HSA-168276
Reactome:R-HSA-168277	R-HSA-168277	Influenza Virus Induced Apoptosis	Reactome	9606	Homo sapiens	Pathway	https://reactome.org/PathwayBrowser/#/R-HSA-168277
Reactome:R-HSA-168316	R-HSA-168316	Assembly of Viral Components at the Budding Site	Reactome	9606	Homo sapiens	Pathway	https://reactome.org/PathwayBrowser/#/R-HSA-168316
Reactome:R-HSA-168333	R-HSA-168333	NEP/NS2 Interacts with the Cellular Export Machinery	Reactome	9606	Homo sapiens	Pathway	https://reactome.org/PathwayBrowser/#/R-HSA-168333
Reactome:R-HSA-168638	R-HSA-168638	NOD1/2 Signaling Pathway	Reactome	9606	Homo sapiens	Pathway	https://reactome.org/PathwayBrowser/#/R-HSA-168638
Reactome:R-HSA-168927	R-HSA-168927	TICAM1, RIP1-mediated IKK complex recruitment	Reactome	9606	Homo sapiens	Pathway	https://reactome.org/PathwayBrowser/#/R-HSA-168927
Reactome:R-HSA-168928	R-HSA-168928	DDX58/IFIH1-mediated induction of interferon-alpha/beta	Reactome	9606	Homo sapiens	Pathway	https://reactome.org/PathwayBrowser/#/R-HSA-168928
Reactome:R-HSA-170968	R-HSA-170968	Frs2-mediated activation	Reactome	9606	Homo sapiens	Pathway	https://reactome.org/PathwayBrowser/#/R-HSA-170968
Reactome:R-HSA-170984	R-HSA-170984	ARMS-mediated activation	Reactome	9606	Homo sapiens	Pathway	https://reactome.org/PathwayBrowser/#/R-HSA-170984
Reactome:R-HSA-171007	R-HSA-171007	p38MAPK events	Reactome	9606	Homo sapiens	Pathway	https://reactome.org/PathwayBrowser/#/R-HSA-171007
Reactome:R-HSA-171306	R-HSA-171306	Packaging Of Telomere Ends	Reactome	9606	Homo sapiens	Pathway	https://reactome.org/PathwayBrowser/#/R-HSA-171306
Reactome:R-HSA-171319	R-HSA-171319	Telomere Extension By Telomerase	Reactome	9606	Homo sapiens	Pathway	https://reactome.org/PathwayBrowser/#/R-HSA-171319
Reactome:R-HSA-173623	R-HSA-173623	Classical antibody-mediated complement activation	Reactome	9606	Homo sapiens	Pathway	https://reactome.org/PathwayBrowser/#/R-HSA-173623
Reactome:R-HSA-173736	R-HSA-173736	Alternative complement activation	Reactome	9606	Homo sapiens	Pathway	https://reactome.org/PathwayBrowser/#/R-HSA-173736
Reactome:R-HSA-174048	R-HSA-174048	APC/C:Cdc20 mediated degradation of Cyclin B	Reactome	9606	Homo sapiens	Pathway	https://reactome.org/PathwayBrowser/#/R-HSA-174048
Reactome:R-HSA-174084	R-HSA-174084	Autodegradation of Cdh1 by Cdh1:APC/C	Reactome	9606	Homo sapiens	Pathway	https://reactome.org/PathwayBrowser/#/R-HSA-174084
Reactome:R-HSA-174113	R-HSA-174113	SCF-beta-TrCP mediated degradation of Emi1	Reactome	9606	Homo sapiens	Pathway	https://reactome.org/PathwayBrowser/#/R-HSA-174113
Reactome:R-HSA-174154	R-HSA-174154	APC/C:Cdc20 mediated degradation of Securin	Reactome	9606	Homo sapiens	Pathway	https://reactome.org/PathwayBrowser/#/R-HSA-174154
Reactome:R-HSA-174178	R-HSA-174178	APC/C:Cdh1 mediated degradation of Cdc20 and other APC/C:Cdh1 targeted proteins in late mitosis/early G1	Reactome	9606	Homo sapiens	Pathway	https://reactome.org/PathwayBrowser/#/R-HSA-174178
Reactome:R-HSA-174184	R-HSA-174184	Cdc20:Phospho-APC/C mediated degradation of Cyclin A	Reactome	9606	Homo sapiens	Pathway	https://reactome.org/PathwayBrowser/#/R-HSA-174184
Reactome:R-HSA-174411	R-HSA-174411	Polymerase switching on the C-strand of the telomere	Reactome	9606	Homo sapiens	Pathway	https://reactome.org/PathwayBrowser/#/R-HSA-174411
Reactome:R-HSA-174414	R-HSA-174414	Processive synthesis on the C-strand of the telomere	Reactome	9606	Homo sapiens	Pathway	https://reactome.org/PathwayBrowser/#/R-HSA-174414
Reactome:R-HSA-174417	R-HSA-174417	Telomere C-strand (Lagging Strand) Synthesis	Reactome	9606	Homo sapiens	Pathway	https://reactome.org/PathwayBrowser/#/R-HSA-174417
Reactome:R-HSA-174430	R-HSA-174430	Telomere C-strand synthesis initiation	Reactome	9606	Homo sapiens	Pathway	https://reactome.org/PathwayBrowser/#/R-HSA-174430
Reactome:R-HSA-174437	R-HSA-174437	Removal of the Flap Intermediate from the C-strand	Reactome	9606	Homo sapiens	Pathway	https://reactome.org/PathwayBrowser/#/R-HSA-174437
Reactome:R-HSA-174577	R-HSA-174577	Activation of C3 and C5	Reactome	9606	Homo sapiens	Pathway	https://reactome.org/PathwayBrowser/#/R-HSA-174577
Reactome:R-HSA-176187	R-HSA-176187	Activation of ATR in response to replication stress	Reactome	9606	Homo sapiens	Pathway	https://reactome.org/PathwayBrowser/#/R-HSA-176187
Reactome:R-HSA-176407	R-HSA-176407	Conversion from APC/C:Cdc20 to APC/C:Cdh1 in late anaphase	Reactome	9606	Homo sapiens	Pathway	https://reactome.org/PathwayBrowser/#/R-HSA-176407
Reactome:R-HSA-176408	R-HSA-176408	Regulation of APC/C activators between G1/S and early anaphase	Reactome	9606	Homo sapiens	Pathway	https://reactome.org/PathwayBrowser/#/R-HSA-176408
Reactome:R-HSA-176409	R-HSA-176409	APC/C:Cdc20 mediated degradation of mitotic proteins	Reactome	9606	Homo sapiens	Pathway	https://reactome.org/PathwayBrowser/#/R-HSA-176409
Reactome:R-HSA-176412	R-HSA-176412	Phosphorylation of the APC/C	Reactome	9606	Homo sapiens	Pathway	https://reactome.org/PathwayBrowser/#/R-HSA-176412
Reactome:R-HSA-176417	R-HSA-176417	Phosphorylation of Emi1	Reactome	9606	Homo sapiens	Pathway	https://reactome.org/PathwayBrowser/#/R-HSA-176417
Reactome:R-HSA-176974	R-HSA-176974	Unwinding of DNA	Reactome	9606	Homo sapiens	Pathway	https://reactome.org/PathwayBrowser/#/R-HSA-176974
Reactome:R-HSA-177929	R-HSA-177929	Signaling by EGFR	Reactome	9606	Homo sapiens	Pathway	https://reactome.org/PathwayBrowser/#/R-HSA-177929
Reactome:R-HSA-179409	R-HSA-179409	APC-Cdc20 mediated degradation of Nek2A	Reactome	9606	Homo sapiens	Pathway	https://reactome.org/PathwayBrowser/#/R-HSA-179409
Reactome:R-HSA-179812	R-HSA-179812	GRB2 events in EGFR signaling	Reactome	9606	Homo sapiens	Pathway	https://reactome.org/PathwayBrowser/#/R-HSA-179812
Reactome:R-HSA-1799339	R-HSA-1799339	SRP-dependent cotranslational protein targeting to membrane	Reactome	9606	Homo sapiens	Pathway	https://reactome.org/PathwayBrowser/#/R-HSA-1799339
Reactome:R-HSA-180024	R-HSA-180024	DARPP-32 events	Reactome	9606	Homo sapiens	Pathway	https://reactome.org/PathwayBrowser/#/R-HSA-180024
Reactome:R-HSA-180292	R-HSA-180292	GAB1 signalosome	Reactome	9606	Homo sapiens	Pathway	https://reactome.org/PathwayBrowser/#/R-HSA-180292
Reactome:R-HSA-180336	R-HSA-180336	SHC1 events in EGFR signaling	Reactome	9606	Homo sapiens	Pathway	https://reactome.org/PathwayBrowser/#/R-HSA-180336
Reactome:R-HSA-1810476	R-HSA-1810476	RIP-mediated NFkB activation via ZBP1	Reactome	9606	Homo sapiens	Pathway	https://reactome.org/PathwayBrowser/#/R-HSA-1810476
Reactome:R-HSA-181430	R-HSA-181430	Norepinephrine Neurotransmitter Release Cycle	Reactome	9606	Homo sapiens	Pathway	https://reactome.org/PathwayBrowser/#/R-HSA-181430
Reactome:R-HSA-182971	R-HSA-182971	EGFR downregulation	Reactome	9606	Homo sapiens	Pathway	https://reactome.org/PathwayBrowser/#/R-HSA-182971
Reactome:R-HSA-1839117	R-HSA-1839117	Signaling by cytosolic FGFR1 fusion mutants	Reactome	9606	Homo sapiens	Pathway	https://reactome.org/PathwayBrowser/#/R-HSA-1839117
Reactome:R-HSA-1839120	R-HSA-1839120	Signaling by FGFR1 amplification mutants	Reactome	9606	Homo sapiens	Pathway	https://reactome.org/PathwayBrowser/#/R-HSA-1839120
Reactome:R-HSA-1839122	R-HSA-1839122	Signaling by activated point mutants of FGFR1	Reactome	9606	Homo sapiens	Pathway	https://reactome.org/PathwayBrowser/#/R-HSA-1839122
Reactome:R-HSA-1839128	R-HSA-1839128	FGFR4 mutant receptor activation	Reactome	9606	Homo sapiens	Pathway	https://reactome.org/PathwayBrowser/#/R-HSA-1839128
Reactome:R-HSA-1839130	R-HSA-1839130	Signaling by activated point mutants of FGFR3	Reactome	9606	Homo sapiens	Pathway	https://reactome.org/PathwayBrowser/#/R-HSA-1839130
Reactome:R-HSA-1855183	R-HSA-1855183	Synthesis of IP2, IP, and Ins in the cytosol	Reactome	9606	Homo sapiens	Pathway	https://reactome.org/PathwayBrowser/#/R-HSA-1855183
Reactome:R-HSA-1855204	R-HSA-1855204	Synthesis of IP3 and IP4 in the cytosol	Reactome	9606	Homo sapiens	Pathway	https://reactome.org/PathwayBrowser/#/R-HSA-1855204
Reactome:R-HSA-186763	R-HSA-186763	Downstream signal transduction	Reactome	9606	Homo sapiens	Pathway	https://reactome.org/PathwayBrowser/#/R-HSA-186763
Reactome:R-HSA-186797	R-HSA-186797	Signaling by PDGF	Reactome	9606	Homo sapiens	Pathway	https://reactome.org/PathwayBrowser/#/R-HSA-186797
Reactome:R-HSA-187577	R-HSA-187577	SCF(Skp2)-mediated degradation of p27/p21	Reactome	9606	Homo sapiens	Pathway	https://reactome.org/PathwayBrowser/#/R-HSA-187577
Reactome:R-HSA-187706	R-HSA-187706	Signalling to p38 via RIT and RIN	Reactome	9606	Homo sapiens	Pathway	https://reactome.org/PathwayBrowser/#/R-HSA-187706
Reactome:R-HSA-189200	R-HSA-189200	Cellular hexose transport	Reactome	9606	Homo sapiens	Pathway	https://reactome.org/PathwayBrowser/#/R-HSA-189200
Reactome:R-HSA-189451	R-HSA-189451	Heme biosynthesis	Reactome	9606	Homo sapiens	Pathway	https://reactome.org/PathwayBrowser/#/R-HSA-189451
Reactome:R-HSA-189483	R-HSA-189483	Heme degradation	Reactome	9606	Homo sapiens	Pathway	https://reactome.org/PathwayBrowser/#/R-HSA-189483
Reactome:R-HSA-190322	R-HSA-190322	FGFR4 ligand binding and activation	Reactome	9606	Homo sapiens	Pathway	https://reactome.org/PathwayBrowser/#/R-HSA-190322
Reactome:R-HSA-190370	R-HSA-190370	FGFR1b ligand binding and activation	Reactome	9606	Homo sapiens	Pathway	https://reactome.org/PathwayBrowser/#/R-HSA-190370
Reactome:R-HSA-190372	R-HSA-190372	FGFR3c ligand binding and activation	Reactome	9606	Homo sapiens	Pathway	https://reactome.org/PathwayBrowser/#/R-HSA-190372
Reactome:R-HSA-190373	R-HSA-190373	FGFR1c ligand binding and activation	Reactome	9606	Homo sapiens	Pathway	https://reactome.org/PathwayBrowser/#/R-HSA-190373
Reactome:R-HSA-190374	R-HSA-190374	FGFR1c and Klotho ligand binding and activation	Reactome	9606	Homo sapiens	Pathway	https://reactome.org/PathwayBrowser/#/R-HSA-190374
Reactome:R-HSA-190375	R-HSA-190375	FGFR2c ligand binding and activation	Reactome	9606	Homo sapiens	Pathway	https://reactome.org/PathwayBrowser/#/R-HSA-190375
Reactome:R-HSA-190377	R-HSA-190377	FGFR2b ligand binding and activation	Reactome	9606	Homo sapiens	Pathway	https://reactome.org/PathwayBrowser/#/R-HSA-190377
Reactome:R-HSA-190704	R-HSA-190704	Oligomerization of connexins into connexons	Reactome	9606	Homo sapiens	Pathway	https://reactome.org/PathwayBrowser/#/R-HSA-190704
Reactome:R-HSA-190827	R-HSA-190827	Transport of connexins along the secretory pathway	Reactome	9606	Homo sapiens	Pathway	https://reactome.org/PathwayBrowser/#/R-HSA-190827
Reactome:R-HSA-190861	R-HSA-190861	Gap junction assembly	Reactome	9606	Homo sapiens	Pathway	https://reactome.org/PathwayBrowser/#/R-HSA-190861
Reactome:R-HSA-190873	R-HSA-190873	Gap junction degradation	Reactome	9606	Homo sapiens	Pathway	https://reactome.org/PathwayBrowser/#/R-HSA-190873
Reactome:R-HSA-1912399	R-HSA-1912399	Pre-NOTCH Processing in the Endoplasmic Reticulum	Reactome	9606	Homo sapiens	Pathway	https://reactome.org/PathwayBrowser/#/R-HSA-1912399
Reactome:R-HSA-1912408	R-HSA-1912408	Pre-NOTCH Transcription and Translation	Reactome	9606	Homo sapiens	Pathway	https://reactome.org/PathwayBrowser/#/R-HSA-1912408
Reactome:R-HSA-1912420	R-HSA-1912420	Pre-NOTCH Processing in Golgi	Reactome	9606	Homo sapiens	Pathway	https://reactome.org/PathwayBrowser/#/R-HSA-1912420
Reactome:R-HSA-191859	R-HSA-191859	snRNP Assembly	Reactome	9606	Homo sapiens	Pathway	https://reactome.org/PathwayBrowser/#/R-HSA-191859
Reactome:R-HSA-192105	R-HSA-192105	Synthesis of bile acids and bile salts	Reactome	9606	Homo sapiens	Pathway	https://reactome.org/PathwayBrowser/#/R-HSA-192105
Reactome:R-HSA-192814	R-HSA-192814	vRNA Synthesis	Reactome	9606	Homo sapiens	Pathway	https://reactome.org/PathwayBrowser/#/R-HSA-192814
Reactome:R-HSA-192823	R-HSA-192823	Viral mRNA Translation	Reactome	9606	Homo sapiens	Pathway	https://reactome.org/PathwayBrowser/#/R-HSA-192823
Reactome:R-HSA-193048	R-HSA-193048	Androgen biosynthesis	Reactome	9606	Homo sapiens	Pathway	https://reactome.org/PathwayBrowser/#/R-HSA-193048
Reactome:R-HSA-193368	R-HSA-193368	Synthesis of bile acids and bile salts via 7alpha-hydroxycholesterol	Reactome	9606	Homo sapiens	Pathway	https://reactome.org/PathwayBrowser/#/R-HSA-193368
Reactome:R-HSA-193648	R-HSA-193648	NRAGE signals death through JNK	Reactome	9606	Homo sapiens	Pathway	https://reactome.org/PathwayBrowser/#/R-HSA-193648
Reactome:R-HSA-193670	R-HSA-193670	p75NTR negatively regulates cell cycle via SC1	Reactome	9606	Homo sapiens	Pathway	https://reactome.org/PathwayBrowser/#/R-HSA-193670
Reactome:R-HSA-193692	R-HSA-193692	Regulated proteolysis of p75NTR	Reactome	9606	Homo sapiens	Pathway	https://reactome.org/PathwayBrowser/#/R-HSA-193692
Reactome:R-HSA-193775	R-HSA-193775	Synthesis of bile acids and bile salts via 24-hydroxycholesterol	Reactome	9606	Homo sapiens	Pathway	https://reactome.org/PathwayBrowser/#/R-HSA-193775
Reactome:R-HSA-193807	R-HSA-193807	Synthesis of bile acids and bile salts via 27-hydroxycholesterol	Reactome	9606	Homo sapiens	Pathway	https://reactome.org/PathwayBrowser/#/R-HSA-193807
Reactome:R-HSA-193993	R-HSA-193993	Mineralocorticoid biosynthesis	Reactome	9606	Homo sapiens	Pathway	https://reactome.org/PathwayBrowser/#/R-HSA-193993
Reactome:R-HSA-194002	R-HSA-194002	Glucocorticoid biosynthesis	Reactome	9606	Homo sapiens	Pathway	https://reactome.org/PathwayBrowser/#/R-HSA-194002
Reactome:R-HSA-194138	R-HSA-194138	Signaling by VEGF	Reactome	9606	Homo sapiens	Pathway	https://reactome.org/PathwayBrowser/#/R-HSA-194138
Reactome:R-HSA-194306	R-HSA-194306	Neuropilin interactions with VEGF and VEGFR	Reactome	9606	Homo sapiens	Pathway	https://reactome.org/PathwayBrowser/#/R-HSA-194306
Reactome:R-HSA-194313	R-HSA-194313	VEGF ligand-receptor interactions	Reactome	9606	Homo sapiens	Pathway	https://reactome.org/PathwayBrowser/#/R-HSA-194313
Reactome:R-HSA-195253	R-HSA-195253	Degradation of beta-catenin by the destruction complex	Reactome	9606	Homo sapiens	Pathway	https://reactome.org/PathwayBrowser/#/R-HSA-195253
Reactome:R-HSA-195399	R-HSA-195399	VEGF binds to VEGFR leading to receptor dimerization	Reactome	9606	Homo sapiens	Pathway	https://reactome.org/PathwayBrowser/#/R-HSA-195399
Reactome:R-HSA-196025	R-HSA-196025	Formation of annular gap junctions	Reactome	9606	Homo sapiens	Pathway	https://reactome.org/PathwayBrowser/#/R-HSA-196025
Reactome:R-HSA-196299	R-HSA-196299	Beta-catenin phosphorylation cascade	Reactome	9606	Homo sapiens	Pathway	https://reactome.org/PathwayBrowser/#/R-HSA-196299
Reactome:R-HSA-1963640	R-HSA-1963640	GRB2 events in ERBB2 signaling	Reactome	9606	Homo sapiens	Pathway	https://reactome.org/PathwayBrowser/#/R-HSA-1963640
Reactome:R-HSA-1963642	R-HSA-1963642	PI3K events in ERBB2 signaling	Reactome	9606	Homo sapiens	Pathway	https://reactome.org/PathwayBrowser/#/R-HSA-1963642
Reactome:R-HSA-196757	R-HSA-196757	Metabolism of folate and pterines	Reactome	9606	Homo sapiens	Pathway	https://reactome.org/PathwayBrowser/#/R-HSA-196757
Reactome:R-HSA-196780	R-HSA-196780	Biotin transport and metabolism	Reactome	9606	Homo sapiens	Pathway	https://reactome.org/PathwayBrowser/#/R-HSA-196780
Reactome:R-HSA-196791	R-HSA-196791	Vitamin D (calciferol) metabolism	Reactome	9606	Homo sapiens	Pathway	https://reactome.org/PathwayBrowser/#/R-HSA-196791
Reactome:R-HSA-196807	R-HSA-196807	Nicotinate metabolism	Reactome	9606	Homo sapiens	Pathway	https://reactome.org/PathwayBrowser/#/R-HSA-196807
Reactome:R-HSA-196836	R-HSA-196836	Vitamin C (ascorbate) metabolism	Reactome	9606	Homo sapiens	Pathway	https://reactome.org/PathwayBrowser/#/R-HSA-196836
Reactome:R-HSA-1971475	R-HSA-1971475	Glycosaminoglycan-protein linkage region biosynthesis	Reactome	9606	Homo sapiens	Pathway	https://reactome.org/PathwayBrowser/#/R-HSA-1971475
Reactome:R-HSA-198203	R-HSA-198203	PI3K/AKT activation	Reactome	9606	Homo sapiens	Pathway	https://reactome.org/PathwayBrowser/#/R-HSA-198203
Reactome:R-HSA-198323	R-HSA-198323	AKT phosphorylates targets in the cytosol	Reactome	9606	Homo sapiens	Pathway	https://reactome.org/PathwayBrowser/#/R-HSA-198323
Reactome:R-HSA-198693	R-HSA-198693	AKT phosphorylates targets in the nucleus	Reactome	9606	Homo sapiens	Pathway	https://reactome.org/PathwayBrowser/#/R-HSA-198693
Reactome:R-HSA-198753	R-HSA-198753	ERK/MAPK targets	Reactome	9606	Homo sapiens	Pathway	https://reactome.org/PathwayBrowser/#/R-HSA-198753
Reactome:R-HSA-198933	R-HSA-198933	Immunoregulatory interactions between a Lymphoid and a non-Lymphoid cell	Reactome	9606	Homo sapiens	Pathway	https://reactome.org/PathwayBrowser/#/R-HSA-198933
Reactome:R-HSA-1989781	R-HSA-1989781	PPARA activates gene expression	Reactome	9606	Homo sapiens	Pathway	https://reactome.org/PathwayBrowser/#/R-HSA-1989781
Reactome:R-HSA-199220	R-HSA-199220	Vitamin B5 (pantothenate) metabolism	Reactome	9606	Homo sapiens	Pathway	https://reactome.org/PathwayBrowser/#/R-HSA-199220
Reactome:R-HSA-199418	R-HSA-199418	Negative regulation of the PI3K/AKT network	Reactome	9606	Homo sapiens	Pathway	https://reactome.org/PathwayBrowser/#/R-HSA-199418
Reactome:R-HSA-199920	R-HSA-199920	CREB phosphorylation	Reactome	9606	Homo sapiens	Pathway	https://reactome.org/PathwayBrowser/#/R-HSA-199920
Reactome:R-HSA-200425	R-HSA-200425	Carnitine shuttle	Reactome	9606	Homo sapiens	Pathway	https://reactome.org/PathwayBrowser/#/R-HSA-200425
Reactome:R-HSA-201451	R-HSA-201451	Signaling by BMP	Reactome	9606	Homo sapiens	Pathway	https://reactome.org/PathwayBrowser/#/R-HSA-201451
Reactome:R-HSA-201556	R-HSA-201556	Signaling by ALK	Reactome	9606	Homo sapiens	Pathway	https://reactome.org/PathwayBrowser/#/R-HSA-201556
Reactome:R-HSA-201681	R-HSA-201681	TCF dependent signaling in response to WNT	Reactome	9606	Homo sapiens	Pathway	https://reactome.org/PathwayBrowser/#/R-HSA-201681
Reactome:R-HSA-201722	R-HSA-201722	Formation of the beta-catenin:TCF transactivating complex	Reactome	9606	Homo sapiens	Pathway	https://reactome.org/PathwayBrowser/#/R-HSA-201722
Reactome:R-HSA-2022090	R-HSA-2022090	Assembly of collagen fibrils and other multimeric structures	Reactome	9606	Homo sapiens	Pathway	https://reactome.org/PathwayBrowser/#/R-HSA-2022090
Reactome:R-HSA-2022377	R-HSA-2022377	Metabolism of Angiotensinogen to Angiotensins	Reactome	9606	Homo sapiens	Pathway	https://reactome.org/PathwayBrowser/#/R-HSA-2022377
Reactome:R-HSA-2022854	R-HSA-2022854	Keratan sulfate biosynthesis	Reactome	9606	Homo sapiens	Pathway	https://reactome.org/PathwayBrowser/#/R-HSA-2022854
Reactome:R-HSA-2022857	R-HSA-2022857	Keratan sulfate degradation	Reactome	9606	Homo sapiens	Pathway	https://reactome.org/PathwayBrowser/#/R-HSA-2022857
Reactome:R-HSA-2022870	R-HSA-2022870	CS-GAG biosynthesis	Reactome	9606	Homo sapiens	Pathway	https://reactome.org/PathwayBrowser/#/R-HSA-2022870
Reactome:R-HSA-2022923	R-HSA-2022923	DS-GAG biosynthesis	Reactome	9606	Homo sapiens	Pathway	https://reactome.org/PathwayBrowser/#/R-HSA-2022923
Reactome:R-HSA-2022928	R-HSA-2022928	HS-GAG biosynthesis	Reactome	9606	Homo sapiens	Pathway	https://reactome.org/PathwayBrowser/#/R-HSA-2022928
Reactome:R-HSA-2023837	R-HSA-2023837	Signaling by FGFR2 amplification mutants	Reactome	9606	Homo sapiens	Pathway	https://reactome.org/PathwayBrowser/#/R-HSA-2023837
Reactome:R-HSA-2024096	R-HSA-2024096	HS-GAG degradation	Reactome	9606	Homo sapiens	Pathway	https://reactome.org/PathwayBrowser/#/R-HSA-2024096
Reactome:R-HSA-2024101	R-HSA-2024101	CS/DS degradation	Reactome	9606	Homo sapiens	Pathway	https://reactome.org/PathwayBrowser/#/R-HSA-2024101
Reactome:R-HSA-202424	R-HSA-202424	Downstream TCR signaling	Reactome	9606	Homo sapiens	Pathway	https://reactome.org/PathwayBrowser/#/R-HSA-202424
Reactome:R-HSA-202427	R-HSA-202427	Phosphorylation of CD3 and TCR zeta chains	Reactome	9606	Homo sapiens	Pathway	https://reactome.org/PathwayBrowser/#/R-HSA-202427
Reactome:R-HSA-202430	R-HSA-202430	Translocation of ZAP-70 to Immunological synapse	Reactome	9606	Homo sapiens	Pathway	https://reactome.org/PathwayBrowser/#/R-HSA-202430
Reactome:R-HSA-202433	R-HSA-202433	Generation of second messenger molecules	Reactome	9606	Homo sapiens	Pathway	https://reactome.org/PathwayBrowser/#/R-HSA-202433
Reactome:R-HSA-202733	R-HSA-202733	Cell surface interactions at the vascular wall	Reactome	9606	Homo sapiens	Pathway	https://reactome.org/PathwayBrowser/#/R-HSA-202733
Reactome:R-HSA-2028269	R-HSA-2028269	Signaling by Hippo	Reactome	9606	Homo sapiens	Pathway	https://reactome.org/PathwayBrowser/#/R-HSA-2028269
Reactome:R-HSA-2029482	R-HSA-2029482	Regulation of actin dynamics for phagocytic cup formation	Reactome	9606	Homo sapiens	Pathway	https://reactome.org/PathwayBrowser/#/R-HSA-2029482
Reactome:R-HSA-2029485	R-HSA-2029485	Role of phospholipids in phagocytosis	Reactome	9606	Homo sapiens	Pathway	https://reactome.org/PathwayBrowser/#/R-HSA-2029485
Reactome:R-HSA-2032785	R-HSA-2032785	YAP1- and WWTR1 (TAZ)-stimulated gene expression	Reactome	9606	Homo sapiens	Pathway	https://reactome.org/PathwayBrowser/#/R-HSA-2032785
Reactome:R-HSA-2033519	R-HSA-2033519	Activated point mutants of FGFR2	Reactome	9606	Homo sapiens	Pathway	https://reactome.org/PathwayBrowser/#/R-HSA-2033519
Reactome:R-HSA-203615	R-HSA-203615	eNOS activation	Reactome	9606	Homo sapiens	Pathway	https://reactome.org/PathwayBrowser/#/R-HSA-203615
Reactome:R-HSA-203927	R-HSA-203927	MicroRNA (miRNA) biogenesis	Reactome	9606	Homo sapiens	Pathway	https://reactome.org/PathwayBrowser/#/R-HSA-203927
Reactome:R-HSA-204005	R-HSA-204005	COPII-mediated vesicle transport	Reactome	9606	Homo sapiens	Pathway	https://reactome.org/PathwayBrowser/#/R-HSA-204005
Reactome:R-HSA-204174	R-HSA-204174	Regulation of pyruvate dehydrogenase (PDH) complex	Reactome	9606	Homo sapiens	Pathway	https://reactome.org/PathwayBrowser/#/R-HSA-204174
Reactome:R-HSA-2046106	R-HSA-2046106	alpha-linolenic acid (ALA) metabolism	Reactome	9606	Homo sapiens	Pathway	https://reactome.org/PathwayBrowser/#/R-HSA-2046106
Reactome:R-HSA-209543	R-HSA-209543	p75NTR recruits signalling complexes	Reactome	9606	Homo sapiens	Pathway	https://reactome.org/PathwayBrowser/#/R-HSA-209543
Reactome:R-HSA-209560	R-HSA-209560	NF-kB is activated and signals survival	Reactome	9606	Homo sapiens	Pathway	https://reactome.org/PathwayBrowser/#/R-HSA-209560
Reactome:R-HSA-209905	R-HSA-209905	Catecholamine biosynthesis	Reactome	9606	Homo sapiens	Pathway	https://reactome.org/PathwayBrowser/#/R-HSA-209905
Reactome:R-HSA-209968	R-HSA-209968	Thyroxine biosynthesis	Reactome	9606	Homo sapiens	Pathway	https://reactome.org/PathwayBrowser/#/R-HSA-209968
Reactome:R-HSA-210455	R-HSA-210455	Astrocytic Glutamate-Glutamine Uptake And Metabolism	Reactome	9606	Homo sapiens	Pathway	https://reactome.org/PathwayBrowser/#/R-HSA-210455
Reactome:R-HSA-210745	R-HSA-210745	Regulation of gene expression in beta cells	Reactome	9606	Homo sapiens	Pathway	https://reactome.org/PathwayBrowser/#/R-HSA-210745
Reactome:R-HSA-210747	R-HSA-210747	Regulation of gene expression in early pancreatic precursor cells	Reactome	9606	Homo sapiens	Pathway	https://reactome.org/PathwayBrowser/#/R-HSA-210747
Reactome:R-HSA-210990	R-HSA-210990	PECAM1 interactions	Reactome	9606	Homo sapiens	Pathway	https://reactome.org/PathwayBrowser/#/R-HSA-210990
Reactome:R-HSA-210991	R-HSA-210991	Basigin interactions	Reactome	9606	Homo sapiens	Pathway	https://reactome.org/PathwayBrowser/#/R-HSA-210991
Reactome:R-HSA-210993	R-HSA-210993	Tie2 Signaling	Reactome	9606	Homo sapiens	Pathway	https://reactome.org/PathwayBrowser/#/R-HSA-210993
Reactome:R-HSA-211163	R-HSA-211163	AKT-mediated inactivation of FOXO1A	Reactome	9606	Homo sapiens	Pathway	https://reactome.org/PathwayBrowser/#/R-HSA-211163
Reactome:R-HSA-211916	R-HSA-211916	Vitamins	Reactome	9606	Homo sapiens	Pathway	https://reactome.org/PathwayBrowser/#/R-HSA-211916
Reactome:R-HSA-211935	R-HSA-211935	Fatty acids	Reactome	9606	Homo sapiens	Pathway	https://reactome.org/PathwayBrowser/#/R-HSA-211935
Reactome:R-HSA-211945	R-HSA-211945	Phase I - Functionalization of compounds	Reactome	9606	Homo sapiens	Pathway	https://reactome.org/PathwayBrowser/#/R-HSA-211945
Reactome:R-HSA-211957	R-HSA-211957	Aromatic amines can be N-hydroxylated or N-dealkylated by CYP1A2	Reactome	9606	Homo sapiens	Pathway	https://reactome.org/PathwayBrowser/#/R-HSA-211957
Reactome:R-HSA-211976	R-HSA-211976	Endogenous sterols	Reactome	9606	Homo sapiens	Pathway	https://reactome.org/PathwayBrowser/#/R-HSA-211976
Reactome:R-HSA-211981	R-HSA-211981	Xenobiotics	Reactome	9606	Homo sapiens	Pathway	https://reactome.org/PathwayBrowser/#/R-HSA-211981
Reactome:R-HSA-211999	R-HSA-211999	CYP2E1 reactions	Reactome	9606	Homo sapiens	Pathway	https://reactome.org/PathwayBrowser/#/R-HSA-211999
Reactome:R-HSA-2122947	R-HSA-2122947	NOTCH1 Intracellular Domain Regulates Transcription	Reactome	9606	Homo sapiens	Pathway	https://reactome.org/PathwayBrowser/#/R-HSA-2122947
Reactome:R-HSA-2122948	R-HSA-2122948	Activated NOTCH1 Transmits Signal to the Nucleus	Reactome	9606	Homo sapiens	Pathway	https://reactome.org/PathwayBrowser/#/R-HSA-2122948
Reactome:R-HSA-212300	R-HSA-212300	PRC2 methylates histones and DNA	Reactome	9606	Homo sapiens	Pathway	https://reactome.org/PathwayBrowser/#/R-HSA-212300
Reactome:R-HSA-212436	R-HSA-212436	Generic Transcription Pathway	Reactome	9606	Homo sapiens	Pathway	https://reactome.org/PathwayBrowser/#/R-HSA-212436
Reactome:R-HSA-212718	R-HSA-212718	EGFR interacts with phospholipase C-gamma	Reactome	9606	Homo sapiens	Pathway	https://reactome.org/PathwayBrowser/#/R-HSA-212718
Reactome:R-HSA-2129379	R-HSA-2129379	Molecules associated with elastic fibres	Reactome	9606	Homo sapiens	Pathway	https://reactome.org/PathwayBrowser/#/R-HSA-2129379
Reactome:R-HSA-2132295	R-HSA-2132295	MHC class II antigen presentation	Reactome	9606	Homo sapiens	Pathway	https://reactome.org/PathwayBrowser/#/R-HSA-2132295
Reactome:R-HSA-2142670	R-HSA-2142670	Synthesis of epoxy (EET) and dihydroxyeicosatrienoic acids (DHET)	Reactome	9606	Homo sapiens	Pathway	https://reactome.org/PathwayBrowser/#/R-HSA-2142670
Reactome:R-HSA-2142688	R-HSA-2142688	Synthesis of 5-eicosatetraenoic acids	Reactome	9606	Homo sapiens	Pathway	https://reactome.org/PathwayBrowser/#/R-HSA-2142688
Reactome:R-HSA-2142712	R-HSA-2142712	Synthesis of 12-eicosatetraenoic acid derivatives	Reactome	9606	Homo sapiens	Pathway	https://reactome.org/PathwayBrowser/#/R-HSA-2142712
Reactome:R-HSA-2142770	R-HSA-2142770	Synthesis of 15-eicosatetraenoic acid derivatives	Reactome	9606	Homo sapiens	Pathway	https://reactome.org/PathwayBrowser/#/R-HSA-2142770
Reactome:R-HSA-2142816	R-HSA-2142816	Synthesis of (16-20)-hydroxyeicosatetraenoic acids (HETE)	Reactome	9606	Homo sapiens	Pathway	https://reactome.org/PathwayBrowser/#/R-HSA-2142816
Reactome:R-HSA-2142845	R-HSA-2142845	Hyaluronan metabolism	Reactome	9606	Homo sapiens	Pathway	https://reactome.org/PathwayBrowser/#/R-HSA-2142845
Reactome:R-HSA-2151201	R-HSA-2151201	Transcriptional activation of mitochondrial biogenesis	Reactome	9606	Homo sapiens	Pathway	https://reactome.org/PathwayBrowser/#/R-HSA-2151201
Reactome:R-HSA-2151209	R-HSA-2151209	Activation of PPARGC1A (PGC-1alpha) by phosphorylation	Reactome	9606	Homo sapiens	Pathway	https://reactome.org/PathwayBrowser/#/R-HSA-2151209
Reactome:R-HSA-216083	R-HSA-216083	Integrin cell surface interactions	Reactome	9606	Homo sapiens	Pathway	https://reactome.org/PathwayBrowser/#/R-HSA-216083
Reactome:R-HSA-2160916	R-HSA-2160916	Hyaluronan degradation	Reactome	9606	Homo sapiens	Pathway	https://reactome.org/PathwayBrowser/#/R-HSA-2160916
Reactome:R-HSA-2161517	R-HSA-2161517	Abacavir transmembrane transport	Reactome	9606	Homo sapiens	Pathway	https://reactome.org/PathwayBrowser/#/R-HSA-2161517
Reactome:R-HSA-2161541	R-HSA-2161541	Abacavir metabolism	Reactome	9606	Homo sapiens	Pathway	https://reactome.org/PathwayBrowser/#/R-HSA-2161541
Reactome:R-HSA-2162123	R-HSA-2162123	Synthesis of Prostaglandins (PG) and Thromboxanes (TX)	Reactome	9606	Homo sapiens	Pathway	https://reactome.org/PathwayBrowser/#/R-HSA-2162123
Reactome:R-HSA-2168880	R-HSA-2168880	Scavenging of heme from plasma	Reactome	9606	Homo sapiens	Pathway	https://reactome.org/PathwayBrowser/#/R-HSA-2168880
Reactome:R-HSA-2173788	R-HSA-2173788	Downregulation of TGF-beta receptor signaling	Reactome	9606	Homo sapiens	Pathway	https://reactome.org/PathwayBrowser/#/R-HSA-2173788
Reactome:R-HSA-2173789	R-HSA-2173789	TGF-beta receptor signaling activates SMADs	Reactome	9606	Homo sapiens	Pathway	https://reactome.org/PathwayBrowser/#/R-HSA-2173789
Reactome:R-HSA-2173791	R-HSA-2173791	TGF-beta receptor signaling in EMT (epithelial to mesenchymal transition)	Reactome	9606	Homo sapiens	Pathway	https://reactome.org/PathwayBrowser/#/R-HSA-2173791
Reactome:R-HSA-2173795	R-HSA-2173795	Downregulation of SMAD2/3:SMAD4 transcriptional activity	Reactome	9606	Homo sapiens	Pathway	https://reactome.org/PathwayBrowser/#/R-HSA-2173795
Reactome:R-HSA-2173796	R-HSA-2173796	SMAD2/SMAD3:SMAD4 heterotrimer regulates transcription	Reactome	9606	Homo sapiens	Pathway	https://reactome.org/PathwayBrowser/#/R-HSA-2173796
Reactome:R-HSA-2179392	R-HSA-2179392	EGFR Transactivation by Gastrin	Reactome	9606	Homo sapiens	Pathway	https://reactome.org/PathwayBrowser/#/R-HSA-2179392
Reactome:R-HSA-2214320	R-HSA-2214320	Anchoring fibril formation	Reactome	9606	Homo sapiens	Pathway	https://reactome.org/PathwayBrowser/#/R-HSA-2214320
Reactome:R-HSA-2219530	R-HSA-2219530	Constitutive Signaling by Aberrant PI3K in Cancer	Reactome	9606	Homo sapiens	Pathway	https://reactome.org/PathwayBrowser/#/R-HSA-2219530
Reactome:R-HSA-2243919	R-HSA-2243919	Crosslinking of collagen fibrils	Reactome	9606	Homo sapiens	Pathway	https://reactome.org/PathwayBrowser/#/R-HSA-2243919
Reactome:R-HSA-2299718	R-HSA-2299718	Condensation of Prophase Chromosomes	Reactome	9606	Homo sapiens	Pathway	https://reactome.org/PathwayBrowser/#/R-HSA-2299718
Reactome:R-HSA-2404192	R-HSA-2404192	Signaling by Type 1 Insulin-like Growth Factor 1 Receptor (IGF1R)	Reactome	9606	Homo sapiens	Pathway	https://reactome.org/PathwayBrowser/#/R-HSA-2404192
Reactome:R-HSA-2408508	R-HSA-2408508	Metabolism of ingested SeMet, Sec, MeSec into H2Se	Reactome	9606	Homo sapiens	Pathway	https://reactome.org/PathwayBrowser/#/R-HSA-2408508
Reactome:R-HSA-2408552	R-HSA-2408552	Methylation of MeSeH for excretion	Reactome	9606	Homo sapiens	Pathway	https://reactome.org/PathwayBrowser/#/R-HSA-2408552
Reactome:R-HSA-2408557	R-HSA-2408557	Selenocysteine synthesis	Reactome	9606	Homo sapiens	Pathway	https://reactome.org/PathwayBrowser/#/R-HSA-2408557
Reactome:R-HSA-2424491	R-HSA-2424491	DAP12 signaling	Reactome	9606	Homo sapiens	Pathway	https://reactome.org/PathwayBrowser/#/R-HSA-2424491
Reactome:R-HSA-2426168	R-HSA-2426168	Activation of gene expression by SREBF (SREBP)	Reactome	9606	Homo sapiens	Pathway	https://reactome.org/PathwayBrowser/#/R-HSA-2426168
Reactome:R-HSA-2428928	R-HSA-2428928	IRS-related events triggered by IGF1R	Reactome	9606	Homo sapiens	Pathway	https://reactome.org/PathwayBrowser/#/R-HSA-2428928
Reactome:R-HSA-2428933	R-HSA-2428933	SHC-related events triggered by IGF1R	Reactome	9606	Homo sapiens	Pathway	https://reactome.org/PathwayBrowser/#/R-HSA-2428933
Reactome:R-HSA-2453902	R-HSA-2453902	The canonical retinoid cycle in rods (twilight vision)	Reactome	9606	Homo sapiens	Pathway	https://reactome.org/PathwayBrowser/#/R-HSA-2453902
Reactome:R-HSA-2465910	R-HSA-2465910	MASTL Facilitates Mitotic Progression	Reactome	9606	Homo sapiens	Pathway	https://reactome.org/PathwayBrowser/#/R-HSA-2465910
Reactome:R-HSA-2467813	R-HSA-2467813	Separation of Sister Chromatids	Reactome	9606	Homo sapiens	Pathway	https://reactome.org/PathwayBrowser/#/R-HSA-2467813
Reactome:R-HSA-2468052	R-HSA-2468052	Establishment of Sister Chromatid Cohesion	Reactome	9606	Homo sapiens	Pathway	https://reactome.org/PathwayBrowser/#/R-HSA-2468052
Reactome:R-HSA-2470946	R-HSA-2470946	Cohesin Loading onto Chromatin	Reactome	9606	Homo sapiens	Pathway	https://reactome.org/PathwayBrowser/#/R-HSA-2470946
Reactome:R-HSA-2473224	R-HSA-2473224	Antagonism of Activin by Follistatin	Reactome	9606	Homo sapiens	Pathway	https://reactome.org/PathwayBrowser/#/R-HSA-2473224
Reactome:R-HSA-2500257	R-HSA-2500257	Resolution of Sister Chromatid Cohesion	Reactome	9606	Homo sapiens	Pathway	https://reactome.org/PathwayBrowser/#/R-HSA-2500257
Reactome:R-HSA-2514853	R-HSA-2514853	Condensation of Prometaphase Chromosomes	Reactome	9606	Homo sapiens	Pathway	https://reactome.org/PathwayBrowser/#/R-HSA-2514853
Reactome:R-HSA-2514859	R-HSA-2514859	Inactivation, recovery and regulation of the phototransduction cascade	Reactome	9606	Homo sapiens	Pathway	https://reactome.org/PathwayBrowser/#/R-HSA-2514859
Reactome:R-HSA-2559580	R-HSA-2559580	Oxidative Stress Induced Senescence	Reactome	9606	Homo sapiens	Pathway	https://reactome.org/PathwayBrowser/#/R-HSA-2559580
Reactome:R-HSA-2559582	R-HSA-2559582	Senescence-Associated Secretory Phenotype (SASP)	Reactome	9606	Homo sapiens	Pathway	https://reactome.org/PathwayBrowser/#/R-HSA-2559582
Reactome:R-HSA-2559584	R-HSA-2559584	Formation of Senescence-Associated Heterochromatin Foci (SAHF)	Reactome	9606	Homo sapiens	Pathway	https://reactome.org/PathwayBrowser/#/R-HSA-2559584
Reactome:R-HSA-2559585	R-HSA-2559585	Oncogene Induced Senescence	Reactome	9606	Homo sapiens	Pathway	https://reactome.org/PathwayBrowser/#/R-HSA-2559585
Reactome:R-HSA-2559586	R-HSA-2559586	DNA Damage/Telomere Stress Induced Senescence	Reactome	9606	Homo sapiens	Pathway	https://reactome.org/PathwayBrowser/#/R-HSA-2559586
Reactome:R-HSA-2562578	R-HSA-2562578	TRIF-mediated programmed cell death	Reactome	9606	Homo sapiens	Pathway	https://reactome.org/PathwayBrowser/#/R-HSA-2562578
Reactome:R-HSA-2564830	R-HSA-2564830	Cytosolic iron-sulfur cluster assembly	Reactome	9606	Homo sapiens	Pathway	https://reactome.org/PathwayBrowser/#/R-HSA-2564830
Reactome:R-HSA-2565942	R-HSA-2565942	Regulation of PLK1 Activity at G2/M Transition	Reactome	9606	Homo sapiens	Pathway	https://reactome.org/PathwayBrowser/#/R-HSA-2565942
Reactome:R-HSA-2586552	R-HSA-2586552	Signaling by Leptin	Reactome	9606	Homo sapiens	Pathway	https://reactome.org/PathwayBrowser/#/R-HSA-2586552
Reactome:R-HSA-2644606	R-HSA-2644606	Constitutive Signaling by NOTCH1 PEST Domain Mutants	Reactome	9606	Homo sapiens	Pathway	https://reactome.org/PathwayBrowser/#/R-HSA-2644606
Reactome:R-HSA-264870	R-HSA-264870	Caspase-mediated cleavage of cytoskeletal proteins	Reactome	9606	Homo sapiens	Pathway	https://reactome.org/PathwayBrowser/#/R-HSA-264870
Reactome:R-HSA-264876	R-HSA-264876	Insulin processing	Reactome	9606	Homo sapiens	Pathway	https://reactome.org/PathwayBrowser/#/R-HSA-264876
Reactome:R-HSA-2672351	R-HSA-2672351	Stimuli-sensing channels	Reactome	9606	Homo sapiens	Pathway	https://reactome.org/PathwayBrowser/#/R-HSA-2672351
Reactome:R-HSA-2730905	R-HSA-2730905	Role of LAT2/NTAL/LAB on calcium mobilization	Reactome	9606	Homo sapiens	Pathway	https://reactome.org/PathwayBrowser/#/R-HSA-2730905
Reactome:R-HSA-2871796	R-HSA-2871796	FCERI mediated MAPK activation	Reactome	9606	Homo sapiens	Pathway	https://reactome.org/PathwayBrowser/#/R-HSA-2871796
Reactome:R-HSA-2871809	R-HSA-2871809	FCERI mediated Ca+2 mobilization	Reactome	9606	Homo sapiens	Pathway	https://reactome.org/PathwayBrowser/#/R-HSA-2871809
Reactome:R-HSA-2871837	R-HSA-2871837	FCERI mediated NF-kB activation	Reactome	9606	Homo sapiens	Pathway	https://reactome.org/PathwayBrowser/#/R-HSA-2871837
Reactome:R-HSA-2892247	R-HSA-2892247	POU5F1 (OCT4), SOX2, NANOG activate genes related to proliferation	Reactome	9606	Homo sapiens	Pathway	https://reactome.org/PathwayBrowser/#/R-HSA-2892247
Reactome:R-HSA-2894862	R-HSA-2894862	Constitutive Signaling by NOTCH1 HD+PEST Domain Mutants	Reactome	9606	Homo sapiens	Pathway	https://reactome.org/PathwayBrowser/#/R-HSA-2894862
Reactome:R-HSA-2978092	R-HSA-2978092	Abnormal conversion of 2-oxoglutarate to 2-hydroxyglutarate	Reactome	9606	Homo sapiens	Pathway	https://reactome.org/PathwayBrowser/#/R-HSA-2978092
Reactome:R-HSA-2980767	R-HSA-2980767	Activation of NIMA Kinases NEK9, NEK6, NEK7	Reactome	9606	Homo sapiens	Pathway	https://reactome.org/PathwayBrowser/#/R-HSA-2980767
Reactome:R-HSA-2995383	R-HSA-2995383	Initiation of Nuclear Envelope (NE) Reformation	Reactome	9606	Homo sapiens	Pathway	https://reactome.org/PathwayBrowser/#/R-HSA-2995383
Reactome:R-HSA-3000157	R-HSA-3000157	Laminin interactions	Reactome	9606	Homo sapiens	Pathway	https://reactome.org/PathwayBrowser/#/R-HSA-3000157
Reactome:R-HSA-3000170	R-HSA-3000170	Syndecan interactions	Reactome	9606	Homo sapiens	Pathway	https://reactome.org/PathwayBrowser/#/R-HSA-3000170
Reactome:R-HSA-3000171	R-HSA-3000171	Non-integrin membrane-ECM interactions	Reactome	9606	Homo sapiens	Pathway	https://reactome.org/PathwayBrowser/#/R-HSA-3000171
Reactome:R-HSA-3000178	R-HSA-3000178	ECM proteoglycans	Reactome	9606	Homo sapiens	Pathway	https://reactome.org/PathwayBrowser/#/R-HSA-3000178
Reactome:R-HSA-3000471	R-HSA-3000471	Scavenging by Class B Receptors	Reactome	9606	Homo sapiens	Pathway	https://reactome.org/PathwayBrowser/#/R-HSA-3000471
Reactome:R-HSA-3000480	R-HSA-3000480	Scavenging by Class A Receptors	Reactome	9606	Homo sapiens	Pathway	https://reactome.org/PathwayBrowser/#/R-HSA-3000480
Reactome:R-HSA-3000484	R-HSA-3000484	Scavenging by Class F Receptors	Reactome	9606	Homo sapiens	Pathway	https://reactome.org/PathwayBrowser/#/R-HSA-3000484
Reactome:R-HSA-3000497	R-HSA-3000497	Scavenging by Class H Receptors	Reactome	9606	Homo sapiens	Pathway	https://reactome.org/PathwayBrowser/#/R-HSA-3000497
Reactome:R-HSA-3108214	R-HSA-3108214	SUMOylation of DNA damage response and repair proteins	Reactome	9606	Homo sapiens	Pathway	https://reactome.org/PathwayBrowser/#/R-HSA-3108214
Reactome:R-HSA-3134963	R-HSA-3134963	DEx/H-box helicases activate type I IFN and inflammatory cytokines production 	Reactome	9606	Homo sapiens	Pathway	https://reactome.org/PathwayBrowser/#/R-HSA-3134963
Reactome:R-HSA-3134973	R-HSA-3134973	LRR FLII-interacting protein 1 (LRRFIP1) activates type I IFN production	Reactome	9606	Homo sapiens	Pathway	https://reactome.org/PathwayBrowser/#/R-HSA-3134973
Reactome:R-HSA-3214815	R-HSA-3214815	HDACs deacetylate histones	Reactome	9606	Homo sapiens	Pathway	https://reactome.org/PathwayBrowser/#/R-HSA-3214815
Reactome:R-HSA-3214841	R-HSA-3214841	PKMTs methylate histone lysines	Reactome	9606	Homo sapiens	Pathway	https://reactome.org/PathwayBrowser/#/R-HSA-3214841
Reactome:R-HSA-3214842	R-HSA-3214842	HDMs demethylate histones	Reactome	9606	Homo sapiens	Pathway	https://reactome.org/PathwayBrowser/#/R-HSA-3214842
Reactome:R-HSA-3214847	R-HSA-3214847	HATs acetylate histones	Reactome	9606	Homo sapiens	Pathway	https://reactome.org/PathwayBrowser/#/R-HSA-3214847
Reactome:R-HSA-3214858	R-HSA-3214858	RMTs methylate histone arginines	Reactome	9606	Homo sapiens	Pathway	https://reactome.org/PathwayBrowser/#/R-HSA-3214858
Reactome:R-HSA-3232118	R-HSA-3232118	SUMOylation of transcription factors	Reactome	9606	Homo sapiens	Pathway	https://reactome.org/PathwayBrowser/#/R-HSA-3232118
Reactome:R-HSA-3232142	R-HSA-3232142	SUMOylation of ubiquitinylation proteins	Reactome	9606	Homo sapiens	Pathway	https://reactome.org/PathwayBrowser/#/R-HSA-3232142
Reactome:R-HSA-3238698	R-HSA-3238698	WNT ligand biogenesis and trafficking	Reactome	9606	Homo sapiens	Pathway	https://reactome.org/PathwayBrowser/#/R-HSA-3238698
Reactome:R-HSA-3247509	R-HSA-3247509	Chromatin modifying enzymes	Reactome	9606	Homo sapiens	Pathway	https://reactome.org/PathwayBrowser/#/R-HSA-3247509
Reactome:R-HSA-3270619	R-HSA-3270619	IRF3-mediated induction of type I IFN	Reactome	9606	Homo sapiens	Pathway	https://reactome.org/PathwayBrowser/#/R-HSA-3270619
Reactome:R-HSA-3274531	R-HSA-3274531	Glycogen storage disease type Ia (G6PC)	Reactome	9606	Homo sapiens	Pathway	https://reactome.org/PathwayBrowser/#/R-HSA-3274531
Reactome:R-HSA-3295583	R-HSA-3295583	TRP channels	Reactome	9606	Homo sapiens	Pathway	https://reactome.org/PathwayBrowser/#/R-HSA-3295583
Reactome:R-HSA-3299685	R-HSA-3299685	Detoxification of Reactive Oxygen Species	Reactome	9606	Homo sapiens	Pathway	https://reactome.org/PathwayBrowser/#/R-HSA-3299685
Reactome:R-HSA-3301854	R-HSA-3301854	Nuclear Pore Complex (NPC) Disassembly	Reactome	9606	Homo sapiens	Pathway	https://reactome.org/PathwayBrowser/#/R-HSA-3301854
Reactome:R-HSA-3304356	R-HSA-3304356	SMAD2/3 Phosphorylation Motif Mutants in Cancer	Reactome	9606	Homo sapiens	Pathway	https://reactome.org/PathwayBrowser/#/R-HSA-3304356
Reactome:R-HSA-3311021	R-HSA-3311021	SMAD4 MH2 Domain Mutants in Cancer	Reactome	9606	Homo sapiens	Pathway	https://reactome.org/PathwayBrowser/#/R-HSA-3311021
Reactome:R-HSA-3315487	R-HSA-3315487	SMAD2/3 MH2 Domain Mutants in Cancer	Reactome	9606	Homo sapiens	Pathway	https://reactome.org/PathwayBrowser/#/R-HSA-3315487
Reactome:R-HSA-3322077	R-HSA-3322077	Glycogen synthesis	Reactome	9606	Homo sapiens	Pathway	https://reactome.org/PathwayBrowser/#/R-HSA-3322077
Reactome:R-HSA-3359467	R-HSA-3359467	Defective MTRR causes HMAE	Reactome	9606	Homo sapiens	Pathway	https://reactome.org/PathwayBrowser/#/R-HSA-3359467
Reactome:R-HSA-3359469	R-HSA-3359469	Defective MTR causes HMAG	Reactome	9606	Homo sapiens	Pathway	https://reactome.org/PathwayBrowser/#/R-HSA-3359469
Reactome:R-HSA-3371378	R-HSA-3371378	Regulation by c-FLIP	Reactome	9606	Homo sapiens	Pathway	https://reactome.org/PathwayBrowser/#/R-HSA-3371378
Reactome:R-HSA-3371453	R-HSA-3371453	Regulation of HSF1-mediated heat shock response	Reactome	9606	Homo sapiens	Pathway	https://reactome.org/PathwayBrowser/#/R-HSA-3371453
Reactome:R-HSA-3371497	R-HSA-3371497	HSP90 chaperone cycle for steroid hormone receptors (SHR) in the presence of ligand	Reactome	9606	Homo sapiens	Pathway	https://reactome.org/PathwayBrowser/#/R-HSA-3371497
Reactome:R-HSA-3371511	R-HSA-3371511	HSF1 activation	Reactome	9606	Homo sapiens	Pathway	https://reactome.org/PathwayBrowser/#/R-HSA-3371511
Reactome:R-HSA-3371568	R-HSA-3371568	Attenuation phase	Reactome	9606	Homo sapiens	Pathway	https://reactome.org/PathwayBrowser/#/R-HSA-3371568
Reactome:R-HSA-3371571	R-HSA-3371571	HSF1-dependent transactivation	Reactome	9606	Homo sapiens	Pathway	https://reactome.org/PathwayBrowser/#/R-HSA-3371571
Reactome:R-HSA-3371599	R-HSA-3371599	Defective HLCS causes multiple carboxylase deficiency	Reactome	9606	Homo sapiens	Pathway	https://reactome.org/PathwayBrowser/#/R-HSA-3371599
Reactome:R-HSA-349425	R-HSA-349425	Autodegradation of the E3 ubiquitin ligase COP1	Reactome	9606	Homo sapiens	Pathway	https://reactome.org/PathwayBrowser/#/R-HSA-349425
Reactome:R-HSA-350054	R-HSA-350054	Notch-HLH transcription pathway	Reactome	9606	Homo sapiens	Pathway	https://reactome.org/PathwayBrowser/#/R-HSA-350054
Reactome:R-HSA-350562	R-HSA-350562	Regulation of ornithine decarboxylase (ODC)	Reactome	9606	Homo sapiens	Pathway	https://reactome.org/PathwayBrowser/#/R-HSA-350562
Reactome:R-HSA-351906	R-HSA-351906	Apoptotic cleavage of cell adhesion  proteins	Reactome	9606	Homo sapiens	Pathway	https://reactome.org/PathwayBrowser/#/R-HSA-351906
Reactome:R-HSA-352230	R-HSA-352230	Amino acid transport across the plasma membrane	Reactome	9606	Homo sapiens	Pathway	https://reactome.org/PathwayBrowser/#/R-HSA-352230
Reactome:R-HSA-354192	R-HSA-354192	Integrin signaling	Reactome	9606	Homo sapiens	Pathway	https://reactome.org/PathwayBrowser/#/R-HSA-354192
Reactome:R-HSA-354194	R-HSA-354194	GRB2:SOS provides linkage to MAPK signaling for Integrins 	Reactome	9606	Homo sapiens	Pathway	https://reactome.org/PathwayBrowser/#/R-HSA-354194
Reactome:R-HSA-3560783	R-HSA-3560783	Defective B4GALT7 causes EDS, progeroid type	Reactome	9606	Homo sapiens	Pathway	https://reactome.org/PathwayBrowser/#/R-HSA-3560783
Reactome:R-HSA-3560801	R-HSA-3560801	Defective B3GAT3 causes JDSSDHD	Reactome	9606	Homo sapiens	Pathway	https://reactome.org/PathwayBrowser/#/R-HSA-3560801
Reactome:R-HSA-3595172	R-HSA-3595172	Defective CHST3 causes SEDCJD	Reactome	9606	Homo sapiens	Pathway	https://reactome.org/PathwayBrowser/#/R-HSA-3595172
Reactome:R-HSA-3595174	R-HSA-3595174	Defective CHST14 causes EDS, musculocontractural type	Reactome	9606	Homo sapiens	Pathway	https://reactome.org/PathwayBrowser/#/R-HSA-3595174
Reactome:R-HSA-3595177	R-HSA-3595177	Defective CHSY1 causes TPBS	Reactome	9606	Homo sapiens	Pathway	https://reactome.org/PathwayBrowser/#/R-HSA-3595177
Reactome:R-HSA-3642279	R-HSA-3642279	TGFBR2 MSI Frameshift Mutants in Cancer	Reactome	9606	Homo sapiens	Pathway	https://reactome.org/PathwayBrowser/#/R-HSA-3642279
Reactome:R-HSA-3645790	R-HSA-3645790	TGFBR2 Kinase Domain Mutants in Cancer	Reactome	9606	Homo sapiens	Pathway	https://reactome.org/PathwayBrowser/#/R-HSA-3645790
Reactome:R-HSA-3656225	R-HSA-3656225	Defective CHST6 causes MCDC1	Reactome	9606	Homo sapiens	Pathway	https://reactome.org/PathwayBrowser/#/R-HSA-3656225
Reactome:R-HSA-3656237	R-HSA-3656237	Defective EXT2 causes exostoses 2	Reactome	9606	Homo sapiens	Pathway	https://reactome.org/PathwayBrowser/#/R-HSA-3656237
Reactome:R-HSA-3656243	R-HSA-3656243	Defective ST3GAL3 causes MCT12 and EIEE15	Reactome	9606	Homo sapiens	Pathway	https://reactome.org/PathwayBrowser/#/R-HSA-3656243
Reactome:R-HSA-3656244	R-HSA-3656244	Defective B4GALT1 causes B4GALT1-CDG (CDG-2d)	Reactome	9606	Homo sapiens	Pathway	https://reactome.org/PathwayBrowser/#/R-HSA-3656244
Reactome:R-HSA-3656253	R-HSA-3656253	Defective EXT1 causes exostoses 1, TRPS2 and CHDS	Reactome	9606	Homo sapiens	Pathway	https://reactome.org/PathwayBrowser/#/R-HSA-3656253
Reactome:R-HSA-3656532	R-HSA-3656532	TGFBR1 KD Mutants in Cancer	Reactome	9606	Homo sapiens	Pathway	https://reactome.org/PathwayBrowser/#/R-HSA-3656532
Reactome:R-HSA-3656535	R-HSA-3656535	TGFBR1 LBD Mutants in Cancer	Reactome	9606	Homo sapiens	Pathway	https://reactome.org/PathwayBrowser/#/R-HSA-3656535
Reactome:R-HSA-372708	R-HSA-372708	p130Cas linkage to MAPK signaling for integrins	Reactome	9606	Homo sapiens	Pathway	https://reactome.org/PathwayBrowser/#/R-HSA-372708
Reactome:R-HSA-373076	R-HSA-373076	Class A/1 (Rhodopsin-like receptors)	Reactome	9606	Homo sapiens	Pathway	https://reactome.org/PathwayBrowser/#/R-HSA-373076
Reactome:R-HSA-373080	R-HSA-373080	Class B/2 (Secretin family receptors)	Reactome	9606	Homo sapiens	Pathway	https://reactome.org/PathwayBrowser/#/R-HSA-373080
Reactome:R-HSA-373752	R-HSA-373752	Netrin-1 signaling	Reactome	9606	Homo sapiens	Pathway	https://reactome.org/PathwayBrowser/#/R-HSA-373752
Reactome:R-HSA-373753	R-HSA-373753	Nephrin family interactions	Reactome	9606	Homo sapiens	Pathway	https://reactome.org/PathwayBrowser/#/R-HSA-373753
Reactome:R-HSA-373760	R-HSA-373760	L1CAM interactions	Reactome	9606	Homo sapiens	Pathway	https://reactome.org/PathwayBrowser/#/R-HSA-373760
Reactome:R-HSA-375165	R-HSA-375165	NCAM signaling for neurite out-growth	Reactome	9606	Homo sapiens	Pathway	https://reactome.org/PathwayBrowser/#/R-HSA-375165
Reactome:R-HSA-375276	R-HSA-375276	Peptide ligand-binding receptors	Reactome	9606	Homo sapiens	Pathway	https://reactome.org/PathwayBrowser/#/R-HSA-375276
Reactome:R-HSA-376176	R-HSA-376176	Signaling by ROBO receptors	Reactome	9606	Homo sapiens	Pathway	https://reactome.org/PathwayBrowser/#/R-HSA-376176
Reactome:R-HSA-3769402	R-HSA-3769402	Deactivation of the beta-catenin transactivating complex	Reactome	9606	Homo sapiens	Pathway	https://reactome.org/PathwayBrowser/#/R-HSA-3769402
Reactome:R-HSA-3772470	R-HSA-3772470	Negative regulation of TCF-dependent signaling by WNT ligand antagonists	Reactome	9606	Homo sapiens	Pathway	https://reactome.org/PathwayBrowser/#/R-HSA-3772470
Reactome:R-HSA-379397	R-HSA-379397	Enzymatic degradation of dopamine by COMT	Reactome	9606	Homo sapiens	Pathway	https://reactome.org/PathwayBrowser/#/R-HSA-379397
Reactome:R-HSA-379398	R-HSA-379398	Enzymatic degradation of Dopamine by monoamine oxidase	Reactome	9606	Homo sapiens	Pathway	https://reactome.org/PathwayBrowser/#/R-HSA-379398
Reactome:R-HSA-379716	R-HSA-379716	Cytosolic tRNA aminoacylation	Reactome	9606	Homo sapiens	Pathway	https://reactome.org/PathwayBrowser/#/R-HSA-379716
Reactome:R-HSA-380108	R-HSA-380108	Chemokine receptors bind chemokines	Reactome	9606	Homo sapiens	Pathway	https://reactome.org/PathwayBrowser/#/R-HSA-380108
Reactome:R-HSA-380259	R-HSA-380259	Loss of Nlp from mitotic centrosomes	Reactome	9606	Homo sapiens	Pathway	https://reactome.org/PathwayBrowser/#/R-HSA-380259
Reactome:R-HSA-380270	R-HSA-380270	Recruitment of mitotic centrosome proteins and complexes	Reactome	9606	Homo sapiens	Pathway	https://reactome.org/PathwayBrowser/#/R-HSA-380270
Reactome:R-HSA-380284	R-HSA-380284	Loss of proteins required for interphase microtubule organization from the centrosome	Reactome	9606	Homo sapiens	Pathway	https://reactome.org/PathwayBrowser/#/R-HSA-380284
Reactome:R-HSA-380320	R-HSA-380320	Recruitment of NuMA to mitotic centrosomes	Reactome	9606	Homo sapiens	Pathway	https://reactome.org/PathwayBrowser/#/R-HSA-380320
Reactome:R-HSA-380612	R-HSA-380612	Metabolism of serotonin	Reactome	9606	Homo sapiens	Pathway	https://reactome.org/PathwayBrowser/#/R-HSA-380612
Reactome:R-HSA-380615	R-HSA-380615	Serotonin clearance from the synaptic cleft	Reactome	9606	Homo sapiens	Pathway	https://reactome.org/PathwayBrowser/#/R-HSA-380615
Reactome:R-HSA-380972	R-HSA-380972	Energy dependent regulation of mTOR by LKB1-AMPK	Reactome	9606	Homo sapiens	Pathway	https://reactome.org/PathwayBrowser/#/R-HSA-380972
Reactome:R-HSA-380994	R-HSA-380994	ATF4 activates genes in response to endoplasmic reticulum  stress	Reactome	9606	Homo sapiens	Pathway	https://reactome.org/PathwayBrowser/#/R-HSA-380994
Reactome:R-HSA-381033	R-HSA-381033	ATF6 (ATF6-alpha) activates chaperones	Reactome	9606	Homo sapiens	Pathway	https://reactome.org/PathwayBrowser/#/R-HSA-381033
Reactome:R-HSA-381038	R-HSA-381038	XBP1(S) activates chaperone genes	Reactome	9606	Homo sapiens	Pathway	https://reactome.org/PathwayBrowser/#/R-HSA-381038
Reactome:R-HSA-381042	R-HSA-381042	PERK regulates gene expression	Reactome	9606	Homo sapiens	Pathway	https://reactome.org/PathwayBrowser/#/R-HSA-381042
Reactome:R-HSA-381070	R-HSA-381070	IRE1alpha activates chaperones	Reactome	9606	Homo sapiens	Pathway	https://reactome.org/PathwayBrowser/#/R-HSA-381070
Reactome:R-HSA-381183	R-HSA-381183	ATF6 (ATF6-alpha) activates chaperone genes	Reactome	9606	Homo sapiens	Pathway	https://reactome.org/PathwayBrowser/#/R-HSA-381183
Reactome:R-HSA-381340	R-HSA-381340	Transcriptional regulation of white adipocyte differentiation	Reactome	9606	Homo sapiens	Pathway	https://reactome.org/PathwayBrowser/#/R-HSA-381340
Reactome:R-HSA-381426	R-HSA-381426	Regulation of Insulin-like Growth Factor (IGF) transport and uptake by Insulin-like Growth Factor Binding Proteins (IGFBPs)	Reactome	9606	Homo sapiens	Pathway	https://reactome.org/PathwayBrowser/#/R-HSA-381426
Reactome:R-HSA-381676	R-HSA-381676	Glucagon-like Peptide-1 (GLP1) regulates insulin secretion	Reactome	9606	Homo sapiens	Pathway	https://reactome.org/PathwayBrowser/#/R-HSA-381676
Reactome:R-HSA-381771	R-HSA-381771	Synthesis, secretion, and inactivation of Glucagon-like Peptide-1 (GLP-1)	Reactome	9606	Homo sapiens	Pathway	https://reactome.org/PathwayBrowser/#/R-HSA-381771
Reactome:R-HSA-382556	R-HSA-382556	ABC-family protein mediated transport	Reactome	9606	Homo sapiens	Pathway	https://reactome.org/PathwayBrowser/#/R-HSA-382556
Reactome:R-HSA-383280	R-HSA-383280	Nuclear Receptor transcription pathway	Reactome	9606	Homo sapiens	Pathway	https://reactome.org/PathwayBrowser/#/R-HSA-383280
Reactome:R-HSA-3858516	R-HSA-3858516	Glycogen storage disease type 0 (liver GYS2)	Reactome	9606	Homo sapiens	Pathway	https://reactome.org/PathwayBrowser/#/R-HSA-3858516
Reactome:R-HSA-3878781	R-HSA-3878781	Glycogen storage disease type IV (GBE1)	Reactome	9606	Homo sapiens	Pathway	https://reactome.org/PathwayBrowser/#/R-HSA-3878781
Reactome:R-HSA-388844	R-HSA-388844	Receptor-type tyrosine-protein phosphatases	Reactome	9606	Homo sapiens	Pathway	https://reactome.org/PathwayBrowser/#/R-HSA-388844
Reactome:R-HSA-389356	R-HSA-389356	Co-stimulation by CD28	Reactome	9606	Homo sapiens	Pathway	https://reactome.org/PathwayBrowser/#/R-HSA-389356
Reactome:R-HSA-389357	R-HSA-389357	CD28 dependent PI3K/Akt signaling	Reactome	9606	Homo sapiens	Pathway	https://reactome.org/PathwayBrowser/#/R-HSA-389357
Reactome:R-HSA-389359	R-HSA-389359	CD28 dependent Vav1 pathway	Reactome	9606	Homo sapiens	Pathway	https://reactome.org/PathwayBrowser/#/R-HSA-389359
Reactome:R-HSA-389513	R-HSA-389513	Co-inhibition by CTLA4	Reactome	9606	Homo sapiens	Pathway	https://reactome.org/PathwayBrowser/#/R-HSA-389513
Reactome:R-HSA-389542	R-HSA-389542	NADPH regeneration	Reactome	9606	Homo sapiens	Pathway	https://reactome.org/PathwayBrowser/#/R-HSA-389542
Reactome:R-HSA-389661	R-HSA-389661	Glyoxylate metabolism and glycine degradation	Reactome	9606	Homo sapiens	Pathway	https://reactome.org/PathwayBrowser/#/R-HSA-389661
Reactome:R-HSA-3899300	R-HSA-3899300	SUMOylation of transcription cofactors	Reactome	9606	Homo sapiens	Pathway	https://reactome.org/PathwayBrowser/#/R-HSA-3899300
Reactome:R-HSA-389948	R-HSA-389948	Co-inhibition by PD-1	Reactome	9606	Homo sapiens	Pathway	https://reactome.org/PathwayBrowser/#/R-HSA-389948
Reactome:R-HSA-389957	R-HSA-389957	Prefoldin mediated transfer of substrate  to CCT/TriC	Reactome	9606	Homo sapiens	Pathway	https://reactome.org/PathwayBrowser/#/R-HSA-389957
Reactome:R-HSA-390247	R-HSA-390247	Beta-oxidation of very long chain fatty acids	Reactome	9606	Homo sapiens	Pathway	https://reactome.org/PathwayBrowser/#/R-HSA-390247
Reactome:R-HSA-390450	R-HSA-390450	Folding of actin by CCT/TriC	Reactome	9606	Homo sapiens	Pathway	https://reactome.org/PathwayBrowser/#/R-HSA-390450
Reactome:R-HSA-390471	R-HSA-390471	Association of TriC/CCT with target proteins during biosynthesis	Reactome	9606	Homo sapiens	Pathway	https://reactome.org/PathwayBrowser/#/R-HSA-390471
Reactome:R-HSA-390522	R-HSA-390522	Striated Muscle Contraction	Reactome	9606	Homo sapiens	Pathway	https://reactome.org/PathwayBrowser/#/R-HSA-390522
Reactome:R-HSA-390648	R-HSA-390648	Muscarinic acetylcholine receptors	Reactome	9606	Homo sapiens	Pathway	https://reactome.org/PathwayBrowser/#/R-HSA-390648
Reactome:R-HSA-390651	R-HSA-390651	Dopamine receptors	Reactome	9606	Homo sapiens	Pathway	https://reactome.org/PathwayBrowser/#/R-HSA-390651
Reactome:R-HSA-390666	R-HSA-390666	Serotonin receptors	Reactome	9606	Homo sapiens	Pathway	https://reactome.org/PathwayBrowser/#/R-HSA-390666
Reactome:R-HSA-390696	R-HSA-390696	Adrenoceptors	Reactome	9606	Homo sapiens	Pathway	https://reactome.org/PathwayBrowser/#/R-HSA-390696
Reactome:R-HSA-390918	R-HSA-390918	Peroxisomal lipid metabolism	Reactome	9606	Homo sapiens	Pathway	https://reactome.org/PathwayBrowser/#/R-HSA-390918
Reactome:R-HSA-391160	R-HSA-391160	Signal regulatory protein family interactions	Reactome	9606	Homo sapiens	Pathway	https://reactome.org/PathwayBrowser/#/R-HSA-391160
Reactome:R-HSA-392023	R-HSA-392023	Adrenaline signalling through Alpha-2 adrenergic receptor	Reactome	9606	Homo sapiens	Pathway	https://reactome.org/PathwayBrowser/#/R-HSA-392023
Reactome:R-HSA-392451	R-HSA-392451	G beta:gamma signalling through PI3Kgamma	Reactome	9606	Homo sapiens	Pathway	https://reactome.org/PathwayBrowser/#/R-HSA-392451
Reactome:R-HSA-392517	R-HSA-392517	Rap1 signalling	Reactome	9606	Homo sapiens	Pathway	https://reactome.org/PathwayBrowser/#/R-HSA-392517
Reactome:R-HSA-3928662	R-HSA-3928662	EPHB-mediated forward signaling	Reactome	9606	Homo sapiens	Pathway	https://reactome.org/PathwayBrowser/#/R-HSA-3928662
Reactome:R-HSA-3928664	R-HSA-3928664	Ephrin signaling	Reactome	9606	Homo sapiens	Pathway	https://reactome.org/PathwayBrowser/#/R-HSA-3928664
Reactome:R-HSA-3928665	R-HSA-3928665	EPH-ephrin mediated repulsion of cells	Reactome	9606	Homo sapiens	Pathway	https://reactome.org/PathwayBrowser/#/R-HSA-3928665
Reactome:R-HSA-399719	R-HSA-399719	Trafficking of AMPA receptors	Reactome	9606	Homo sapiens	Pathway	https://reactome.org/PathwayBrowser/#/R-HSA-399719
Reactome:R-HSA-399954	R-HSA-399954	Sema3A PAK dependent Axon repulsion	Reactome	9606	Homo sapiens	Pathway	https://reactome.org/PathwayBrowser/#/R-HSA-399954
Reactome:R-HSA-399955	R-HSA-399955	SEMA3A-Plexin repulsion signaling by inhibiting Integrin adhesion	Reactome	9606	Homo sapiens	Pathway	https://reactome.org/PathwayBrowser/#/R-HSA-399955
Reactome:R-HSA-399956	R-HSA-399956	CRMPs in Sema3A signaling	Reactome	9606	Homo sapiens	Pathway	https://reactome.org/PathwayBrowser/#/R-HSA-399956
Reactome:R-HSA-399997	R-HSA-399997	Acetylcholine regulates insulin secretion	Reactome	9606	Homo sapiens	Pathway	https://reactome.org/PathwayBrowser/#/R-HSA-399997
Reactome:R-HSA-400206	R-HSA-400206	Regulation of lipid metabolism by PPARalpha	Reactome	9606	Homo sapiens	Pathway	https://reactome.org/PathwayBrowser/#/R-HSA-400206
Reactome:R-HSA-4086398	R-HSA-4086398	Ca2+ pathway	Reactome	9606	Homo sapiens	Pathway	https://reactome.org/PathwayBrowser/#/R-HSA-4086398
Reactome:R-HSA-4086400	R-HSA-4086400	PCP/CE pathway	Reactome	9606	Homo sapiens	Pathway	https://reactome.org/PathwayBrowser/#/R-HSA-4086400
Reactome:R-HSA-4090294	R-HSA-4090294	SUMOylation of intracellular receptors	Reactome	9606	Homo sapiens	Pathway	https://reactome.org/PathwayBrowser/#/R-HSA-4090294
Reactome:R-HSA-416476	R-HSA-416476	G alpha (q) signalling events	Reactome	9606	Homo sapiens	Pathway	https://reactome.org/PathwayBrowser/#/R-HSA-416476
Reactome:R-HSA-416482	R-HSA-416482	G alpha (12/13) signalling events	Reactome	9606	Homo sapiens	Pathway	https://reactome.org/PathwayBrowser/#/R-HSA-416482
Reactome:R-HSA-416550	R-HSA-416550	Sema4D mediated inhibition of cell attachment and migration	Reactome	9606	Homo sapiens	Pathway	https://reactome.org/PathwayBrowser/#/R-HSA-416550
Reactome:R-HSA-416993	R-HSA-416993	Trafficking of GluR2-containing AMPA receptors	Reactome	9606	Homo sapiens	Pathway	https://reactome.org/PathwayBrowser/#/R-HSA-416993
Reactome:R-HSA-418346	R-HSA-418346	Platelet homeostasis	Reactome	9606	Homo sapiens	Pathway	https://reactome.org/PathwayBrowser/#/R-HSA-418346
Reactome:R-HSA-418555	R-HSA-418555	G alpha (s) signalling events	Reactome	9606	Homo sapiens	Pathway	https://reactome.org/PathwayBrowser/#/R-HSA-418555
Reactome:R-HSA-418594	R-HSA-418594	G alpha (i) signalling events	Reactome	9606	Homo sapiens	Pathway	https://reactome.org/PathwayBrowser/#/R-HSA-418594
Reactome:R-HSA-418597	R-HSA-418597	G alpha (z) signalling events	Reactome	9606	Homo sapiens	Pathway	https://reactome.org/PathwayBrowser/#/R-HSA-418597
Reactome:R-HSA-418885	R-HSA-418885	DCC mediated attractive signaling	Reactome	9606	Homo sapiens	Pathway	https://reactome.org/PathwayBrowser/#/R-HSA-418885
Reactome:R-HSA-418890	R-HSA-418890	Role of second messengers in netrin-1 signaling	Reactome	9606	Homo sapiens	Pathway	https://reactome.org/PathwayBrowser/#/R-HSA-418890
Reactome:R-HSA-418990	R-HSA-418990	Adherens junctions interactions	Reactome	9606	Homo sapiens	Pathway	https://reactome.org/PathwayBrowser/#/R-HSA-418990
Reactome:R-HSA-419037	R-HSA-419037	NCAM1 interactions	Reactome	9606	Homo sapiens	Pathway	https://reactome.org/PathwayBrowser/#/R-HSA-419037
Reactome:R-HSA-420092	R-HSA-420092	Glucagon-type ligand receptors	Reactome	9606	Homo sapiens	Pathway	https://reactome.org/PathwayBrowser/#/R-HSA-420092
Reactome:R-HSA-422085	R-HSA-422085	Synthesis, secretion, and deacylation of Ghrelin	Reactome	9606	Homo sapiens	Pathway	https://reactome.org/PathwayBrowser/#/R-HSA-422085
Reactome:R-HSA-422356	R-HSA-422356	Regulation of insulin secretion	Reactome	9606	Homo sapiens	Pathway	https://reactome.org/PathwayBrowser/#/R-HSA-422356
Reactome:R-HSA-425410	R-HSA-425410	Metal ion SLC transporters	Reactome	9606	Homo sapiens	Pathway	https://reactome.org/PathwayBrowser/#/R-HSA-425410
Reactome:R-HSA-426048	R-HSA-426048	Arachidonate production from DAG	Reactome	9606	Homo sapiens	Pathway	https://reactome.org/PathwayBrowser/#/R-HSA-426048
Reactome:R-HSA-426486	R-HSA-426486	Small interfering RNA (siRNA) biogenesis	Reactome	9606	Homo sapiens	Pathway	https://reactome.org/PathwayBrowser/#/R-HSA-426486
Reactome:R-HSA-427359	R-HSA-427359	SIRT1 negatively regulates rRNA expression	Reactome	9606	Homo sapiens	Pathway	https://reactome.org/PathwayBrowser/#/R-HSA-427359
Reactome:R-HSA-427389	R-HSA-427389	ERCC6 (CSB) and EHMT2 (G9a) positively regulate rRNA expression	Reactome	9606	Homo sapiens	Pathway	https://reactome.org/PathwayBrowser/#/R-HSA-427389
Reactome:R-HSA-427413	R-HSA-427413	NoRC negatively regulates rRNA expression	Reactome	9606	Homo sapiens	Pathway	https://reactome.org/PathwayBrowser/#/R-HSA-427413
Reactome:R-HSA-427601	R-HSA-427601	Inorganic anion exchange by SLC26 transporters	Reactome	9606	Homo sapiens	Pathway	https://reactome.org/PathwayBrowser/#/R-HSA-427601
Reactome:R-HSA-428359	R-HSA-428359	Insulin-like Growth Factor-2 mRNA Binding Proteins (IGF2BPs/IMPs/VICKZs) bind RNA	Reactome	9606	Homo sapiens	Pathway	https://reactome.org/PathwayBrowser/#/R-HSA-428359
Reactome:R-HSA-428540	R-HSA-428540	Activation of RAC1	Reactome	9606	Homo sapiens	Pathway	https://reactome.org/PathwayBrowser/#/R-HSA-428540
Reactome:R-HSA-428542	R-HSA-428542	Regulation of commissural axon pathfinding by SLIT and ROBO	Reactome	9606	Homo sapiens	Pathway	https://reactome.org/PathwayBrowser/#/R-HSA-428542
Reactome:R-HSA-428543	R-HSA-428543	Inactivation of CDC42 and RAC1	Reactome	9606	Homo sapiens	Pathway	https://reactome.org/PathwayBrowser/#/R-HSA-428543
Reactome:R-HSA-428890	R-HSA-428890	Role of ABL in ROBO-SLIT signaling	Reactome	9606	Homo sapiens	Pathway	https://reactome.org/PathwayBrowser/#/R-HSA-428890
Reactome:R-HSA-430116	R-HSA-430116	GP1b-IX-V activation signalling	Reactome	9606	Homo sapiens	Pathway	https://reactome.org/PathwayBrowser/#/R-HSA-430116
Reactome:R-HSA-432040	R-HSA-432040	Vasopressin regulates renal water homeostasis via Aquaporins	Reactome	9606	Homo sapiens	Pathway	https://reactome.org/PathwayBrowser/#/R-HSA-432040
Reactome:R-HSA-432720	R-HSA-432720	Lysosome Vesicle Biogenesis	Reactome	9606	Homo sapiens	Pathway	https://reactome.org/PathwayBrowser/#/R-HSA-432720
Reactome:R-HSA-432722	R-HSA-432722	Golgi Associated Vesicle Biogenesis	Reactome	9606	Homo sapiens	Pathway	https://reactome.org/PathwayBrowser/#/R-HSA-432722
Reactome:R-HSA-433137	R-HSA-433137	Sodium-coupled sulphate, di- and tri-carboxylate transporters	Reactome	9606	Homo sapiens	Pathway	https://reactome.org/PathwayBrowser/#/R-HSA-433137
Reactome:R-HSA-433692	R-HSA-433692	Proton-coupled monocarboxylate transport	Reactome	9606	Homo sapiens	Pathway	https://reactome.org/PathwayBrowser/#/R-HSA-433692
Reactome:R-HSA-434313	R-HSA-434313	Intracellular metabolism of fatty acids regulates insulin secretion	Reactome	9606	Homo sapiens	Pathway	https://reactome.org/PathwayBrowser/#/R-HSA-434313
Reactome:R-HSA-437239	R-HSA-437239	Recycling pathway of L1	Reactome	9606	Homo sapiens	Pathway	https://reactome.org/PathwayBrowser/#/R-HSA-437239
Reactome:R-HSA-4411364	R-HSA-4411364	Binding of TCF/LEF:CTNNB1 to target gene promoters	Reactome	9606	Homo sapiens	Pathway	https://reactome.org/PathwayBrowser/#/R-HSA-4411364
Reactome:R-HSA-4419969	R-HSA-4419969	Depolymerization of the Nuclear Lamina	Reactome	9606	Homo sapiens	Pathway	https://reactome.org/PathwayBrowser/#/R-HSA-4419969
Reactome:R-HSA-4420097	R-HSA-4420097	VEGFA-VEGFR2 Pathway	Reactome	9606	Homo sapiens	Pathway	https://reactome.org/PathwayBrowser/#/R-HSA-4420097
Reactome:R-HSA-4420332	R-HSA-4420332	Defective B3GALT6 causes EDSP2 and SEMDJL1	Reactome	9606	Homo sapiens	Pathway	https://reactome.org/PathwayBrowser/#/R-HSA-4420332
Reactome:R-HSA-442660	R-HSA-442660	SLC-mediated transport of neurotransmitters	Reactome	9606	Homo sapiens	Pathway	https://reactome.org/PathwayBrowser/#/R-HSA-442660
Reactome:R-HSA-442720	R-HSA-442720	CREB1 phosphorylation through the activation of Adenylate Cyclase	Reactome	9606	Homo sapiens	Pathway	https://reactome.org/PathwayBrowser/#/R-HSA-442720
Reactome:R-HSA-442742	R-HSA-442742	CREB1 phosphorylation through NMDA receptor-mediated activation of RAS signaling	Reactome	9606	Homo sapiens	Pathway	https://reactome.org/PathwayBrowser/#/R-HSA-442742
Reactome:R-HSA-442982	R-HSA-442982	Ras activation upon Ca2+ influx through NMDA receptor	Reactome	9606	Homo sapiens	Pathway	https://reactome.org/PathwayBrowser/#/R-HSA-442982
Reactome:R-HSA-444257	R-HSA-444257	RSK activation	Reactome	9606	Homo sapiens	Pathway	https://reactome.org/PathwayBrowser/#/R-HSA-444257
Reactome:R-HSA-445095	R-HSA-445095	Interaction between L1 and Ankyrins	Reactome	9606	Homo sapiens	Pathway	https://reactome.org/PathwayBrowser/#/R-HSA-445095
Reactome:R-HSA-445144	R-HSA-445144	Signal transduction by L1	Reactome	9606	Homo sapiens	Pathway	https://reactome.org/PathwayBrowser/#/R-HSA-445144
Reactome:R-HSA-445355	R-HSA-445355	Smooth Muscle Contraction	Reactome	9606	Homo sapiens	Pathway	https://reactome.org/PathwayBrowser/#/R-HSA-445355
Reactome:R-HSA-445989	R-HSA-445989	TAK1-dependent IKK and NF-kappa-B activation  	Reactome	9606	Homo sapiens	Pathway	https://reactome.org/PathwayBrowser/#/R-HSA-445989
Reactome:R-HSA-446107	R-HSA-446107	Type I hemidesmosome assembly	Reactome	9606	Homo sapiens	Pathway	https://reactome.org/PathwayBrowser/#/R-HSA-446107
Reactome:R-HSA-446353	R-HSA-446353	Cell-extracellular matrix interactions	Reactome	9606	Homo sapiens	Pathway	https://reactome.org/PathwayBrowser/#/R-HSA-446353
Reactome:R-HSA-448706	R-HSA-448706	Interleukin-1 processing	Reactome	9606	Homo sapiens	Pathway	https://reactome.org/PathwayBrowser/#/R-HSA-448706
Reactome:R-HSA-449836	R-HSA-449836	Other interleukin signaling	Reactome	9606	Homo sapiens	Pathway	https://reactome.org/PathwayBrowser/#/R-HSA-449836
Reactome:R-HSA-450302	R-HSA-450302	activated TAK1 mediates p38 MAPK activation	Reactome	9606	Homo sapiens	Pathway	https://reactome.org/PathwayBrowser/#/R-HSA-450302
Reactome:R-HSA-450321	R-HSA-450321	JNK (c-Jun kinases) phosphorylation and  activation mediated by activated human TAK1	Reactome	9606	Homo sapiens	Pathway	https://reactome.org/PathwayBrowser/#/R-HSA-450321
Reactome:R-HSA-450341	R-HSA-450341	Activation of the AP-1 family of transcription factors	Reactome	9606	Homo sapiens	Pathway	https://reactome.org/PathwayBrowser/#/R-HSA-450341
Reactome:R-HSA-450385	R-HSA-450385	Butyrate Response Factor 1 (BRF1) binds and destabilizes mRNA	Reactome	9606	Homo sapiens	Pathway	https://reactome.org/PathwayBrowser/#/R-HSA-450385
Reactome:R-HSA-450408	R-HSA-450408	AUF1 (hnRNP D0) binds and destabilizes mRNA	Reactome	9606	Homo sapiens	Pathway	https://reactome.org/PathwayBrowser/#/R-HSA-450408
Reactome:R-HSA-450513	R-HSA-450513	Tristetraprolin (TTP, ZFP36) binds and destabilizes mRNA	Reactome	9606	Homo sapiens	Pathway	https://reactome.org/PathwayBrowser/#/R-HSA-450513
Reactome:R-HSA-450520	R-HSA-450520	HuR (ELAVL1) binds and stabilizes mRNA	Reactome	9606	Homo sapiens	Pathway	https://reactome.org/PathwayBrowser/#/R-HSA-450520
Reactome:R-HSA-450604	R-HSA-450604	KSRP (KHSRP) binds and destabilizes mRNA	Reactome	9606	Homo sapiens	Pathway	https://reactome.org/PathwayBrowser/#/R-HSA-450604
Reactome:R-HSA-451927	R-HSA-451927	Interleukin-2 family signaling	Reactome	9606	Homo sapiens	Pathway	https://reactome.org/PathwayBrowser/#/R-HSA-451927
Reactome:R-HSA-452723	R-HSA-452723	Transcriptional regulation of pluripotent stem cells	Reactome	9606	Homo sapiens	Pathway	https://reactome.org/PathwayBrowser/#/R-HSA-452723
Reactome:R-HSA-4551638	R-HSA-4551638	SUMOylation of chromatin organization proteins	Reactome	9606	Homo sapiens	Pathway	https://reactome.org/PathwayBrowser/#/R-HSA-4551638
Reactome:R-HSA-456926	R-HSA-456926	Thrombin signalling through proteinase activated receptors (PARs)	Reactome	9606	Homo sapiens	Pathway	https://reactome.org/PathwayBrowser/#/R-HSA-456926
Reactome:R-HSA-4570464	R-HSA-4570464	SUMOylation of RNA binding proteins	Reactome	9606	Homo sapiens	Pathway	https://reactome.org/PathwayBrowser/#/R-HSA-4570464
Reactome:R-HSA-4615885	R-HSA-4615885	SUMOylation of DNA replication proteins	Reactome	9606	Homo sapiens	Pathway	https://reactome.org/PathwayBrowser/#/R-HSA-4615885
Reactome:R-HSA-4641257	R-HSA-4641257	Degradation of AXIN	Reactome	9606	Homo sapiens	Pathway	https://reactome.org/PathwayBrowser/#/R-HSA-4641257
Reactome:R-HSA-4641262	R-HSA-4641262	Disassembly of the destruction complex and recruitment of AXIN to the membrane	Reactome	9606	Homo sapiens	Pathway	https://reactome.org/PathwayBrowser/#/R-HSA-4641262
Reactome:R-HSA-4641263	R-HSA-4641263	Regulation of FZD by ubiquitination	Reactome	9606	Homo sapiens	Pathway	https://reactome.org/PathwayBrowser/#/R-HSA-4641263
Reactome:R-HSA-4641265	R-HSA-4641265	Repression of WNT target genes	Reactome	9606	Homo sapiens	Pathway	https://reactome.org/PathwayBrowser/#/R-HSA-4641265
Reactome:R-HSA-4655427	R-HSA-4655427	SUMOylation of DNA methylation proteins	Reactome	9606	Homo sapiens	Pathway	https://reactome.org/PathwayBrowser/#/R-HSA-4655427
Reactome:R-HSA-4755510	R-HSA-4755510	SUMOylation of immune response proteins	Reactome	9606	Homo sapiens	Pathway	https://reactome.org/PathwayBrowser/#/R-HSA-4755510
Reactome:R-HSA-499943	R-HSA-499943	Interconversion of nucleotide di- and triphosphates	Reactome	9606	Homo sapiens	Pathway	https://reactome.org/PathwayBrowser/#/R-HSA-499943
Reactome:R-HSA-500753	R-HSA-500753	Pyrimidine biosynthesis	Reactome	9606	Homo sapiens	Pathway	https://reactome.org/PathwayBrowser/#/R-HSA-500753
Reactome:R-HSA-5083630	R-HSA-5083630	Defective LFNG causes SCDO3	Reactome	9606	Homo sapiens	Pathway	https://reactome.org/PathwayBrowser/#/R-HSA-5083630
Reactome:R-HSA-5083635	R-HSA-5083635	Defective B3GALTL causes PpS	Reactome	9606	Homo sapiens	Pathway	https://reactome.org/PathwayBrowser/#/R-HSA-5083635
Reactome:R-HSA-5099900	R-HSA-5099900	WNT5A-dependent internalization of FZD4	Reactome	9606	Homo sapiens	Pathway	https://reactome.org/PathwayBrowser/#/R-HSA-5099900
Reactome:R-HSA-512988	R-HSA-512988	Interleukin-3, Interleukin-5 and GM-CSF signaling	Reactome	9606	Homo sapiens	Pathway	https://reactome.org/PathwayBrowser/#/R-HSA-512988
Reactome:R-HSA-5173214	R-HSA-5173214	O-glycosylation of TSR domain-containing proteins	Reactome	9606	Homo sapiens	Pathway	https://reactome.org/PathwayBrowser/#/R-HSA-5173214
Reactome:R-HSA-5205685	R-HSA-5205685	PINK1-PRKN Mediated Mitophagy	Reactome	9606	Homo sapiens	Pathway	https://reactome.org/PathwayBrowser/#/R-HSA-5205685
Reactome:R-HSA-5213460	R-HSA-5213460	RIPK1-mediated regulated necrosis	Reactome	9606	Homo sapiens	Pathway	https://reactome.org/PathwayBrowser/#/R-HSA-5213460
Reactome:R-HSA-5218900	R-HSA-5218900	CASP8 activity is inhibited	Reactome	9606	Homo sapiens	Pathway	https://reactome.org/PathwayBrowser/#/R-HSA-5218900
Reactome:R-HSA-5218920	R-HSA-5218920	VEGFR2 mediated vascular permeability	Reactome	9606	Homo sapiens	Pathway	https://reactome.org/PathwayBrowser/#/R-HSA-5218920
Reactome:R-HSA-5218921	R-HSA-5218921	VEGFR2 mediated cell proliferation	Reactome	9606	Homo sapiens	Pathway	https://reactome.org/PathwayBrowser/#/R-HSA-5218921
Reactome:R-HSA-5221030	R-HSA-5221030	TET1,2,3 and TDG demethylate DNA	Reactome	9606	Homo sapiens	Pathway	https://reactome.org/PathwayBrowser/#/R-HSA-5221030
Reactome:R-HSA-5223345	R-HSA-5223345	Miscellaneous transport and binding events	Reactome	9606	Homo sapiens	Pathway	https://reactome.org/PathwayBrowser/#/R-HSA-5223345
Reactome:R-HSA-5250924	R-HSA-5250924	B-WICH complex positively regulates rRNA expression	Reactome	9606	Homo sapiens	Pathway	https://reactome.org/PathwayBrowser/#/R-HSA-5250924
Reactome:R-HSA-525793	R-HSA-525793	Myogenesis	Reactome	9606	Homo sapiens	Pathway	https://reactome.org/PathwayBrowser/#/R-HSA-525793
Reactome:R-HSA-5334118	R-HSA-5334118	DNA methylation	Reactome	9606	Homo sapiens	Pathway	https://reactome.org/PathwayBrowser/#/R-HSA-5334118
Reactome:R-HSA-5336415	R-HSA-5336415	Uptake and function of diphtheria toxin	Reactome	9606	Homo sapiens	Pathway	https://reactome.org/PathwayBrowser/#/R-HSA-5336415
Reactome:R-HSA-5339716	R-HSA-5339716	Signaling by GSK3beta mutants	Reactome	9606	Homo sapiens	Pathway	https://reactome.org/PathwayBrowser/#/R-HSA-5339716
Reactome:R-HSA-5340588	R-HSA-5340588	Signaling by RNF43 mutants	Reactome	9606	Homo sapiens	Pathway	https://reactome.org/PathwayBrowser/#/R-HSA-5340588
Reactome:R-HSA-5357786	R-HSA-5357786	TNFR1-induced proapoptotic signaling	Reactome	9606	Homo sapiens	Pathway	https://reactome.org/PathwayBrowser/#/R-HSA-5357786
Reactome:R-HSA-5357905	R-HSA-5357905	Regulation of TNFR1 signaling	Reactome	9606	Homo sapiens	Pathway	https://reactome.org/PathwayBrowser/#/R-HSA-5357905
Reactome:R-HSA-5357956	R-HSA-5357956	TNFR1-induced NF-kappa-B signaling pathway	Reactome	9606	Homo sapiens	Pathway	https://reactome.org/PathwayBrowser/#/R-HSA-5357956
Reactome:R-HSA-5358346	R-HSA-5358346	Hedgehog ligand biogenesis	Reactome	9606	Homo sapiens	Pathway	https://reactome.org/PathwayBrowser/#/R-HSA-5358346
Reactome:R-HSA-5358565	R-HSA-5358565	Mismatch repair (MMR) directed by MSH2:MSH6 (MutSalpha)	Reactome	9606	Homo sapiens	Pathway	https://reactome.org/PathwayBrowser/#/R-HSA-5358565
Reactome:R-HSA-5358606	R-HSA-5358606	Mismatch repair (MMR) directed by MSH2:MSH3 (MutSbeta)	Reactome	9606	Homo sapiens	Pathway	https://reactome.org/PathwayBrowser/#/R-HSA-5358606
Reactome:R-HSA-5358747	R-HSA-5358747	CTNNB1 S33 mutants aren't phosphorylated	Reactome	9606	Homo sapiens	Pathway	https://reactome.org/PathwayBrowser/#/R-HSA-5358747
Reactome:R-HSA-5358749	R-HSA-5358749	CTNNB1 S37 mutants aren't phosphorylated	Reactome	9606	Homo sapiens	Pathway	https://reactome.org/PathwayBrowser/#/R-HSA-5358749
Reactome:R-HSA-5358751	R-HSA-5358751	CTNNB1 S45 mutants aren't phosphorylated	Reactome	9606	Homo sapiens	Pathway	https://reactome.org/PathwayBrowser/#/R-HSA-5358751
Reactome:R-HSA-5358752	R-HSA-5358752	CTNNB1 T41 mutants aren't phosphorylated	Reactome	9606	Homo sapiens	Pathway	https://reactome.org/PathwayBrowser/#/R-HSA-5358752
Reactome:R-HSA-5362517	R-HSA-5362517	Signaling by Retinoic Acid	Reactome	9606	Homo sapiens	Pathway	https://reactome.org/PathwayBrowser/#/R-HSA-5362517
Reactome:R-HSA-5362768	R-HSA-5362768	Hh mutants are degraded by ERAD	Reactome	9606	Homo sapiens	Pathway	https://reactome.org/PathwayBrowser/#/R-HSA-5362768
Reactome:R-HSA-5362798	R-HSA-5362798	Release of Hh-Np from the secreting cell	Reactome	9606	Homo sapiens	Pathway	https://reactome.org/PathwayBrowser/#/R-HSA-5362798
Reactome:R-HSA-5365859	R-HSA-5365859	RA biosynthesis pathway	Reactome	9606	Homo sapiens	Pathway	https://reactome.org/PathwayBrowser/#/R-HSA-5365859
Reactome:R-HSA-5423646	R-HSA-5423646	Aflatoxin activation and detoxification	Reactome	9606	Homo sapiens	Pathway	https://reactome.org/PathwayBrowser/#/R-HSA-5423646
Reactome:R-HSA-5467333	R-HSA-5467333	APC truncation mutants are not K63 polyubiquitinated	Reactome	9606	Homo sapiens	Pathway	https://reactome.org/PathwayBrowser/#/R-HSA-5467333
Reactome:R-HSA-5467337	R-HSA-5467337	APC truncation mutants have impaired AXIN binding	Reactome	9606	Homo sapiens	Pathway	https://reactome.org/PathwayBrowser/#/R-HSA-5467337
Reactome:R-HSA-5467340	R-HSA-5467340	AXIN missense mutants destabilize the destruction complex	Reactome	9606	Homo sapiens	Pathway	https://reactome.org/PathwayBrowser/#/R-HSA-5467340
Reactome:R-HSA-5467345	R-HSA-5467345	Deletions in the AXIN1 gene destabilize the destruction complex	Reactome	9606	Homo sapiens	Pathway	https://reactome.org/PathwayBrowser/#/R-HSA-5467345
Reactome:R-HSA-5467348	R-HSA-5467348	Truncations of AMER1 destabilize the destruction complex	Reactome	9606	Homo sapiens	Pathway	https://reactome.org/PathwayBrowser/#/R-HSA-5467348
Reactome:R-HSA-549127	R-HSA-549127	SLC-mediated transport of organic cations	Reactome	9606	Homo sapiens	Pathway	https://reactome.org/PathwayBrowser/#/R-HSA-549127
Reactome:R-HSA-5545483	R-HSA-5545483	Defective Mismatch Repair Associated With MLH1	Reactome	9606	Homo sapiens	Pathway	https://reactome.org/PathwayBrowser/#/R-HSA-5545483
Reactome:R-HSA-5578768	R-HSA-5578768	Physiological factors	Reactome	9606	Homo sapiens	Pathway	https://reactome.org/PathwayBrowser/#/R-HSA-5578768
Reactome:R-HSA-5578775	R-HSA-5578775	Ion homeostasis	Reactome	9606	Homo sapiens	Pathway	https://reactome.org/PathwayBrowser/#/R-HSA-5578775
Reactome:R-HSA-5578996	R-HSA-5578996	Defective CYP27A1 causes CTX	Reactome	9606	Homo sapiens	Pathway	https://reactome.org/PathwayBrowser/#/R-HSA-5578996
Reactome:R-HSA-5578997	R-HSA-5578997	Defective AHCY causes HMAHCHD	Reactome	9606	Homo sapiens	Pathway	https://reactome.org/PathwayBrowser/#/R-HSA-5578997
Reactome:R-HSA-5579024	R-HSA-5579024	Defective MAT1A causes MATD	Reactome	9606	Homo sapiens	Pathway	https://reactome.org/PathwayBrowser/#/R-HSA-5579024
Reactome:R-HSA-5579027	R-HSA-5579027	Defective CYP27B1 causes VDDR1B	Reactome	9606	Homo sapiens	Pathway	https://reactome.org/PathwayBrowser/#/R-HSA-5579027
Reactome:R-HSA-5579028	R-HSA-5579028	Defective CYP17A1 causes AH5	Reactome	9606	Homo sapiens	Pathway	https://reactome.org/PathwayBrowser/#/R-HSA-5579028
Reactome:R-HSA-5602410	R-HSA-5602410	TLR3 deficiency - HSE	Reactome	9606	Homo sapiens	Pathway	https://reactome.org/PathwayBrowser/#/R-HSA-5602410
Reactome:R-HSA-5602415	R-HSA-5602415	UNC93B1 deficiency - HSE	Reactome	9606	Homo sapiens	Pathway	https://reactome.org/PathwayBrowser/#/R-HSA-5602415
Reactome:R-HSA-5602498	R-HSA-5602498	MyD88 deficiency (TLR2/4)	Reactome	9606	Homo sapiens	Pathway	https://reactome.org/PathwayBrowser/#/R-HSA-5602498
Reactome:R-HSA-5602566	R-HSA-5602566	TICAM1 deficiency - HSE	Reactome	9606	Homo sapiens	Pathway	https://reactome.org/PathwayBrowser/#/R-HSA-5602566
Reactome:R-HSA-5602571	R-HSA-5602571	TRAF3 deficiency - HSE	Reactome	9606	Homo sapiens	Pathway	https://reactome.org/PathwayBrowser/#/R-HSA-5602571
Reactome:R-HSA-5602636	R-HSA-5602636	IKBKB deficiency causes SCID	Reactome	9606	Homo sapiens	Pathway	https://reactome.org/PathwayBrowser/#/R-HSA-5602636
Reactome:R-HSA-5602680	R-HSA-5602680	MyD88 deficiency (TLR5)	Reactome	9606	Homo sapiens	Pathway	https://reactome.org/PathwayBrowser/#/R-HSA-5602680
Reactome:R-HSA-5603027	R-HSA-5603027	IKBKG deficiency causes anhidrotic ectodermal dysplasia with immunodeficiency (EDA-ID) (via TLR)	Reactome	9606	Homo sapiens	Pathway	https://reactome.org/PathwayBrowser/#/R-HSA-5603027
Reactome:R-HSA-5603029	R-HSA-5603029	IkBA variant leads to EDA-ID	Reactome	9606	Homo sapiens	Pathway	https://reactome.org/PathwayBrowser/#/R-HSA-5603029
Reactome:R-HSA-5603037	R-HSA-5603037	IRAK4 deficiency (TLR5)	Reactome	9606	Homo sapiens	Pathway	https://reactome.org/PathwayBrowser/#/R-HSA-5603037
Reactome:R-HSA-5603041	R-HSA-5603041	IRAK4 deficiency (TLR2/4)	Reactome	9606	Homo sapiens	Pathway	https://reactome.org/PathwayBrowser/#/R-HSA-5603041
Reactome:R-HSA-5607764	R-HSA-5607764	CLEC7A (Dectin-1) signaling	Reactome	9606	Homo sapiens	Pathway	https://reactome.org/PathwayBrowser/#/R-HSA-5607764
Reactome:R-HSA-561048	R-HSA-561048	Organic anion transport by SLC22 transporters	Reactome	9606	Homo sapiens	Pathway	https://reactome.org/PathwayBrowser/#/R-HSA-561048
Reactome:R-HSA-5610780	R-HSA-5610780	Degradation of GLI1 by the proteasome	Reactome	9606	Homo sapiens	Pathway	https://reactome.org/PathwayBrowser/#/R-HSA-5610780
Reactome:R-HSA-5610783	R-HSA-5610783	Degradation of GLI2 by the proteasome	Reactome	9606	Homo sapiens	Pathway	https://reactome.org/PathwayBrowser/#/R-HSA-5610783
Reactome:R-HSA-5610785	R-HSA-5610785	GLI3 is processed to GLI3R by the proteasome	Reactome	9606	Homo sapiens	Pathway	https://reactome.org/PathwayBrowser/#/R-HSA-5610785
Reactome:R-HSA-5610787	R-HSA-5610787	Hedgehog 'off' state	Reactome	9606	Homo sapiens	Pathway	https://reactome.org/PathwayBrowser/#/R-HSA-5610787
Reactome:R-HSA-5617472	R-HSA-5617472	Activation of anterior HOX genes in hindbrain development during early embryogenesis	Reactome	9606	Homo sapiens	Pathway	https://reactome.org/PathwayBrowser/#/R-HSA-5617472
Reactome:R-HSA-5619043	R-HSA-5619043	Defective SLC2A1 causes GLUT1 deficiency syndrome 1 (GLUT1DS1)	Reactome	9606	Homo sapiens	Pathway	https://reactome.org/PathwayBrowser/#/R-HSA-5619043
Reactome:R-HSA-5619049	R-HSA-5619049	Defective SLC40A1 causes hemochromatosis 4 (HFE4) (macrophages)	Reactome	9606	Homo sapiens	Pathway	https://reactome.org/PathwayBrowser/#/R-HSA-5619049
Reactome:R-HSA-5619060	R-HSA-5619060	Defective CP causes aceruloplasminemia (ACERULOP)	Reactome	9606	Homo sapiens	Pathway	https://reactome.org/PathwayBrowser/#/R-HSA-5619060
Reactome:R-HSA-5619070	R-HSA-5619070	Defective SLC16A1 causes symptomatic deficiency in lactate transport (SDLT)	Reactome	9606	Homo sapiens	Pathway	https://reactome.org/PathwayBrowser/#/R-HSA-5619070
Reactome:R-HSA-5619096	R-HSA-5619096	Defective SLC5A5 causes thyroid dyshormonogenesis 1 (TDH1)	Reactome	9606	Homo sapiens	Pathway	https://reactome.org/PathwayBrowser/#/R-HSA-5619096
Reactome:R-HSA-5619098	R-HSA-5619098	Defective SLC2A2 causes Fanconi-Bickel syndrome (FBS)	Reactome	9606	Homo sapiens	Pathway	https://reactome.org/PathwayBrowser/#/R-HSA-5619098
Reactome:R-HSA-5620912	R-HSA-5620912	Anchoring of the basal body to the plasma membrane	Reactome	9606	Homo sapiens	Pathway	https://reactome.org/PathwayBrowser/#/R-HSA-5620912
Reactome:R-HSA-5620922	R-HSA-5620922	BBSome-mediated cargo-targeting to cilium	Reactome	9606	Homo sapiens	Pathway	https://reactome.org/PathwayBrowser/#/R-HSA-5620922
Reactome:R-HSA-5620971	R-HSA-5620971	Pyroptosis	Reactome	9606	Homo sapiens	Pathway	https://reactome.org/PathwayBrowser/#/R-HSA-5620971
Reactome:R-HSA-5621575	R-HSA-5621575	CD209 (DC-SIGN) signaling	Reactome	9606	Homo sapiens	Pathway	https://reactome.org/PathwayBrowser/#/R-HSA-5621575
Reactome:R-HSA-5625740	R-HSA-5625740	RHO GTPases activate PKNs	Reactome	9606	Homo sapiens	Pathway	https://reactome.org/PathwayBrowser/#/R-HSA-5625740
Reactome:R-HSA-5625886	R-HSA-5625886	Activated PKN1 stimulates transcription of AR (androgen receptor) regulated genes KLK2 and KLK3	Reactome	9606	Homo sapiens	Pathway	https://reactome.org/PathwayBrowser/#/R-HSA-5625886
Reactome:R-HSA-5625900	R-HSA-5625900	RHO GTPases activate CIT	Reactome	9606	Homo sapiens	Pathway	https://reactome.org/PathwayBrowser/#/R-HSA-5625900
Reactome:R-HSA-5625970	R-HSA-5625970	RHO GTPases activate KTN1	Reactome	9606	Homo sapiens	Pathway	https://reactome.org/PathwayBrowser/#/R-HSA-5625970
Reactome:R-HSA-5626467	R-HSA-5626467	RHO GTPases activate IQGAPs	Reactome	9606	Homo sapiens	Pathway	https://reactome.org/PathwayBrowser/#/R-HSA-5626467
Reactome:R-HSA-5626978	R-HSA-5626978	TNFR1-mediated ceramide production	Reactome	9606	Homo sapiens	Pathway	https://reactome.org/PathwayBrowser/#/R-HSA-5626978
Reactome:R-HSA-5627123	R-HSA-5627123	RHO GTPases activate PAKs	Reactome	9606	Homo sapiens	Pathway	https://reactome.org/PathwayBrowser/#/R-HSA-5627123
Reactome:R-HSA-5628897	R-HSA-5628897	TP53 Regulates Metabolic Genes	Reactome	9606	Homo sapiens	Pathway	https://reactome.org/PathwayBrowser/#/R-HSA-5628897
Reactome:R-HSA-5632681	R-HSA-5632681	Ligand-receptor interactions	Reactome	9606	Homo sapiens	Pathway	https://reactome.org/PathwayBrowser/#/R-HSA-5632681
Reactome:R-HSA-5632684	R-HSA-5632684	Hedgehog 'on' state	Reactome	9606	Homo sapiens	Pathway	https://reactome.org/PathwayBrowser/#/R-HSA-5632684
Reactome:R-HSA-5632987	R-HSA-5632987	Defective Mismatch Repair Associated With PMS2	Reactome	9606	Homo sapiens	Pathway	https://reactome.org/PathwayBrowser/#/R-HSA-5632987
Reactome:R-HSA-5635838	R-HSA-5635838	Activation of SMO	Reactome	9606	Homo sapiens	Pathway	https://reactome.org/PathwayBrowser/#/R-HSA-5635838
Reactome:R-HSA-5635851	R-HSA-5635851	GLI proteins bind promoters of Hh responsive genes to promote transcription	Reactome	9606	Homo sapiens	Pathway	https://reactome.org/PathwayBrowser/#/R-HSA-5635851
Reactome:R-HSA-5637810	R-HSA-5637810	Constitutive Signaling by EGFRvIII	Reactome	9606	Homo sapiens	Pathway	https://reactome.org/PathwayBrowser/#/R-HSA-5637810
Reactome:R-HSA-5638303	R-HSA-5638303	Inhibition of Signaling by Overexpressed EGFR	Reactome	9606	Homo sapiens	Pathway	https://reactome.org/PathwayBrowser/#/R-HSA-5638303
Reactome:R-HSA-5649702	R-HSA-5649702	APEX1-Independent Resolution of AP Sites via the Single Nucleotide Replacement Pathway	Reactome	9606	Homo sapiens	Pathway	https://reactome.org/PathwayBrowser/#/R-HSA-5649702
Reactome:R-HSA-5651801	R-HSA-5651801	PCNA-Dependent Long Patch Base Excision Repair	Reactome	9606	Homo sapiens	Pathway	https://reactome.org/PathwayBrowser/#/R-HSA-5651801
Reactome:R-HSA-5653890	R-HSA-5653890	Lactose synthesis	Reactome	9606	Homo sapiens	Pathway	https://reactome.org/PathwayBrowser/#/R-HSA-5653890
Reactome:R-HSA-5654219	R-HSA-5654219	Phospholipase C-mediated cascade: FGFR1	Reactome	9606	Homo sapiens	Pathway	https://reactome.org/PathwayBrowser/#/R-HSA-5654219
Reactome:R-HSA-5654221	R-HSA-5654221	Phospholipase C-mediated cascade; FGFR2	Reactome	9606	Homo sapiens	Pathway	https://reactome.org/PathwayBrowser/#/R-HSA-5654221
Reactome:R-HSA-5654227	R-HSA-5654227	Phospholipase C-mediated cascade; FGFR3	Reactome	9606	Homo sapiens	Pathway	https://reactome.org/PathwayBrowser/#/R-HSA-5654227
Reactome:R-HSA-5654228	R-HSA-5654228	Phospholipase C-mediated cascade; FGFR4	Reactome	9606	Homo sapiens	Pathway	https://reactome.org/PathwayBrowser/#/R-HSA-5654228
Reactome:R-HSA-5654687	R-HSA-5654687	Downstream signaling of activated FGFR1	Reactome	9606	Homo sapiens	Pathway	https://reactome.org/PathwayBrowser/#/R-HSA-5654687
Reactome:R-HSA-5654688	R-HSA-5654688	SHC-mediated cascade:FGFR1	Reactome	9606	Homo sapiens	Pathway	https://reactome.org/PathwayBrowser/#/R-HSA-5654688
Reactome:R-HSA-5654689	R-HSA-5654689	PI-3K cascade:FGFR1	Reactome	9606	Homo sapiens	Pathway	https://reactome.org/PathwayBrowser/#/R-HSA-5654689
Reactome:R-HSA-5654693	R-HSA-5654693	FRS-mediated FGFR1 signaling	Reactome	9606	Homo sapiens	Pathway	https://reactome.org/PathwayBrowser/#/R-HSA-5654693
Reactome:R-HSA-5654695	R-HSA-5654695	PI-3K cascade:FGFR2	Reactome	9606	Homo sapiens	Pathway	https://reactome.org/PathwayBrowser/#/R-HSA-5654695
Reactome:R-HSA-5654699	R-HSA-5654699	SHC-mediated cascade:FGFR2	Reactome	9606	Homo sapiens	Pathway	https://reactome.org/PathwayBrowser/#/R-HSA-5654699
Reactome:R-HSA-5654700	R-HSA-5654700	FRS-mediated FGFR2 signaling	Reactome	9606	Homo sapiens	Pathway	https://reactome.org/PathwayBrowser/#/R-HSA-5654700
Reactome:R-HSA-5654704	R-HSA-5654704	SHC-mediated cascade:FGFR3	Reactome	9606	Homo sapiens	Pathway	https://reactome.org/PathwayBrowser/#/R-HSA-5654704
Reactome:R-HSA-5654706	R-HSA-5654706	FRS-mediated FGFR3 signaling	Reactome	9606	Homo sapiens	Pathway	https://reactome.org/PathwayBrowser/#/R-HSA-5654706
Reactome:R-HSA-5654710	R-HSA-5654710	PI-3K cascade:FGFR3	Reactome	9606	Homo sapiens	Pathway	https://reactome.org/PathwayBrowser/#/R-HSA-5654710
Reactome:R-HSA-5654712	R-HSA-5654712	FRS-mediated FGFR4 signaling	Reactome	9606	Homo sapiens	Pathway	https://reactome.org/PathwayBrowser/#/R-HSA-5654712
Reactome:R-HSA-5654719	R-HSA-5654719	SHC-mediated cascade:FGFR4	Reactome	9606	Homo sapiens	Pathway	https://reactome.org/PathwayBrowser/#/R-HSA-5654719
Reactome:R-HSA-5654720	R-HSA-5654720	PI-3K cascade:FGFR4	Reactome	9606	Homo sapiens	Pathway	https://reactome.org/PathwayBrowser/#/R-HSA-5654720
Reactome:R-HSA-5654726	R-HSA-5654726	Negative regulation of FGFR1 signaling	Reactome	9606	Homo sapiens	Pathway	https://reactome.org/PathwayBrowser/#/R-HSA-5654726
Reactome:R-HSA-5654727	R-HSA-5654727	Negative regulation of FGFR2 signaling	Reactome	9606	Homo sapiens	Pathway	https://reactome.org/PathwayBrowser/#/R-HSA-5654727
Reactome:R-HSA-5654732	R-HSA-5654732	Negative regulation of FGFR3 signaling	Reactome	9606	Homo sapiens	Pathway	https://reactome.org/PathwayBrowser/#/R-HSA-5654732
Reactome:R-HSA-5654733	R-HSA-5654733	Negative regulation of FGFR4 signaling	Reactome	9606	Homo sapiens	Pathway	https://reactome.org/PathwayBrowser/#/R-HSA-5654733
Reactome:R-HSA-5655253	R-HSA-5655253	Signaling by FGFR2 in disease	Reactome	9606	Homo sapiens	Pathway	https://reactome.org/PathwayBrowser/#/R-HSA-5655253
Reactome:R-HSA-5655291	R-HSA-5655291	Signaling by FGFR4 in disease	Reactome	9606	Homo sapiens	Pathway	https://reactome.org/PathwayBrowser/#/R-HSA-5655291
Reactome:R-HSA-5655302	R-HSA-5655302	Signaling by FGFR1 in disease	Reactome	9606	Homo sapiens	Pathway	https://reactome.org/PathwayBrowser/#/R-HSA-5655302
Reactome:R-HSA-5655332	R-HSA-5655332	Signaling by FGFR3 in disease	Reactome	9606	Homo sapiens	Pathway	https://reactome.org/PathwayBrowser/#/R-HSA-5655332
Reactome:R-HSA-5656169	R-HSA-5656169	Termination of translesion DNA synthesis	Reactome	9606	Homo sapiens	Pathway	https://reactome.org/PathwayBrowser/#/R-HSA-5656169
Reactome:R-HSA-5658034	R-HSA-5658034	HHAT G278V doesn't palmitoylate Hh-Np	Reactome	9606	Homo sapiens	Pathway	https://reactome.org/PathwayBrowser/#/R-HSA-5658034
Reactome:R-HSA-5658442	R-HSA-5658442	Regulation of RAS by GAPs	Reactome	9606	Homo sapiens	Pathway	https://reactome.org/PathwayBrowser/#/R-HSA-5658442
Reactome:R-HSA-5658623	R-HSA-5658623	FGFRL1 modulation of FGFR1 signaling	Reactome	9606	Homo sapiens	Pathway	https://reactome.org/PathwayBrowser/#/R-HSA-5658623
Reactome:R-HSA-5660668	R-HSA-5660668	CLEC7A/inflammasome pathway	Reactome	9606	Homo sapiens	Pathway	https://reactome.org/PathwayBrowser/#/R-HSA-5660668
Reactome:R-HSA-5661231	R-HSA-5661231	Metallothioneins bind metals	Reactome	9606	Homo sapiens	Pathway	https://reactome.org/PathwayBrowser/#/R-HSA-5661231
Reactome:R-HSA-5661270	R-HSA-5661270	Formation of xylulose-5-phosphate	Reactome	9606	Homo sapiens	Pathway	https://reactome.org/PathwayBrowser/#/R-HSA-5661270
Reactome:R-HSA-5663213	R-HSA-5663213	RHO GTPases Activate WASPs and WAVEs	Reactome	9606	Homo sapiens	Pathway	https://reactome.org/PathwayBrowser/#/R-HSA-5663213
Reactome:R-HSA-5663220	R-HSA-5663220	RHO GTPases Activate Formins	Reactome	9606	Homo sapiens	Pathway	https://reactome.org/PathwayBrowser/#/R-HSA-5663220
Reactome:R-HSA-5668541	R-HSA-5668541	TNFR2 non-canonical NF-kB pathway	Reactome	9606	Homo sapiens	Pathway	https://reactome.org/PathwayBrowser/#/R-HSA-5668541
Reactome:R-HSA-5668599	R-HSA-5668599	RHO GTPases Activate NADPH Oxidases	Reactome	9606	Homo sapiens	Pathway	https://reactome.org/PathwayBrowser/#/R-HSA-5668599
Reactome:R-HSA-5669034	R-HSA-5669034	TNFs bind their physiological receptors	Reactome	9606	Homo sapiens	Pathway	https://reactome.org/PathwayBrowser/#/R-HSA-5669034
Reactome:R-HSA-5673000	R-HSA-5673000	RAF activation	Reactome	9606	Homo sapiens	Pathway	https://reactome.org/PathwayBrowser/#/R-HSA-5673000
Reactome:R-HSA-5673001	R-HSA-5673001	RAF/MAP kinase cascade	Reactome	9606	Homo sapiens	Pathway	https://reactome.org/PathwayBrowser/#/R-HSA-5673001
Reactome:R-HSA-5674135	R-HSA-5674135	MAP2K and MAPK activation	Reactome	9606	Homo sapiens	Pathway	https://reactome.org/PathwayBrowser/#/R-HSA-5674135
Reactome:R-HSA-5674400	R-HSA-5674400	Constitutive Signaling by AKT1 E17K in Cancer	Reactome	9606	Homo sapiens	Pathway	https://reactome.org/PathwayBrowser/#/R-HSA-5674400
Reactome:R-HSA-5674404	R-HSA-5674404	PTEN Loss of Function in Cancer	Reactome	9606	Homo sapiens	Pathway	https://reactome.org/PathwayBrowser/#/R-HSA-5674404
Reactome:R-HSA-5674499	R-HSA-5674499	Negative feedback regulation of MAPK pathway	Reactome	9606	Homo sapiens	Pathway	https://reactome.org/PathwayBrowser/#/R-HSA-5674499
Reactome:R-HSA-5675221	R-HSA-5675221	Negative regulation of MAPK pathway	Reactome	9606	Homo sapiens	Pathway	https://reactome.org/PathwayBrowser/#/R-HSA-5675221
Reactome:R-HSA-5675482	R-HSA-5675482	Regulation of necroptotic cell death	Reactome	9606	Homo sapiens	Pathway	https://reactome.org/PathwayBrowser/#/R-HSA-5675482
Reactome:R-HSA-5676594	R-HSA-5676594	TNF receptor superfamily (TNFSF) members mediating non-canonical NF-kB pathway	Reactome	9606	Homo sapiens	Pathway	https://reactome.org/PathwayBrowser/#/R-HSA-5676594
Reactome:R-HSA-5678520	R-HSA-5678520	Defective ABCB11 causes PFIC2 and BRIC2	Reactome	9606	Homo sapiens	Pathway	https://reactome.org/PathwayBrowser/#/R-HSA-5678520
Reactome:R-HSA-5678771	R-HSA-5678771	Defective ABCB4 causes PFIC3, ICP3 and GBD1	Reactome	9606	Homo sapiens	Pathway	https://reactome.org/PathwayBrowser/#/R-HSA-5678771
Reactome:R-HSA-5679001	R-HSA-5679001	Defective ABCC2 causes DJS	Reactome	9606	Homo sapiens	Pathway	https://reactome.org/PathwayBrowser/#/R-HSA-5679001
Reactome:R-HSA-5682113	R-HSA-5682113	Defective ABCA1 causes TGD	Reactome	9606	Homo sapiens	Pathway	https://reactome.org/PathwayBrowser/#/R-HSA-5682113
Reactome:R-HSA-5683826	R-HSA-5683826	Surfactant metabolism	Reactome	9606	Homo sapiens	Pathway	https://reactome.org/PathwayBrowser/#/R-HSA-5683826
Reactome:R-HSA-5684264	R-HSA-5684264	MAP3K8 (TPL2)-dependent MAPK1/3 activation	Reactome	9606	Homo sapiens	Pathway	https://reactome.org/PathwayBrowser/#/R-HSA-5684264
Reactome:R-HSA-5685938	R-HSA-5685938	HDR through Single Strand Annealing (SSA)	Reactome	9606	Homo sapiens	Pathway	https://reactome.org/PathwayBrowser/#/R-HSA-5685938
Reactome:R-HSA-5685939	R-HSA-5685939	HDR through MMEJ (alt-NHEJ)	Reactome	9606	Homo sapiens	Pathway	https://reactome.org/PathwayBrowser/#/R-HSA-5685939
Reactome:R-HSA-5685942	R-HSA-5685942	HDR through Homologous Recombination (HRR)	Reactome	9606	Homo sapiens	Pathway	https://reactome.org/PathwayBrowser/#/R-HSA-5685942
Reactome:R-HSA-5686938	R-HSA-5686938	Regulation of TLR by endogenous ligand	Reactome	9606	Homo sapiens	Pathway	https://reactome.org/PathwayBrowser/#/R-HSA-5686938
Reactome:R-HSA-5687128	R-HSA-5687128	MAPK6/MAPK4 signaling	Reactome	9606	Homo sapiens	Pathway	https://reactome.org/PathwayBrowser/#/R-HSA-5687128
Reactome:R-HSA-5689603	R-HSA-5689603	UCH proteinases	Reactome	9606	Homo sapiens	Pathway	https://reactome.org/PathwayBrowser/#/R-HSA-5689603
Reactome:R-HSA-5689880	R-HSA-5689880	Ub-specific processing proteases	Reactome	9606	Homo sapiens	Pathway	https://reactome.org/PathwayBrowser/#/R-HSA-5689880
Reactome:R-HSA-5689896	R-HSA-5689896	Ovarian tumor domain proteases	Reactome	9606	Homo sapiens	Pathway	https://reactome.org/PathwayBrowser/#/R-HSA-5689896
Reactome:R-HSA-5689901	R-HSA-5689901	Metalloprotease DUBs	Reactome	9606	Homo sapiens	Pathway	https://reactome.org/PathwayBrowser/#/R-HSA-5689901
Reactome:R-HSA-5693548	R-HSA-5693548	Sensing of DNA Double Strand Breaks	Reactome	9606	Homo sapiens	Pathway	https://reactome.org/PathwayBrowser/#/R-HSA-5693548
Reactome:R-HSA-5693554	R-HSA-5693554	Resolution of D-loop Structures through Synthesis-Dependent Strand Annealing (SDSA)	Reactome	9606	Homo sapiens	Pathway	https://reactome.org/PathwayBrowser/#/R-HSA-5693554
Reactome:R-HSA-5693565	R-HSA-5693565	Recruitment and ATM-mediated phosphorylation of repair and signaling proteins at DNA double strand breaks	Reactome	9606	Homo sapiens	Pathway	https://reactome.org/PathwayBrowser/#/R-HSA-5693565
Reactome:R-HSA-5693568	R-HSA-5693568	Resolution of D-loop Structures through Holliday Junction Intermediates	Reactome	9606	Homo sapiens	Pathway	https://reactome.org/PathwayBrowser/#/R-HSA-5693568
Reactome:R-HSA-5693571	R-HSA-5693571	Nonhomologous End-Joining (NHEJ)	Reactome	9606	Homo sapiens	Pathway	https://reactome.org/PathwayBrowser/#/R-HSA-5693571
Reactome:R-HSA-5693579	R-HSA-5693579	Homologous DNA Pairing and Strand Exchange	Reactome	9606	Homo sapiens	Pathway	https://reactome.org/PathwayBrowser/#/R-HSA-5693579
Reactome:R-HSA-5693607	R-HSA-5693607	Processing of DNA double-strand break ends	Reactome	9606	Homo sapiens	Pathway	https://reactome.org/PathwayBrowser/#/R-HSA-5693607
Reactome:R-HSA-5693616	R-HSA-5693616	Presynaptic phase of homologous DNA pairing and strand exchange	Reactome	9606	Homo sapiens	Pathway	https://reactome.org/PathwayBrowser/#/R-HSA-5693616
Reactome:R-HSA-5694530	R-HSA-5694530	Cargo concentration in the ER	Reactome	9606	Homo sapiens	Pathway	https://reactome.org/PathwayBrowser/#/R-HSA-5694530
Reactome:R-HSA-5696394	R-HSA-5696394	DNA Damage Recognition in GG-NER	Reactome	9606	Homo sapiens	Pathway	https://reactome.org/PathwayBrowser/#/R-HSA-5696394
Reactome:R-HSA-5696395	R-HSA-5696395	Formation of Incision Complex in GG-NER	Reactome	9606	Homo sapiens	Pathway	https://reactome.org/PathwayBrowser/#/R-HSA-5696395
Reactome:R-HSA-5696397	R-HSA-5696397	Gap-filling DNA repair synthesis and ligation in GG-NER	Reactome	9606	Homo sapiens	Pathway	https://reactome.org/PathwayBrowser/#/R-HSA-5696397
Reactome:R-HSA-5696400	R-HSA-5696400	Dual Incision in GG-NER	Reactome	9606	Homo sapiens	Pathway	https://reactome.org/PathwayBrowser/#/R-HSA-5696400
Reactome:R-HSA-606279	R-HSA-606279	Deposition of new CENPA-containing nucleosomes at the centromere	Reactome	9606	Homo sapiens	Pathway	https://reactome.org/PathwayBrowser/#/R-HSA-606279
Reactome:R-HSA-611105	R-HSA-611105	Respiratory electron transport	Reactome	9606	Homo sapiens	Pathway	https://reactome.org/PathwayBrowser/#/R-HSA-611105
Reactome:R-HSA-674695	R-HSA-674695	RNA Polymerase II Pre-transcription Events	Reactome	9606	Homo sapiens	Pathway	https://reactome.org/PathwayBrowser/#/R-HSA-674695
Reactome:R-HSA-6781823	R-HSA-6781823	Formation of TC-NER Pre-Incision Complex	Reactome	9606	Homo sapiens	Pathway	https://reactome.org/PathwayBrowser/#/R-HSA-6781823
Reactome:R-HSA-6781827	R-HSA-6781827	Transcription-Coupled Nucleotide Excision Repair (TC-NER)	Reactome	9606	Homo sapiens	Pathway	https://reactome.org/PathwayBrowser/#/R-HSA-6781827
Reactome:R-HSA-6782135	R-HSA-6782135	Dual incision in TC-NER	Reactome	9606	Homo sapiens	Pathway	https://reactome.org/PathwayBrowser/#/R-HSA-6782135
Reactome:R-HSA-6782210	R-HSA-6782210	Gap-filling DNA repair synthesis and ligation in TC-NER	Reactome	9606	Homo sapiens	Pathway	https://reactome.org/PathwayBrowser/#/R-HSA-6782210
Reactome:R-HSA-6783310	R-HSA-6783310	Fanconi Anemia Pathway	Reactome	9606	Homo sapiens	Pathway	https://reactome.org/PathwayBrowser/#/R-HSA-6783310
Reactome:R-HSA-6783783	R-HSA-6783783	Interleukin-10 signaling	Reactome	9606	Homo sapiens	Pathway	https://reactome.org/PathwayBrowser/#/R-HSA-6783783
Reactome:R-HSA-6785631	R-HSA-6785631	ERBB2 Regulates Cell Motility	Reactome	9606	Homo sapiens	Pathway	https://reactome.org/PathwayBrowser/#/R-HSA-6785631
Reactome:R-HSA-6785807	R-HSA-6785807	Interleukin-4 and Interleukin-13 signaling	Reactome	9606	Homo sapiens	Pathway	https://reactome.org/PathwayBrowser/#/R-HSA-6785807
Reactome:R-HSA-6788467	R-HSA-6788467	IL-6-type cytokine receptor ligand interactions	Reactome	9606	Homo sapiens	Pathway	https://reactome.org/PathwayBrowser/#/R-HSA-6788467
Reactome:R-HSA-6790901	R-HSA-6790901	rRNA modification in the nucleus and cytosol	Reactome	9606	Homo sapiens	Pathway	https://reactome.org/PathwayBrowser/#/R-HSA-6790901
Reactome:R-HSA-6791055	R-HSA-6791055	TALDO1 deficiency: failed conversion of SH7P, GA3P to Fru(6)P, E4P	Reactome	9606	Homo sapiens	Pathway	https://reactome.org/PathwayBrowser/#/R-HSA-6791055
Reactome:R-HSA-6791226	R-HSA-6791226	Major pathway of rRNA processing in the nucleolus and cytosol	Reactome	9606	Homo sapiens	Pathway	https://reactome.org/PathwayBrowser/#/R-HSA-6791226
Reactome:R-HSA-6791462	R-HSA-6791462	TALDO1 deficiency: failed conversion of  Fru(6)P, E4P to SH7P, GA3P	Reactome	9606	Homo sapiens	Pathway	https://reactome.org/PathwayBrowser/#/R-HSA-6791462
Reactome:R-HSA-6796648	R-HSA-6796648	TP53 Regulates Transcription of DNA Repair Genes	Reactome	9606	Homo sapiens	Pathway	https://reactome.org/PathwayBrowser/#/R-HSA-6796648
Reactome:R-HSA-6798695	R-HSA-6798695	Neutrophil degranulation	Reactome	9606	Homo sapiens	Pathway	https://reactome.org/PathwayBrowser/#/R-HSA-6798695
Reactome:R-HSA-6799198	R-HSA-6799198	Complex I biogenesis	Reactome	9606	Homo sapiens	Pathway	https://reactome.org/PathwayBrowser/#/R-HSA-6799198
Reactome:R-HSA-6802946	R-HSA-6802946	Signaling by moderate kinase activity BRAF mutants	Reactome	9606	Homo sapiens	Pathway	https://reactome.org/PathwayBrowser/#/R-HSA-6802946
Reactome:R-HSA-6802948	R-HSA-6802948	Signaling by high-kinase activity BRAF mutants	Reactome	9606	Homo sapiens	Pathway	https://reactome.org/PathwayBrowser/#/R-HSA-6802948
Reactome:R-HSA-6802952	R-HSA-6802952	Signaling by BRAF and RAF1 fusions	Reactome	9606	Homo sapiens	Pathway	https://reactome.org/PathwayBrowser/#/R-HSA-6802952
Reactome:R-HSA-6802953	R-HSA-6802953	RAS signaling downstream of NF1 loss-of-function variants	Reactome	9606	Homo sapiens	Pathway	https://reactome.org/PathwayBrowser/#/R-HSA-6802953
Reactome:R-HSA-6802955	R-HSA-6802955	Paradoxical activation of RAF signaling by kinase inactive BRAF	Reactome	9606	Homo sapiens	Pathway	https://reactome.org/PathwayBrowser/#/R-HSA-6802955
Reactome:R-HSA-6803204	R-HSA-6803204	TP53 Regulates Transcription of Genes Involved in Cytochrome C Release	Reactome	9606	Homo sapiens	Pathway	https://reactome.org/PathwayBrowser/#/R-HSA-6803204
Reactome:R-HSA-6803205	R-HSA-6803205	TP53 regulates transcription of several additional cell death genes whose specific roles in p53-dependent apoptosis remain uncertain	Reactome	9606	Homo sapiens	Pathway	https://reactome.org/PathwayBrowser/#/R-HSA-6803205
Reactome:R-HSA-6803207	R-HSA-6803207	TP53 Regulates Transcription of Caspase Activators and Caspases	Reactome	9606	Homo sapiens	Pathway	https://reactome.org/PathwayBrowser/#/R-HSA-6803207
Reactome:R-HSA-6803211	R-HSA-6803211	TP53 Regulates Transcription of Death Receptors and Ligands	Reactome	9606	Homo sapiens	Pathway	https://reactome.org/PathwayBrowser/#/R-HSA-6803211
Reactome:R-HSA-6803529	R-HSA-6803529	FGFR2 alternative splicing	Reactome	9606	Homo sapiens	Pathway	https://reactome.org/PathwayBrowser/#/R-HSA-6803529
Reactome:R-HSA-6804114	R-HSA-6804114	TP53 Regulates Transcription of Genes Involved in G2 Cell Cycle Arrest	Reactome	9606	Homo sapiens	Pathway	https://reactome.org/PathwayBrowser/#/R-HSA-6804114
Reactome:R-HSA-6804115	R-HSA-6804115	TP53 regulates transcription of additional cell cycle genes whose exact role in the p53 pathway remain uncertain	Reactome	9606	Homo sapiens	Pathway	https://reactome.org/PathwayBrowser/#/R-HSA-6804115
Reactome:R-HSA-6804116	R-HSA-6804116	TP53 Regulates Transcription of Genes Involved in G1 Cell Cycle Arrest	Reactome	9606	Homo sapiens	Pathway	https://reactome.org/PathwayBrowser/#/R-HSA-6804116
Reactome:R-HSA-6804754	R-HSA-6804754	Regulation of TP53 Expression	Reactome	9606	Homo sapiens	Pathway	https://reactome.org/PathwayBrowser/#/R-HSA-6804754
Reactome:R-HSA-6804756	R-HSA-6804756	Regulation of TP53 Activity through Phosphorylation	Reactome	9606	Homo sapiens	Pathway	https://reactome.org/PathwayBrowser/#/R-HSA-6804756
Reactome:R-HSA-6804757	R-HSA-6804757	Regulation of TP53 Degradation	Reactome	9606	Homo sapiens	Pathway	https://reactome.org/PathwayBrowser/#/R-HSA-6804757
Reactome:R-HSA-6804758	R-HSA-6804758	Regulation of TP53 Activity through Acetylation	Reactome	9606	Homo sapiens	Pathway	https://reactome.org/PathwayBrowser/#/R-HSA-6804758
Reactome:R-HSA-6804759	R-HSA-6804759	Regulation of TP53 Activity through Association with Co-factors	Reactome	9606	Homo sapiens	Pathway	https://reactome.org/PathwayBrowser/#/R-HSA-6804759
Reactome:R-HSA-6804760	R-HSA-6804760	Regulation of TP53 Activity through Methylation	Reactome	9606	Homo sapiens	Pathway	https://reactome.org/PathwayBrowser/#/R-HSA-6804760
Reactome:R-HSA-6805567	R-HSA-6805567	Keratinization	Reactome	9606	Homo sapiens	Pathway	https://reactome.org/PathwayBrowser/#/R-HSA-6805567
Reactome:R-HSA-6806942	R-HSA-6806942	MET Receptor Activation	Reactome	9606	Homo sapiens	Pathway	https://reactome.org/PathwayBrowser/#/R-HSA-6806942
Reactome:R-HSA-6807004	R-HSA-6807004	Negative regulation of MET activity	Reactome	9606	Homo sapiens	Pathway	https://reactome.org/PathwayBrowser/#/R-HSA-6807004
Reactome:R-HSA-6807047	R-HSA-6807047	Cholesterol biosynthesis via desmosterol (Bloch pathway)	Reactome	9606	Homo sapiens	Pathway	https://reactome.org/PathwayBrowser/#/R-HSA-6807047
Reactome:R-HSA-6807062	R-HSA-6807062	Zymostenol biosynthesis via lathosterol (Kandutsch-Russell pathway)	Reactome	9606	Homo sapiens	Pathway	https://reactome.org/PathwayBrowser/#/R-HSA-6807062
Reactome:R-HSA-6807878	R-HSA-6807878	COPI-mediated anterograde transport	Reactome	9606	Homo sapiens	Pathway	https://reactome.org/PathwayBrowser/#/R-HSA-6807878
Reactome:R-HSA-6809371	R-HSA-6809371	Formation of the cornified envelope	Reactome	9606	Homo sapiens	Pathway	https://reactome.org/PathwayBrowser/#/R-HSA-6809371
Reactome:R-HSA-6811434	R-HSA-6811434	COPI-dependent Golgi-to-ER retrograde traffic	Reactome	9606	Homo sapiens	Pathway	https://reactome.org/PathwayBrowser/#/R-HSA-6811434
Reactome:R-HSA-6811440	R-HSA-6811440	Retrograde transport at the Trans-Golgi-Network	Reactome	9606	Homo sapiens	Pathway	https://reactome.org/PathwayBrowser/#/R-HSA-6811440
Reactome:R-HSA-6811555	R-HSA-6811555	PI5P Regulates TP53 Acetylation	Reactome	9606	Homo sapiens	Pathway	https://reactome.org/PathwayBrowser/#/R-HSA-6811555
Reactome:R-HSA-6811558	R-HSA-6811558	PI5P, PP2A and IER3 Regulate PI3K/AKT Signaling	Reactome	9606	Homo sapiens	Pathway	https://reactome.org/PathwayBrowser/#/R-HSA-6811558
Reactome:R-HSA-68616	R-HSA-68616	Assembly of the ORC complex at the origin of replication	Reactome	9606	Homo sapiens	Pathway	https://reactome.org/PathwayBrowser/#/R-HSA-68616
Reactome:R-HSA-68689	R-HSA-68689	CDC6 association with the ORC:origin complex	Reactome	9606	Homo sapiens	Pathway	https://reactome.org/PathwayBrowser/#/R-HSA-68689
Reactome:R-HSA-68867	R-HSA-68867	Assembly of the pre-replicative complex	Reactome	9606	Homo sapiens	Pathway	https://reactome.org/PathwayBrowser/#/R-HSA-68867
Reactome:R-HSA-68875	R-HSA-68875	Mitotic Prophase	Reactome	9606	Homo sapiens	Pathway	https://reactome.org/PathwayBrowser/#/R-HSA-68875
Reactome:R-HSA-68877	R-HSA-68877	Mitotic Prometaphase	Reactome	9606	Homo sapiens	Pathway	https://reactome.org/PathwayBrowser/#/R-HSA-68877
Reactome:R-HSA-68881	R-HSA-68881	Mitotic Metaphase/Anaphase Transition	Reactome	9606	Homo sapiens	Pathway	https://reactome.org/PathwayBrowser/#/R-HSA-68881
Reactome:R-HSA-68884	R-HSA-68884	Mitotic Telophase/Cytokinesis	Reactome	9606	Homo sapiens	Pathway	https://reactome.org/PathwayBrowser/#/R-HSA-68884
Reactome:R-HSA-68911	R-HSA-68911	G2 Phase	Reactome	9606	Homo sapiens	Pathway	https://reactome.org/PathwayBrowser/#/R-HSA-68911
Reactome:R-HSA-68949	R-HSA-68949	Orc1 removal from chromatin	Reactome	9606	Homo sapiens	Pathway	https://reactome.org/PathwayBrowser/#/R-HSA-68949
Reactome:R-HSA-68962	R-HSA-68962	Activation of the pre-replicative complex	Reactome	9606	Homo sapiens	Pathway	https://reactome.org/PathwayBrowser/#/R-HSA-68962
Reactome:R-HSA-69017	R-HSA-69017	CDK-mediated phosphorylation and removal of Cdc6	Reactome	9606	Homo sapiens	Pathway	https://reactome.org/PathwayBrowser/#/R-HSA-69017
Reactome:R-HSA-69052	R-HSA-69052	Switching of origins to a post-replicative state	Reactome	9606	Homo sapiens	Pathway	https://reactome.org/PathwayBrowser/#/R-HSA-69052
Reactome:R-HSA-69200	R-HSA-69200	Phosphorylation of proteins involved in G1/S transition by active Cyclin E:Cdk2 complexes	Reactome	9606	Homo sapiens	Pathway	https://reactome.org/PathwayBrowser/#/R-HSA-69200
Reactome:R-HSA-69202	R-HSA-69202	Cyclin E associated events during G1/S transition 	Reactome	9606	Homo sapiens	Pathway	https://reactome.org/PathwayBrowser/#/R-HSA-69202
Reactome:R-HSA-69205	R-HSA-69205	G1/S-Specific Transcription	Reactome	9606	Homo sapiens	Pathway	https://reactome.org/PathwayBrowser/#/R-HSA-69205
Reactome:R-HSA-69231	R-HSA-69231	Cyclin D associated events in G1	Reactome	9606	Homo sapiens	Pathway	https://reactome.org/PathwayBrowser/#/R-HSA-69231
Reactome:R-HSA-69273	R-HSA-69273	Cyclin A/B1/B2 associated events during G2/M transition	Reactome	9606	Homo sapiens	Pathway	https://reactome.org/PathwayBrowser/#/R-HSA-69273
Reactome:R-HSA-69416	R-HSA-69416	Dimerization of procaspase-8	Reactome	9606	Homo sapiens	Pathway	https://reactome.org/PathwayBrowser/#/R-HSA-69416
Reactome:R-HSA-69473	R-HSA-69473	G2/M DNA damage checkpoint	Reactome	9606	Homo sapiens	Pathway	https://reactome.org/PathwayBrowser/#/R-HSA-69473
Reactome:R-HSA-69478	R-HSA-69478	G2/M DNA replication checkpoint	Reactome	9606	Homo sapiens	Pathway	https://reactome.org/PathwayBrowser/#/R-HSA-69478
Reactome:R-HSA-69481	R-HSA-69481	G2/M Checkpoints	Reactome	9606	Homo sapiens	Pathway	https://reactome.org/PathwayBrowser/#/R-HSA-69481
Reactome:R-HSA-69541	R-HSA-69541	Stabilization of p53	Reactome	9606	Homo sapiens	Pathway	https://reactome.org/PathwayBrowser/#/R-HSA-69541
Reactome:R-HSA-69563	R-HSA-69563	p53-Dependent G1 DNA Damage Response	Reactome	9606	Homo sapiens	Pathway	https://reactome.org/PathwayBrowser/#/R-HSA-69563
Reactome:R-HSA-69656	R-HSA-69656	Cyclin A:Cdk2-associated events at S phase entry	Reactome	9606	Homo sapiens	Pathway	https://reactome.org/PathwayBrowser/#/R-HSA-69656
Reactome:R-HSA-69895	R-HSA-69895	Transcriptional  activation of  cell cycle inhibitor p21 	Reactome	9606	Homo sapiens	Pathway	https://reactome.org/PathwayBrowser/#/R-HSA-69895
Reactome:R-HSA-70171	R-HSA-70171	Glycolysis	Reactome	9606	Homo sapiens	Pathway	https://reactome.org/PathwayBrowser/#/R-HSA-70171
Reactome:R-HSA-70221	R-HSA-70221	Glycogen breakdown (glycogenolysis)	Reactome	9606	Homo sapiens	Pathway	https://reactome.org/PathwayBrowser/#/R-HSA-70221
Reactome:R-HSA-70263	R-HSA-70263	Gluconeogenesis	Reactome	9606	Homo sapiens	Pathway	https://reactome.org/PathwayBrowser/#/R-HSA-70263
Reactome:R-HSA-70268	R-HSA-70268	Pyruvate metabolism	Reactome	9606	Homo sapiens	Pathway	https://reactome.org/PathwayBrowser/#/R-HSA-70268
Reactome:R-HSA-70350	R-HSA-70350	Fructose catabolism	Reactome	9606	Homo sapiens	Pathway	https://reactome.org/PathwayBrowser/#/R-HSA-70350
Reactome:R-HSA-70635	R-HSA-70635	Urea cycle	Reactome	9606	Homo sapiens	Pathway	https://reactome.org/PathwayBrowser/#/R-HSA-70635
Reactome:R-HSA-70688	R-HSA-70688	Proline catabolism	Reactome	9606	Homo sapiens	Pathway	https://reactome.org/PathwayBrowser/#/R-HSA-70688
Reactome:R-HSA-70921	R-HSA-70921	Histidine catabolism	Reactome	9606	Homo sapiens	Pathway	https://reactome.org/PathwayBrowser/#/R-HSA-70921
Reactome:R-HSA-71064	R-HSA-71064	Lysine catabolism	Reactome	9606	Homo sapiens	Pathway	https://reactome.org/PathwayBrowser/#/R-HSA-71064
Reactome:R-HSA-71240	R-HSA-71240	Tryptophan catabolism	Reactome	9606	Homo sapiens	Pathway	https://reactome.org/PathwayBrowser/#/R-HSA-71240
Reactome:R-HSA-71336	R-HSA-71336	Pentose phosphate pathway	Reactome	9606	Homo sapiens	Pathway	https://reactome.org/PathwayBrowser/#/R-HSA-71336
Reactome:R-HSA-71384	R-HSA-71384	Ethanol oxidation	Reactome	9606	Homo sapiens	Pathway	https://reactome.org/PathwayBrowser/#/R-HSA-71384
Reactome:R-HSA-71403	R-HSA-71403	Citric acid cycle (TCA cycle)	Reactome	9606	Homo sapiens	Pathway	https://reactome.org/PathwayBrowser/#/R-HSA-71403
Reactome:R-HSA-72086	R-HSA-72086	mRNA Capping	Reactome	9606	Homo sapiens	Pathway	https://reactome.org/PathwayBrowser/#/R-HSA-72086
Reactome:R-HSA-72163	R-HSA-72163	mRNA Splicing - Major Pathway	Reactome	9606	Homo sapiens	Pathway	https://reactome.org/PathwayBrowser/#/R-HSA-72163
Reactome:R-HSA-72165	R-HSA-72165	mRNA Splicing - Minor Pathway	Reactome	9606	Homo sapiens	Pathway	https://reactome.org/PathwayBrowser/#/R-HSA-72165
Reactome:R-HSA-72187	R-HSA-72187	mRNA 3'-end processing	Reactome	9606	Homo sapiens	Pathway	https://reactome.org/PathwayBrowser/#/R-HSA-72187
Reactome:R-HSA-72203	R-HSA-72203	Processing of Capped Intron-Containing Pre-mRNA	Reactome	9606	Homo sapiens	Pathway	https://reactome.org/PathwayBrowser/#/R-HSA-72203
Reactome:R-HSA-72649	R-HSA-72649	Translation initiation complex formation	Reactome	9606	Homo sapiens	Pathway	https://reactome.org/PathwayBrowser/#/R-HSA-72649
Reactome:R-HSA-72689	R-HSA-72689	Formation of a pool of free 40S subunits	Reactome	9606	Homo sapiens	Pathway	https://reactome.org/PathwayBrowser/#/R-HSA-72689
Reactome:R-HSA-72695	R-HSA-72695	Formation of the ternary complex, and subsequently, the 43S complex	Reactome	9606	Homo sapiens	Pathway	https://reactome.org/PathwayBrowser/#/R-HSA-72695
Reactome:R-HSA-72702	R-HSA-72702	Ribosomal scanning and start codon recognition	Reactome	9606	Homo sapiens	Pathway	https://reactome.org/PathwayBrowser/#/R-HSA-72702
Reactome:R-HSA-72706	R-HSA-72706	GTP hydrolysis and joining of the 60S ribosomal subunit	Reactome	9606	Homo sapiens	Pathway	https://reactome.org/PathwayBrowser/#/R-HSA-72706
Reactome:R-HSA-72764	R-HSA-72764	Eukaryotic Translation Termination	Reactome	9606	Homo sapiens	Pathway	https://reactome.org/PathwayBrowser/#/R-HSA-72764
Reactome:R-HSA-73614	R-HSA-73614	Pyrimidine salvage	Reactome	9606	Homo sapiens	Pathway	https://reactome.org/PathwayBrowser/#/R-HSA-73614
Reactome:R-HSA-73621	R-HSA-73621	Pyrimidine catabolism	Reactome	9606	Homo sapiens	Pathway	https://reactome.org/PathwayBrowser/#/R-HSA-73621
Reactome:R-HSA-73762	R-HSA-73762	RNA Polymerase I Transcription Initiation	Reactome	9606	Homo sapiens	Pathway	https://reactome.org/PathwayBrowser/#/R-HSA-73762
Reactome:R-HSA-73772	R-HSA-73772	RNA Polymerase I Promoter Escape	Reactome	9606	Homo sapiens	Pathway	https://reactome.org/PathwayBrowser/#/R-HSA-73772
Reactome:R-HSA-73776	R-HSA-73776	RNA Polymerase II Promoter Escape	Reactome	9606	Homo sapiens	Pathway	https://reactome.org/PathwayBrowser/#/R-HSA-73776
Reactome:R-HSA-73779	R-HSA-73779	RNA Polymerase II Transcription Pre-Initiation And Promoter Opening	Reactome	9606	Homo sapiens	Pathway	https://reactome.org/PathwayBrowser/#/R-HSA-73779
Reactome:R-HSA-73856	R-HSA-73856	RNA Polymerase II Transcription Termination	Reactome	9606	Homo sapiens	Pathway	https://reactome.org/PathwayBrowser/#/R-HSA-73856
Reactome:R-HSA-73863	R-HSA-73863	RNA Polymerase I Transcription Termination	Reactome	9606	Homo sapiens	Pathway	https://reactome.org/PathwayBrowser/#/R-HSA-73863
Reactome:R-HSA-73930	R-HSA-73930	Abasic sugar-phosphate removal via the single-nucleotide replacement pathway	Reactome	9606	Homo sapiens	Pathway	https://reactome.org/PathwayBrowser/#/R-HSA-73930
Reactome:R-HSA-73933	R-HSA-73933	Resolution of Abasic Sites (AP sites)	Reactome	9606	Homo sapiens	Pathway	https://reactome.org/PathwayBrowser/#/R-HSA-73933
Reactome:R-HSA-73943	R-HSA-73943	Reversal of alkylation damage by DNA dioxygenases	Reactome	9606	Homo sapiens	Pathway	https://reactome.org/PathwayBrowser/#/R-HSA-73943
Reactome:R-HSA-74713	R-HSA-74713	IRS activation	Reactome	9606	Homo sapiens	Pathway	https://reactome.org/PathwayBrowser/#/R-HSA-74713
Reactome:R-HSA-74749	R-HSA-74749	Signal attenuation	Reactome	9606	Homo sapiens	Pathway	https://reactome.org/PathwayBrowser/#/R-HSA-74749
Reactome:R-HSA-74751	R-HSA-74751	Insulin receptor signalling cascade	Reactome	9606	Homo sapiens	Pathway	https://reactome.org/PathwayBrowser/#/R-HSA-74751
Reactome:R-HSA-74752	R-HSA-74752	Signaling by Insulin receptor	Reactome	9606	Homo sapiens	Pathway	https://reactome.org/PathwayBrowser/#/R-HSA-74752
Reactome:R-HSA-75035	R-HSA-75035	Chk1/Chk2(Cds1) mediated inactivation of Cyclin B:Cdk1 complex	Reactome	9606	Homo sapiens	Pathway	https://reactome.org/PathwayBrowser/#/R-HSA-75035
Reactome:R-HSA-75102	R-HSA-75102	C6 deamination of adenosine	Reactome	9606	Homo sapiens	Pathway	https://reactome.org/PathwayBrowser/#/R-HSA-75102
Reactome:R-HSA-75105	R-HSA-75105	Fatty acyl-CoA biosynthesis	Reactome	9606	Homo sapiens	Pathway	https://reactome.org/PathwayBrowser/#/R-HSA-75105
Reactome:R-HSA-75108	R-HSA-75108	Activation, myristolyation of BID and translocation to mitochondria	Reactome	9606	Homo sapiens	Pathway	https://reactome.org/PathwayBrowser/#/R-HSA-75108
Reactome:R-HSA-75109	R-HSA-75109	Triglyceride biosynthesis	Reactome	9606	Homo sapiens	Pathway	https://reactome.org/PathwayBrowser/#/R-HSA-75109
Reactome:R-HSA-75153	R-HSA-75153	Apoptotic execution phase	Reactome	9606	Homo sapiens	Pathway	https://reactome.org/PathwayBrowser/#/R-HSA-75153
Reactome:R-HSA-75157	R-HSA-75157	FasL/ CD95L signaling	Reactome	9606	Homo sapiens	Pathway	https://reactome.org/PathwayBrowser/#/R-HSA-75157
Reactome:R-HSA-75158	R-HSA-75158	TRAIL  signaling	Reactome	9606	Homo sapiens	Pathway	https://reactome.org/PathwayBrowser/#/R-HSA-75158
Reactome:R-HSA-75205	R-HSA-75205	Dissolution of Fibrin Clot	Reactome	9606	Homo sapiens	Pathway	https://reactome.org/PathwayBrowser/#/R-HSA-75205
Reactome:R-HSA-75815	R-HSA-75815	Ubiquitin-dependent degradation of Cyclin D	Reactome	9606	Homo sapiens	Pathway	https://reactome.org/PathwayBrowser/#/R-HSA-75815
Reactome:R-HSA-75876	R-HSA-75876	Synthesis of very long-chain fatty acyl-CoAs	Reactome	9606	Homo sapiens	Pathway	https://reactome.org/PathwayBrowser/#/R-HSA-75876
Reactome:R-HSA-75892	R-HSA-75892	Platelet Adhesion to exposed collagen	Reactome	9606	Homo sapiens	Pathway	https://reactome.org/PathwayBrowser/#/R-HSA-75892
Reactome:R-HSA-75893	R-HSA-75893	TNF signaling	Reactome	9606	Homo sapiens	Pathway	https://reactome.org/PathwayBrowser/#/R-HSA-75893
Reactome:R-HSA-75953	R-HSA-75953	RNA Polymerase II Transcription Initiation	Reactome	9606	Homo sapiens	Pathway	https://reactome.org/PathwayBrowser/#/R-HSA-75953
Reactome:R-HSA-75955	R-HSA-75955	RNA Polymerase II Transcription Elongation	Reactome	9606	Homo sapiens	Pathway	https://reactome.org/PathwayBrowser/#/R-HSA-75955
Reactome:R-HSA-76005	R-HSA-76005	Response to elevated platelet cytosolic Ca2+	Reactome	9606	Homo sapiens	Pathway	https://reactome.org/PathwayBrowser/#/R-HSA-76005
Reactome:R-HSA-76009	R-HSA-76009	Platelet Aggregation (Plug Formation)	Reactome	9606	Homo sapiens	Pathway	https://reactome.org/PathwayBrowser/#/R-HSA-76009
Reactome:R-HSA-76042	R-HSA-76042	RNA Polymerase II Transcription Initiation And Promoter Clearance	Reactome	9606	Homo sapiens	Pathway	https://reactome.org/PathwayBrowser/#/R-HSA-76042
Reactome:R-HSA-77042	R-HSA-77042	Formation of editosomes by ADAR proteins	Reactome	9606	Homo sapiens	Pathway	https://reactome.org/PathwayBrowser/#/R-HSA-77042
Reactome:R-HSA-77075	R-HSA-77075	RNA Pol II CTD phosphorylation and interaction with CE	Reactome	9606	Homo sapiens	Pathway	https://reactome.org/PathwayBrowser/#/R-HSA-77075
Reactome:R-HSA-77289	R-HSA-77289	Mitochondrial Fatty Acid Beta-Oxidation	Reactome	9606	Homo sapiens	Pathway	https://reactome.org/PathwayBrowser/#/R-HSA-77289
Reactome:R-HSA-77387	R-HSA-77387	Insulin receptor recycling	Reactome	9606	Homo sapiens	Pathway	https://reactome.org/PathwayBrowser/#/R-HSA-77387
Reactome:R-HSA-77588	R-HSA-77588	SLBP Dependent Processing of Replication-Dependent Histone Pre-mRNAs	Reactome	9606	Homo sapiens	Pathway	https://reactome.org/PathwayBrowser/#/R-HSA-77588
Reactome:R-HSA-844455	R-HSA-844455	The NLRP1 inflammasome	Reactome	9606	Homo sapiens	Pathway	https://reactome.org/PathwayBrowser/#/R-HSA-844455
Reactome:R-HSA-844456	R-HSA-844456	The NLRP3 inflammasome	Reactome	9606	Homo sapiens	Pathway	https://reactome.org/PathwayBrowser/#/R-HSA-844456
Reactome:R-HSA-844615	R-HSA-844615	The AIM2 inflammasome	Reactome	9606	Homo sapiens	Pathway	https://reactome.org/PathwayBrowser/#/R-HSA-844615
Reactome:R-HSA-877300	R-HSA-877300	Interferon gamma signaling	Reactome	9606	Homo sapiens	Pathway	https://reactome.org/PathwayBrowser/#/R-HSA-877300
Reactome:R-HSA-877312	R-HSA-877312	Regulation of IFNG signaling	Reactome	9606	Homo sapiens	Pathway	https://reactome.org/PathwayBrowser/#/R-HSA-877312
Reactome:R-HSA-881907	R-HSA-881907	Gastrin-CREB signalling pathway via PKC and MAPK	Reactome	9606	Homo sapiens	Pathway	https://reactome.org/PathwayBrowser/#/R-HSA-881907
Reactome:R-HSA-8847993	R-HSA-8847993	ERBB2 Activates PTK6 Signaling	Reactome	9606	Homo sapiens	Pathway	https://reactome.org/PathwayBrowser/#/R-HSA-8847993
Reactome:R-HSA-8849469	R-HSA-8849469	PTK6 Regulates RTKs and Their Effectors AKT1 and DOK1	Reactome	9606	Homo sapiens	Pathway	https://reactome.org/PathwayBrowser/#/R-HSA-8849469
Reactome:R-HSA-8849470	R-HSA-8849470	PTK6 Regulates Cell Cycle	Reactome	9606	Homo sapiens	Pathway	https://reactome.org/PathwayBrowser/#/R-HSA-8849470
Reactome:R-HSA-8849471	R-HSA-8849471	PTK6 Regulates RHO GTPases, RAS GTPase and MAP kinases	Reactome	9606	Homo sapiens	Pathway	https://reactome.org/PathwayBrowser/#/R-HSA-8849471
Reactome:R-HSA-8849473	R-HSA-8849473	PTK6 Expression	Reactome	9606	Homo sapiens	Pathway	https://reactome.org/PathwayBrowser/#/R-HSA-8849473
Reactome:R-HSA-8849474	R-HSA-8849474	PTK6 Activates STAT3	Reactome	9606	Homo sapiens	Pathway	https://reactome.org/PathwayBrowser/#/R-HSA-8849474
Reactome:R-HSA-8851708	R-HSA-8851708	Signaling by FGFR2 IIIa TM	Reactome	9606	Homo sapiens	Pathway	https://reactome.org/PathwayBrowser/#/R-HSA-8851708
Reactome:R-HSA-8851805	R-HSA-8851805	MET activates RAS signaling	Reactome	9606	Homo sapiens	Pathway	https://reactome.org/PathwayBrowser/#/R-HSA-8851805
Reactome:R-HSA-8851907	R-HSA-8851907	MET activates PI3K/AKT signaling	Reactome	9606	Homo sapiens	Pathway	https://reactome.org/PathwayBrowser/#/R-HSA-8851907
Reactome:R-HSA-8852276	R-HSA-8852276	The role of GTSE1 in G2/M progression after G2 checkpoint	Reactome	9606	Homo sapiens	Pathway	https://reactome.org/PathwayBrowser/#/R-HSA-8852276
Reactome:R-HSA-8853333	R-HSA-8853333	Signaling by FGFR2 fusions	Reactome	9606	Homo sapiens	Pathway	https://reactome.org/PathwayBrowser/#/R-HSA-8853333
Reactome:R-HSA-8853336	R-HSA-8853336	Signaling by plasma membrane FGFR1 fusions	Reactome	9606	Homo sapiens	Pathway	https://reactome.org/PathwayBrowser/#/R-HSA-8853336
Reactome:R-HSA-8853659	R-HSA-8853659	RET signaling	Reactome	9606	Homo sapiens	Pathway	https://reactome.org/PathwayBrowser/#/R-HSA-8853659
Reactome:R-HSA-8853884	R-HSA-8853884	Transcriptional Regulation by VENTX	Reactome	9606	Homo sapiens	Pathway	https://reactome.org/PathwayBrowser/#/R-HSA-8853884
Reactome:R-HSA-8854050	R-HSA-8854050	FBXL7 down-regulates AURKA during mitotic entry and in early mitosis	Reactome	9606	Homo sapiens	Pathway	https://reactome.org/PathwayBrowser/#/R-HSA-8854050
Reactome:R-HSA-8854214	R-HSA-8854214	TBC/RABGAPs	Reactome	9606	Homo sapiens	Pathway	https://reactome.org/PathwayBrowser/#/R-HSA-8854214
Reactome:R-HSA-8854518	R-HSA-8854518	AURKA Activation by TPX2	Reactome	9606	Homo sapiens	Pathway	https://reactome.org/PathwayBrowser/#/R-HSA-8854518
Reactome:R-HSA-8854521	R-HSA-8854521	Interaction between PHLDA1 and AURKA	Reactome	9606	Homo sapiens	Pathway	https://reactome.org/PathwayBrowser/#/R-HSA-8854521
Reactome:R-HSA-8854691	R-HSA-8854691	Interleukin-20 family signaling	Reactome	9606	Homo sapiens	Pathway	https://reactome.org/PathwayBrowser/#/R-HSA-8854691
Reactome:R-HSA-8856825	R-HSA-8856825	Cargo recognition for clathrin-mediated endocytosis	Reactome	9606	Homo sapiens	Pathway	https://reactome.org/PathwayBrowser/#/R-HSA-8856825
Reactome:R-HSA-8856828	R-HSA-8856828	Clathrin-mediated endocytosis	Reactome	9606	Homo sapiens	Pathway	https://reactome.org/PathwayBrowser/#/R-HSA-8856828
Reactome:R-HSA-8857538	R-HSA-8857538	PTK6 promotes HIF1A stabilization	Reactome	9606	Homo sapiens	Pathway	https://reactome.org/PathwayBrowser/#/R-HSA-8857538
Reactome:R-HSA-8862803	R-HSA-8862803	Deregulated CDK5 triggers multiple neurodegenerative pathways in Alzheimer's disease models	Reactome	9606	Homo sapiens	Pathway	https://reactome.org/PathwayBrowser/#/R-HSA-8862803
Reactome:R-HSA-8863795	R-HSA-8863795	Downregulation of ERBB2 signaling	Reactome	9606	Homo sapiens	Pathway	https://reactome.org/PathwayBrowser/#/R-HSA-8863795
Reactome:R-HSA-8865999	R-HSA-8865999	MET activates PTPN11	Reactome	9606	Homo sapiens	Pathway	https://reactome.org/PathwayBrowser/#/R-HSA-8865999
Reactome:R-HSA-8866376	R-HSA-8866376	Reelin signalling pathway	Reactome	9606	Homo sapiens	Pathway	https://reactome.org/PathwayBrowser/#/R-HSA-8866376
Reactome:R-HSA-8866423	R-HSA-8866423	VLDL assembly	Reactome	9606	Homo sapiens	Pathway	https://reactome.org/PathwayBrowser/#/R-HSA-8866423
Reactome:R-HSA-8866427	R-HSA-8866427	VLDLR internalisation and degradation	Reactome	9606	Homo sapiens	Pathway	https://reactome.org/PathwayBrowser/#/R-HSA-8866427
Reactome:R-HSA-8866652	R-HSA-8866652	Synthesis of active ubiquitin: roles of E1 and E2 enzymes	Reactome	9606	Homo sapiens	Pathway	https://reactome.org/PathwayBrowser/#/R-HSA-8866652
Reactome:R-HSA-8866910	R-HSA-8866910	TFAP2 (AP-2) family regulates transcription of growth factors and their receptors	Reactome	9606	Homo sapiens	Pathway	https://reactome.org/PathwayBrowser/#/R-HSA-8866910
Reactome:R-HSA-8866911	R-HSA-8866911	TFAP2 (AP-2) family regulates transcription of cell cycle factors	Reactome	9606	Homo sapiens	Pathway	https://reactome.org/PathwayBrowser/#/R-HSA-8866911
Reactome:R-HSA-8869496	R-HSA-8869496	TFAP2A acts as a transcriptional repressor during retinoic acid induced cell differentiation	Reactome	9606	Homo sapiens	Pathway	https://reactome.org/PathwayBrowser/#/R-HSA-8869496
Reactome:R-HSA-8874081	R-HSA-8874081	MET activates PTK2 signaling	Reactome	9606	Homo sapiens	Pathway	https://reactome.org/PathwayBrowser/#/R-HSA-8874081
Reactome:R-HSA-8874177	R-HSA-8874177	ATF6B (ATF6-beta) activates chaperones	Reactome	9606	Homo sapiens	Pathway	https://reactome.org/PathwayBrowser/#/R-HSA-8874177
Reactome:R-HSA-8874211	R-HSA-8874211	CREB3 factors activate genes	Reactome	9606	Homo sapiens	Pathway	https://reactome.org/PathwayBrowser/#/R-HSA-8874211
Reactome:R-HSA-8875360	R-HSA-8875360	InlB-mediated entry of Listeria monocytogenes into host cell	Reactome	9606	Homo sapiens	Pathway	https://reactome.org/PathwayBrowser/#/R-HSA-8875360
Reactome:R-HSA-8875513	R-HSA-8875513	MET interacts with TNS proteins	Reactome	9606	Homo sapiens	Pathway	https://reactome.org/PathwayBrowser/#/R-HSA-8875513
Reactome:R-HSA-8875555	R-HSA-8875555	MET activates RAP1 and RAC1	Reactome	9606	Homo sapiens	Pathway	https://reactome.org/PathwayBrowser/#/R-HSA-8875555
Reactome:R-HSA-8875656	R-HSA-8875656	MET receptor recycling	Reactome	9606	Homo sapiens	Pathway	https://reactome.org/PathwayBrowser/#/R-HSA-8875656
Reactome:R-HSA-8875791	R-HSA-8875791	MET activates STAT3	Reactome	9606	Homo sapiens	Pathway	https://reactome.org/PathwayBrowser/#/R-HSA-8875791
Reactome:R-HSA-8876198	R-HSA-8876198	RAB GEFs exchange GTP for GDP on RABs	Reactome	9606	Homo sapiens	Pathway	https://reactome.org/PathwayBrowser/#/R-HSA-8876198
Reactome:R-HSA-8876493	R-HSA-8876493	InlA-mediated entry of Listeria monocytogenes into host cells	Reactome	9606	Homo sapiens	Pathway	https://reactome.org/PathwayBrowser/#/R-HSA-8876493
Reactome:R-HSA-8877330	R-HSA-8877330	RUNX1 and FOXP3 control the development of regulatory T lymphocytes (Tregs)	Reactome	9606	Homo sapiens	Pathway	https://reactome.org/PathwayBrowser/#/R-HSA-8877330
Reactome:R-HSA-8878166	R-HSA-8878166	Transcriptional regulation by RUNX2	Reactome	9606	Homo sapiens	Pathway	https://reactome.org/PathwayBrowser/#/R-HSA-8878166
Reactome:R-HSA-8931987	R-HSA-8931987	RUNX1 regulates estrogen receptor mediated transcription	Reactome	9606	Homo sapiens	Pathway	https://reactome.org/PathwayBrowser/#/R-HSA-8931987
Reactome:R-HSA-8934593	R-HSA-8934593	Regulation of RUNX1 Expression and Activity	Reactome	9606	Homo sapiens	Pathway	https://reactome.org/PathwayBrowser/#/R-HSA-8934593
Reactome:R-HSA-8934903	R-HSA-8934903	Receptor Mediated Mitophagy	Reactome	9606	Homo sapiens	Pathway	https://reactome.org/PathwayBrowser/#/R-HSA-8934903
Reactome:R-HSA-8936459	R-HSA-8936459	RUNX1 regulates genes involved in megakaryocyte differentiation and platelet function	Reactome	9606	Homo sapiens	Pathway	https://reactome.org/PathwayBrowser/#/R-HSA-8936459
Reactome:R-HSA-8937144	R-HSA-8937144	Aryl hydrocarbon receptor signalling	Reactome	9606	Homo sapiens	Pathway	https://reactome.org/PathwayBrowser/#/R-HSA-8937144
Reactome:R-HSA-8939211	R-HSA-8939211	ESR-mediated signaling	Reactome	9606	Homo sapiens	Pathway	https://reactome.org/PathwayBrowser/#/R-HSA-8939211
Reactome:R-HSA-8939236	R-HSA-8939236	RUNX1 regulates transcription of genes involved in differentiation of HSCs	Reactome	9606	Homo sapiens	Pathway	https://reactome.org/PathwayBrowser/#/R-HSA-8939236
Reactome:R-HSA-8939242	R-HSA-8939242	RUNX1 regulates transcription of genes involved in differentiation of keratinocytes	Reactome	9606	Homo sapiens	Pathway	https://reactome.org/PathwayBrowser/#/R-HSA-8939242
Reactome:R-HSA-8939243	R-HSA-8939243	RUNX1 interacts with co-factors whose precise effect on RUNX1 targets is not known	Reactome	9606	Homo sapiens	Pathway	https://reactome.org/PathwayBrowser/#/R-HSA-8939243
Reactome:R-HSA-8939246	R-HSA-8939246	RUNX1 regulates transcription of genes involved in differentiation of myeloid cells	Reactome	9606	Homo sapiens	Pathway	https://reactome.org/PathwayBrowser/#/R-HSA-8939246
Reactome:R-HSA-8939247	R-HSA-8939247	RUNX1 regulates transcription of genes involved in interleukin signaling	Reactome	9606	Homo sapiens	Pathway	https://reactome.org/PathwayBrowser/#/R-HSA-8939247
Reactome:R-HSA-8939256	R-HSA-8939256	RUNX1 regulates transcription of genes involved in WNT signaling	Reactome	9606	Homo sapiens	Pathway	https://reactome.org/PathwayBrowser/#/R-HSA-8939256
Reactome:R-HSA-8939902	R-HSA-8939902	Regulation of RUNX2 expression and activity	Reactome	9606	Homo sapiens	Pathway	https://reactome.org/PathwayBrowser/#/R-HSA-8939902
Reactome:R-HSA-8940973	R-HSA-8940973	RUNX2 regulates osteoblast differentiation	Reactome	9606	Homo sapiens	Pathway	https://reactome.org/PathwayBrowser/#/R-HSA-8940973
Reactome:R-HSA-8941332	R-HSA-8941332	RUNX2 regulates genes involved in cell migration	Reactome	9606	Homo sapiens	Pathway	https://reactome.org/PathwayBrowser/#/R-HSA-8941332
Reactome:R-HSA-8941413	R-HSA-8941413	Events associated with phagocytolytic activity of PMN cells	Reactome	9606	Homo sapiens	Pathway	https://reactome.org/PathwayBrowser/#/R-HSA-8941413
Reactome:R-HSA-8941855	R-HSA-8941855	RUNX3 regulates CDKN1A transcription	Reactome	9606	Homo sapiens	Pathway	https://reactome.org/PathwayBrowser/#/R-HSA-8941855
Reactome:R-HSA-8941856	R-HSA-8941856	RUNX3 regulates NOTCH signaling	Reactome	9606	Homo sapiens	Pathway	https://reactome.org/PathwayBrowser/#/R-HSA-8941856
Reactome:R-HSA-8941858	R-HSA-8941858	Regulation of RUNX3 expression and activity	Reactome	9606	Homo sapiens	Pathway	https://reactome.org/PathwayBrowser/#/R-HSA-8941858
Reactome:R-HSA-8943723	R-HSA-8943723	Regulation of PTEN mRNA translation	Reactome	9606	Homo sapiens	Pathway	https://reactome.org/PathwayBrowser/#/R-HSA-8943723
Reactome:R-HSA-8943724	R-HSA-8943724	Regulation of PTEN gene transcription	Reactome	9606	Homo sapiens	Pathway	https://reactome.org/PathwayBrowser/#/R-HSA-8943724
Reactome:R-HSA-8948216	R-HSA-8948216	Collagen chain trimerization	Reactome	9606	Homo sapiens	Pathway	https://reactome.org/PathwayBrowser/#/R-HSA-8948216
Reactome:R-HSA-8948747	R-HSA-8948747	Regulation of PTEN localization	Reactome	9606	Homo sapiens	Pathway	https://reactome.org/PathwayBrowser/#/R-HSA-8948747
Reactome:R-HSA-8948751	R-HSA-8948751	Regulation of PTEN stability and activity	Reactome	9606	Homo sapiens	Pathway	https://reactome.org/PathwayBrowser/#/R-HSA-8948751
Reactome:R-HSA-8949215	R-HSA-8949215	Mitochondrial calcium ion transport	Reactome	9606	Homo sapiens	Pathway	https://reactome.org/PathwayBrowser/#/R-HSA-8949215
Reactome:R-HSA-8949275	R-HSA-8949275	RUNX3 Regulates Immune Response and Cell Migration	Reactome	9606	Homo sapiens	Pathway	https://reactome.org/PathwayBrowser/#/R-HSA-8949275
Reactome:R-HSA-8949613	R-HSA-8949613	Cristae formation	Reactome	9606	Homo sapiens	Pathway	https://reactome.org/PathwayBrowser/#/R-HSA-8949613
Reactome:R-HSA-8949664	R-HSA-8949664	Processing of SMDT1	Reactome	9606	Homo sapiens	Pathway	https://reactome.org/PathwayBrowser/#/R-HSA-8949664
Reactome:R-HSA-8950505	R-HSA-8950505	Gene and protein expression by JAK-STAT signaling after Interleukin-12 stimulation	Reactome	9606	Homo sapiens	Pathway	https://reactome.org/PathwayBrowser/#/R-HSA-8950505
Reactome:R-HSA-8951430	R-HSA-8951430	RUNX3 regulates WNT signaling	Reactome	9606	Homo sapiens	Pathway	https://reactome.org/PathwayBrowser/#/R-HSA-8951430
Reactome:R-HSA-8951664	R-HSA-8951664	Neddylation	Reactome	9606	Homo sapiens	Pathway	https://reactome.org/PathwayBrowser/#/R-HSA-8951664
Reactome:R-HSA-8951671	R-HSA-8951671	RUNX3 regulates YAP1-mediated transcription	Reactome	9606	Homo sapiens	Pathway	https://reactome.org/PathwayBrowser/#/R-HSA-8951671
Reactome:R-HSA-8951911	R-HSA-8951911	RUNX3 regulates RUNX1-mediated transcription	Reactome	9606	Homo sapiens	Pathway	https://reactome.org/PathwayBrowser/#/R-HSA-8951911
Reactome:R-HSA-8951936	R-HSA-8951936	RUNX3 regulates p14-ARF	Reactome	9606	Homo sapiens	Pathway	https://reactome.org/PathwayBrowser/#/R-HSA-8951936
Reactome:R-HSA-8952158	R-HSA-8952158	RUNX3 regulates BCL2L11 (BIM) transcription	Reactome	9606	Homo sapiens	Pathway	https://reactome.org/PathwayBrowser/#/R-HSA-8952158
Reactome:R-HSA-8953750	R-HSA-8953750	Transcriptional Regulation by E2F6	Reactome	9606	Homo sapiens	Pathway	https://reactome.org/PathwayBrowser/#/R-HSA-8953750
Reactome:R-HSA-8955332	R-HSA-8955332	Carboxyterminal post-translational modifications of tubulin	Reactome	9606	Homo sapiens	Pathway	https://reactome.org/PathwayBrowser/#/R-HSA-8955332
Reactome:R-HSA-8957275	R-HSA-8957275	Post-translational protein phosphorylation	Reactome	9606	Homo sapiens	Pathway	https://reactome.org/PathwayBrowser/#/R-HSA-8957275
Reactome:R-HSA-8963693	R-HSA-8963693	Aspartate and asparagine metabolism	Reactome	9606	Homo sapiens	Pathway	https://reactome.org/PathwayBrowser/#/R-HSA-8963693
Reactome:R-HSA-8963888	R-HSA-8963888	Chylomicron assembly	Reactome	9606	Homo sapiens	Pathway	https://reactome.org/PathwayBrowser/#/R-HSA-8963888
Reactome:R-HSA-8963889	R-HSA-8963889	Assembly of active LPL and LIPC lipase complexes	Reactome	9606	Homo sapiens	Pathway	https://reactome.org/PathwayBrowser/#/R-HSA-8963889
Reactome:R-HSA-8963896	R-HSA-8963896	HDL assembly	Reactome	9606	Homo sapiens	Pathway	https://reactome.org/PathwayBrowser/#/R-HSA-8963896
Reactome:R-HSA-8963901	R-HSA-8963901	Chylomicron remodeling	Reactome	9606	Homo sapiens	Pathway	https://reactome.org/PathwayBrowser/#/R-HSA-8963901
Reactome:R-HSA-8964011	R-HSA-8964011	HDL clearance	Reactome	9606	Homo sapiens	Pathway	https://reactome.org/PathwayBrowser/#/R-HSA-8964011
Reactome:R-HSA-8964026	R-HSA-8964026	Chylomicron clearance	Reactome	9606	Homo sapiens	Pathway	https://reactome.org/PathwayBrowser/#/R-HSA-8964026
Reactome:R-HSA-8964038	R-HSA-8964038	LDL clearance	Reactome	9606	Homo sapiens	Pathway	https://reactome.org/PathwayBrowser/#/R-HSA-8964038
Reactome:R-HSA-8964041	R-HSA-8964041	LDL remodeling	Reactome	9606	Homo sapiens	Pathway	https://reactome.org/PathwayBrowser/#/R-HSA-8964041
Reactome:R-HSA-8964046	R-HSA-8964046	VLDL clearance	Reactome	9606	Homo sapiens	Pathway	https://reactome.org/PathwayBrowser/#/R-HSA-8964046
Reactome:R-HSA-8964058	R-HSA-8964058	HDL remodeling	Reactome	9606	Homo sapiens	Pathway	https://reactome.org/PathwayBrowser/#/R-HSA-8964058
Reactome:R-HSA-8964539	R-HSA-8964539	Glutamate and glutamine metabolism	Reactome	9606	Homo sapiens	Pathway	https://reactome.org/PathwayBrowser/#/R-HSA-8964539
Reactome:R-HSA-8964540	R-HSA-8964540	Alanine metabolism	Reactome	9606	Homo sapiens	Pathway	https://reactome.org/PathwayBrowser/#/R-HSA-8964540
Reactome:R-HSA-8964572	R-HSA-8964572	Lipid particle organization	Reactome	9606	Homo sapiens	Pathway	https://reactome.org/PathwayBrowser/#/R-HSA-8964572
Reactome:R-HSA-8980692	R-HSA-8980692	RHOA GTPase cycle	Reactome	9606	Homo sapiens	Pathway	https://reactome.org/PathwayBrowser/#/R-HSA-8980692
Reactome:R-HSA-8981373	R-HSA-8981373	Intestinal hexose absorption	Reactome	9606	Homo sapiens	Pathway	https://reactome.org/PathwayBrowser/#/R-HSA-8981373
Reactome:R-HSA-8983432	R-HSA-8983432	Interleukin-15 signaling	Reactome	9606	Homo sapiens	Pathway	https://reactome.org/PathwayBrowser/#/R-HSA-8983432
Reactome:R-HSA-8983711	R-HSA-8983711	OAS antiviral response	Reactome	9606	Homo sapiens	Pathway	https://reactome.org/PathwayBrowser/#/R-HSA-8983711
Reactome:R-HSA-8984722	R-HSA-8984722	Interleukin-35 Signalling	Reactome	9606	Homo sapiens	Pathway	https://reactome.org/PathwayBrowser/#/R-HSA-8984722
Reactome:R-HSA-8985586	R-HSA-8985586	SLIT2:ROBO1 increases RHOA activity	Reactome	9606	Homo sapiens	Pathway	https://reactome.org/PathwayBrowser/#/R-HSA-8985586
Reactome:R-HSA-8985801	R-HSA-8985801	Regulation of cortical dendrite branching	Reactome	9606	Homo sapiens	Pathway	https://reactome.org/PathwayBrowser/#/R-HSA-8985801
Reactome:R-HSA-8985947	R-HSA-8985947	Interleukin-9 signaling	Reactome	9606	Homo sapiens	Pathway	https://reactome.org/PathwayBrowser/#/R-HSA-8985947
Reactome:R-HSA-8986944	R-HSA-8986944	Transcriptional Regulation by MECP2	Reactome	9606	Homo sapiens	Pathway	https://reactome.org/PathwayBrowser/#/R-HSA-8986944
Reactome:R-HSA-9006335	R-HSA-9006335	Signaling by Erythropoietin	Reactome	9606	Homo sapiens	Pathway	https://reactome.org/PathwayBrowser/#/R-HSA-9006335
Reactome:R-HSA-9008059	R-HSA-9008059	Interleukin-37 signaling	Reactome	9606	Homo sapiens	Pathway	https://reactome.org/PathwayBrowser/#/R-HSA-9008059
Reactome:R-HSA-9009391	R-HSA-9009391	Extra-nuclear estrogen signaling	Reactome	9606	Homo sapiens	Pathway	https://reactome.org/PathwayBrowser/#/R-HSA-9009391
Reactome:R-HSA-901042	R-HSA-901042	Calnexin/calreticulin cycle	Reactome	9606	Homo sapiens	Pathway	https://reactome.org/PathwayBrowser/#/R-HSA-901042
Reactome:R-HSA-9010553	R-HSA-9010553	Regulation of expression of SLITs and ROBOs	Reactome	9606	Homo sapiens	Pathway	https://reactome.org/PathwayBrowser/#/R-HSA-9010553
Reactome:R-HSA-9010642	R-HSA-9010642	ROBO receptors bind AKAP5	Reactome	9606	Homo sapiens	Pathway	https://reactome.org/PathwayBrowser/#/R-HSA-9010642
Reactome:R-HSA-9012546	R-HSA-9012546	Interleukin-18 signaling	Reactome	9606	Homo sapiens	Pathway	https://reactome.org/PathwayBrowser/#/R-HSA-9012546
Reactome:R-HSA-9013026	R-HSA-9013026	RHOB GTPase cycle	Reactome	9606	Homo sapiens	Pathway	https://reactome.org/PathwayBrowser/#/R-HSA-9013026
Reactome:R-HSA-9013106	R-HSA-9013106	RHOC GTPase cycle	Reactome	9606	Homo sapiens	Pathway	https://reactome.org/PathwayBrowser/#/R-HSA-9013106
Reactome:R-HSA-9013148	R-HSA-9013148	CDC42 GTPase cycle	Reactome	9606	Homo sapiens	Pathway	https://reactome.org/PathwayBrowser/#/R-HSA-9013148
Reactome:R-HSA-9013149	R-HSA-9013149	RAC1 GTPase cycle	Reactome	9606	Homo sapiens	Pathway	https://reactome.org/PathwayBrowser/#/R-HSA-9013149
Reactome:R-HSA-9013404	R-HSA-9013404	RAC2 GTPase cycle	Reactome	9606	Homo sapiens	Pathway	https://reactome.org/PathwayBrowser/#/R-HSA-9013404
Reactome:R-HSA-9013405	R-HSA-9013405	RHOD GTPase cycle	Reactome	9606	Homo sapiens	Pathway	https://reactome.org/PathwayBrowser/#/R-HSA-9013405
Reactome:R-HSA-9013406	R-HSA-9013406	RHOQ GTPase cycle	Reactome	9606	Homo sapiens	Pathway	https://reactome.org/PathwayBrowser/#/R-HSA-9013406
Reactome:R-HSA-9013408	R-HSA-9013408	RHOG GTPase cycle	Reactome	9606	Homo sapiens	Pathway	https://reactome.org/PathwayBrowser/#/R-HSA-9013408
Reactome:R-HSA-9013409	R-HSA-9013409	RHOJ GTPase cycle	Reactome	9606	Homo sapiens	Pathway	https://reactome.org/PathwayBrowser/#/R-HSA-9013409
Reactome:R-HSA-9013420	R-HSA-9013420	RHOU GTPase cycle	Reactome	9606	Homo sapiens	Pathway	https://reactome.org/PathwayBrowser/#/R-HSA-9013420
Reactome:R-HSA-9013422	R-HSA-9013422	RHOBTB1 GTPase cycle	Reactome	9606	Homo sapiens	Pathway	https://reactome.org/PathwayBrowser/#/R-HSA-9013422
Reactome:R-HSA-9013423	R-HSA-9013423	RAC3 GTPase cycle	Reactome	9606	Homo sapiens	Pathway	https://reactome.org/PathwayBrowser/#/R-HSA-9013423
Reactome:R-HSA-9013424	R-HSA-9013424	RHOV GTPase cycle	Reactome	9606	Homo sapiens	Pathway	https://reactome.org/PathwayBrowser/#/R-HSA-9013424
Reactome:R-HSA-9013507	R-HSA-9013507	NOTCH3 Activation and Transmission of Signal to the Nucleus	Reactome	9606	Homo sapiens	Pathway	https://reactome.org/PathwayBrowser/#/R-HSA-9013507
Reactome:R-HSA-9013508	R-HSA-9013508	NOTCH3 Intracellular Domain Regulates Transcription	Reactome	9606	Homo sapiens	Pathway	https://reactome.org/PathwayBrowser/#/R-HSA-9013508
Reactome:R-HSA-9013695	R-HSA-9013695	NOTCH4 Intracellular Domain Regulates Transcription	Reactome	9606	Homo sapiens	Pathway	https://reactome.org/PathwayBrowser/#/R-HSA-9013695
Reactome:R-HSA-9013957	R-HSA-9013957	TLR3-mediated TICAM1-dependent programmed cell death	Reactome	9606	Homo sapiens	Pathway	https://reactome.org/PathwayBrowser/#/R-HSA-9013957
Reactome:R-HSA-9013973	R-HSA-9013973	TICAM1-dependent activation of IRF3/IRF7	Reactome	9606	Homo sapiens	Pathway	https://reactome.org/PathwayBrowser/#/R-HSA-9013973
Reactome:R-HSA-9014325	R-HSA-9014325	TICAM1,TRAF6-dependent induction of TAK1 complex	Reactome	9606	Homo sapiens	Pathway	https://reactome.org/PathwayBrowser/#/R-HSA-9014325
Reactome:R-HSA-9014826	R-HSA-9014826	Interleukin-36 pathway	Reactome	9606	Homo sapiens	Pathway	https://reactome.org/PathwayBrowser/#/R-HSA-9014826
Reactome:R-HSA-9014843	R-HSA-9014843	Interleukin-33 signaling	Reactome	9606	Homo sapiens	Pathway	https://reactome.org/PathwayBrowser/#/R-HSA-9014843
Reactome:R-HSA-9017802	R-HSA-9017802	Noncanonical activation of NOTCH3	Reactome	9606	Homo sapiens	Pathway	https://reactome.org/PathwayBrowser/#/R-HSA-9017802
Reactome:R-HSA-9018519	R-HSA-9018519	Estrogen-dependent gene expression	Reactome	9606	Homo sapiens	Pathway	https://reactome.org/PathwayBrowser/#/R-HSA-9018519
Reactome:R-HSA-9018677	R-HSA-9018677	Biosynthesis of DHA-derived SPMs	Reactome	9606	Homo sapiens	Pathway	https://reactome.org/PathwayBrowser/#/R-HSA-9018677
Reactome:R-HSA-9018679	R-HSA-9018679	Biosynthesis of EPA-derived SPMs	Reactome	9606	Homo sapiens	Pathway	https://reactome.org/PathwayBrowser/#/R-HSA-9018679
Reactome:R-HSA-9018681	R-HSA-9018681	Biosynthesis of protectins	Reactome	9606	Homo sapiens	Pathway	https://reactome.org/PathwayBrowser/#/R-HSA-9018681
Reactome:R-HSA-9020558	R-HSA-9020558	Interleukin-2 signaling	Reactome	9606	Homo sapiens	Pathway	https://reactome.org/PathwayBrowser/#/R-HSA-9020558
Reactome:R-HSA-9020591	R-HSA-9020591	Interleukin-12 signaling	Reactome	9606	Homo sapiens	Pathway	https://reactome.org/PathwayBrowser/#/R-HSA-9020591
Reactome:R-HSA-9020702	R-HSA-9020702	Interleukin-1 signaling	Reactome	9606	Homo sapiens	Pathway	https://reactome.org/PathwayBrowser/#/R-HSA-9020702
Reactome:R-HSA-9020933	R-HSA-9020933	Interleukin-23 signaling	Reactome	9606	Homo sapiens	Pathway	https://reactome.org/PathwayBrowser/#/R-HSA-9020933
Reactome:R-HSA-9020956	R-HSA-9020956	Interleukin-27 signaling	Reactome	9606	Homo sapiens	Pathway	https://reactome.org/PathwayBrowser/#/R-HSA-9020956
Reactome:R-HSA-9020958	R-HSA-9020958	Interleukin-21 signaling	Reactome	9606	Homo sapiens	Pathway	https://reactome.org/PathwayBrowser/#/R-HSA-9020958
Reactome:R-HSA-9022534	R-HSA-9022534	Loss of MECP2 binding ability to 5hmC-DNA	Reactome	9606	Homo sapiens	Pathway	https://reactome.org/PathwayBrowser/#/R-HSA-9022534
Reactome:R-HSA-9022535	R-HSA-9022535	Loss of phosphorylation of MECP2 at T308	Reactome	9606	Homo sapiens	Pathway	https://reactome.org/PathwayBrowser/#/R-HSA-9022535
Reactome:R-HSA-9022537	R-HSA-9022537	Loss of MECP2 binding ability to the NCoR/SMRT complex	Reactome	9606	Homo sapiens	Pathway	https://reactome.org/PathwayBrowser/#/R-HSA-9022537
Reactome:R-HSA-9022538	R-HSA-9022538	Loss of MECP2 binding ability to 5mC-DNA	Reactome	9606	Homo sapiens	Pathway	https://reactome.org/PathwayBrowser/#/R-HSA-9022538
Reactome:R-HSA-9022692	R-HSA-9022692	Regulation of MECP2 expression and activity	Reactome	9606	Homo sapiens	Pathway	https://reactome.org/PathwayBrowser/#/R-HSA-9022692
Reactome:R-HSA-9022699	R-HSA-9022699	MECP2 regulates neuronal receptors and channels	Reactome	9606	Homo sapiens	Pathway	https://reactome.org/PathwayBrowser/#/R-HSA-9022699
Reactome:R-HSA-9022702	R-HSA-9022702	MECP2 regulates transcription of neuronal ligands	Reactome	9606	Homo sapiens	Pathway	https://reactome.org/PathwayBrowser/#/R-HSA-9022702
Reactome:R-HSA-9022707	R-HSA-9022707	MECP2 regulates transcription factors	Reactome	9606	Homo sapiens	Pathway	https://reactome.org/PathwayBrowser/#/R-HSA-9022707
Reactome:R-HSA-9022927	R-HSA-9022927	MECP2 regulates transcription of genes involved in GABA signaling	Reactome	9606	Homo sapiens	Pathway	https://reactome.org/PathwayBrowser/#/R-HSA-9022927
Reactome:R-HSA-9025094	R-HSA-9025094	Biosynthesis of DPAn-3 SPMs	Reactome	9606	Homo sapiens	Pathway	https://reactome.org/PathwayBrowser/#/R-HSA-9025094
Reactome:R-HSA-9026519	R-HSA-9026519	Activated NTRK2 signals through RAS	Reactome	9606	Homo sapiens	Pathway	https://reactome.org/PathwayBrowser/#/R-HSA-9026519
Reactome:R-HSA-9026527	R-HSA-9026527	Activated NTRK2 signals through PLCG1	Reactome	9606	Homo sapiens	Pathway	https://reactome.org/PathwayBrowser/#/R-HSA-9026527
Reactome:R-HSA-9027276	R-HSA-9027276	Erythropoietin activates Phosphoinositide-3-kinase (PI3K)	Reactome	9606	Homo sapiens	Pathway	https://reactome.org/PathwayBrowser/#/R-HSA-9027276
Reactome:R-HSA-9027277	R-HSA-9027277	Erythropoietin activates Phospholipase C gamma (PLCG)	Reactome	9606	Homo sapiens	Pathway	https://reactome.org/PathwayBrowser/#/R-HSA-9027277
Reactome:R-HSA-9027283	R-HSA-9027283	Erythropoietin activates STAT5	Reactome	9606	Homo sapiens	Pathway	https://reactome.org/PathwayBrowser/#/R-HSA-9027283
Reactome:R-HSA-9027284	R-HSA-9027284	Erythropoietin activates RAS	Reactome	9606	Homo sapiens	Pathway	https://reactome.org/PathwayBrowser/#/R-HSA-9027284
Reactome:R-HSA-9027307	R-HSA-9027307	Biosynthesis of maresin-like SPMs	Reactome	9606	Homo sapiens	Pathway	https://reactome.org/PathwayBrowser/#/R-HSA-9027307
Reactome:R-HSA-9027604	R-HSA-9027604	Biosynthesis of electrophilic ω-3 PUFA oxo-derivatives	Reactome	9606	Homo sapiens	Pathway	https://reactome.org/PathwayBrowser/#/R-HSA-9027604
Reactome:R-HSA-9028335	R-HSA-9028335	Activated NTRK2 signals through PI3K	Reactome	9606	Homo sapiens	Pathway	https://reactome.org/PathwayBrowser/#/R-HSA-9028335
Reactome:R-HSA-9028731	R-HSA-9028731	Activated NTRK2 signals through FRS2 and FRS3	Reactome	9606	Homo sapiens	Pathway	https://reactome.org/PathwayBrowser/#/R-HSA-9028731
Reactome:R-HSA-9029558	R-HSA-9029558	NR1H2 & NR1H3 regulate gene expression linked to lipogenesis	Reactome	9606	Homo sapiens	Pathway	https://reactome.org/PathwayBrowser/#/R-HSA-9029558
Reactome:R-HSA-9029569	R-HSA-9029569	NR1H3 & NR1H2 regulate gene expression linked to cholesterol transport and efflux	Reactome	9606	Homo sapiens	Pathway	https://reactome.org/PathwayBrowser/#/R-HSA-9029569
Reactome:R-HSA-9031525	R-HSA-9031525	NR1H2 & NR1H3 regulate gene expression to limit cholesterol uptake 	Reactome	9606	Homo sapiens	Pathway	https://reactome.org/PathwayBrowser/#/R-HSA-9031525
Reactome:R-HSA-9031528	R-HSA-9031528	NR1H2 & NR1H3 regulate gene expression linked to triglyceride lipolysis in adipose	Reactome	9606	Homo sapiens	Pathway	https://reactome.org/PathwayBrowser/#/R-HSA-9031528
Reactome:R-HSA-9031628	R-HSA-9031628	NGF-stimulated transcription	Reactome	9606	Homo sapiens	Pathway	https://reactome.org/PathwayBrowser/#/R-HSA-9031628
Reactome:R-HSA-9032759	R-HSA-9032759	NTRK2 activates RAC1	Reactome	9606	Homo sapiens	Pathway	https://reactome.org/PathwayBrowser/#/R-HSA-9032759
Reactome:R-HSA-9032845	R-HSA-9032845	Activated NTRK2 signals through CDK5	Reactome	9606	Homo sapiens	Pathway	https://reactome.org/PathwayBrowser/#/R-HSA-9032845
Reactome:R-HSA-9033241	R-HSA-9033241	Peroxisomal protein import	Reactome	9606	Homo sapiens	Pathway	https://reactome.org/PathwayBrowser/#/R-HSA-9033241
Reactome:R-HSA-9033500	R-HSA-9033500	TYSND1 cleaves peroxisomal proteins	Reactome	9606	Homo sapiens	Pathway	https://reactome.org/PathwayBrowser/#/R-HSA-9033500
Reactome:R-HSA-9034793	R-HSA-9034793	Activated NTRK3 signals through PLCG1	Reactome	9606	Homo sapiens	Pathway	https://reactome.org/PathwayBrowser/#/R-HSA-9034793
Reactome:R-HSA-9034864	R-HSA-9034864	Activated NTRK3 signals through RAS	Reactome	9606	Homo sapiens	Pathway	https://reactome.org/PathwayBrowser/#/R-HSA-9034864
Reactome:R-HSA-9035034	R-HSA-9035034	RHOF GTPase cycle	Reactome	9606	Homo sapiens	Pathway	https://reactome.org/PathwayBrowser/#/R-HSA-9035034
Reactome:R-HSA-909733	R-HSA-909733	Interferon alpha/beta signaling	Reactome	9606	Homo sapiens	Pathway	https://reactome.org/PathwayBrowser/#/R-HSA-909733
Reactome:R-HSA-912446	R-HSA-912446	Meiotic recombination	Reactome	9606	Homo sapiens	Pathway	https://reactome.org/PathwayBrowser/#/R-HSA-912446
Reactome:R-HSA-912526	R-HSA-912526	Interleukin receptor SHC signaling	Reactome	9606	Homo sapiens	Pathway	https://reactome.org/PathwayBrowser/#/R-HSA-912526
Reactome:R-HSA-912631	R-HSA-912631	Regulation of signaling by CBL	Reactome	9606	Homo sapiens	Pathway	https://reactome.org/PathwayBrowser/#/R-HSA-912631
Reactome:R-HSA-912694	R-HSA-912694	Regulation of IFNA/IFNB signaling	Reactome	9606	Homo sapiens	Pathway	https://reactome.org/PathwayBrowser/#/R-HSA-912694
Reactome:R-HSA-917937	R-HSA-917937	Iron uptake and transport	Reactome	9606	Homo sapiens	Pathway	https://reactome.org/PathwayBrowser/#/R-HSA-917937
Reactome:R-HSA-917977	R-HSA-917977	Transferrin endocytosis and recycling	Reactome	9606	Homo sapiens	Pathway	https://reactome.org/PathwayBrowser/#/R-HSA-917977
Reactome:R-HSA-933541	R-HSA-933541	TRAF6 mediated IRF7 activation	Reactome	9606	Homo sapiens	Pathway	https://reactome.org/PathwayBrowser/#/R-HSA-933541
Reactome:R-HSA-933542	R-HSA-933542	TRAF6 mediated NF-kB activation	Reactome	9606	Homo sapiens	Pathway	https://reactome.org/PathwayBrowser/#/R-HSA-933542
Reactome:R-HSA-933543	R-HSA-933543	NF-kB activation through FADD/RIP-1 pathway mediated by caspase-8 and -10	Reactome	9606	Homo sapiens	Pathway	https://reactome.org/PathwayBrowser/#/R-HSA-933543
Reactome:R-HSA-936440	R-HSA-936440	Negative regulators of DDX58/IFIH1 signaling	Reactome	9606	Homo sapiens	Pathway	https://reactome.org/PathwayBrowser/#/R-HSA-936440
Reactome:R-HSA-936837	R-HSA-936837	Ion transport by P-type ATPases	Reactome	9606	Homo sapiens	Pathway	https://reactome.org/PathwayBrowser/#/R-HSA-936837
Reactome:R-HSA-936964	R-HSA-936964	Activation of IRF3, IRF7 mediated by TBK1, IKKε (IKBKE)	Reactome	9606	Homo sapiens	Pathway	https://reactome.org/PathwayBrowser/#/R-HSA-936964
Reactome:R-HSA-937039	R-HSA-937039	IRAK1 recruits IKK complex	Reactome	9606	Homo sapiens	Pathway	https://reactome.org/PathwayBrowser/#/R-HSA-937039
Reactome:R-HSA-937041	R-HSA-937041	IKK complex recruitment mediated by RIP1	Reactome	9606	Homo sapiens	Pathway	https://reactome.org/PathwayBrowser/#/R-HSA-937041
Reactome:R-HSA-937072	R-HSA-937072	TRAF6-mediated induction of TAK1 complex within TLR4 complex	Reactome	9606	Homo sapiens	Pathway	https://reactome.org/PathwayBrowser/#/R-HSA-937072
Reactome:R-HSA-9603381	R-HSA-9603381	Activated NTRK3 signals through PI3K	Reactome	9606	Homo sapiens	Pathway	https://reactome.org/PathwayBrowser/#/R-HSA-9603381
Reactome:R-HSA-9604323	R-HSA-9604323	Negative regulation of NOTCH4 signaling	Reactome	9606	Homo sapiens	Pathway	https://reactome.org/PathwayBrowser/#/R-HSA-9604323
Reactome:R-HSA-9607240	R-HSA-9607240	FLT3 Signaling	Reactome	9606	Homo sapiens	Pathway	https://reactome.org/PathwayBrowser/#/R-HSA-9607240
Reactome:R-HSA-9609690	R-HSA-9609690	HCMV Early Events	Reactome	9606	Homo sapiens	Pathway	https://reactome.org/PathwayBrowser/#/R-HSA-9609690
Reactome:R-HSA-9610379	R-HSA-9610379	HCMV Late Events	Reactome	9606	Homo sapiens	Pathway	https://reactome.org/PathwayBrowser/#/R-HSA-9610379
Reactome:R-HSA-9613829	R-HSA-9613829	Chaperone Mediated Autophagy	Reactome	9606	Homo sapiens	Pathway	https://reactome.org/PathwayBrowser/#/R-HSA-9613829
Reactome:R-HSA-9614399	R-HSA-9614399	Regulation of localization of FOXO transcription factors	Reactome	9606	Homo sapiens	Pathway	https://reactome.org/PathwayBrowser/#/R-HSA-9614399
Reactome:R-HSA-9614657	R-HSA-9614657	FOXO-mediated transcription of cell death genes	Reactome	9606	Homo sapiens	Pathway	https://reactome.org/PathwayBrowser/#/R-HSA-9614657
Reactome:R-HSA-9615017	R-HSA-9615017	FOXO-mediated transcription of oxidative stress, metabolic and neuronal genes	Reactome	9606	Homo sapiens	Pathway	https://reactome.org/PathwayBrowser/#/R-HSA-9615017
Reactome:R-HSA-9615710	R-HSA-9615710	Late endosomal microautophagy	Reactome	9606	Homo sapiens	Pathway	https://reactome.org/PathwayBrowser/#/R-HSA-9615710
Reactome:R-HSA-9616222	R-HSA-9616222	Transcriptional regulation of granulopoiesis	Reactome	9606	Homo sapiens	Pathway	https://reactome.org/PathwayBrowser/#/R-HSA-9616222
Reactome:R-HSA-9617629	R-HSA-9617629	Regulation of FOXO transcriptional activity by acetylation	Reactome	9606	Homo sapiens	Pathway	https://reactome.org/PathwayBrowser/#/R-HSA-9617629
Reactome:R-HSA-9617828	R-HSA-9617828	FOXO-mediated transcription of cell cycle genes	Reactome	9606	Homo sapiens	Pathway	https://reactome.org/PathwayBrowser/#/R-HSA-9617828
Reactome:R-HSA-9619229	R-HSA-9619229	Activation of RAC1 downstream of NMDARs	Reactome	9606	Homo sapiens	Pathway	https://reactome.org/PathwayBrowser/#/R-HSA-9619229
Reactome:R-HSA-9619483	R-HSA-9619483	Activation of AMPK downstream of NMDARs	Reactome	9606	Homo sapiens	Pathway	https://reactome.org/PathwayBrowser/#/R-HSA-9619483
Reactome:R-HSA-9619665	R-HSA-9619665	EGR2 and SOX10-mediated initiation of Schwann cell myelination	Reactome	9606	Homo sapiens	Pathway	https://reactome.org/PathwayBrowser/#/R-HSA-9619665
Reactome:R-HSA-9620244	R-HSA-9620244	Long-term potentiation	Reactome	9606	Homo sapiens	Pathway	https://reactome.org/PathwayBrowser/#/R-HSA-9620244
Reactome:R-HSA-9623433	R-HSA-9623433	NR1H2 & NR1H3 regulate gene expression to control bile acid homeostasis	Reactome	9606	Homo sapiens	Pathway	https://reactome.org/PathwayBrowser/#/R-HSA-9623433
Reactome:R-HSA-9629232	R-HSA-9629232	Defective Base Excision Repair Associated with NEIL3	Reactome	9606	Homo sapiens	Pathway	https://reactome.org/PathwayBrowser/#/R-HSA-9629232
Reactome:R-HSA-9629569	R-HSA-9629569	Protein hydroxylation	Reactome	9606	Homo sapiens	Pathway	https://reactome.org/PathwayBrowser/#/R-HSA-9629569
Reactome:R-HSA-9630791	R-HSA-9630791	Evasion of Oncogene Induced Senescence Due to Defective p16INK4A binding to CDK4	Reactome	9606	Homo sapiens	Pathway	https://reactome.org/PathwayBrowser/#/R-HSA-9630791
Reactome:R-HSA-9630794	R-HSA-9630794	Evasion of Oncogene Induced Senescence Due to Defective p16INK4A binding to CDK4 and CDK6	Reactome	9606	Homo sapiens	Pathway	https://reactome.org/PathwayBrowser/#/R-HSA-9630794
Reactome:R-HSA-9632697	R-HSA-9632697	Evasion of Oxidative Stress Induced Senescence Due to Defective p16INK4A binding to CDK4	Reactome	9606	Homo sapiens	Pathway	https://reactome.org/PathwayBrowser/#/R-HSA-9632697
Reactome:R-HSA-9632700	R-HSA-9632700	Evasion of Oxidative Stress Induced Senescence Due to Defective p16INK4A binding to CDK4 and CDK6	Reactome	9606	Homo sapiens	Pathway	https://reactome.org/PathwayBrowser/#/R-HSA-9632700
Reactome:R-HSA-9632974	R-HSA-9632974	NR1H2 & NR1H3 regulate gene expression linked to gluconeogenesis 	Reactome	9606	Homo sapiens	Pathway	https://reactome.org/PathwayBrowser/#/R-HSA-9632974
Reactome:R-HSA-9633012	R-HSA-9633012	Response of EIF2AK4 (GCN2) to amino acid deficiency	Reactome	9606	Homo sapiens	Pathway	https://reactome.org/PathwayBrowser/#/R-HSA-9633012
Reactome:R-HSA-9634285	R-HSA-9634285	Constitutive Signaling by Overexpressed ERBB2	Reactome	9606	Homo sapiens	Pathway	https://reactome.org/PathwayBrowser/#/R-HSA-9634285
Reactome:R-HSA-9634597	R-HSA-9634597	GPER1 signaling	Reactome	9606	Homo sapiens	Pathway	https://reactome.org/PathwayBrowser/#/R-HSA-9634597
Reactome:R-HSA-9634600	R-HSA-9634600	Regulation of glycolysis by fructose 2,6-bisphosphate metabolism	Reactome	9606	Homo sapiens	Pathway	https://reactome.org/PathwayBrowser/#/R-HSA-9634600
Reactome:R-HSA-9634635	R-HSA-9634635	Estrogen-stimulated signaling through PRKCZ	Reactome	9606	Homo sapiens	Pathway	https://reactome.org/PathwayBrowser/#/R-HSA-9634635
Reactome:R-HSA-9634638	R-HSA-9634638	Estrogen-dependent nuclear events downstream of ESR-membrane signaling	Reactome	9606	Homo sapiens	Pathway	https://reactome.org/PathwayBrowser/#/R-HSA-9634638
Reactome:R-HSA-9636003	R-HSA-9636003	NEIL3-mediated resolution of ICLs	Reactome	9606	Homo sapiens	Pathway	https://reactome.org/PathwayBrowser/#/R-HSA-9636003
Reactome:R-HSA-9636667	R-HSA-9636667	Manipulation of host energy metabolism	Reactome	9606	Homo sapiens	Pathway	https://reactome.org/PathwayBrowser/#/R-HSA-9636667
Reactome:R-HSA-9637628	R-HSA-9637628	Modulation by Mtb of host immune system	Reactome	9606	Homo sapiens	Pathway	https://reactome.org/PathwayBrowser/#/R-HSA-9637628
Reactome:R-HSA-9638630	R-HSA-9638630	Attachment of bacteria to epithelial cells	Reactome	9606	Homo sapiens	Pathway	https://reactome.org/PathwayBrowser/#/R-HSA-9638630
Reactome:R-HSA-9639288	R-HSA-9639288	Amino acids regulate mTORC1	Reactome	9606	Homo sapiens	Pathway	https://reactome.org/PathwayBrowser/#/R-HSA-9639288
Reactome:R-HSA-9645135	R-HSA-9645135	STAT5 Activation	Reactome	9606	Homo sapiens	Pathway	https://reactome.org/PathwayBrowser/#/R-HSA-9645135
Reactome:R-HSA-9645722	R-HSA-9645722	Defective Intrinsic Pathway for Apoptosis Due to p14ARF Loss of Function	Reactome	9606	Homo sapiens	Pathway	https://reactome.org/PathwayBrowser/#/R-HSA-9645722
Reactome:R-HSA-9646303	R-HSA-9646303	Evasion of Oncogene Induced Senescence Due to p14ARF Defects	Reactome	9606	Homo sapiens	Pathway	https://reactome.org/PathwayBrowser/#/R-HSA-9646303
Reactome:R-HSA-9646304	R-HSA-9646304	Evasion of Oxidative Stress Induced Senescence Due to p14ARF Defects	Reactome	9606	Homo sapiens	Pathway	https://reactome.org/PathwayBrowser/#/R-HSA-9646304
Reactome:R-HSA-9646399	R-HSA-9646399	Aggrephagy	Reactome	9606	Homo sapiens	Pathway	https://reactome.org/PathwayBrowser/#/R-HSA-9646399
Reactome:R-HSA-9648002	R-HSA-9648002	RAS processing	Reactome	9606	Homo sapiens	Pathway	https://reactome.org/PathwayBrowser/#/R-HSA-9648002
Reactome:R-HSA-9648025	R-HSA-9648025	EML4 and NUDC in mitotic spindle formation	Reactome	9606	Homo sapiens	Pathway	https://reactome.org/PathwayBrowser/#/R-HSA-9648025
Reactome:R-HSA-9648895	R-HSA-9648895	Response of EIF2AK1 (HRI) to heme deficiency	Reactome	9606	Homo sapiens	Pathway	https://reactome.org/PathwayBrowser/#/R-HSA-9648895
Reactome:R-HSA-9649948	R-HSA-9649948	Signaling downstream of RAS mutants	Reactome	9606	Homo sapiens	Pathway	https://reactome.org/PathwayBrowser/#/R-HSA-9649948
Reactome:R-HSA-9656223	R-HSA-9656223	Signaling by RAF1 mutants	Reactome	9606	Homo sapiens	Pathway	https://reactome.org/PathwayBrowser/#/R-HSA-9656223
Reactome:R-HSA-9657688	R-HSA-9657688	Defective factor XII causes hereditary angioedema	Reactome	9606	Homo sapiens	Pathway	https://reactome.org/PathwayBrowser/#/R-HSA-9657688
Reactome:R-HSA-9657689	R-HSA-9657689	Defective SERPING1 causes hereditary angioedema	Reactome	9606	Homo sapiens	Pathway	https://reactome.org/PathwayBrowser/#/R-HSA-9657689
Reactome:R-HSA-9660821	R-HSA-9660821	ADORA2B mediated anti-inflammatory cytokines production	Reactome	9606	Homo sapiens	Pathway	https://reactome.org/PathwayBrowser/#/R-HSA-9660821
Reactome:R-HSA-9660826	R-HSA-9660826	Purinergic signaling in leishmaniasis infection	Reactome	9606	Homo sapiens	Pathway	https://reactome.org/PathwayBrowser/#/R-HSA-9660826
Reactome:R-HSA-9661069	R-HSA-9661069	Defective binding of RB1 mutants to E2F1,(E2F2, E2F3)	Reactome	9606	Homo sapiens	Pathway	https://reactome.org/PathwayBrowser/#/R-HSA-9661069
Reactome:R-HSA-9661070	R-HSA-9661070	Defective translocation of RB1 mutants to the nucleus	Reactome	9606	Homo sapiens	Pathway	https://reactome.org/PathwayBrowser/#/R-HSA-9661070
Reactome:R-HSA-9662360	R-HSA-9662360	Sensory processing of sound by inner hair cells of the cochlea	Reactome	9606	Homo sapiens	Pathway	https://reactome.org/PathwayBrowser/#/R-HSA-9662360
Reactome:R-HSA-9662361	R-HSA-9662361	Sensory processing of sound by outer hair cells of the cochlea	Reactome	9606	Homo sapiens	Pathway	https://reactome.org/PathwayBrowser/#/R-HSA-9662361
Reactome:R-HSA-9662834	R-HSA-9662834	CD163 mediating an anti-inflammatory response	Reactome	9606	Homo sapiens	Pathway	https://reactome.org/PathwayBrowser/#/R-HSA-9662834
Reactome:R-HSA-9664323	R-HSA-9664323	FCGR3A-mediated IL10 synthesis	Reactome	9606	Homo sapiens	Pathway	https://reactome.org/PathwayBrowser/#/R-HSA-9664323
Reactome:R-HSA-9664422	R-HSA-9664422	FCGR3A-mediated phagocytosis	Reactome	9606	Homo sapiens	Pathway	https://reactome.org/PathwayBrowser/#/R-HSA-9664422
Reactome:R-HSA-9664565	R-HSA-9664565	Signaling by ERBB2 KD Mutants	Reactome	9606	Homo sapiens	Pathway	https://reactome.org/PathwayBrowser/#/R-HSA-9664565
Reactome:R-HSA-9664873	R-HSA-9664873	Pexophagy	Reactome	9606	Homo sapiens	Pathway	https://reactome.org/PathwayBrowser/#/R-HSA-9664873
Reactome:R-HSA-9665348	R-HSA-9665348	Signaling by ERBB2 ECD mutants	Reactome	9606	Homo sapiens	Pathway	https://reactome.org/PathwayBrowser/#/R-HSA-9665348
Reactome:R-HSA-9665686	R-HSA-9665686	Signaling by ERBB2 TMD/JMD mutants	Reactome	9606	Homo sapiens	Pathway	https://reactome.org/PathwayBrowser/#/R-HSA-9665686
Reactome:R-HSA-9667769	R-HSA-9667769	Acetylcholine inhibits contraction of outer hair cells	Reactome	9606	Homo sapiens	Pathway	https://reactome.org/PathwayBrowser/#/R-HSA-9667769
Reactome:R-HSA-9670095	R-HSA-9670095	Inhibition of DNA recombination at telomere	Reactome	9606	Homo sapiens	Pathway	https://reactome.org/PathwayBrowser/#/R-HSA-9670095
Reactome:R-HSA-9670439	R-HSA-9670439	Signaling by phosphorylated juxtamembrane, extracellular and kinase domain KIT mutants	Reactome	9606	Homo sapiens	Pathway	https://reactome.org/PathwayBrowser/#/R-HSA-9670439
Reactome:R-HSA-9672391	R-HSA-9672391	Defective F8 cleavage by thrombin	Reactome	9606	Homo sapiens	Pathway	https://reactome.org/PathwayBrowser/#/R-HSA-9672391
Reactome:R-HSA-9673324	R-HSA-9673324	WNT5:FZD7-mediated leishmania damping	Reactome	9606	Homo sapiens	Pathway	https://reactome.org/PathwayBrowser/#/R-HSA-9673324
Reactome:R-HSA-9673767	R-HSA-9673767	Signaling by PDGFRA transmembrane, juxtamembrane and kinase domain mutants	Reactome	9606	Homo sapiens	Pathway	https://reactome.org/PathwayBrowser/#/R-HSA-9673767
Reactome:R-HSA-9673768	R-HSA-9673768	Signaling by membrane-tethered fusions of PDGFRA or PDGFRB	Reactome	9606	Homo sapiens	Pathway	https://reactome.org/PathwayBrowser/#/R-HSA-9673768
Reactome:R-HSA-9673770	R-HSA-9673770	Signaling by PDGFRA extracellular domain mutants	Reactome	9606	Homo sapiens	Pathway	https://reactome.org/PathwayBrowser/#/R-HSA-9673770
Reactome:R-HSA-9674555	R-HSA-9674555	Signaling by CSF3 (G-CSF)	Reactome	9606	Homo sapiens	Pathway	https://reactome.org/PathwayBrowser/#/R-HSA-9674555
Reactome:R-HSA-9679191	R-HSA-9679191	Potential therapeutics for SARS	Reactome	9606	Homo sapiens	Pathway	https://reactome.org/PathwayBrowser/#/R-HSA-9679191
Reactome:R-HSA-9680350	R-HSA-9680350	Signaling by CSF1 (M-CSF) in myeloid cells	Reactome	9606	Homo sapiens	Pathway	https://reactome.org/PathwayBrowser/#/R-HSA-9680350
Reactome:R-HSA-9682706	R-HSA-9682706	Replication of the SARS-CoV-1 genome	Reactome	9606	Homo sapiens	Pathway	https://reactome.org/PathwayBrowser/#/R-HSA-9682706
Reactome:R-HSA-9686347	R-HSA-9686347	Microbial modulation of RIPK1-mediated regulated necrosis	Reactome	9606	Homo sapiens	Pathway	https://reactome.org/PathwayBrowser/#/R-HSA-9686347
Reactome:R-HSA-9687136	R-HSA-9687136	Aberrant regulation of mitotic exit in cancer due to RB1 defects	Reactome	9606	Homo sapiens	Pathway	https://reactome.org/PathwayBrowser/#/R-HSA-9687136
Reactome:R-HSA-9692913	R-HSA-9692913	SARS-CoV-1-mediated effects on programmed cell death	Reactome	9606	Homo sapiens	Pathway	https://reactome.org/PathwayBrowser/#/R-HSA-9692913
Reactome:R-HSA-9692916	R-HSA-9692916	SARS-CoV-1 activates/modulates innate immune responses	Reactome	9606	Homo sapiens	Pathway	https://reactome.org/PathwayBrowser/#/R-HSA-9692916
Reactome:R-HSA-9693928	R-HSA-9693928	Defective RIPK1-mediated regulated necrosis	Reactome	9606	Homo sapiens	Pathway	https://reactome.org/PathwayBrowser/#/R-HSA-9693928
Reactome:R-HSA-9694548	R-HSA-9694548	Maturation of spike protein	Reactome	9606	Homo sapiens	Pathway	https://reactome.org/PathwayBrowser/#/R-HSA-9694548
Reactome:R-HSA-9694614	R-HSA-9694614	Attachment and Entry	Reactome	9606	Homo sapiens	Pathway	https://reactome.org/PathwayBrowser/#/R-HSA-9694614
Reactome:R-HSA-9694686	R-HSA-9694686	Replication of the SARS-CoV-2 genome	Reactome	9606	Homo sapiens	Pathway	https://reactome.org/PathwayBrowser/#/R-HSA-9694686
Reactome:R-HSA-9696264	R-HSA-9696264	RND3 GTPase cycle	Reactome	9606	Homo sapiens	Pathway	https://reactome.org/PathwayBrowser/#/R-HSA-9696264
Reactome:R-HSA-9696270	R-HSA-9696270	RND2 GTPase cycle	Reactome	9606	Homo sapiens	Pathway	https://reactome.org/PathwayBrowser/#/R-HSA-9696270
Reactome:R-HSA-9696273	R-HSA-9696273	RND1 GTPase cycle	Reactome	9606	Homo sapiens	Pathway	https://reactome.org/PathwayBrowser/#/R-HSA-9696273
Reactome:R-HSA-9701192	R-HSA-9701192	Defective homologous recombination repair (HRR) due to BRCA1 loss of function	Reactome	9606	Homo sapiens	Pathway	https://reactome.org/PathwayBrowser/#/R-HSA-9701192
Reactome:R-HSA-9701898	R-HSA-9701898	STAT3 nuclear events downstream of ALK signaling	Reactome	9606	Homo sapiens	Pathway	https://reactome.org/PathwayBrowser/#/R-HSA-9701898
Reactome:R-HSA-9702509	R-HSA-9702509	FLT3 mutants bind TKIs	Reactome	9606	Homo sapiens	Pathway	https://reactome.org/PathwayBrowser/#/R-HSA-9702509
Reactome:R-HSA-9702518	R-HSA-9702518	STAT5 activation downstream of FLT3 ITD mutants	Reactome	9606	Homo sapiens	Pathway	https://reactome.org/PathwayBrowser/#/R-HSA-9702518
Reactome:R-HSA-9702569	R-HSA-9702569	KW2449-resistant FLT3 mutants	Reactome	9606	Homo sapiens	Pathway	https://reactome.org/PathwayBrowser/#/R-HSA-9702569
Reactome:R-HSA-9702577	R-HSA-9702577	semaxanib-resistant FLT3 mutants	Reactome	9606	Homo sapiens	Pathway	https://reactome.org/PathwayBrowser/#/R-HSA-9702577
Reactome:R-HSA-9702581	R-HSA-9702581	crenolanib-resistant FLT3 mutants	Reactome	9606	Homo sapiens	Pathway	https://reactome.org/PathwayBrowser/#/R-HSA-9702581
Reactome:R-HSA-9702590	R-HSA-9702590	gilteritinib-resistant FLT3 mutants	Reactome	9606	Homo sapiens	Pathway	https://reactome.org/PathwayBrowser/#/R-HSA-9702590
Reactome:R-HSA-9702596	R-HSA-9702596	lestaurtinib-resistant FLT3 mutants	Reactome	9606	Homo sapiens	Pathway	https://reactome.org/PathwayBrowser/#/R-HSA-9702596
Reactome:R-HSA-9702600	R-HSA-9702600	midostaurin-resistant FLT3 mutants	Reactome	9606	Homo sapiens	Pathway	https://reactome.org/PathwayBrowser/#/R-HSA-9702600
Reactome:R-HSA-9702605	R-HSA-9702605	pexidartinib-resistant FLT3 mutants	Reactome	9606	Homo sapiens	Pathway	https://reactome.org/PathwayBrowser/#/R-HSA-9702605
Reactome:R-HSA-9702614	R-HSA-9702614	ponatinib-resistant FLT3 mutants	Reactome	9606	Homo sapiens	Pathway	https://reactome.org/PathwayBrowser/#/R-HSA-9702614
Reactome:R-HSA-9702620	R-HSA-9702620	quizartinib-resistant FLT3 mutants	Reactome	9606	Homo sapiens	Pathway	https://reactome.org/PathwayBrowser/#/R-HSA-9702620
Reactome:R-HSA-9702624	R-HSA-9702624	sorafenib-resistant FLT3 mutants	Reactome	9606	Homo sapiens	Pathway	https://reactome.org/PathwayBrowser/#/R-HSA-9702624
Reactome:R-HSA-9702632	R-HSA-9702632	sunitinib-resistant FLT3 mutants	Reactome	9606	Homo sapiens	Pathway	https://reactome.org/PathwayBrowser/#/R-HSA-9702632
Reactome:R-HSA-9702636	R-HSA-9702636	tandutinib-resistant FLT3 mutants	Reactome	9606	Homo sapiens	Pathway	https://reactome.org/PathwayBrowser/#/R-HSA-9702636
Reactome:R-HSA-9702998	R-HSA-9702998	linifanib-resistant FLT3 mutants	Reactome	9606	Homo sapiens	Pathway	https://reactome.org/PathwayBrowser/#/R-HSA-9702998
Reactome:R-HSA-9703009	R-HSA-9703009	tamatinib-resistant FLT3 mutants	Reactome	9606	Homo sapiens	Pathway	https://reactome.org/PathwayBrowser/#/R-HSA-9703009
Reactome:R-HSA-9703465	R-HSA-9703465	Signaling by FLT3 fusion proteins	Reactome	9606	Homo sapiens	Pathway	https://reactome.org/PathwayBrowser/#/R-HSA-9703465
Reactome:R-HSA-9703648	R-HSA-9703648	Signaling by FLT3 ITD and TKD mutants	Reactome	9606	Homo sapiens	Pathway	https://reactome.org/PathwayBrowser/#/R-HSA-9703648
Reactome:R-HSA-9704331	R-HSA-9704331	Defective HDR through Homologous Recombination Repair (HRR) due to PALB2 loss of BRCA1 binding function	Reactome	9606	Homo sapiens	Pathway	https://reactome.org/PathwayBrowser/#/R-HSA-9704331
Reactome:R-HSA-9704646	R-HSA-9704646	Defective HDR through Homologous Recombination Repair (HRR) due to PALB2 loss of BRCA2/RAD51/RAD51C binding function	Reactome	9606	Homo sapiens	Pathway	https://reactome.org/PathwayBrowser/#/R-HSA-9704646
Reactome:R-HSA-9705462	R-HSA-9705462	Inactivation of CSF3 (G-CSF) signaling	Reactome	9606	Homo sapiens	Pathway	https://reactome.org/PathwayBrowser/#/R-HSA-9705462
Reactome:R-HSA-9705671	R-HSA-9705671	SARS-CoV-2 activates/modulates innate and adaptive immune responses	Reactome	9606	Homo sapiens	Pathway	https://reactome.org/PathwayBrowser/#/R-HSA-9705671
Reactome:R-HSA-9706019	R-HSA-9706019	RHOBTB3 ATPase cycle	Reactome	9606	Homo sapiens	Pathway	https://reactome.org/PathwayBrowser/#/R-HSA-9706019
Reactome:R-HSA-9706369	R-HSA-9706369	Negative regulation of FLT3	Reactome	9606	Homo sapiens	Pathway	https://reactome.org/PathwayBrowser/#/R-HSA-9706369
Reactome:R-HSA-9706374	R-HSA-9706374	FLT3 signaling through SRC family kinases	Reactome	9606	Homo sapiens	Pathway	https://reactome.org/PathwayBrowser/#/R-HSA-9706374
Reactome:R-HSA-9706377	R-HSA-9706377	FLT3 signaling by CBL mutants	Reactome	9606	Homo sapiens	Pathway	https://reactome.org/PathwayBrowser/#/R-HSA-9706377
Reactome:R-HSA-9707564	R-HSA-9707564	Cytoprotection by HMOX1	Reactome	9606	Homo sapiens	Pathway	https://reactome.org/PathwayBrowser/#/R-HSA-9707564
Reactome:R-HSA-9707587	R-HSA-9707587	Regulation of HMOX1 expression and activity	Reactome	9606	Homo sapiens	Pathway	https://reactome.org/PathwayBrowser/#/R-HSA-9707587
Reactome:R-HSA-9707616	R-HSA-9707616	Heme signaling	Reactome	9606	Homo sapiens	Pathway	https://reactome.org/PathwayBrowser/#/R-HSA-9707616
Reactome:R-HSA-9708296	R-HSA-9708296	tRNA-derived small RNA (tsRNA or tRNA-related fragment, tRF) biogenesis	Reactome	9606	Homo sapiens	Pathway	https://reactome.org/PathwayBrowser/#/R-HSA-9708296
Reactome:R-HSA-9708530	R-HSA-9708530	Regulation of BACH1 activity	Reactome	9606	Homo sapiens	Pathway	https://reactome.org/PathwayBrowser/#/R-HSA-9708530
Reactome:R-HSA-9709570	R-HSA-9709570	Impaired BRCA2 binding to RAD51	Reactome	9606	Homo sapiens	Pathway	https://reactome.org/PathwayBrowser/#/R-HSA-9709570
Reactome:R-HSA-9709603	R-HSA-9709603	Impaired BRCA2 binding to PALB2	Reactome	9606	Homo sapiens	Pathway	https://reactome.org/PathwayBrowser/#/R-HSA-9709603
Reactome:R-HSA-9710421	R-HSA-9710421	Defective pyroptosis	Reactome	9606	Homo sapiens	Pathway	https://reactome.org/PathwayBrowser/#/R-HSA-9710421
Reactome:R-HSA-9723905	R-HSA-9723905	Loss of function of TP53 in cancer due to loss of tetramerization ability	Reactome	9606	Homo sapiens	Pathway	https://reactome.org/PathwayBrowser/#/R-HSA-9723905
Reactome:R-HSA-9725370	R-HSA-9725370	Signaling by ALK fusions and activated point mutants	Reactome	9606	Homo sapiens	Pathway	https://reactome.org/PathwayBrowser/#/R-HSA-9725370
Reactome:R-HSA-9725371	R-HSA-9725371	Nuclear events stimulated by ALK signaling in cancer	Reactome	9606	Homo sapiens	Pathway	https://reactome.org/PathwayBrowser/#/R-HSA-9725371
Reactome:R-HSA-9725554	R-HSA-9725554	Differentiation of Keratinocytes in Interfollicular Epidermis in Mammalian Skin	Reactome	9606	Homo sapiens	Pathway	https://reactome.org/PathwayBrowser/#/R-HSA-9725554
Reactome:R-HSA-9726840	R-HSA-9726840	SHOC2 M1731 mutant abolishes MRAS complex function	Reactome	9606	Homo sapiens	Pathway	https://reactome.org/PathwayBrowser/#/R-HSA-9726840
Reactome:R-HSA-9726842	R-HSA-9726842	Gain-of-function MRAS complexes activate RAF signaling	Reactome	9606	Homo sapiens	Pathway	https://reactome.org/PathwayBrowser/#/R-HSA-9726842
Reactome:R-HSA-9732724	R-HSA-9732724	IFNG signaling activates MAPKs	Reactome	9606	Homo sapiens	Pathway	https://reactome.org/PathwayBrowser/#/R-HSA-9732724
Reactome:R-HSA-9733709	R-HSA-9733709	Cardiogenesis	Reactome	9606	Homo sapiens	Pathway	https://reactome.org/PathwayBrowser/#/R-HSA-9733709
Reactome:R-HSA-9734091	R-HSA-9734091	Drug-mediated inhibition of MET activation	Reactome	9606	Homo sapiens	Pathway	https://reactome.org/PathwayBrowser/#/R-HSA-9734091
Reactome:R-HSA-9735869	R-HSA-9735869	SARS-CoV-1 modulates host translation machinery	Reactome	9606	Homo sapiens	Pathway	https://reactome.org/PathwayBrowser/#/R-HSA-9735869
Reactome:R-HSA-9735871	R-HSA-9735871	SARS-CoV-1 targets host intracellular signalling and regulatory pathways	Reactome	9606	Homo sapiens	Pathway	https://reactome.org/PathwayBrowser/#/R-HSA-9735871
Reactome:R-HSA-9748787	R-HSA-9748787	Azathioprine ADME	Reactome	9606	Homo sapiens	Pathway	https://reactome.org/PathwayBrowser/#/R-HSA-9748787
Reactome:R-HSA-9749641	R-HSA-9749641	Aspirin ADME	Reactome	9606	Homo sapiens	Pathway	https://reactome.org/PathwayBrowser/#/R-HSA-9749641
Reactome:R-HSA-975110	R-HSA-975110	TRAF6 mediated IRF7 activation in TLR7/8 or 9 signaling	Reactome	9606	Homo sapiens	Pathway	https://reactome.org/PathwayBrowser/#/R-HSA-975110
Reactome:R-HSA-975138	R-HSA-975138	TRAF6 mediated induction of NFkB and MAP kinases upon TLR7/8 or 9 activation	Reactome	9606	Homo sapiens	Pathway	https://reactome.org/PathwayBrowser/#/R-HSA-975138
Reactome:R-HSA-975144	R-HSA-975144	IRAK1 recruits IKK complex upon TLR7/8 or 9 stimulation	Reactome	9606	Homo sapiens	Pathway	https://reactome.org/PathwayBrowser/#/R-HSA-975144
Reactome:R-HSA-975155	R-HSA-975155	MyD88 dependent cascade initiated on endosome	Reactome	9606	Homo sapiens	Pathway	https://reactome.org/PathwayBrowser/#/R-HSA-975155
Reactome:R-HSA-975163	R-HSA-975163	IRAK2 mediated activation of TAK1 complex upon TLR7/8 or 9 stimulation	Reactome	9606	Homo sapiens	Pathway	https://reactome.org/PathwayBrowser/#/R-HSA-975163
Reactome:R-HSA-9753281	R-HSA-9753281	Paracetamol ADME	Reactome	9606	Homo sapiens	Pathway	https://reactome.org/PathwayBrowser/#/R-HSA-9753281
Reactome:R-HSA-9753510	R-HSA-9753510	Signaling by RAS GAP mutants	Reactome	9606	Homo sapiens	Pathway	https://reactome.org/PathwayBrowser/#/R-HSA-9753510
Reactome:R-HSA-9753512	R-HSA-9753512	Signaling by RAS GTPase mutants	Reactome	9606	Homo sapiens	Pathway	https://reactome.org/PathwayBrowser/#/R-HSA-9753512
Reactome:R-HSA-9754119	R-HSA-9754119	Drug-mediated inhibition of CDK4/CDK6 activity	Reactome	9606	Homo sapiens	Pathway	https://reactome.org/PathwayBrowser/#/R-HSA-9754119
Reactome:R-HSA-9754189	R-HSA-9754189	Germ layer formation at gastrulation	Reactome	9606	Homo sapiens	Pathway	https://reactome.org/PathwayBrowser/#/R-HSA-9754189
Reactome:R-HSA-9754678	R-HSA-9754678	SARS-CoV-2 modulates host translation machinery	Reactome	9606	Homo sapiens	Pathway	https://reactome.org/PathwayBrowser/#/R-HSA-9754678
Reactome:R-HSA-9754706	R-HSA-9754706	Atorvastatin ADME	Reactome	9606	Homo sapiens	Pathway	https://reactome.org/PathwayBrowser/#/R-HSA-9754706
Reactome:R-HSA-9755088	R-HSA-9755088	Ribavirin ADME	Reactome	9606	Homo sapiens	Pathway	https://reactome.org/PathwayBrowser/#/R-HSA-9755088
Reactome:R-HSA-9755511	R-HSA-9755511	KEAP1-NFE2L2 pathway	Reactome	9606	Homo sapiens	Pathway	https://reactome.org/PathwayBrowser/#/R-HSA-9755511
Reactome:R-HSA-9755779	R-HSA-9755779	SARS-CoV-2 targets host intracellular signalling and regulatory pathways	Reactome	9606	Homo sapiens	Pathway	https://reactome.org/PathwayBrowser/#/R-HSA-9755779
Reactome:R-HSA-975634	R-HSA-975634	Retinoid metabolism and transport	Reactome	9606	Homo sapiens	Pathway	https://reactome.org/PathwayBrowser/#/R-HSA-975634
Reactome:R-HSA-9757110	R-HSA-9757110	Prednisone ADME	Reactome	9606	Homo sapiens	Pathway	https://reactome.org/PathwayBrowser/#/R-HSA-9757110
Reactome:R-HSA-9758274	R-HSA-9758274	Regulation of NF-kappa B signaling	Reactome	9606	Homo sapiens	Pathway	https://reactome.org/PathwayBrowser/#/R-HSA-9758274
Reactome:R-HSA-975871	R-HSA-975871	MyD88 cascade initiated on plasma membrane	Reactome	9606	Homo sapiens	Pathway	https://reactome.org/PathwayBrowser/#/R-HSA-975871
Reactome:R-HSA-9758919	R-HSA-9758919	Epithelial-Mesenchymal Transition (EMT) during gastrulation	Reactome	9606	Homo sapiens	Pathway	https://reactome.org/PathwayBrowser/#/R-HSA-9758919
Reactome:R-HSA-9758920	R-HSA-9758920	Formation of lateral plate mesoderm	Reactome	9606	Homo sapiens	Pathway	https://reactome.org/PathwayBrowser/#/R-HSA-9758920
Reactome:R-HSA-9759194	R-HSA-9759194	Nuclear events mediated by NFE2L2	Reactome	9606	Homo sapiens	Pathway	https://reactome.org/PathwayBrowser/#/R-HSA-9759194
Reactome:R-HSA-9759218	R-HSA-9759218	Cobalamin (Cbl) metabolism	Reactome	9606	Homo sapiens	Pathway	https://reactome.org/PathwayBrowser/#/R-HSA-9759218
Reactome:R-HSA-975956	R-HSA-975956	Nonsense Mediated Decay (NMD) independent of the Exon Junction Complex (EJC)	Reactome	9606	Homo sapiens	Pathway	https://reactome.org/PathwayBrowser/#/R-HSA-975956
Reactome:R-HSA-975957	R-HSA-975957	Nonsense Mediated Decay (NMD) enhanced by the Exon Junction Complex (EJC)	Reactome	9606	Homo sapiens	Pathway	https://reactome.org/PathwayBrowser/#/R-HSA-975957
Reactome:R-HSA-9761174	R-HSA-9761174	Formation of intermediate mesoderm	Reactome	9606	Homo sapiens	Pathway	https://reactome.org/PathwayBrowser/#/R-HSA-9761174
Reactome:R-HSA-9762114	R-HSA-9762114	GSK3B and BTRC:CUL1-mediated-degradation of NFE2L2	Reactome	9606	Homo sapiens	Pathway	https://reactome.org/PathwayBrowser/#/R-HSA-9762114
Reactome:R-HSA-9762292	R-HSA-9762292	Regulation of CDH11 function	Reactome	9606	Homo sapiens	Pathway	https://reactome.org/PathwayBrowser/#/R-HSA-9762292
Reactome:R-HSA-9762293	R-HSA-9762293	Regulation of CDH11 gene transcription	Reactome	9606	Homo sapiens	Pathway	https://reactome.org/PathwayBrowser/#/R-HSA-9762293
Reactome:R-HSA-9764302	R-HSA-9764302	Regulation of CDH19 Expression and Function	Reactome	9606	Homo sapiens	Pathway	https://reactome.org/PathwayBrowser/#/R-HSA-9764302
Reactome:R-HSA-9764561	R-HSA-9764561	Regulation of CDH1 Function	Reactome	9606	Homo sapiens	Pathway	https://reactome.org/PathwayBrowser/#/R-HSA-9764561
Reactome:R-HSA-9764562	R-HSA-9764562	Regulation of CDH1 mRNA translation by microRNAs	Reactome	9606	Homo sapiens	Pathway	https://reactome.org/PathwayBrowser/#/R-HSA-9764562
Reactome:R-HSA-9764725	R-HSA-9764725	Negative Regulation of CDH1 Gene Transcription	Reactome	9606	Homo sapiens	Pathway	https://reactome.org/PathwayBrowser/#/R-HSA-9764725
Reactome:R-HSA-9764790	R-HSA-9764790	Positive Regulation of CDH1 Gene Transcription	Reactome	9606	Homo sapiens	Pathway	https://reactome.org/PathwayBrowser/#/R-HSA-9764790
Reactome:R-HSA-9766229	R-HSA-9766229	Degradation of CDH1	Reactome	9606	Homo sapiens	Pathway	https://reactome.org/PathwayBrowser/#/R-HSA-9766229
Reactome:R-HSA-9768727	R-HSA-9768727	Regulation of CDH1 posttranslational processing and trafficking to plasma membrane	Reactome	9606	Homo sapiens	Pathway	https://reactome.org/PathwayBrowser/#/R-HSA-9768727
Reactome:R-HSA-9768919	R-HSA-9768919	NPAS4 regulates expression of target genes	Reactome	9606	Homo sapiens	Pathway	https://reactome.org/PathwayBrowser/#/R-HSA-9768919
Reactome:R-HSA-9769733	R-HSA-9769733	Fibrin formation	Reactome	9606	Homo sapiens	Pathway	https://reactome.org/PathwayBrowser/#/R-HSA-9769733
Reactome:R-HSA-9769735	R-HSA-9769735	Initiation of coagulation cascade	Reactome	9606	Homo sapiens	Pathway	https://reactome.org/PathwayBrowser/#/R-HSA-9769735
Reactome:R-HSA-9769739	R-HSA-9769739	Regulation of clotting cascade	Reactome	9606	Homo sapiens	Pathway	https://reactome.org/PathwayBrowser/#/R-HSA-9769739
Reactome:R-HSA-9769743	R-HSA-9769743	Amplification and propagation of coagulation cascade	Reactome	9606	Homo sapiens	Pathway	https://reactome.org/PathwayBrowser/#/R-HSA-9769743
Reactome:R-HSA-9770562	R-HSA-9770562	mRNA Polyadenylation	Reactome	9606	Homo sapiens	Pathway	https://reactome.org/PathwayBrowser/#/R-HSA-9770562
Reactome:R-HSA-977225	R-HSA-977225	Amyloid fiber formation	Reactome	9606	Homo sapiens	Pathway	https://reactome.org/PathwayBrowser/#/R-HSA-977225
Reactome:R-HSA-9772755	R-HSA-9772755	Formation of WDR5-containing histone-modifying complexes	Reactome	9606	Homo sapiens	Pathway	https://reactome.org/PathwayBrowser/#/R-HSA-9772755
Reactome:R-HSA-977606	R-HSA-977606	Regulation of Complement cascade	Reactome	9606	Homo sapiens	Pathway	https://reactome.org/PathwayBrowser/#/R-HSA-977606
Reactome:R-HSA-9793380	R-HSA-9793380	Formation of paraxial mesoderm	Reactome	9606	Homo sapiens	Pathway	https://reactome.org/PathwayBrowser/#/R-HSA-9793380
Reactome:R-HSA-9793528	R-HSA-9793528	Ciprofloxacin ADME	Reactome	9606	Homo sapiens	Pathway	https://reactome.org/PathwayBrowser/#/R-HSA-9793528
Reactome:R-HSA-9796292	R-HSA-9796292	Formation of axial mesoderm	Reactome	9606	Homo sapiens	Pathway	https://reactome.org/PathwayBrowser/#/R-HSA-9796292
Reactome:R-HSA-9818025	R-HSA-9818025	NFE2L2 regulating TCA cycle genes	Reactome	9606	Homo sapiens	Pathway	https://reactome.org/PathwayBrowser/#/R-HSA-9818025
Reactome:R-HSA-9818026	R-HSA-9818026	NFE2L2 regulating inflammation associated genes	Reactome	9606	Homo sapiens	Pathway	https://reactome.org/PathwayBrowser/#/R-HSA-9818026
Reactome:R-HSA-9818027	R-HSA-9818027	NFE2L2 regulating anti-oxidant/detoxification enzymes	Reactome	9606	Homo sapiens	Pathway	https://reactome.org/PathwayBrowser/#/R-HSA-9818027
Reactome:R-HSA-9818028	R-HSA-9818028	NFE2L2 regulates pentose phosphate pathway genes	Reactome	9606	Homo sapiens	Pathway	https://reactome.org/PathwayBrowser/#/R-HSA-9818028
Reactome:R-HSA-9818030	R-HSA-9818030	NFE2L2 regulating tumorigenic genes	Reactome	9606	Homo sapiens	Pathway	https://reactome.org/PathwayBrowser/#/R-HSA-9818030
Reactome:R-HSA-9818032	R-HSA-9818032	NFE2L2 regulating MDR associated enzymes	Reactome	9606	Homo sapiens	Pathway	https://reactome.org/PathwayBrowser/#/R-HSA-9818032
Reactome:R-HSA-9818035	R-HSA-9818035	NFE2L2 regulating ER-stress associated genes	Reactome	9606	Homo sapiens	Pathway	https://reactome.org/PathwayBrowser/#/R-HSA-9818035
Reactome:R-HSA-9818564	R-HSA-9818564	Epigenetic regulation of gene expression by MLL3 and MLL4 complexes	Reactome	9606	Homo sapiens	Pathway	https://reactome.org/PathwayBrowser/#/R-HSA-9818564
Reactome:R-HSA-9818749	R-HSA-9818749	Regulation of NFE2L2 gene expression	Reactome	9606	Homo sapiens	Pathway	https://reactome.org/PathwayBrowser/#/R-HSA-9818749
Reactome:R-HSA-9819196	R-HSA-9819196	Zygotic genome activation (ZGA)	Reactome	9606	Homo sapiens	Pathway	https://reactome.org/PathwayBrowser/#/R-HSA-9819196
Reactome:R-HSA-9820841	R-HSA-9820841	M-decay: degradation of maternal mRNAs by maternally stored factors	Reactome	9606	Homo sapiens	Pathway	https://reactome.org/PathwayBrowser/#/R-HSA-9820841
Reactome:R-HSA-9820960	R-HSA-9820960	Respiratory syncytial virus (RSV) attachment and entry	Reactome	9606	Homo sapiens	Pathway	https://reactome.org/PathwayBrowser/#/R-HSA-9820960
Reactome:R-HSA-9821002	R-HSA-9821002	Chromatin modifications during the maternal to zygotic transition (MZT)	Reactome	9606	Homo sapiens	Pathway	https://reactome.org/PathwayBrowser/#/R-HSA-9821002
Reactome:R-HSA-9823730	R-HSA-9823730	Formation of definitive endoderm	Reactome	9606	Homo sapiens	Pathway	https://reactome.org/PathwayBrowser/#/R-HSA-9823730
Reactome:R-HSA-9823739	R-HSA-9823739	Formation of the anterior neural plate	Reactome	9606	Homo sapiens	Pathway	https://reactome.org/PathwayBrowser/#/R-HSA-9823739
Reactome:R-HSA-9824272	R-HSA-9824272	Somitogenesis	Reactome	9606	Homo sapiens	Pathway	https://reactome.org/PathwayBrowser/#/R-HSA-9824272
Reactome:R-HSA-9824585	R-HSA-9824585	Regulation of MITF-M-dependent genes involved in pigmentation	Reactome	9606	Homo sapiens	Pathway	https://reactome.org/PathwayBrowser/#/R-HSA-9824585
Reactome:R-HSA-9824594	R-HSA-9824594	Regulation of MITF-M-dependent genes involved in apoptosis	Reactome	9606	Homo sapiens	Pathway	https://reactome.org/PathwayBrowser/#/R-HSA-9824594
Reactome:R-HSA-9824856	R-HSA-9824856	Defective regulation of TLR7 by endogenous ligand	Reactome	9606	Homo sapiens	Pathway	https://reactome.org/PathwayBrowser/#/R-HSA-9824856
Reactome:R-HSA-9824878	R-HSA-9824878	Regulation of TBK1, IKKε (IKBKE)-mediated activation of IRF3, IRF7 	Reactome	9606	Homo sapiens	Pathway	https://reactome.org/PathwayBrowser/#/R-HSA-9824878
Reactome:R-HSA-9825892	R-HSA-9825892	Regulation of MITF-M-dependent genes involved in cell cycle and proliferation	Reactome	9606	Homo sapiens	Pathway	https://reactome.org/PathwayBrowser/#/R-HSA-9825892
Reactome:R-HSA-9825895	R-HSA-9825895	Regulation of MITF-M-dependent genes involved in DNA replication, damage repair and senescence	Reactome	9606	Homo sapiens	Pathway	https://reactome.org/PathwayBrowser/#/R-HSA-9825895
Reactome:R-HSA-982772	R-HSA-982772	Growth hormone receptor signaling	Reactome	9606	Homo sapiens	Pathway	https://reactome.org/PathwayBrowser/#/R-HSA-982772
Reactome:R-HSA-9827857	R-HSA-9827857	Specification of primordial germ cells	Reactome	9606	Homo sapiens	Pathway	https://reactome.org/PathwayBrowser/#/R-HSA-9827857
Reactome:R-HSA-9828211	R-HSA-9828211	Regulation of TBK1, IKKε-mediated activation of IRF3, IRF7 upon TLR3 ligation	Reactome	9606	Homo sapiens	Pathway	https://reactome.org/PathwayBrowser/#/R-HSA-9828211
Reactome:R-HSA-9828806	R-HSA-9828806	Maturation of hRSV A proteins	Reactome	9606	Homo sapiens	Pathway	https://reactome.org/PathwayBrowser/#/R-HSA-9828806
Reactome:R-HSA-9830364	R-HSA-9830364	Formation of the nephric duct	Reactome	9606	Homo sapiens	Pathway	https://reactome.org/PathwayBrowser/#/R-HSA-9830364
Reactome:R-HSA-9830674	R-HSA-9830674	Formation of the ureteric bud	Reactome	9606	Homo sapiens	Pathway	https://reactome.org/PathwayBrowser/#/R-HSA-9830674
Reactome:R-HSA-983168	R-HSA-983168	Antigen processing: Ubiquitination & Proteasome degradation	Reactome	9606	Homo sapiens	Pathway	https://reactome.org/PathwayBrowser/#/R-HSA-983168
Reactome:R-HSA-983170	R-HSA-983170	Antigen Presentation: Folding, assembly and peptide loading of class I MHC	Reactome	9606	Homo sapiens	Pathway	https://reactome.org/PathwayBrowser/#/R-HSA-983170
Reactome:R-HSA-983189	R-HSA-983189	Kinesins	Reactome	9606	Homo sapiens	Pathway	https://reactome.org/PathwayBrowser/#/R-HSA-983189
Reactome:R-HSA-983231	R-HSA-983231	Factors involved in megakaryocyte development and platelet production	Reactome	9606	Homo sapiens	Pathway	https://reactome.org/PathwayBrowser/#/R-HSA-983231
Reactome:R-HSA-9833109	R-HSA-9833109	Evasion by RSV of host interferon responses	Reactome	9606	Homo sapiens	Pathway	https://reactome.org/PathwayBrowser/#/R-HSA-9833109
Reactome:R-HSA-9833110	R-HSA-9833110	RSV-host interactions	Reactome	9606	Homo sapiens	Pathway	https://reactome.org/PathwayBrowser/#/R-HSA-9833110
Reactome:R-HSA-9833482	R-HSA-9833482	PKR-mediated signaling	Reactome	9606	Homo sapiens	Pathway	https://reactome.org/PathwayBrowser/#/R-HSA-9833482
Reactome:R-HSA-9833576	R-HSA-9833576	CDH11 homotypic and heterotypic interactions	Reactome	9606	Homo sapiens	Pathway	https://reactome.org/PathwayBrowser/#/R-HSA-9833576
Reactome:R-HSA-9834899	R-HSA-9834899	Specification of the neural plate border	Reactome	9606	Homo sapiens	Pathway	https://reactome.org/PathwayBrowser/#/R-HSA-9834899
Reactome:R-HSA-9836573	R-HSA-9836573	Mitochondrial RNA degradation	Reactome	9606	Homo sapiens	Pathway	https://reactome.org/PathwayBrowser/#/R-HSA-9836573
Reactome:R-HSA-9837999	R-HSA-9837999	Mitochondrial protein degradation	Reactome	9606	Homo sapiens	Pathway	https://reactome.org/PathwayBrowser/#/R-HSA-9837999
Reactome:R-HSA-9839383	R-HSA-9839383	TGFBR3 PTM regulation	Reactome	9606	Homo sapiens	Pathway	https://reactome.org/PathwayBrowser/#/R-HSA-9839383
Reactome:R-HSA-9839389	R-HSA-9839389	TGFBR3 regulates TGF-beta signaling	Reactome	9606	Homo sapiens	Pathway	https://reactome.org/PathwayBrowser/#/R-HSA-9839389
Reactome:R-HSA-9839394	R-HSA-9839394	TGFBR3 expression	Reactome	9606	Homo sapiens	Pathway	https://reactome.org/PathwayBrowser/#/R-HSA-9839394
Reactome:R-HSA-9839397	R-HSA-9839397	TGFBR3 regulates FGF2 signaling	Reactome	9606	Homo sapiens	Pathway	https://reactome.org/PathwayBrowser/#/R-HSA-9839397
Reactome:R-HSA-9840373	R-HSA-9840373	Cellular response to mitochondrial stress	Reactome	9606	Homo sapiens	Pathway	https://reactome.org/PathwayBrowser/#/R-HSA-9840373
Reactome:R-HSA-9841251	R-HSA-9841251	Mitochondrial unfolded protein response (UPRmt)	Reactome	9606	Homo sapiens	Pathway	https://reactome.org/PathwayBrowser/#/R-HSA-9841251
Reactome:R-HSA-9841922	R-HSA-9841922	MLL4 and MLL3 complexes regulate expression of PPARG target genes in adipogenesis and hepatic steatosis	Reactome	9606	Homo sapiens	Pathway	https://reactome.org/PathwayBrowser/#/R-HSA-9841922
Reactome:R-HSA-9842640	R-HSA-9842640	Signaling by LTK in cancer	Reactome	9606	Homo sapiens	Pathway	https://reactome.org/PathwayBrowser/#/R-HSA-9842640
Reactome:R-HSA-9842663	R-HSA-9842663	Signaling by LTK	Reactome	9606	Homo sapiens	Pathway	https://reactome.org/PathwayBrowser/#/R-HSA-9842663
Reactome:R-HSA-9843940	R-HSA-9843940	Regulation of endogenous retroelements by KRAB-ZFP proteins	Reactome	9606	Homo sapiens	Pathway	https://reactome.org/PathwayBrowser/#/R-HSA-9843940
Reactome:R-HSA-9844594	R-HSA-9844594	Transcriptional regulation of brown and beige adipocyte differentiation by EBF2	Reactome	9606	Homo sapiens	Pathway	https://reactome.org/PathwayBrowser/#/R-HSA-9844594
Reactome:R-HSA-9845323	R-HSA-9845323	Regulation of endogenous retroelements by Piwi-interacting RNAs (piRNAs)	Reactome	9606	Homo sapiens	Pathway	https://reactome.org/PathwayBrowser/#/R-HSA-9845323
Reactome:R-HSA-9845619	R-HSA-9845619	Enhanced cleavage of VWF variant by ADAMTS13	Reactome	9606	Homo sapiens	Pathway	https://reactome.org/PathwayBrowser/#/R-HSA-9845619
Reactome:R-HSA-9845620	R-HSA-9845620	Enhanced binding of GP1BA variant to VWF multimer:collagen 	Reactome	9606	Homo sapiens	Pathway	https://reactome.org/PathwayBrowser/#/R-HSA-9845620
Reactome:R-HSA-9845621	R-HSA-9845621	Defective VWF cleavage by ADAMTS13 variant	Reactome	9606	Homo sapiens	Pathway	https://reactome.org/PathwayBrowser/#/R-HSA-9845621
Reactome:R-HSA-9845622	R-HSA-9845622	Defective VWF binding to collagen type I 	Reactome	9606	Homo sapiens	Pathway	https://reactome.org/PathwayBrowser/#/R-HSA-9845622
Reactome:R-HSA-9846298	R-HSA-9846298	Defective binding of VWF variant to GPIb:IX:V	Reactome	9606	Homo sapiens	Pathway	https://reactome.org/PathwayBrowser/#/R-HSA-9846298
Reactome:R-HSA-9854311	R-HSA-9854311	Maturation of TCA enzymes and regulation of TCA cycle	Reactome	9606	Homo sapiens	Pathway	https://reactome.org/PathwayBrowser/#/R-HSA-9854311
Reactome:R-HSA-9854907	R-HSA-9854907	Regulation of MITF-M dependent genes involved in metabolism	Reactome	9606	Homo sapiens	Pathway	https://reactome.org/PathwayBrowser/#/R-HSA-9854907
Reactome:R-HSA-9855719	R-HSA-9855719	Regulation of FXIIa and plasma kallikrein activity	Reactome	9606	Homo sapiens	Pathway	https://reactome.org/PathwayBrowser/#/R-HSA-9855719
Reactome:R-HSA-9856530	R-HSA-9856530	High laminar flow shear stress activates signaling by PIEZO1 and PECAM1:CDH5:KDR in endothelial cells	Reactome	9606	Homo sapiens	Pathway	https://reactome.org/PathwayBrowser/#/R-HSA-9856530
Reactome:R-HSA-9856532	R-HSA-9856532	Mechanical load activates signaling by PIEZO1 and integrins in osteocytes	Reactome	9606	Homo sapiens	Pathway	https://reactome.org/PathwayBrowser/#/R-HSA-9856532
Reactome:R-HSA-9856649	R-HSA-9856649	Transcriptional and post-translational regulation of MITF-M expression and activity	Reactome	9606	Homo sapiens	Pathway	https://reactome.org/PathwayBrowser/#/R-HSA-9856649
Reactome:R-HSA-9860276	R-HSA-9860276	SLC15A4:TASL-dependent IRF5 activation	Reactome	9606	Homo sapiens	Pathway	https://reactome.org/PathwayBrowser/#/R-HSA-9860276
Reactome:R-HSA-9860927	R-HSA-9860927	Turbulent (oscillatory, disturbed) flow shear stress activates signaling by PIEZO1 and integrins in endothelial cells	Reactome	9606	Homo sapiens	Pathway	https://reactome.org/PathwayBrowser/#/R-HSA-9860927
Reactome:R-HSA-9861718	R-HSA-9861718	Regulation of pyruvate metabolism	Reactome	9606	Homo sapiens	Pathway	https://reactome.org/PathwayBrowser/#/R-HSA-9861718
Reactome:R-HSA-9865881	R-HSA-9865881	Complex III assembly	Reactome	9606	Homo sapiens	Pathway	https://reactome.org/PathwayBrowser/#/R-HSA-9865881
Reactome:R-HSA-9909505	R-HSA-9909505	Modulation of host responses by IFN-stimulated genes	Reactome	9606	Homo sapiens	Pathway	https://reactome.org/PathwayBrowser/#/R-HSA-9909505
Reactome:R-HSA-9909620	R-HSA-9909620	Regulation of PD-L1(CD274) translation	Reactome	9606	Homo sapiens	Pathway	https://reactome.org/PathwayBrowser/#/R-HSA-9909620
Reactome:R-HSA-9909649	R-HSA-9909649	Regulation of PD-L1(CD274) transcription	Reactome	9606	Homo sapiens	Pathway	https://reactome.org/PathwayBrowser/#/R-HSA-9909649
Reactome:R-HSA-9913351	R-HSA-9913351	Formation of the dystrophin-glycoprotein complex (DGC)	Reactome	9606	Homo sapiens	Pathway	https://reactome.org/PathwayBrowser/#/R-HSA-9913351
Reactome:R-HSA-9913635	R-HSA-9913635	Strand-asynchronous mitochondrial DNA replication	Reactome	9606	Homo sapiens	Pathway	https://reactome.org/PathwayBrowser/#/R-HSA-9913635
Reactome:R-HSA-9918432	R-HSA-9918432	Maturation of DENV proteins	Reactome	9606	Homo sapiens	Pathway	https://reactome.org/PathwayBrowser/#/R-HSA-9918432
Reactome:R-HSA-9918442	R-HSA-9918442	Defective visual phototransduction due to LRAT loss of function	Reactome	9606	Homo sapiens	Pathway	https://reactome.org/PathwayBrowser/#/R-HSA-9918442
Reactome:R-HSA-9918481	R-HSA-9918481	Dengue Virus-Host Interactions	Reactome	9606	Homo sapiens	Pathway	https://reactome.org/PathwayBrowser/#/R-HSA-9918481
Reactome:R-HSA-9918485	R-HSA-9918485	Dengue Virus Attachment and Entry	Reactome	9606	Homo sapiens	Pathway	https://reactome.org/PathwayBrowser/#/R-HSA-9918485
Reactome:R-HSA-9918487	R-HSA-9918487	Dengue Virus Genome Translation and Replication	Reactome	9606	Homo sapiens	Pathway	https://reactome.org/PathwayBrowser/#/R-HSA-9918487
Reactome:R-HSA-9920588	R-HSA-9920588	Dengue virus activates/modulates innate and adaptive immune responses	Reactome	9606	Homo sapiens	Pathway	https://reactome.org/PathwayBrowser/#/R-HSA-9920588
Reactome:R-HSA-9920951	R-HSA-9920951	Dengue virus modulates apoptosis	Reactome	9606	Homo sapiens	Pathway	https://reactome.org/PathwayBrowser/#/R-HSA-9920951
Reactome:R-HSA-9925561	R-HSA-9925561	Developmental Lineage of Pancreatic Acinar Cells	Reactome	9606	Homo sapiens	Pathway	https://reactome.org/PathwayBrowser/#/R-HSA-9925561
Reactome:R-HSA-9925563	R-HSA-9925563	Developmental Lineage of Pancreatic Ductal Cells	Reactome	9606	Homo sapiens	Pathway	https://reactome.org/PathwayBrowser/#/R-HSA-9925563
Reactome:R-HSA-9926550	R-HSA-9926550	Regulation of MITF-M-dependent genes involved in extracellular matrix, focal adhesion and epithelial-to-mesenchymal transition	Reactome	9606	Homo sapiens	Pathway	https://reactome.org/PathwayBrowser/#/R-HSA-9926550
Reactome:R-HSA-9927354	R-HSA-9927354	Co-stimulation by ICOS	Reactome	9606	Homo sapiens	Pathway	https://reactome.org/PathwayBrowser/#/R-HSA-9927354
Reactome:R-HSA-9927418	R-HSA-9927418	Developmental Lineage of Mammary Gland Luminal Epithelial Cells	Reactome	9606	Homo sapiens	Pathway	https://reactome.org/PathwayBrowser/#/R-HSA-9927418
Reactome:R-HSA-9927426	R-HSA-9927426	Developmental Lineage of Mammary Gland Alveolar Cells	Reactome	9606	Homo sapiens	Pathway	https://reactome.org/PathwayBrowser/#/R-HSA-9927426
Reactome:R-HSA-9927432	R-HSA-9927432	Developmental Lineage of Mammary Gland Myoepithelial Cells	Reactome	9606	Homo sapiens	Pathway	https://reactome.org/PathwayBrowser/#/R-HSA-9927432
Reactome:R-HSA-9929356	R-HSA-9929356	GSK3B-mediated proteasomal degradation of PD-L1(CD274)	Reactome	9606	Homo sapiens	Pathway	https://reactome.org/PathwayBrowser/#/R-HSA-9929356
Reactome:R-HSA-9929491	R-HSA-9929491	SPOP-mediated proteasomal degradation of PD-L1(CD274)	Reactome	9606	Homo sapiens	Pathway	https://reactome.org/PathwayBrowser/#/R-HSA-9929491
Reactome:R-HSA-9930449	R-HSA-9930449	Defective cleavage of FV variant at a.a.534 	Reactome	9606	Homo sapiens	Pathway	https://reactome.org/PathwayBrowser/#/R-HSA-9930449
Reactome:R-HSA-9930479	R-HSA-9930479	Defective cleavage of FV variant at R334	Reactome	9606	Homo sapiens	Pathway	https://reactome.org/PathwayBrowser/#/R-HSA-9930479
Reactome:R-HSA-9931269	R-HSA-9931269	AMPK-induced ERAD and lysosome mediated degradation of PD-L1(CD274)	Reactome	9606	Homo sapiens	Pathway	https://reactome.org/PathwayBrowser/#/R-HSA-9931269
Reactome:R-HSA-9931295	R-HSA-9931295	PD-L1(CD274) glycosylation and translocation to plasma membrane	Reactome	9606	Homo sapiens	Pathway	https://reactome.org/PathwayBrowser/#/R-HSA-9931295
Reactome:R-HSA-9931509	R-HSA-9931509	Expression of BMAL (ARNTL), CLOCK, and NPAS2	Reactome	9606	Homo sapiens	Pathway	https://reactome.org/PathwayBrowser/#/R-HSA-9931509
Reactome:R-HSA-9931510	R-HSA-9931510	Phosphorylated BMAL1:CLOCK (ARNTL:CLOCK) activates expression of core clock genes	Reactome	9606	Homo sapiens	Pathway	https://reactome.org/PathwayBrowser/#/R-HSA-9931510
Reactome:R-HSA-9931512	R-HSA-9931512	Phosphorylation of CLOCK, acetylation of BMAL1 (ARNTL) at target gene promoters	Reactome	9606	Homo sapiens	Pathway	https://reactome.org/PathwayBrowser/#/R-HSA-9931512
Reactome:R-HSA-9931521	R-HSA-9931521	The CRY:PER:kinase complex represses transactivation by the BMAL:CLOCK (ARNTL:CLOCK) complex	Reactome	9606	Homo sapiens	Pathway	https://reactome.org/PathwayBrowser/#/R-HSA-9931521
Reactome:R-HSA-9933387	R-HSA-9933387	RORA,B,C and NR1D1 (REV-ERBA) regulate gene expression	Reactome	9606	Homo sapiens	Pathway	https://reactome.org/PathwayBrowser/#/R-HSA-9933387
Reactome:R-HSA-9933937	R-HSA-9933937	Formation of the canonical BAF (cBAF) complex	Reactome	9606	Homo sapiens	Pathway	https://reactome.org/PathwayBrowser/#/R-HSA-9933937
Reactome:R-HSA-9933939	R-HSA-9933939	Formation of the polybromo-BAF (pBAF) complex	Reactome	9606	Homo sapiens	Pathway	https://reactome.org/PathwayBrowser/#/R-HSA-9933939
Reactome:R-HSA-9933946	R-HSA-9933946	Formation of the embryonic stem cell BAF (esBAF) complex	Reactome	9606	Homo sapiens	Pathway	https://reactome.org/PathwayBrowser/#/R-HSA-9933946
Reactome:R-HSA-9933947	R-HSA-9933947	Formation of the non-canonical BAF (ncBAF) complex	Reactome	9606	Homo sapiens	Pathway	https://reactome.org/PathwayBrowser/#/R-HSA-9933947
Reactome:R-HSA-9934037	R-HSA-9934037	Formation of neuronal progenitor and neuronal BAF (npBAF and nBAF)	Reactome	9606	Homo sapiens	Pathway	https://reactome.org/PathwayBrowser/#/R-HSA-9934037
Reactome:R-HSA-9937080	R-HSA-9937080	Developmental Lineage of Multipotent Pancreatic Progenitor Cells	Reactome	9606	Homo sapiens	Pathway	https://reactome.org/PathwayBrowser/#/R-HSA-9937080
Reactome:R-HSA-9937850	R-HSA-9937850	NuRD complex assembly	Reactome	9606	Homo sapiens	Pathway	https://reactome.org/PathwayBrowser/#/R-HSA-9937850
Reactome:R-HSA-9938206	R-HSA-9938206	Developmental Lineage of Mammary Stem Cells	Reactome	9606	Homo sapiens	Pathway	https://reactome.org/PathwayBrowser/#/R-HSA-9938206
Reactome:R-HSA-9940951	R-HSA-9940951	Interaction of NuRD complexes with transcription factors	Reactome	9606	Homo sapiens	Pathway	https://reactome.org/PathwayBrowser/#/R-HSA-9940951
Reactome:R-HSA-9942503	R-HSA-9942503	Differentiation of naive CD4+ T cells to T helper 1 cells (Th1 cells)	Reactome	9606	Homo sapiens	Pathway	https://reactome.org/PathwayBrowser/#/R-HSA-9942503
Reactome:R-HSA-9943411	R-HSA-9943411	CHD1 and CHD2 subfamily	Reactome	9606	Homo sapiens	Pathway	https://reactome.org/PathwayBrowser/#/R-HSA-9943411
Reactome:R-HSA-9943962	R-HSA-9943962	CHD6, CHD7, CHD8, CHD9 subfamily	Reactome	9606	Homo sapiens	Pathway	https://reactome.org/PathwayBrowser/#/R-HSA-9943962
Reactome:R-HSA-9953170	R-HSA-9953170	GBP-mediated host defense	Reactome	9606	Homo sapiens	Pathway	https://reactome.org/PathwayBrowser/#/R-HSA-9953170
Reactome:R-HSA-9954714	R-HSA-9954714	PELO:HBS1L and ABCE1 dissociate a ribosome on a non-stop mRNA	Reactome	9606	Homo sapiens	Pathway	https://reactome.org/PathwayBrowser/#/R-HSA-9954714
Reactome:R-HSA-9954716	R-HSA-9954716	ZNF598 and the Ribosome-associated Quality Trigger (RQT) complex dissociate a ribosome stalled on a no-go mRNA	Reactome	9606	Homo sapiens	Pathway	https://reactome.org/PathwayBrowser/#/R-HSA-9954716
Reactome:R-HSA-9956514	R-HSA-9956514	ARG1 variants cause hyperargininemia	Reactome	9606	Homo sapiens	Pathway	https://reactome.org/PathwayBrowser/#/R-HSA-9956514
Reactome:R-HSA-9956520	R-HSA-9956520	ASS1 variants cause citrullinemia	Reactome	9606	Homo sapiens	Pathway	https://reactome.org/PathwayBrowser/#/R-HSA-9956520
Reactome:R-HSA-9958790	R-HSA-9958790	SLC-mediated transport of inorganic anions	Reactome	9606	Homo sapiens	Pathway	https://reactome.org/PathwayBrowser/#/R-HSA-9958790
Reactome:R-HSA-9958810	R-HSA-9958810	SRC activates STAT3 in a quantitative manner, through Cadherin-11 (CDH11), RAC1 and gp130 (IL6ST)	Reactome	9606	Homo sapiens	Pathway	https://reactome.org/PathwayBrowser/#/R-HSA-9958810
Reactome:R-HSA-9958825	R-HSA-9958825	Activation of STAT3 by cadherin engagement	Reactome	9606	Homo sapiens	Pathway	https://reactome.org/PathwayBrowser/#/R-HSA-9958825
Reactome:R-HSA-9960519	R-HSA-9960519	CASP4-mediated substrate cleavage	Reactome	9606	Homo sapiens	Pathway	https://reactome.org/PathwayBrowser/#/R-HSA-9960519
Reactome:R-HSA-9960525	R-HSA-9960525	CASP5-mediated substrate cleavage	Reactome	9606	Homo sapiens	Pathway	https://reactome.org/PathwayBrowser/#/R-HSA-9960525
Reactome:R-HSA-9968551	R-HSA-9968551	Regulation of GBP-mediated host defense	Reactome	9606	Homo sapiens	Pathway	https://reactome.org/PathwayBrowser/#/R-HSA-9968551
Reactome:R-HSA-9969896	R-HSA-9969896	Lanosterol biosynthesis	Reactome	9606	Homo sapiens	Pathway	https://reactome.org/PathwayBrowser/#/R-HSA-9969896
Reactome:R-HSA-9969901	R-HSA-9969901	Cholesterol biosynthesis from zymosterol (modified Kandutsch-Russell pathway)	Reactome	9606	Homo sapiens	Pathway	https://reactome.org/PathwayBrowser/#/R-HSA-9969901
Reactome:R-HSA-9976102	R-HSA-9976102	Differentiation of naive CD4+ T cells to T helper 2 cells (Th2 cells)	Reactome	9606	Homo sapiens	Pathway	https://reactome.org/PathwayBrowser/#/R-HSA-9976102
