gene_id	gene_symbol	protein_ids_from_disgenet	string_protein_id	preferred_name	ncbi_taxon_id	annotation	mapping_status	mapping_input
2	A2M	P01023	9606.ENSP00000323929	A2M	9606	Alpha-2-macroglobulin; Is able to inhibit all four classes of proteinases by a unique 'trapping' mechanism. This protein has a peptide stretch, called the 'bait region' which contains specific cleavage sites for different proteinases. When a proteinase cleaves the bait region, a conformational change is induced in the protein which traps the proteinase. The entrapped enzyme remains active against low molecular weight substrates (activity against high molecular weight substrates is greatly reduced). Following cleavage in the bait region, a thioester bond is hydrolyzed and mediates the c [...] 	mapped	protein_ids_from_disgenet
51166	AADAT	Q8N5Z0	9606.ENSP00000423190	AADAT	9606	Kynurenine/alpha-aminoadipate aminotransferase, mitochondrial; Transaminase with broad substrate specificity. Has transaminase activity towards aminoadipate, kynurenine, methionine and glutamate. Shows activity also towards tryptophan, aspartate and hydroxykynurenine. Accepts a variety of oxo-acids as amino-group acceptors, with a preference for 2-oxoglutarate, 2-oxocaproic acid, phenylpyruvate and alpha-oxo-gamma-methiol butyric acid. Can also use glyoxylate as amino-group acceptor (in vitro). Belongs to the class-I pyridoxal-phosphate-dependent aminotransferase family.	mapped	protein_ids_from_disgenet
5243	ABCB1	P08183	9606.ENSP00000478255	ABCB1	9606	ATP-dependent translocase ABCB1; Translocates drugs and phospholipids across the membrane. Catalyzes the flop of phospholipids from the cytoplasmic to the exoplasmic leaflet of the apical membrane. Participates mainly to the flop of phosphatidylcholine, phosphatidylethanolamine, beta-D-glucosylceramides and sphingomyelins. Energy-dependent efflux pump responsible for decreased drug accumulation in multidrug-resistant cells.	mapped	protein_ids_from_disgenet
8647	ABCB11	O95342	9606.ENSP00000497931	ABCB11	9606	Bile salt export pump; Catalyzes the secretion of conjugated bile salts across the canalicular membrane of hepatocytes in an ATP-dependent manner. Transports taurine-conjugated bile salts more rapidly than glycine-conjugated bile salts. Belongs to the ABC transporter superfamily. ABCB family. Multidrug resistance exporter (TC 3.A.1.201) subfamily.	mapped	protein_ids_from_disgenet
5244	ABCB4	P21439	9606.ENSP00000265723	ABCB4	9606	Phosphatidylcholine translocator ABCB4; Energy-dependent phospholipid efflux translocator that acts as a positive regulator of biliary lipid secretion. Functions as a floppase that translocates specifically phosphatidylcholine (PC) from the inner to the outer leaflet of the canalicular membrane bilayer into the canaliculi of hepatocytes. Translocation of PC makes the biliary phospholipids available for extraction into the canaliculi lumen by bile salt mixed micelles and therefore protects the biliary tree from the detergent activity of bile salts. Plays a role in the recruitment of pho [...] 	mapped	protein_ids_from_disgenet
1244	ABCC2	Q92887	9606.ENSP00000497274	ABCC2	9606	Canalicular multispecific organic anion transporter 1; Mediates hepatobiliary excretion of numerous organic anions and conjugated organic anions such as methotrexate, 17beta-estradiol 17-glucosiduronic acid and leukotriene C4. Also transports sulfated bile salt such as taurolithocholate sulfate. May function as a cellular cisplatin transporter. Belongs to the ABC transporter superfamily. ABCC family. Conjugate transporter (TC 3.A.1.208) subfamily.	mapped	protein_ids_from_disgenet
31	ACACA	Q13085	9606.ENSP00000483300	ACACA	9606	Acetyl-CoA carboxylase 1; Cytosolic enzyme that catalyzes the carboxylation of acetyl- CoA to malonyl-CoA, the first and rate-limiting step of de novo fatty acid biosynthesis. This is a 2 steps reaction starting with the ATP-dependent carboxylation of the biotin carried by the biotin carboxyl carrier (BCC) domain followed by the transfer of the carboxyl group from carboxylated biotin to acetyl-CoA.	mapped	protein_ids_from_disgenet
1636	ACE	P12821	9606.ENSP00000290866	ACE	9606	Angiotensin-converting enzyme, soluble form; Converts angiotensin I to angiotensin II by release of the terminal His-Leu, this results in an increase of the vasoconstrictor activity of angiotensin. Also able to inactivate bradykinin, a potent vasodilator. Has also a glycosidase activity which releases GPI- anchored proteins from the membrane by cleaving the mannose linkage in the GPI moiety; Belongs to the peptidase M2 family.	mapped	protein_ids_from_disgenet
11318	ACKR5	O15218	9606.ENSP00000300098	GPR182	9606	G-protein coupled receptor 182; Orphan receptor.	mapped	protein_ids_from_disgenet
47	ACLY	P53396	9606.ENSP00000466259	ACLY	9606	ATP-citrate synthase; Catalyzes the cleavage of citrate into oxaloacetate and acetyl-CoA, the latter serving as common substrate for de novo cholesterol and fatty acid synthesis. In the N-terminal section; belongs to the succinate/malate CoA ligase beta subunit family.	mapped	protein_ids_from_disgenet
50	ACO2	Q99798	9606.ENSP00000216254	ACO2	9606	Aconitate hydratase, mitochondrial; Catalyzes the isomerization of citrate to isocitrate via cis- aconitate; Belongs to the aconitase/IPM isomerase family.	mapped	protein_ids_from_disgenet
51	ACOX1	Q15067	9606.ENSP00000293217	ACOX1	9606	Peroxisomal acyl-CoA oxidase 1, A chain; Catalyzes the desaturation of acyl-CoAs to 2-trans-enoyl-CoAs. Isoform 1 shows highest activity against medium-chain fatty acyl-CoAs and activity decreases with increasing chain length. Isoform 2 is active against a much broader range of substrates and shows activity towards very long-chain acyl-CoAs. Isoform 2 is twice as active as isoform 1 against 16-hydroxy-palmitoyl-CoA and is 25% more active against 1,16-hexadecanodioyl-CoA.	mapped	protein_ids_from_disgenet
2182	ACSL4	O60488	9606.ENSP00000339787	ACSL4	9606	Long-chain-fatty-acid--CoA ligase 4; Catalyzes the conversion of long-chain fatty acids to their active form acyl-CoA for both synthesis of cellular lipids, and degradation via beta-oxidation. Preferentially activates arachidonate and eicosapentaenoate as substrates. Preferentially activates 8,9-EET > 14,15-EET > 5,6-EET > 11,12-EET. Modulates glucose- stimulated insulin secretion by regulating the levels of unesterified EETs (By similarity). Modulates prostaglandin E2 secretion. Belongs to the ATP-dependent AMP-binding enzyme family.	mapped	protein_ids_from_disgenet
59	ACTA2	P62736	9606.ENSP00000224784	ACTA2	9606	Actin, aortic smooth muscle, intermediate form; Actins are highly conserved proteins that are involved in various types of cell motility and are ubiquitously expressed in all eukaryotic cells.	mapped	protein_ids_from_disgenet
60	ACTB	P60709	9606.ENSP00000494750	ACTB	9606	Actin, cytoplasmic 1, N-terminally processed; Actin is a highly conserved protein that polymerizes to produce filaments that form cross-linked networks in the cytoplasm of cells. Actin exists in both monomeric (G-actin) and polymeric (F-actin) forms, both forms playing key functions, such as cell motility and contraction. In addition to their role in the cytoplasmic cytoskeleton, G- and F-actin also localize in the nucleus, and regulate gene transcription and motility and repair of damaged DNA.	mapped	protein_ids_from_disgenet
9510	ADAMTS1	Q9UHI8	9606.ENSP00000284984	ADAMTS1	9606	A disintegrin and metalloproteinase with thrombospondin motifs 1; Cleaves aggrecan, a cartilage proteoglycan, at the '1938- Glu-|-Leu-1939' site (within the chondroitin sulfate attachment domain), and may be involved in its turnover (By similarity). Has angiogenic inhibitor activity. Active metalloprotease, which may be associated with various inflammatory processes as well as development of cancer cachexia. May play a critical role in follicular rupture.	mapped	protein_ids_from_disgenet
11093	ADAMTS13	Q76LX8	9606.ENSP00000360997	ADAMTS13	9606	A disintegrin and metalloproteinase with thrombospondin motifs 13; Cleaves the vWF multimers in plasma into smaller forms thereby controlling vWF-mediated platelet thrombus formation.	mapped	protein_ids_from_disgenet
103	ADAR	P55265	9606.ENSP00000357459	ADAR	9606	Double-stranded RNA-specific adenosine deaminase; Catalyzes the hydrolytic deamination of adenosine to inosine in double-stranded RNA (dsRNA) referred to as A-to-I RNA editing. This may affect gene expression and function in a number of ways that include mRNA translation by changing codons and hence the amino acid sequence of proteins; pre-mRNA splicing by altering splice site recognition sequences; RNA stability by changing sequences involved in nuclease recognition; genetic stability in the case of RNA virus genomes by changing sequences during viral RNA replication; and RNA structur [...] 	mapped	protein_ids_from_disgenet
118	ADD1	P35611	9606.ENSP00000264758	ADD1	9606	Alpha-adducin; Membrane-cytoskeleton-associated protein that promotes the assembly of the spectrin-actin network. Binds to calmodulin.	mapped	protein_ids_from_disgenet
84873	ADGRG7	Q96K78	9606.ENSP00000273352	ADGRG7	9606	Adhesion G-protein coupled receptor G7; Orphan receptor.	mapped	protein_ids_from_disgenet
127	ADH4	P08319	9606.ENSP00000424630	ADH4	9606	All-trans-retinol dehydrogenase [NAD(+)] ADH4; Catalyzes the NAD-dependent oxidation of either all-trans- retinol or 9-cis-retinol. Also oxidizes long chain omega-hydroxy fatty acids, such as 20-HETE, producing both the intermediate aldehyde, 20-oxoarachidonate and the end product, a dicarboxylic acid, (5Z,8Z,11Z,14Z)-eicosatetraenedioate. Also catalyzes the reduction of benzoquinones.	mapped	protein_ids_from_disgenet
9370	ADIPOQ	Q15848	9606.ENSP00000389814	ADIPOQ	9606	Adiponectin; Important adipokine involved in the control of fat metabolism and insulin sensitivity, with direct anti-diabetic, anti-atherogenic and anti-inflammatory activities. Stimulates AMPK phosphorylation and activation in the liver and the skeletal muscle, enhancing glucose utilization and fatty-acid combustion. Antagonizes TNF-alpha by negatively regulating its expression in various tissues such as liver and macrophages, and also by counteracting its effects. Inhibits endothelial NF-kappa-B signaling through a cAMP-dependent pathway. May play a role in cell growth, angiogenesis  [...] 	mapped	protein_ids_from_disgenet
79602	ADIPOR2	Q86V24	9606.ENSP00000349616	ADIPOR2	9606	Adiponectin receptor protein 2; Receptor for ADIPOQ, an essential hormone secreted by adipocytes that regulates glucose and lipid metabolism. Required for normal body fat and glucose homeostasis. ADIPOQ-binding activates a signaling cascade that leads to increased PPARA activity, and ultimately to increased fatty acid oxidation and glucose uptake. Has intermediate affinity for globular and full-length adiponectin. Required for normal revascularization after chronic ischemia caused by severing of blood vessels (By similarity); Belongs to the ADIPOR family.	mapped	protein_ids_from_disgenet
148	ADRA1A	P35348	9606.ENSP00000369960	ADRA1A	9606	Alpha-1A adrenergic receptor; This alpha-adrenergic receptor mediates its action by association with G proteins that activate a phosphatidylinositol- calcium second messenger system. Its effect is mediated by G(q) and G(11) proteins. Nuclear ADRA1A-ADRA1B heterooligomers regulate phenylephrine(PE)-stimulated ERK signaling in cardiac myocytes. Belongs to the G-protein coupled receptor 1 family. Adrenergic receptor subfamily. ADRA1A sub-subfamily.	mapped	protein_ids_from_disgenet
151	ADRA2B	P18089	9606.ENSP00000480573	ADRA2B	9606	Alpha-2B adrenergic receptor; Alpha-2 adrenergic receptors mediate the catecholamine- induced inhibition of adenylate cyclase through the action of G proteins. The rank order of potency for agonists of this receptor is clonidine > norepinephrine > epinephrine = oxymetazoline > dopamine > p-tyramine = phenylephrine > serotonin > p-synephrine / p-octopamine. For antagonists, the rank order is yohimbine > chlorpromazine > phentolamine > mianserine > spiperone > prazosin > alprenolol > propanolol > pindolol; Belongs to the G-protein coupled receptor 1 family. Adrenergic receptor subfamily. [...] 	mapped	protein_ids_from_disgenet
155	ADRB3	P13945	9606.ENSP00000343782	ADRB3	9606	Beta-3 adrenergic receptor; Beta-adrenergic receptors mediate the catecholamine-induced activation of adenylate cyclase through the action of G proteins. Beta- 3 is involved in the regulation of lipolysis and thermogenesis.	mapped	protein_ids_from_disgenet
174	AFP	P02771	9606.ENSP00000379138	AFP	9606	Alpha-fetoprotein; Binds copper, nickel, and fatty acids as well as, and bilirubin less well than, serum albumin. Only a small percentage (less than 2%) of the human AFP shows estrogen-binding properties; Belongs to the ALB/AFP/VDB family.	mapped	protein_ids_from_disgenet
183	AGT	P01019	9606.ENSP00000355627	AGT	9606	Angiotensin 1-4; Essential component of the renin-angiotensin system (RAS), a potent regulator of blood pressure, body fluid and electrolyte homeostasis. [Angiotensin-3]: stimulates aldosterone release.	mapped	protein_ids_from_disgenet
191	AHCY	P23526	9606.ENSP00000217426	AHCY	9606	Adenosylhomocysteinase; Adenosylhomocysteine is a competitive inhibitor of S- adenosyl-L-methionine-dependent methyl transferase reactions; therefore adenosylhomocysteinase may play a key role in the control of methylations via regulation of the intracellular concentration of adenosylhomocysteine.	mapped	protein_ids_from_disgenet
196	AHR	P35869	9606.ENSP00000242057	AHR	9606	Aryl hydrocarbon receptor; Ligand-activated transcriptional activator. Binds to the XRE promoter region of genes it activates. Activates the expression of multiple phase I and II xenobiotic chemical metabolizing enzyme genes (such as the CYP1A1 gene). Mediates biochemical and toxic effects of halogenated aromatic hydrocarbons. Involved in cell-cycle regulation. Likely to play an important role in the development and maturation of many tissues. Regulates the circadian clock by inhibiting the basal and circadian expression of the core circadian component PER1. Inhibits PER1 by repressing [...] 	mapped	protein_ids_from_disgenet
10327	AKR1A1	P14550	9606.ENSP00000361140	AKR1A1	9606	Aldo-keto reductase family 1 member A1; Catalyzes the NADPH-dependent reduction of a wide variety of carbonyl-containing compounds to their corresponding alcohols. Displays enzymatic activity towards endogenous metabolites such as aromatic and aliphatic aldehydes, ketones, monosaccharides and bile acids, with a preference for negatively charged substrates, such as glucuronate and succinic semialdehyde. Functions as a detoxifiying enzyme by reducing a range of toxic aldehydes. Reduces methylglyoxal and 3-deoxyglucosone, which are present at elevated levels under hyperglycemic conditions [...] 	mapped	protein_ids_from_disgenet
57016	AKR1B10	O60218	9606.ENSP00000352584	AKR1B10	9606	Aldo-keto reductase family 1 member B10; Catalyzes the NADPH-dependent reduction of a wide variety of carbonyl-containing compounds to their corresponding alcohols. Displays strong enzymatic activity toward all-trans- retinal, 9-cis-retinal, and 13-cis-retinal. Plays a critical role in detoxifying dietary and lipid-derived unsaturated carbonyls, such as crotonaldehyde, 4- hydroxynonenal, trans-2-hexenal, trans-2,4-hexadienal and their glutathione-conjugates carbonyls (GS-carbonyls). Displays no reductase activity towards glucose.	mapped	protein_ids_from_disgenet
1646	AKR1C2	P52895	9606.ENSP00000370129	AKR1C2	9606	Aldo-keto reductase family 1 member C2; Works in concert with the 5-alpha/5-beta-steroid reductases to convert steroid hormones into the 3-alpha/5-alpha and 3-alpha/5- beta-tetrahydrosteroids. Catalyzes the inactivation of the most potent androgen 5-alpha-dihydrotestosterone (5-alpha-DHT) to 5-alpha- androstane-3-alpha,17-beta-diol (3-alpha-diol). Has a high bile-binding ability.	mapped	protein_ids_from_disgenet
207	AKT1	P31749	9606.ENSP00000451828	AKT1	9606	RAC-alpha serine/threonine-protein kinase; AKT1 is one of 3 closely related serine/threonine-protein kinases (AKT1, AKT2 and AKT3) called the AKT kinase, and which regulate many processes including metabolism, proliferation, cell survival, growth and angiogenesis. This is mediated through serine and/or threonine phosphorylation of a range of downstream substrates. Over 100 substrate candidates have been reported so far, but for most of them, no isoform specificity has been reported. AKT is responsible of the regulation of glucose uptake by mediating insulin-induced translocation of the [...] 	mapped	protein_ids_from_disgenet
210	ALAD	P13716	9606.ENSP00000386284	ALAD	9606	Delta-aminolevulinic acid dehydratase; Catalyzes an early step in the biosynthesis of tetrapyrroles. Binds two molecules of 5-aminolevulinate per subunit, each at a distinct site, and catalyzes their condensation to form porphobilinogen; Belongs to the ALAD family.	mapped	protein_ids_from_disgenet
213	ALB	P02768	9606.ENSP00000295897	ALB	9606	Serum albumin; Serum albumin, the main protein of plasma, has a good binding capacity for water, Ca(2+), Na(+), K(+), fatty acids, hormones, bilirubin and drugs (Probable). Its main function is the regulation of the colloidal osmotic pressure of blood (Probable). Major zinc transporter in plasma, typically binds about 80% of all plasma zinc. Major calcium and magnesium transporter in plasma, binds approximately 45% of circulating calcium and magnesium in plasma (By similarity). Potentially has more than two calcium-binding sites and might additionally bind calcium in a non-specific man [...] 	mapped	protein_ids_from_disgenet
216	ALDH1A1	P00352	9606.ENSP00000297785	ALDH1A1	9606	Retinal dehydrogenase 1; Can convert/oxidize retinaldehyde to retinoic acid. Binds free retinal and cellular retinol-binding protein-bound retinal (By similarity). May have a broader specificity and oxidize other aldehydes in vivo.	mapped	protein_ids_from_disgenet
219	ALDH1B1	P30837	9606.ENSP00000366927	ALDH1B1	9606	Aldehyde dehydrogenase X, mitochondrial; ALDHs play a major role in the detoxification of alcohol- derived acetaldehyde. They are involved in the metabolism of corticosteroids, biogenic amines, neurotransmitters, and lipid peroxidation.	mapped	protein_ids_from_disgenet
217	ALDH2	P05091	9606.ENSP00000261733	ALDH2	9606	Aldehyde dehydrogenase, mitochondrial; Aldehyde dehydrogenase 2 family member; Belongs to the aldehyde dehydrogenase family.	mapped	protein_ids_from_disgenet
8659	ALDH4A1	P30038	9606.ENSP00000364490	ALDH4A1	9606	Delta-1-pyrroline-5-carboxylate dehydrogenase, mitochondrial; Irreversible conversion of delta-1-pyrroline-5-carboxylate (P5C), derived either from proline or ornithine, to glutamate. This is a necessary step in the pathway interconnecting the urea and tricarboxylic acid cycles. The preferred substrate is glutamic gamma- semialdehyde, other substrates include succinic, glutaric and adipic semialdehydes.	mapped	protein_ids_from_disgenet
60529	ALX4	Q9H161	9606.ENSP00000498217	ALX4	9606	Homeobox protein aristaless-like 4; Transcription factor involved in skull and limb development. Plays an essential role in craniofacial development, skin and hair follicle development; Belongs to the paired homeobox family.	mapped	protein_ids_from_disgenet
83854	ANGPTL6	Q8NI99	9606.ENSP00000253109	ANGPTL6	9606	Angiopoietin-related protein 6; May play a role in the wound healing process. May promote epidermal proliferation, remodeling and regeneration. May promote the chemotactic activity of endothelial cells and induce neovascularization. May counteract high-fat diet-induced obesity and related insulin resistance through increased energy expenditure.	mapped	protein_ids_from_disgenet
203286	ANKS6	Q68DC2	9606.ENSP00000297837	ANKS6	9606	Ankyrin repeat and SAM domain-containing protein 6; Required for renal function.	mapped	protein_ids_from_disgenet
54443	ANLN	Q9NQW6	9606.ENSP00000265748	ANLN	9606	Anillin; Required for cytokinesis. Essential for the structural integrity of the cleavage furrow and for completion of cleavage furrow ingression. Plays a role in bleb assembly during metaphase and anaphase of mitosis. May play a significant role in podocyte cell migration.	mapped	protein_ids_from_disgenet
307	ANXA4	P09525	9606.ENSP00000377833	ANXA4	9606	Annexin A4; Calcium/phospholipid-binding protein which promotes membrane fusion and is involved in exocytosis.	mapped	protein_ids_from_disgenet
324	APC	P25054	9606.ENSP00000257430	APC	9606	Adenomatous polyposis coli protein; Tumor suppressor. Promotes rapid degradation of CTNNB1 and participates in Wnt signaling as a negative regulator. APC activity is correlated with its phosphorylation state. Activates the GEF activity of SPATA13 and ARHGEF4. Plays a role in hepatocyte growth factor (HGF)- induced cell migration. Required for MMP9 up-regulation via the JNK signaling pathway in colorectal tumor cells. Acts as a mediator of ERBB2-dependent stabilization of microtubules at the cell cortex. It is required for the localization of MACF1 to the cell membrane and this localiza [...] 	mapped	protein_ids_from_disgenet
325	APCS	P02743	9606.ENSP00000255040	APCS	9606	Serum amyloid P-component(1-203); Can interact with DNA and histones and may scavenge nuclear material released from damaged circulating cells. May also function as a calcium-dependent lectin; Belongs to the pentraxin family.	mapped	protein_ids_from_disgenet
328	APEX1	P27695	9606.ENSP00000216714	APEX1	9606	DNA-(apurinic or apyrimidinic site) lyase, mitochondrial; Multifunctional protein that plays a central role in the cellular response to oxidative stress. The two major activities of APEX1 are DNA repair and redox regulation of transcriptional factors. Functions as a apurinic/apyrimidinic (AP) endodeoxyribonuclease in the DNA base excision repair (BER) pathway of DNA lesions induced by oxidative and alkylating agents. Initiates repair of AP sites in DNA by catalyzing hydrolytic incision of the phosphodiester backbone immediately adjacent to the damage, generating a single-strand break w [...] 	mapped	protein_ids_from_disgenet
8862	APLN	Q9ULZ1	9606.ENSP00000391800	APLN	9606	Apelin-13; Endogenous ligand for the apelin receptor (APLNR). Drives internalization of the apelin receptor (By similarity). Apelin-36 dissociates more hardly than (pyroglu)apelin-13 from APLNR (By similarity). Hormone involved in the regulation of cardiac precursor cell movements during gastrulation and heart morphogenesis (By similarity). Has an inhibitory effect on cytokine production in response to T-cell receptor/CD3 cross-linking; the oral intake of apelin in the colostrum and the milk might therefore modulate immune responses in neonates (By similarity). Plays a role in early co [...] 	mapped	protein_ids_from_disgenet
335	APOA1	P02647	9606.ENSP00000236850	APOA1	9606	Truncated apolipoprotein A-I; Participates in the reverse transport of cholesterol from tissues to the liver for excretion by promoting cholesterol efflux from tissues and by acting as a cofactor for the lecithin cholesterol acyltransferase (LCAT). As part of the SPAP complex, activates spermatozoa motility.	mapped	protein_ids_from_disgenet
345	APOC3	P02656	9606.ENSP00000227667	APOC3	9606	Apolipoprotein C-III; Component of triglyceride-rich very low density lipoproteins (VLDL) and high density lipoproteins (HDL) in plasma. Plays a multifaceted role in triglyceride homeostasis. Intracellularly, promotes hepatic very low density lipoprotein 1 (VLDL1) assembly and secretion; extracellularly, attenuates hydrolysis and clearance of triglyceride- rich lipoproteins (TRLs). Impairs the lipolysis of TRLs by inhibiting lipoprotein lipase and the hepatic uptake of TRLs by remnant receptors. Formed of several curved helices connected via semiflexible hinges, so that it can wrap tig [...] 	mapped	protein_ids_from_disgenet
319	APOF	Q13790	9606.ENSP00000381250	APOF	9606	Apolipoprotein F; Minor apolipoprotein that associates with LDL. Inhibits cholesteryl ester transfer protein (CETP) activity and appears to be an important regulator of cholesterol transport. Also associates to a lesser degree with VLDL, Apo-AI and Apo-AII.	mapped	protein_ids_from_disgenet
350	APOH	P02749	9606.ENSP00000205948	APOH	9606	Beta-2-glycoprotein 1; Binds to various kinds of negatively charged substances such as heparin, phospholipids, and dextran sulfate. May prevent activation of the intrinsic blood coagulation cascade by binding to phospholipids on the surface of damaged cells.	mapped	protein_ids_from_disgenet
367	AR	P10275	9606.ENSP00000363822	AR	9606	Androgen receptor; Steroid hormone receptors are ligand-activated transcription factors that regulate eukaryotic gene expression and affect cellular proliferation and differentiation in target tissues. Transcription factor activity is modulated by bound coactivator and corepressor proteins like ZBTB7A that recruits NCOR1 and NCOR2 to the androgen response elements/ARE on target genes, negatively regulating androgen receptor signaling and androgen-induced cell proliferation. Transcription activation is also down-regulated by NR0B2. Activated, but not phosphorylated, by HIPK3 and ZIPK/DA [...] 	mapped	protein_ids_from_disgenet
383	ARG1	P05089	9606.ENSP00000349446	ARG1	9606	Arginase-1; Key element of the urea cycle converting L-arginine to urea and L-ornithine, which is further metabolized into metabolites proline and polyamides that drive collagen synthesis and bioenergetic pathways critical for cell proliferation, respectively; the urea cycle takes place primarily in the liver and, to a lesser extent, in the kidneys. Belongs to the arginase family.	mapped	protein_ids_from_disgenet
9824	ARHGAP11A	Q6P4F7	9606.ENSP00000355090	ARHGAP11A	9606	Rho GTPase activating protein 11A.	mapped	protein_ids_from_disgenet
84904	ARHGEF39	Q8N4T4	9606.ENSP00000367638	ARHGEF39	9606	Rho guanine nucleotide exchange factor 39; Promotes cell proliferation.	mapped	protein_ids_from_disgenet
8289	ARID1A	O14497	9606.ENSP00000320485	ARID1A	9606	AT-rich interactive domain-containing protein 1A; Involved in transcriptional activation and repression of select genes by chromatin remodeling (alteration of DNA-nucleosome topology). Component of SWI/SNF chromatin remodeling complexes that carry out key enzymatic activities, changing chromatin structure by altering DNA-histone contacts within a nucleosome in an ATP-dependent manner. Binds DNA non-specifically. Belongs to the neural progenitors- specific chromatin remodeling complex (npBAF complex) and the neuron- specific chromatin remodeling complex (nBAF complex). During neural dev [...] 	mapped	protein_ids_from_disgenet
57492	ARID1B	Q8NFD5	9606.ENSP00000490491	ARID1B	9606	AT-rich interactive domain-containing protein 1B; Involved in transcriptional activation and repression of select genes by chromatin remodeling (alteration of DNA-nucleosome topology). Component of SWI/SNF chromatin remodeling complexes that carry out key enzymatic activities, changing chromatin structure by altering DNA-histone contacts within a nucleosome in an ATP-dependent manner. Belongs to the neural progenitors-specific chromatin remodeling complex (npBAF complex) and the neuron-specific chromatin remodeling complex (nBAF complex). During neural development a switch from a stem/ [...] 	mapped	protein_ids_from_disgenet
196528	ARID2	Q68CP9	9606.ENSP00000335044	ARID2	9606	AT-rich interactive domain-containing protein 2; Involved in transcriptional activation and repression of select genes by chromatin remodeling (alteration of DNA-nucleosome topology). Required for the stability of the SWI/SNF chromatin remodeling complex SWI/SNF-B (PBAF). May be involved in targeting the complex to different genes. May be involved in regulating transcriptional activation of cardiac genes.	mapped	protein_ids_from_disgenet
1820	ARID3A	Q99856	9606.ENSP00000263620	ARID3A	9606	AT-rich interactive domain-containing protein 3A; Transcription factor which may be involved in the control of cell cycle progression by the RB1/E2F1 pathway and in B-cell differentiation.	mapped	protein_ids_from_disgenet
405	ARNT	P27540	9606.ENSP00000351407	ARNT	9606	Aryl hydrocarbon receptor nuclear translocator; Required for activity of the Ah (dioxin) receptor. This protein is required for the ligand-binding subunit to translocate from the cytosol to the nucleus after ligand binding. The complex then initiates transcription of genes involved in the activation of PAH procarcinogens. The heterodimer binds to core DNA sequence 5'-TACGTG-3' within the hypoxia response element (HRE) of target gene promoters and functions as a transcriptional regulator of the adaptive response to hypoxia (By similarity). The heterodimer ARNT:AHR binds to core DNA sequ [...] 	mapped	protein_ids_from_disgenet
408	ARRB1	P49407	9606.ENSP00000409581	ARRB1	9606	Beta-arrestin-1; Functions in regulating agonist-mediated G-protein coupled receptor (GPCR) signaling by mediating both receptor desensitization and resensitization processes. During homologous desensitization, beta- arrestins bind to the GPRK-phosphorylated receptor and sterically preclude its coupling to the cognate G-protein; the binding appears to require additional receptor determinants exposed only in the active receptor conformation. The beta-arrestins target many receptors for internalization by acting as endocytic adapters (CLASPs, clathrin- associated sorting proteins) and re [...] 	mapped	protein_ids_from_disgenet
409	ARRB2	P32121	9606.ENSP00000403701	ARRB2	9606	Beta-arrestin-2; Functions in regulating agonist-mediated G-protein coupled receptor (GPCR) signaling by mediating both receptor desensitization and resensitization processes. During homologous desensitization, beta- arrestins bind to the GPRK-phosphorylated receptor and sterically preclude its coupling to the cognate G-protein; the binding appears to require additional receptor determinants exposed only in the active receptor conformation. The beta-arrestins target many receptors for internalization by acting as endocytic adapters (CLASPs, clathrin- associated sorting proteins) and re [...] 	mapped	protein_ids_from_disgenet
55723	ASF1B	Q9NVP2	9606.ENSP00000263382	ASF1B	9606	Histone chaperone ASF1B; Histone chaperone that facilitates histone deposition and histone exchange and removal during nucleosome assembly and disassembly. Cooperates with chromatin assembly factor 1 (CAF-1) to promote replication-dependent chromatin assembly. Does not participate in replication-independent nucleosome deposition which is mediated by ASF1A and HIRA. Required for spermatogenesis. Belongs to the ASF1 family.	mapped	protein_ids_from_disgenet
374569	ASPG	Q86U10	9606.ENSP00000450040	ASPG	9606	1-alkyl-2-acetylglycerophosphocholine esterase; Exhibits lysophospholipase, transacylase, PAF acetylhydrolase and asparaginase activities (By similarity). Can catalyze three types of transacylation reactions: (1) acyl transfer from 1-acyl-sn-glycero- 3-phosphocholine (1-acyl-GPC) to the sn-1(3) positions of glycerol and 2-acylglycerol (sn-1 to -1(3) transfer), (2) acyl transfer from 1-acyl- GPC to the sn-2 positions of 1-acyl-GPC, 1-acyl-sn-glycero-3- phosphoethanolamine (1-acyl-GPE), and other lysophospholipids (sn-1 to -2 transfer) and (3) acyl transfer from 2-acyl-GPC to the sn-1 po [...] 	mapped	protein_ids_from_disgenet
259266	ASPM	Q8IZT6	9606.ENSP00000356379	ASPM	9606	Abnormal spindle-like microcephaly-associated protein; Involved in mitotic spindle regulation and coordination of mitotic processes. The function in regulating microtubule dynamics at spindle poles including spindle orientation, astral microtubule density and poleward microtubule flux seems to depend on the association with the katanin complex formed by KATNA1 and KATNB1. Enhances the microtubule lattice severing activity of KATNA1 by recruiting the katanin complex to microtubules. Can block microtubule minus-end growth and reversely this function can be enhanced by the katanin complex [...] 	mapped	protein_ids_from_disgenet
445	ASS1	P00966	9606.ENSP00000361471	ASS1	9606	Argininosuccinate synthase; One of the enzymes of the urea cycle, the metabolic pathway transforming neurotoxic amonia produced by protein catabolism into inocuous urea in the liver of ureotelic animals. Catalyzes the formation of arginosuccinate from aspartate, citrulline and ATP and together with ASL it is responsible for the biosynthesis of arginine in most body tissues; Belongs to the argininosuccinate synthase family. Type 1 subfamily.	mapped	protein_ids_from_disgenet
9474	ATG5	Q9H1Y0	9606.ENSP00000358072	ATG5	9606	Autophagy protein 5; Involved in autophagic vesicle formation. Conjugation with ATG12, through a ubiquitin-like conjugating system involving ATG7 as an E1-like activating enzyme and ATG10 as an E2-like conjugating enzyme, is essential for its function. The ATG12-ATG5 conjugate acts as an E3- like enzyme which is required for lipidation of ATG8 family proteins and their association to the vesicle membranes. Involved in mitochondrial quality control after oxidative damage, and in subsequent cellular longevity. Plays a critical role in multiple aspects of lymphocyte development and is ess [...] 	mapped	protein_ids_from_disgenet
10533	ATG7	O95352	9606.ENSP00000346437	ATG7	9606	Ubiquitin-like modifier-activating enzyme ATG7; E1-like activating enzyme involved in the 2 ubiquitin-like systems required for cytoplasm to vacuole transport (Cvt) and autophagy. Activates ATG12 for its conjugation with ATG5 as well as the ATG8 family proteins for their conjugation with phosphatidylethanolamine. Both systems are needed for the ATG8 association to Cvt vesicles and autophagosomes membranes. Required for autophagic death induced by caspase-8 inhibition. Required for mitophagy which contributes to regulate mitochondrial quantity and quality by eliminating the mitochondria [...] 	mapped	protein_ids_from_disgenet
472	ATM	Q13315	9606.ENSP00000278616	ATM	9606	Serine-protein kinase ATM; Serine/threonine protein kinase which activates checkpoint signaling upon double strand breaks (DSBs), apoptosis and genotoxic stresses such as ionizing ultraviolet A light (UVA), thereby acting as a DNA damage sensor. Recognizes the substrate consensus sequence [ST]- Q. Phosphorylates 'Ser-139' of histone variant H2AX at double strand breaks (DSBs), thereby regulating DNA damage response mechanism. Also plays a role in pre-B cell allelic exclusion, a process leading to expression of a single immunoglobulin heavy chain allele to enforce clonality and monospec [...] 	mapped	protein_ids_from_disgenet
506	ATP5F1B	P06576	9606.ENSP00000262030	ATP5F1B	9606	ATP synthase subunit beta, mitochondrial; Mitochondrial membrane ATP synthase (F(1)F(0) ATP synthase or Complex V) produces ATP from ADP in the presence of a proton gradient across the membrane which is generated by electron transport complexes of the respiratory chain. F-type ATPases consist of two structural domains, F(1) - containing the extramembraneous catalytic core, and F(0) - containing the membrane proton channel, linked together by a central stalk and a peripheral stalk. During catalysis, ATP synthesis in the catalytic domain of F(1) is coupled via a rotary mechanism of the c [...] 	mapped	protein_ids_from_disgenet
10476	ATP5PD	O75947	9606.ENSP00000301587	ATP5PD	9606	ATP synthase subunit d, mitochondrial; Mitochondrial membrane ATP synthase (F(1)F(0) ATP synthase or Complex V) produces ATP from ADP in the presence of a proton gradient across the membrane which is generated by electron transport complexes of the respiratory chain. F-type ATPases consist of two structural domains, F(1) - containing the extramembraneous catalytic core, and F(0) - containing the membrane proton channel, linked together by a central stalk and a peripheral stalk. During catalysis, ATP synthesis in the catalytic domain of F(1) is coupled via a rotary mechanism of the cent [...] 	mapped	protein_ids_from_disgenet
540	ATP7B	P35670	9606.ENSP00000242839	ATP7B	9606	Copper-transporting ATPase 2; Copper ion transmembrane transporter involved in the export of copper out of the cells. It is involved in copper homeostasis in the liver, where it ensures the efflux of copper from hepatocytes into the bile in response to copper overload. Belongs to the cation transport ATPase (P-type) (TC 3.A.3) family. Type IB subfamily.	mapped	protein_ids_from_disgenet
6790	AURKA	O14965	9606.ENSP00000216911	AURKA	9606	Aurora kinase A; Mitotic serine/threonine kinase that contributes to the regulation of cell cycle progression. Associates with the centrosome and the spindle microtubules during mitosis and plays a critical role in various mitotic events including the establishment of mitotic spindle, centrosome duplication, centrosome separation as well as maturation, chromosomal alignment, spindle assembly checkpoint, and cytokinesis. Required for normal spindle positioning during mitosis and for the localization of NUMA1 and DCTN1 to the cell cortex during metaphase. Required for initial activation  [...] 	mapped	protein_ids_from_disgenet
9212	AURKB	Q96GD4	9606.ENSP00000313950	AURKB	9606	Aurora kinase B; Serine/threonine-protein kinase component of the chromosomal passenger complex (CPC), a complex that acts as a key regulator of mitosis. The CPC complex has essential functions at the centromere in ensuring correct chromosome alignment and segregation and is required for chromatin-induced microtubule stabilization and spindle assembly. Involved in the bipolar attachment of spindle microtubules to kinetochores and is a key regulator for the onset of cytokinesis during mitosis. Required for central/midzone spindle assembly and cleavage furrow formation. Key component of  [...] 	mapped	protein_ids_from_disgenet
8312	AXIN1	O15169	9606.ENSP00000262320	AXIN1	9606	Axin-1; Component of the beta-catenin destruction complex required for regulating CTNNB1 levels through phosphorylation and ubiquitination, and modulating Wnt-signaling. Controls dorsoventral patterning via two opposing effects; down-regulates CTNNB1 to inhibit the Wnt signaling pathway and ventralize embryos, but also dorsalizes embryos by activating a Wnt- independent JNK signaling pathway. In Wnt signaling, probably facilitates the phosphorylation of CTNNB1 and APC by GSK3B. Likely to function as a tumor suppressor. Enhances TGF-beta signaling by recruiting the RNF111 E3 ubiquitin l [...] 	mapped	protein_ids_from_disgenet
51582	AZIN1	O14977	9606.ENSP00000337180	AZIN1	9606	Antizyme inhibitor 1; Antizyme inhibitor (AZI) protein that positively regulates ornithine decarboxylase (ODC) activity and polyamine uptake. AZI is an enzymatically inactive ODC homolog that counteracts the negative effect of ODC antizymes (AZs) OAZ1, OAZ2 and OAZ3 on ODC activity by competing with ODC for antizyme-binding. Inhibits antizyme-dependent ODC degradation and releases ODC monomers from their inactive complex with antizymes, leading to formation of the catalytically active ODC homodimer and restoring polyamine production.	mapped	protein_ids_from_disgenet
27087	B3GAT1	Q9P2W7	9606.ENSP00000433847	B3GAT1	9606	Galactosylgalactosylxylosylprotein 3-beta-glucuronosyltransferase 1; Involved in the biosynthesis of L2/HNK-1 carbohydrate epitope on glycoproteins. Can also play a role in glycosaminoglycan biosynthesis. Substrates include asialo-orosomucoid (ASOR), asialo- fetuin, and asialo-neural cell adhesion molecule. Requires sphingomyelin for activity: stearoyl-sphingomyelin was the most effective, followed by palmitoyl-sphingomyelin and lignoceroyl- sphingomyelin. Activity was demonstrated only for sphingomyelin with a saturated fatty acid and not for that with an unsaturated fatty acid, regar [...] 	mapped	protein_ids_from_disgenet
25805	BAMBI	Q13145	9606.ENSP00000364683	BAMBI	9606	BMP and activin membrane-bound inhibitor homolog; Negatively regulates TGF-beta signaling; Belongs to the BAMBI family.	mapped	protein_ids_from_disgenet
598	BCL2L1	Q07817	9606.ENSP00000365230	BCL2L1	9606	Bcl-2-like protein 1; Potent inhibitor of cell death. Inhibits activation of caspases. Appears to regulate cell death by blocking the voltage- dependent anion channel (VDAC) by binding to it and preventing the release of the caspase activator, CYC1, from the mitochondrial membrane. Also acts as a regulator of G2 checkpoint and progression to cytokinesis during mitosis. Isoform Bcl-X(S) promotes apoptosis.	mapped	protein_ids_from_disgenet
83875	BCO2	Q9BYV7	9606.ENSP00000350314	BCO2	9606	Beta,beta-carotene 9',10'-oxygenase; Asymmetrically cleaves beta-carotene at the 9',10' double bond resulting in the formation of beta-apo-10'-carotenal and beta- ionone. Besides beta-carotene, lycopene is also oxidatively cleaved. The apocarotenals formed by this enzyme may be the precursors for the biosynthesis of retinoic acid or exert unknown physiological effects. Belongs to the carotenoid oxygenase family.	mapped	protein_ids_from_disgenet
637	BID	P55957	9606.ENSP00000318822	BID	9606	BH3-interacting domain death agonist p11; The major proteolytic product p15 BID allows the release of cytochrome c (By similarity). Isoform 1, isoform 2 and isoform 4 induce ICE-like proteases and apoptosis. Isoform 3 does not induce apoptosis. Counters the protective effect of Bcl-2.	mapped	protein_ids_from_disgenet
330	BIRC3	Q13489	9606.ENSP00000263464	BIRC3	9606	Baculoviral IAP repeat-containing protein 3; Multi-functional protein which regulates not only caspases and apoptosis, but also modulates inflammatory signaling and immunity, mitogenic kinase signaling and cell proliferation, as well as cell invasion and metastasis. Acts as an E3 ubiquitin-protein ligase regulating NF-kappa-B signaling and regulates both canonical and non- canonical NF-kappa-B signaling by acting in opposite directions: acts as a positive regulator of the canonical pathway and suppresses constitutive activation of non-canonical NF-kappa-B signaling. The target proteins [...] 	mapped	protein_ids_from_disgenet
332	BIRC5	O15392	9606.ENSP00000301633	BIRC5	9606	Baculoviral IAP repeat-containing protein 5; Multitasking protein that has dual roles in promoting cell proliferation and preventing apoptosis. Component of a chromosome passage protein complex (CPC) which is essential for chromosome alignment and segregation during mitosis and cytokinesis. Acts as an important regulator of the localization of this complex; directs CPC movement to different locations from the inner centromere during prometaphase to midbody during cytokinesis and participates in the organization of the center spindle by associating with polymerized microtubules. Involve [...] 	mapped	protein_ids_from_disgenet
648	BMI1	P35226	9606.ENSP00000365851	BMI1	9606	Polycomb complex protein BMI-1; Component of a Polycomb group (PcG) multiprotein PRC1-like complex, a complex class required to maintain the transcriptionally repressive state of many genes, including Hox genes, throughout development. PcG PRC1 complex acts via chromatin remodeling and modification of histones; it mediates monoubiquitination of histone H2A 'Lys-119', rendering chromatin heritably changed in its expressibility. The complex composed of RNF2, UB2D3 and BMI1 binds nucleosomes, and has activity only with nucleosomal histone H2A. In the PRC1-like complex, regulates the E3 ub [...] 	mapped	protein_ids_from_disgenet
168667	BMPER	Q8N8U9	9606.ENSP00000497748	BMPER	9606	BMP-binding endothelial regulator protein; Inhibitor of bone morphogenetic protein (BMP) function, it may regulate BMP responsiveness of osteoblasts and chondrocytes.	mapped	protein_ids_from_disgenet
673	BRAF	P15056	9606.ENSP00000419060	BRAF	9606	Serine/threonine-protein kinase B-raf; Protein kinase involved in the transduction of mitogenic signals from the cell membrane to the nucleus (Probable). Phosphorylates MAP2K1, and thereby activates the MAP kinase signal transduction pathway. May play a role in the postsynaptic responses of hippocampal neurons ; Belongs to the protein kinase superfamily. TKL Ser/Thr protein kinase family. RAF subfamily.	mapped	protein_ids_from_disgenet
682	BSG	P35613	9606.ENSP00000333769	BSG	9606	Basigin; Plays an important role in targeting the monocarboxylate transporters SLC16A1, SLC16A3, SLC16A8, SLC16A11 and SLC16A12 to the plasma membrane. Plays pivotal roles in spermatogenesis, embryo implantation, neural network formation and tumor progression. Stimulates adjacent fibroblasts to produce matrix metalloproteinases (MMPS). Seems to be a receptor for oligomannosidic glycans. In vitro, promotes outgrowth of astrocytic processes.  (Microbial infection) Erythrocyte receptor for P.falciparum RH5 which is essential for erythrocyte invasion by the merozoite stage of P.falciparum  [...] 	mapped	protein_ids_from_disgenet
7832	BTG2	P78543	9606.ENSP00000290551	BTG2	9606	Protein BTG2; Anti-proliferative protein; the function is mediated by association with deadenylase subunits of the CCR4-NOT complex. Activates mRNA deadenylation in a CNOT6 and CNOT7-dependent manner. In vitro can inhibit deadenylase activity of CNOT7 and CNOT8. Involved in cell cycle regulation. Could be involved in the growth arrest and differentiation of the neuronal precursors (By similarity). Modulates transcription regulation mediated by ESR1. Involved in mitochondrial depolarization and neurite outgrowth. Belongs to the BTG family.	mapped	protein_ids_from_disgenet
699	BUB1	O43683	9606.ENSP00000302530	BUB1	9606	Mitotic checkpoint serine/threonine-protein kinase BUB1; Serine/threonine-protein kinase that performs 2 crucial functions during mitosis: it is essential for spindle-assembly checkpoint signaling and for correct chromosome alignment. Has a key role in the assembly of checkpoint proteins at the kinetochore, being required for the subsequent localization of CENPF, BUB1B, CENPE and MAD2L1. Required for the kinetochore localization of PLK1. Required for centromeric enrichment of AUKRB in prometaphase. Plays an important role in defining SGO1 localization and thereby affects sister chromat [...] 	mapped	protein_ids_from_disgenet
701	BUB1B	O60566	9606.ENSP00000287598	BUB1B	9606	Mitotic checkpoint serine/threonine-protein kinase BUB1 beta; Essential component of the mitotic checkpoint. Required for normal mitosis progression. The mitotic checkpoint delays anaphase until all chromosomes are properly attached to the mitotic spindle. One of its checkpoint functions is to inhibit the activity of the anaphase- promoting complex/cyclosome (APC/C) by blocking the binding of CDC20 to APC/C, independently of its kinase activity. The other is to monitor kinetochore activities that depend on the kinetochore motor CENPE. Required for kinetochore localization of CENPE. Neg [...] 	mapped	protein_ids_from_disgenet
400258	C14orf180	Q8N912	9606.ENSP00000333041	C14orf180	9606	Nutritionally-regulated adipose and cardiac enriched protein homolog; Chromosome 14 open reading frame 180.	mapped	protein_ids_from_disgenet
713	C1QB	P02746	9606.ENSP00000313967	C1QB	9606	Complement C1q subcomponent subunit B; C1q associates with the proenzymes C1r and C1s to yield C1, the first component of the serum complement system. The collagen-like regions of C1q interact with the Ca(2+)-dependent C1r(2)C1s(2) proenzyme complex, and efficient activation of C1 takes place on interaction of the globular heads of C1q with the Fc regions of IgG or IgM antibody present in immune complexes.	mapped	protein_ids_from_disgenet
714	C1QC	P02747	9606.ENSP00000363770	C1QC	9606	Complement C1q subcomponent subunit C; C1q associates with the proenzymes C1r and C1s to yield C1, the first component of the serum complement system. The collagen-like regions of C1q interact with the Ca(2+)-dependent C1r(2)C1s(2) proenzyme complex, and efficient activation of C1 takes place on interaction of the globular heads of C1q with the Fc regions of IgG or IgM antibody present in immune complexes.	mapped	protein_ids_from_disgenet
727	C5	P01031	9606.ENSP00000223642	C5	9606	Complement C5 alpha' chain; Activation of C5 by a C5 convertase initiates the spontaneous assembly of the late complement components, C5-C9, into the membrane attack complex. C5b has a transient binding site for C6. The C5b-C6 complex is the foundation upon which the lytic complex is assembled.	mapped	protein_ids_from_disgenet
735	C9	P02748	9606.ENSP00000263408	C9	9606	Complement component C9a; Constituent of the membrane attack complex (MAC) that plays a key role in the innate and adaptive immune response by forming pores in the plasma membrane of target cells. C9 is the pore-forming subunit of the MAC.	mapped	protein_ids_from_disgenet
760	CA2	P00918	9606.ENSP00000285379	CA2	9606	Carbonic anhydrase 2; Essential for bone resorption and osteoclast differentiation (By similarity). Reversible hydration of carbon dioxide. Can hydrate cyanamide to urea. Involved in the regulation of fluid secretion into the anterior chamber of the eye. Contributes to intracellular pH regulation in the duodenal upper villous epithelium during proton- coupled peptide absorption. Stimulates the chloride-bicarbonate exchange activity of SLC26A6.	mapped	protein_ids_from_disgenet
51719	CAB39	Q9Y376	9606.ENSP00000258418	CAB39	9606	Calcium-binding protein 39; Component of a complex that binds and activates STK11/LKB1. In the complex, required to stabilize the interaction between CAB39/MO25 (CAB39/MO25alpha or CAB39L/MO25beta) and STK11/LKB1.	mapped	protein_ids_from_disgenet
811	CALR	P27797	9606.ENSP00000320866	CALR	9606	Calreticulin; Calcium-binding chaperone that promotes folding, oligomeric assembly and quality control in the endoplasmic reticulum (ER) via the calreticulin/calnexin cycle. This lectin interacts transiently with almost all of the monoglucosylated glycoproteins that are synthesized in the ER. Interacts with the DNA-binding domain of NR3C1 and mediates its nuclear export. Involved in maternal gene expression regulation. May participate in oocyte maturation via the regulation of calcium homeostasis (By similarity); Belongs to the calreticulin family.	mapped	protein_ids_from_disgenet
10486	CAP2	P40123	9606.ENSP00000229922	CAP2	9606	Adenylyl cyclase-associated protein 2; May have a regulatory bifunctional role; Belongs to the CAP family.	mapped	protein_ids_from_disgenet
841	CASP8	Q14790	9606.ENSP00000351273	CASP8	9606	Caspase-8 subunit p10; Most upstream protease of the activation cascade of caspases responsible for the TNFRSF6/FAS mediated and TNFRSF1A induced cell death. Binding to the adapter molecule FADD recruits it to either receptor. The resulting aggregate called death-inducing signaling complex (DISC) performs CASP8 proteolytic activation. The active dimeric enzyme is then liberated from the DISC and free to activate downstream apoptotic proteases. Proteolytic fragments of the N-terminal propeptide (termed CAP3, CAP5 and CAP6) are likely retained in the DISC. Cleaves and activates CASP3, CA [...] 	mapped	protein_ids_from_disgenet
847	CAT	P04040	9606.ENSP00000241052	CAT	9606	Catalase; Occurs in almost all aerobically respiring organisms and serves to protect cells from the toxic effects of hydrogen peroxide. Promotes growth of cells including T-cells, B-cells, myeloid leukemia cells, melanoma cells, mastocytoma cells and normal and transformed fibroblast cells.	mapped	protein_ids_from_disgenet
873	CBR1	P16152	9606.ENSP00000290349	CBR1	9606	Carbonyl reductase [NADPH] 1; NADPH-dependent reductase with broad substrate specificity. Catalyzes the reduction of a wide variety of carbonyl compounds including quinones, prostaglandins, menadione, plus various xenobiotics. Catalyzes the reduction of the antitumor anthracyclines doxorubicin and daunorubicin to the cardiotoxic compounds doxorubicinol and daunorubicinol. Can convert prostaglandin E2 to prostaglandin F2- alpha. Can bind glutathione, which explains its higher affinity for glutathione-conjugated substrates. Catalyzes the reduction of S- nitrosoglutathione.	mapped	protein_ids_from_disgenet
8535	CBX4	O00257	9606.ENSP00000269397	CBX4	9606	E3 SUMO-protein ligase CBX4; E3 SUMO-protein ligase which facilitates SUMO1 conjugation by UBE2I. Involved in the sumoylation of HNRNPK, a p53/TP53 transcriptional coactivator, hence indirectly regulates p53/TP53 transcriptional activation resulting in p21/CDKN1A expression. Monosumoylates ZNF131.	mapped	protein_ids_from_disgenet
147372	CCBE1	Q6UXH8	9606.ENSP00000497183	CCBE1	9606	Collagen and calcium-binding EGF domain-containing protein 1; Required for lymphangioblast budding and angiogenic sprouting from venous endothelium during embryogenesis. Belongs to the CCBE1 family.	mapped	protein_ids_from_disgenet
6347	CCL2	P13500	9606.ENSP00000225831	CCL2	9606	C-C motif chemokine 2; Acts as a ligand for C-C chemokine receptor CCR2. Signals through binding and activation of CCR2 and induces a strong chemotactic response and mobilization of intracellular calcium ions. Exhibits a chemotactic activity for monocytes and basophils but not neutrophils or eosinophils. May be involved in the recruitment of monocytes into the arterial wall during the disease process of atherosclerosis.	mapped	protein_ids_from_disgenet
6348	CCL3	P10147	9606.ENSP00000477908	CCL3	9606	C-C motif chemokine 3; Monokine with inflammatory and chemokinetic properties. Binds to CCR1, CCR4 and CCR5. One of the major HIV-suppressive factors produced by CD8+ T-cells. Recombinant MIP-1-alpha induces a dose- dependent inhibition of different strains of HIV-1, HIV-2, and simian immunodeficiency virus (SIV); Belongs to the intercrine beta (chemokine CC) family.	mapped	protein_ids_from_disgenet
6352	CCL5	P13501	9606.ENSP00000474412	CCL5	9606	C-C motif chemokine 5; Chemoattractant for blood monocytes, memory T-helper cells and eosinophils. Causes the release of histamine from basophils and activates eosinophils. May activate several chemokine receptors including CCR1, CCR3, CCR4 and CCR5. One of the major HIV-suppressive factors produced by CD8+ T-cells. Recombinant RANTES protein induces a dose-dependent inhibition of different strains of HIV-1, HIV-2, and simian immunodeficiency virus (SIV). The processed form RANTES(3-68) acts as a natural chemotaxis inhibitor and is a more potent inhibitor of HIV-1-infection. The second [...] 	mapped	protein_ids_from_disgenet
3491	CCN1	O00622	9606.ENSP00000398736	CCN1	9606	CCN family member 1; Promotes cell proliferation, chemotaxis, angiogenesis and cell adhesion. Appears to play a role in wound healing by up- regulating, in skin fibroblasts, the expression of a number of genes involved in angiogenesis, inflammation and matrix remodeling including VEGA-A, VEGA-C, MMP1, MMP3, TIMP1, uPA, PAI-1 and integrins alpha-3 and alpha-5. CCN1-mediated gene regulation is dependent on heparin-binding. Down-regulates the expression of alpha-1 and alpha-2 subunits of collagen type-1. Promotes cell adhesion and adhesive signaling through integrin alpha-6/beta-1, cell m [...] 	mapped	protein_ids_from_disgenet
1490	CCN2	P29279	9606.ENSP00000356954	CCN2	9606	CCN family member 2; Major connective tissue mitoattractant secreted by vascular endothelial cells. Promotes proliferation and differentiation of chondrocytes. Mediates heparin- and divalent cation-dependent cell adhesion in many cell types including fibroblasts, myofibroblasts, endothelial and epithelial cells. Enhances fibroblast growth factor- induced DNA synthesis; Belongs to the CCN family.	mapped	protein_ids_from_disgenet
8900	CCNA1	P78396	9606.ENSP00000255465	CCNA1	9606	Cyclin-A1; May be involved in the control of the cell cycle at the G1/S (start) and G2/M (mitosis) transitions. May primarily function in the control of the germline meiotic cell cycle and additionally in the control of mitotic cell cycle in some somatic cells. Belongs to the cyclin family. Cyclin AB subfamily.	mapped	protein_ids_from_disgenet
891	CCNB1	P14635	9606.ENSP00000256442	CCNB1	9606	G2/mitotic-specific cyclin-B1; Essential for the control of the cell cycle at the G2/M (mitosis) transition; Belongs to the cyclin family. Cyclin AB subfamily.	mapped	protein_ids_from_disgenet
9133	CCNB2	O95067	9606.ENSP00000288207	CCNB2	9606	G2/mitotic-specific cyclin-B2; Essential for the control of the cell cycle at the G2/M (mitosis) transition; Belongs to the cyclin family. Cyclin AB subfamily.	mapped	protein_ids_from_disgenet
595	CCND1	P24385	9606.ENSP00000227507	CCND1	9606	G1/S-specific cyclin-D1; Regulatory component of the cyclin D1-CDK4 (DC) complex that phosphorylates and inhibits members of the retinoblastoma (RB) protein family including RB1 and regulates the cell-cycle during G(1)/S transition. Phosphorylation of RB1 allows dissociation of the transcription factor E2F from the RB/E2F complex and the subsequent transcription of E2F target genes which are responsible for the progression through the G(1) phase. Hypophosphorylates RB1 in early G(1) phase. Cyclin D-CDK4 complexes are major integrators of various mitogenenic and antimitogenic signals. A [...] 	mapped	protein_ids_from_disgenet
894	CCND2	P30279	9606.ENSP00000261254	CCND2	9606	G1/S-specific cyclin-D2; Regulatory component of the cyclin D2-CDK4 (DC) complex that phosphorylates and inhibits members of the retinoblastoma (RB) protein family including RB1 and regulates the cell-cycle during G(1)/S transition. Phosphorylation of RB1 allows dissociation of the transcription factor E2F from the RB/E2F complex and the subsequent transcription of E2F target genes which are responsible for the progression through the G(1) phase. Hypophosphorylates RB1 in early G(1) phase. Cyclin D-CDK4 complexes are major integrators of various mitogenenic and antimitogenic signals. A [...] 	mapped	protein_ids_from_disgenet
898	CCNE1	P24864	9606.ENSP00000262643	CCNE1	9606	G1/S-specific cyclin-E1; Essential for the control of the cell cycle at the G1/S (start) transition.	mapped	protein_ids_from_disgenet
899	CCNF	P41002	9606.ENSP00000380256	CCNF	9606	Cyclin-F; Substrate recognition component of a SCF (SKP1-CUL1-F-box protein) E3 ubiquitin-protein ligase complex which mediates the ubiquitination and subsequent proteasomal degradation of CP110 during G2 phase, thereby acting as an inhibitor of centrosome reduplication. Belongs to the cyclin family. Cyclin AB subfamily.	mapped	protein_ids_from_disgenet
900	CCNG1	P51959	9606.ENSP00000344635	CCNG1	9606	Cyclin-G1; May play a role in growth regulation. Is associated with G2/M phase arrest in response to DNA damage. May be an intermediate by which p53 mediates its role as an inhibitor of cellular proliferation (By similarity).	mapped	protein_ids_from_disgenet
1230	CCR1	P32246	9606.ENSP00000296140	CCR1	9606	C-C chemokine receptor type 1; Receptor for a C-C type chemokine. Binds to MIP-1-alpha, MIP- 1-delta, RANTES, and MCP-3 and, less efficiently, to MIP-1-beta or MCP- 1 and subsequently transduces a signal by increasing the intracellular calcium ions level. Responsible for affecting stem cell proliferation.	mapped	protein_ids_from_disgenet
729230	CCR2	P41597	9606.ENSP00000292301	CCR2	9606	C-C chemokine receptor type 2; Key functional receptor for CCL2 but can also bind CCL7 and CCL12. Its binding with CCL2 on monocytes and macrophages mediates chemotaxis and migration induction through the activation of the PI3K cascade, the small G protein Rac and lamellipodium protrusion (Probable). Also acts as a receptor for the beta-defensin DEFB106A/DEFB106B. Regulates the expression of T-cell inflammatory cytokines and T-cell differentiation, promoting the differentiation of T-cells into T-helper 17 cells (Th17) during inflammation (By similarity). Facilitates the export of matur [...] 	mapped	protein_ids_from_disgenet
929	CD14	P08571	9606.ENSP00000385519	CD14	9606	Monocyte differentiation antigen CD14, membrane-bound form; Coreceptor for bacterial lipopolysaccharide. In concert with LBP, binds to monomeric lipopolysaccharide and delivers it to the LY96/TLR4 complex, thereby mediating the innate immune response to bacterial lipopolysaccharide (LPS). Acts via MyD88, TIRAP and TRAF6, leading to NF-kappa-B activation, cytokine secretion and the inflammatory response. Acts as a coreceptor for TLR2:TLR6 heterodimer in response to diacylated lipopeptides and for TLR2:TLR1 heterodimer in response to triacylated lipopeptides, these clusters trigger signa [...] 	mapped	protein_ids_from_disgenet
9332	CD163	Q86VB7	9606.ENSP00000352071	CD163	9606	Scavenger receptor cysteine-rich type 1 protein M130; Acute phase-regulated receptor involved in clearance and endocytosis of hemoglobin/haptoglobin complexes by macrophages and may thereby protect tissues from free hemoglobin-mediated oxidative damage. May play a role in the uptake and recycling of iron, via endocytosis of hemoglobin/haptoglobin and subsequent breakdown of heme. Binds hemoglobin/haptoglobin complexes in a calcium-dependent and pH- dependent manner. Exhibits a higher affinity for complexes of hemoglobin and multimeric haptoglobin of HP*1F phenotype than for complexes o [...] 	mapped	protein_ids_from_disgenet
29126	CD274	Q9NZQ7	9606.ENSP00000370989	CD274	9606	Programmed cell death 1 ligand 1; Plays a critical role in induction and maintenance of immune tolerance to self. As a ligand for the inhibitory receptor PDCD1/PD-1, modulates the activation threshold of T-cells and limits T-cell effector response. Through a yet unknown activating receptor, may costimulate T-cell subsets that predominantly produce interleukin-10 (IL10).	mapped	protein_ids_from_disgenet
80381	CD276	Q5ZPR3	9606.ENSP00000320084	CD276	9606	CD276 antigen; May participate in the regulation of T-cell-mediated immune response. May play a protective role in tumor cells by inhibiting natural-killer mediated cell lysis as well as a role of marker for detection of neuroblastoma cells. May be involved in the development of acute and chronic transplant rejection and in the regulation of lymphocytic activity at mucosal surfaces. Could also play a key role in providing the placenta and fetus with a suitable immunological environment throughout pregnancy. Both isoform 1 and isoform 2 appear to be redundant in their ability to modulat [...] 	mapped	protein_ids_from_disgenet
947	CD34	P28906	9606.ENSP00000310036	CD34	9606	Hematopoietic progenitor cell antigen CD34; Possible adhesion molecule with a role in early hematopoiesis by mediating the attachment of stem cells to the bone marrow extracellular matrix or directly to stromal cells. Could act as a scaffold for the attachment of lineage specific glycans, allowing stem cells to bind to lectins expressed by stromal cells or other marrow components. Presents carbohydrate ligands to selectins.	mapped	protein_ids_from_disgenet
922	CD5L	O43866	9606.ENSP00000357156	CD5L	9606	CD5 antigen-like; Secreted protein that acts as a key regulator of lipid synthesis: mainly expressed by macrophages in lymphoid and inflamed tissues and regulates mechanisms in inflammatory responses, such as infection or atherosclerosis. Able to inhibit lipid droplet size in adipocytes. Following incorporation into mature adipocytes via CD36- mediated endocytosis, associates with cytosolic FASN, inhibiting fatty acid synthase activity and leading to lipolysis, the degradation of triacylglycerols into glycerol and free fatty acids (FFA). CD5L-induced lipolysis occurs with progression o [...] 	mapped	protein_ids_from_disgenet
928	CD9	P21926	9606.ENSP00000371958	CD9	9606	CD9 antigen; Integral membrane protein associated with integrins, which regulates different processes, such as sperm-egg fusion, platelet activation and aggregation, and cell adhesion. Present at the cell surface of oocytes and plays a key role in sperm-egg fusion, possibly by organizing multiprotein complexes and the morphology of the membrane required for the fusion (By similarity). In myoblasts, associates with CD81 and PTGFRN and inhibits myotube fusion during muscle regeneration (By similarity). In macrophages, associates with CD81 and beta-1 and beta-2 integrins, and prevents mac [...] 	mapped	protein_ids_from_disgenet
991	CDC20	Q12834	9606.ENSP00000361540	CDC20	9606	Cell division cycle protein 20 homolog; Required for full ubiquitin ligase activity of the anaphase promoting complex/cyclosome (APC/C) and may confer substrate specificity upon the complex. Is regulated by MAD2L1: in metaphase the MAD2L1-CDC20-APC/C ternary complex is inactive and in anaphase the CDC20-APC/C binary complex is active in degrading substrates. The CDC20-APC/C complex positively regulates the formation of synaptic vesicle clustering at active zone to the presynaptic membrane in postmitotic neurons. CDC20-APC/C-induced degradation of NEUROD2 induces presynaptic differentia [...] 	mapped	protein_ids_from_disgenet
995	CDC25C	P30307	9606.ENSP00000321656	CDC25C	9606	M-phase inducer phosphatase 3; Functions as a dosage-dependent inducer in mitotic control. Tyrosine protein phosphatase required for progression of the cell cycle. When phosphorylated, highly effective in activating G2 cells into prophase. Directly dephosphorylates CDK1 and activates its kinase activity.	mapped	protein_ids_from_disgenet
8318	CDC45	O75419	9606.ENSP00000405726	CDC45	9606	Cell division control protein 45 homolog; Required for initiation of chromosomal DNA replication; Belongs to the CDC45 family.	mapped	protein_ids_from_disgenet
990	CDC6	Q99741	9606.ENSP00000209728	CDC6	9606	Cell division control protein 6 homolog; Involved in the initiation of DNA replication. Also participates in checkpoint controls that ensure DNA replication is completed before mitosis is initiated.	mapped	protein_ids_from_disgenet
157313	CDCA2	Q69YH5	9606.ENSP00000328228	CDCA2	9606	Cell division cycle-associated protein 2; Regulator of chromosome structure during mitosis required for condensin-depleted chromosomes to retain their compact architecture through anaphase. Acts by mediating the recruitment of phopsphatase PP1-gamma subunit (PPP1CC) to chromatin at anaphase and into the following interphase. At anaphase onset, its association with chromatin targets a pool of PPP1CC to dephosphorylate substrates.	mapped	protein_ids_from_disgenet
83461	CDCA3	Q99618	9606.ENSP00000442068	CDCA3	9606	Cell division cycle-associated protein 3; F-box-like protein which is required for entry into mitosis. Acts by participating in E3 ligase complexes that mediate the ubiquitination and degradation of WEE1 kinase at G2/M phase (By similarity).	mapped	protein_ids_from_disgenet
113130	CDCA5	Q96FF9	9606.ENSP00000275517	CDCA5	9606	Sororin; Regulator of sister chromatid cohesion in mitosis stabilizing cohesin complex association with chromatin. May antagonize the action of WAPL which stimulates cohesin dissociation from chromatin. Cohesion ensures that chromosome partitioning is accurate in both meiotic and mitotic cells and plays an important role in DNA repair. Required for efficient DNA double-stranded break repair. Belongs to the sororin family.	mapped	protein_ids_from_disgenet
55143	CDCA8	Q53HL2	9606.ENSP00000362146	CDCA8	9606	Borealin; Component of the chromosomal passenger complex (CPC), a complex that acts as a key regulator of mitosis. The CPC complex has essential functions at the centromere in ensuring correct chromosome alignment and segregation and is required for chromatin-induced microtubule stabilization and spindle assembly. Major effector of the TTK kinase in the control of attachment-error-correction and chromosome alignment.	mapped	protein_ids_from_disgenet
999	CDH1	P12830	9606.ENSP00000261769	CDH1	9606	Cadherin-1; Cadherins are calcium-dependent cell adhesion proteins. They preferentially interact with themselves in a homophilic manner in connecting cells; cadherins may thus contribute to the sorting of heterogeneous cell types. CDH1 is involved in mechanisms regulating cell-cell adhesions, mobility and proliferation of epithelial cells. Has a potent invasive suppressor role. It is a ligand for integrin alpha-E/beta-7.  (Microbial infection) Serves as a receptor for Listeria monocytogenes; internalin A (InlA) binds to this protein and promotes uptake of the bacteria.	mapped	protein_ids_from_disgenet
1012	CDH13	P55290	9606.ENSP00000268613	CDH13	9606	Cadherin-13; Cadherins are calcium-dependent cell adhesion proteins. They preferentially interact with themselves in a homophilic manner in connecting cells; cadherins may thus contribute to the sorting of heterogeneous cell types. May act as a negative regulator of neural cell growth.	mapped	protein_ids_from_disgenet
983	CDK1	P06493	9606.ENSP00000378699	CDK1	9606	Cyclin-dependent kinase 1; Plays a key role in the control of the eukaryotic cell cycle by modulating the centrosome cycle as well as mitotic onset; promotes G2-M transition, and regulates G1 progress and G1-S transition via association with multiple interphase cyclins. Required in higher cells for entry into S-phase and mitosis. Phosphorylates PARVA/actopaxin, APC, AMPH, APC, BARD1, Bcl-xL/BCL2L1, BRCA2, CALD1, CASP8, CDC7, CDC20, CDC25A, CDC25C, CC2D1A, CENPA, CSNK2 proteins/CKII, FZR1/CDH1, CDK7, CEBPB, CHAMP1, DMD/dystrophin, EEF1 proteins/EF-1, EZH2, KIF11/EG5, EGFR, FANCG, FOS, G [...] 	mapped	protein_ids_from_disgenet
8621	CDK13	Q14004	9606.ENSP00000181839	CDK13	9606	Cyclin-dependent kinase 13; Cyclin-dependent kinase which displays CTD kinase activity and is required for RNA splicing. Has CTD kinase activity by hyperphosphorylating the C-terminal heptapeptide repeat domain (CTD) of the largest RNA polymerase II subunit RPB1, thereby acting as a key regulator of transcription elongation. Required for RNA splicing, probably by phosphorylating SRSF1/SF2. Required during hematopoiesis. In case of infection by HIV-1 virus, interacts with HIV-1 Tat protein acetylated at 'Lys-50' and 'Lys-51', thereby increasing HIV-1 mRNA splicing and promoting the prod [...] 	mapped	protein_ids_from_disgenet
5218	CDK14	O94921	9606.ENSP00000369390	CDK14	9606	Cyclin-dependent kinase 14; Serine/threonine-protein kinase involved in the control of the eukaryotic cell cycle, whose activity is controlled by an associated cyclin. Acts as a cell-cycle regulator of Wnt signaling pathway during G2/M phase by mediating the phosphorylation of LRP6 at 'Ser-1490', leading to the activation of the Wnt signaling pathway. Acts as a regulator of cell cycle progression and cell proliferation via its interaction with CCDN3. Phosphorylates RB1 in vitro, however the relevance of such result remains to be confirmed in vivo. May also play a role in meiosis, neuro [...] 	mapped	protein_ids_from_disgenet
1019	CDK4	P11802	9606.ENSP00000257904	CDK4	9606	Cyclin-dependent kinase 4; Ser/Thr-kinase component of cyclin D-CDK4 (DC) complexes that phosphorylate and inhibit members of the retinoblastoma (RB) protein family including RB1 and regulate the cell-cycle during G(1)/S transition. Phosphorylation of RB1 allows dissociation of the transcription factor E2F from the RB/E2F complexes and the subsequent transcription of E2F target genes which are responsible for the progression through the G(1) phase. Hypophosphorylates RB1 in early G(1) phase. Cyclin D-CDK4 complexes are major integrators of various mitogenenic and antimitogenic signals. [...] 	mapped	protein_ids_from_disgenet
1027	CDKN1B	P46527	9606.ENSP00000228872	CDKN1B	9606	Cyclin-dependent kinase inhibitor 1B; Important regulator of cell cycle progression. Inhibits the kinase activity of CDK2 bound to cyclin A, but has little inhibitory activity on CDK2 bound to SPDYA. Involved in G1 arrest. Potent inhibitor of cyclin E- and cyclin A-CDK2 complexes. Forms a complex with cyclin type D-CDK4 complexes and is involved in the assembly, stability, and modulation of CCND1-CDK4 complex activation. Acts either as an inhibitor or an activator of cyclin type D-CDK4 complexes depending on its phosphorylation state and/or stoichometry. Belongs to the CDI family.	mapped	protein_ids_from_disgenet
1029	CDKN2A	Q8N726;P42771	9606.ENSP00000418915	CDKN2A	9606	Cyclin-dependent kinase inhibitor 2A; Acts as a negative regulator of the proliferation of normal cells by interacting strongly with CDK4 and CDK6. This inhibits their ability to interact with cyclins D and to phosphorylate the retinoblastoma protein; Belongs to the CDKN2 cyclin-dependent kinase inhibitor family.	mapped	gene_symbol_exact_preferred_name
1030	CDKN2B	P42772	9606.ENSP00000276925	CDKN2B	9606	Cyclin-dependent kinase 4 inhibitor B; Interacts strongly with CDK4 and CDK6. Potent inhibitor. Potential effector of TGF-beta induced cell cycle arrest; Belongs to the CDKN2 cyclin-dependent kinase inhibitor family.	mapped	protein_ids_from_disgenet
1031	CDKN2C	P42773	9606.ENSP00000262662	CDKN2C	9606	Cyclin-dependent kinase 4 inhibitor C; Interacts strongly with CDK6, weakly with CDK4. Inhibits cell growth and proliferation with a correlated dependence on endogenous retinoblastoma protein RB; Belongs to the CDKN2 cyclin-dependent kinase inhibitor family.	mapped	protein_ids_from_disgenet
1033	CDKN3	Q16667	9606.ENSP00000335357	CDKN3	9606	Cyclin-dependent kinase inhibitor 3; May play a role in cell cycle regulation. Dual specificity phosphatase active toward substrates containing either phosphotyrosine or phosphoserine residues. Dephosphorylates CDK2 at 'Thr-160' in a cyclin-dependent manner.	mapped	protein_ids_from_disgenet
81620	CDT1	Q9H211	9606.ENSP00000301019	CDT1	9606	DNA replication factor Cdt1; Required for both DNA replication and mitosis. DNA replication licensing factor, required for pre- replication complex assembly. Cooperates with CDC6 and the origin recognition complex (ORC) during G1 phase of the cell cycle to promote the loading of the mini-chromosome maintenance (MCM) complex onto DNA to generate pre-replication complexes (pre-RC). Required also for mitosis by promoting stable kinetochore-microtubule attachments. Potential oncogene (By similarity). Belongs to the Cdt1 family.	mapped	protein_ids_from_disgenet
1050	CEBPA	P49715	9606.ENSP00000427514	CEBPA	9606	CCAAT/enhancer-binding protein alpha; Transcription factor that coordinates proliferation arrest and the differentiation of myeloid progenitors, adipocytes, hepatocytes, and cells of the lung and the placenta. Binds directly to the consensus DNA sequence 5'-T[TG]NNGNAA[TG]-3' acting as an activator on distinct target genes. During early embryogenesis, plays essential and redundant functions with CEBPB. Essential for the transition from common myeloid progenitors (CMP) to granulocyte/monocyte progenitors (GMP). Critical for the proper development of the liver and the lung (By similarity [...] 	mapped	protein_ids_from_disgenet
1051	CEBPB	P17676	9606.ENSP00000305422	CEBPB	9606	CCAAT/enhancer-binding protein beta; Important transcription factor regulating the expression of genes involved in immune and inflammatory responses. Plays also a significant role in adipogenesis, as well as in the gluconeogenic pathway, liver regeneration, and hematopoiesis. The consensus recognition site is 5'-T[TG]NNGNAA[TG]-3'. Its functional capacity is governed by protein interactions and post-translational protein modifications. During early embryogenesis, plays essential and redundant functions with CEBPA. Has a promitotic effect on many cell types such as hepatocytes and adipo [...] 	mapped	protein_ids_from_disgenet
1052	CEBPD	P49716	9606.ENSP00000386165	CEBPD	9606	CCAAT/enhancer-binding protein delta; Transcription activator that recognizes two different DNA motifs: the CCAAT homology common to many promoters and the enhanced core homology common to many enhancers. Important transcription factor regulating the expression of genes involved in immune and inflammatory responses. Transcriptional activator that enhances IL6 transcription alone and as heterodimer with CEBPB ; Belongs to the bZIP family. C/EBP subfamily.	mapped	protein_ids_from_disgenet
1951	CELSR3	Q9NYQ7	9606.ENSP00000164024	CELSR3	9606	Cadherin EGF LAG seven-pass G-type receptor 3; Receptor that may have an important role in cell/cell signaling during nervous system formation; Belongs to the G-protein coupled receptor 2 family. LN-TM7 subfamily.	mapped	protein_ids_from_disgenet
1058	CENPA	P49450	9606.ENSP00000336868	CENPA	9606	Histone H3-like centromeric protein A; Histone H3-like nucleosomal protein that is specifically found in centromeric nucleosomes. Replaces conventional H3 in the nucleosome core of centromeric chromatin at the inner plate of the kinetochore. The presence of CENPA subtly modifies the nucleosome structure and the way DNA is wrapped around the nucleosome and gives rise to protruding DNA ends that are less well-ordered and rigid compared to nucleosomes containing histone H3. May serve as an epigenetic mark that propagates centromere identity through replication and cell division. Required  [...] 	mapped	protein_ids_from_disgenet
1060	CENPC	Q03188	9606.ENSP00000273853	CENPC	9606	Centromere protein C; Component of the CENPA-NAC (nucleosome-associated) complex, a complex that plays a central role in assembly of kinetochore proteins, mitotic progression and chromosome segregation. The CENPA-NAC complex recruits the CENPA-CAD (nucleosome distal) complex and may be involved in incorporation of newly synthesized CENPA into centromeres. CENPC recruits DNA methylation and DNMT3B to both centromeric and pericentromeric satellite repeats and regulates the histone code in these regions.	mapped	protein_ids_from_disgenet
1062	CENPE	Q02224	9606.ENSP00000265148	CENPE	9606	Centromere-associated protein E; Microtubule plus-end-directed kinetochore motor which plays an important role in chromosome congression, microtubule-kinetochore conjugation and spindle assembly checkpoint activation. Drives chromosome congression (alignment of chromosomes at the spindle equator resulting in the formation of the metaphase plate) by mediating the lateral sliding of polar chromosomes along spindle microtubules towards the spindle equator and by aiding the establishment and maintenance of connections between kinetochores and spindle microtubules. The transport of pole-pro [...] 	mapped	protein_ids_from_disgenet
1063	CENPF	P49454	9606.ENSP00000355922	CENPF	9606	Centromere protein F; Required for kinetochore function and chromosome segregation in mitosis. Required for kinetochore localization of dynein, LIS1, NDE1 and NDEL1. Regulates recycling of the plasma membrane by acting as a link between recycling vesicles and the microtubule network though its association with STX4 and SNAP25. Acts as a potential inhibitor of pocket protein-mediated cellular processes during development by regulating the activity of RB proteins during cell division and proliferation. May play a regulatory or permissive role in the normal embryonic cardiomyocyte cell cy [...] 	mapped	protein_ids_from_disgenet
79019	CENPM	Q9NSP4	9606.ENSP00000215980	CENPM	9606	Centromere protein M; Component of the CENPA-NAC (nucleosome-associated) complex, a complex that plays a central role in assembly of kinetochore proteins, mitotic progression and chromosome segregation. The CENPA-NAC complex recruits the CENPA-CAD (nucleosome distal) complex and may be involved in incorporation of newly synthesized CENPA into centromeres.	mapped	protein_ids_from_disgenet
79682	CENPU	Q71F23	9606.ENSP00000281453	CENPU	9606	Centromere protein U; Component of the CENPA-NAC (nucleosome-associated) complex, a complex that plays a central role in assembly of kinetochore proteins, mitotic progression and chromosome segregation. The CENPA-NAC complex recruits the CENPA-CAD (nucleosome distal) complex and may be involved in incorporation of newly synthesized CENPA into centromeres. Plays an important role in the correct PLK1 localization to the mitotic kinetochores. A scaffold protein responsible for the initial recruitment and maintenance of the kinetochore PLK1 population until its degradation. Involved in tra [...] 	mapped	protein_ids_from_disgenet
387103	CENPW	Q5EE01	9606.ENSP00000357308	CENPW	9606	Centromere protein W; Component of the CENPA-NAC (nucleosome-associated) complex, a complex that plays a central role in assembly of kinetochore proteins, mitotic progression and chromosome segregation (By similarity). The CENPA-NAC complex recruits the CENPA-CAD (nucleosome distal) complex and may be involved in incorporation of newly synthesized CENPA into centromeres (By similarity). Part of a nucleosome-associated complex that binds specifically to histone H3-containing nucleosomes at the centromere, as opposed to nucleosomes containing CENPA. Component of the heterotetrameric CENP [...] 	mapped	protein_ids_from_disgenet
22994	CEP131	Q9UPN4	9606.ENSP00000269392	CEP131	9606	Centrosomal protein of 131 kDa; Component of centriolar satellites contributing to the building of a complex and dynamic network required to regulate cilia/flagellum formation. In proliferating cells, MIB1-mediated ubiquitination induces its sequestration within centriolar satellites, precluding untimely cilia formation initiation. In contrast, during normal and ultraviolet or heat shock cellular stress-induced ciliogenesis, its non-ubiquitinated form is rapidly displaced from centriolar satellites and recruited to centrosome/basal bodies in a microtubule- and p38 MAPK-dependent manner [...] 	mapped	protein_ids_from_disgenet
22897	CEP164	Q9UPV0	9606.ENSP00000278935	CEP164	9606	Centrosomal protein of 164 kDa; Plays a role in microtubule organization and/or maintenance for the formation of primary cilia (PC), a microtubule-based structure that protrudes from the surface of epithelial cells. Plays a critical role in G2/M checkpoint and nuclear divisions. A key player in the DNA damage-activated ATR/ATM signaling cascade since it is required for the proper phosphorylation of H2AX, RPA, CHEK2 and CHEK1. Plays a critical role in chromosome segregation, acting as a mediator required for the maintenance of genomic stability through modulation of MDC1, RPA and CHEK1.	mapped	protein_ids_from_disgenet
55165	CEP55	Q53EZ4	9606.ENSP00000360540	CEP55	9606	Centrosomal protein of 55 kDa; Plays a role in mitotic exit and cytokinesis. Recruits PDCD6IP and TSG101 to midbody during cytokinesis. Required for successful completion of cytokinesis. Not required for microtubule nucleation. Plays a role in the development of the brain and kidney.	mapped	protein_ids_from_disgenet
5199	CFP	P27918	9606.ENSP00000247153	CFP	9606	Properdin; A positive regulator of the alternate pathway (AP) of complement. It binds to and stabilizes the C3- and C5-convertase enzyme complexes. Inhibits CFI-CFH mediated degradation of Complement C3 beta chain (C3b).	mapped	protein_ids_from_disgenet
8208	CHAF1B	Q13112	9606.ENSP00000315700	CHAF1B	9606	Chromatin assembly factor 1 subunit B; Complex that is thought to mediate chromatin assembly in DNA replication and DNA repair. Assembles histone octamers onto replicating DNA in vitro. CAF-1 performs the first step of the nucleosome assembly process, bringing newly synthesized histones H3 and H4 to replicating DNA; histones H2A/H2B can bind to this chromatin precursor subsequent to DNA replication to complete the histone octamer. Belongs to the WD repeat HIR1 family.	mapped	protein_ids_from_disgenet
1131	CHRM3	P20309	9606.ENSP00000255380	CHRM3	9606	Muscarinic acetylcholine receptor M3; The muscarinic acetylcholine receptor mediates various cellular responses, including inhibition of adenylate cyclase, breakdown of phosphoinositides and modulation of potassium channels through the action of G proteins. Primary transducing effect is Pi turnover.	mapped	protein_ids_from_disgenet
150468	CKAP2L	Q8IYA6	9606.ENSP00000305204	CKAP2L	9606	Cytoskeleton-associated protein 2-like; Microtubule-associated protein required for mitotic spindle formation and cell-cycle progression in neural progenitor cells.	mapped	protein_ids_from_disgenet
51266	CLEC1B	Q9P126	9606.ENSP00000298527	CLEC1B	9606	C-type lectin domain family 1 member B; C-type lectin-like receptor that functions as a platelet receptor for the lymphatic endothelial marker, PDPN. After ligand activation, signals via sequential activation of SRC and SYK tyrosine kinases leading to activation of PLCG2. (Microbial infection) Acts as an attachment factor for Human immunodeficiency virus type 1 (HIV-1) and facilitates its capture by platelets.	mapped	protein_ids_from_disgenet
339390	CLEC4G	Q6UXB4	9606.ENSP00000327599	CLEC4G	9606	C-type lectin domain family 4 member G; Binds mannose, N-acetylglucosamine (GlcNAc) and fucose, but not galactose, in a Ca(2+)-dependent manner, in vitro.  (Microbial infection) Acts as a receptor for Ebolavirus.  (Microbial infection) Acts as a receptor for Lassa virus and Lymphocytic choriomeningitis virus glycoprotein.	mapped	protein_ids_from_disgenet
10332	CLEC4M	Q9H2X3	9606.ENSP00000316228	CLEC4M	9606	C-type lectin domain family 4 member M; Probable pathogen-recognition receptor involved in peripheral immune surveillance in liver. May mediate the endocytosis of pathogens which are subsequently degraded in lysosomal compartments. Is a receptor for ICAM3, probably by binding to mannose-like carbohydrates.  (Microbial infection) Acts as an attachment receptor for Hepatitis C virus. (Microbial infection) Acts as an attachment receptor for Human coronavirus 229E. (Microbial infection) Acts as an attachment receptor for Influenzavirus. (Microbial infection) Acts as an attachment receptor  [...] 	mapped	protein_ids_from_disgenet
81037	CLPTM1L	Q96KA5	9606.ENSP00000313854	CLPTM1L	9606	Cleft lip and palate transmembrane protein 1-like protein; Enhances cisplatin-mediated apoptosis, when overexpressed. Belongs to the CLPTM1 family.	mapped	protein_ids_from_disgenet
57393	CLTRN	Q9HBJ8	9606.ENSP00000369699	CLTRN	9606	Collectrin; Plays an important role in amino acid transport by acting as binding partner of amino acid transporters SLC6A18 and SLC6A19, regulating their trafficking on the cell surface and their amino acid transporter activity (By similarity). May also play a role in trafficking of amino acid transporters SLC3A1 and SLC7A9 to the renal cortical cell membrane (By similarity). Regulator of SNARE complex function. Stimulator of beta cell replication.	mapped	protein_ids_from_disgenet
84735	CNDP1	Q96KN2	9606.ENSP00000351682	CNDP1	9606	Carnosine dipeptidase 1; Belongs to the peptidase M20A family.	mapped	protein_ids_from_disgenet
1268	CNR1	P21554	9606.ENSP00000358513	CNR1	9606	Cannabinoid receptor 1; G-protein coupled receptor for endogenous cannabinoids (eCBs), including N-arachidonoylethanolamide (also called anandamide or AEA) and 2-arachidonoylglycerol (2-AG), as well as phytocannabinoids, such as delta(9)-tetrahydrocannabinol (THC). Mediates many cannabinoid-induced effects, acting, among others, on food intake, memory loss, gastrointestinal motility, catalepsy, ambulatory activity, anxiety, chronic pain. Signaling typically involves reduction in cyclic AMP. In the hypothalamus, may have a dual effect on mitochondrial respiration depending upon the agon [...] 	mapped	protein_ids_from_disgenet
1269	CNR2	P34972	9606.ENSP00000363596	CNR2	9606	Cannabinoid receptor 2; Heterotrimeric G protein-coupled receptor for endocannabinoid 2-arachidonoylglycerol mediating inhibition of adenylate cyclase. May function in inflammatory response, nociceptive transmission and bone homeostasis.	mapped	protein_ids_from_disgenet
85445	CNTNAP4	Q9C0A0	9606.ENSP00000479811	CNTNAP4	9606	Contactin-associated protein-like 4; Presynaptic protein involved in both dopaminergic synaptic transmission and GABAergic system, thereby participating in the structural maturation of inhibitory interneuron synapses. Involved in the dopaminergic synaptic transmission by attenuating dopamine release through a presynaptic mechanism. Also participates in the GABAergic system (By similarity).	mapped	protein_ids_from_disgenet
22837	COBLL1	Q53SF7	9606.ENSP00000487041	COBLL1	9606	Cordon-bleu WH2 repeat protein like 1.	mapped	protein_ids_from_disgenet
1306	COL15A1	P39059	9606.ENSP00000364140	COL15A1	9606	Collagen alpha-1(XV) chain; Structural protein that stabilizes microvessels and muscle cells, both in heart and in skeletal muscle.	mapped	protein_ids_from_disgenet
1277	COL1A1	P02452	9606.ENSP00000225964	COL1A1	9606	Collagen alpha-1(I) chain; Type I collagen is a member of group I collagen (fibrillar forming collagen).	mapped	protein_ids_from_disgenet
1278	COL1A2	P08123	9606.ENSP00000297268	COL1A2	9606	Collagen alpha-2(I) chain; Type I collagen is a member of group I collagen (fibrillar forming collagen); Belongs to the fibrillar collagen family.	mapped	protein_ids_from_disgenet
1281	COL3A1	P02461	9606.ENSP00000304408	COL3A1	9606	Collagen alpha-1(III) chain; Collagen type III occurs in most soft connective tissues along with type I collagen. Involved in regulation of cortical development. Is the major ligand of ADGRG1 in the developing brain and binding to ADGRG1 inhibits neuronal migration and activates the RhoA pathway by coupling ADGRG1 to GNA13 and possibly GNA12.	mapped	protein_ids_from_disgenet
1290	COL5A2	P05997	9606.ENSP00000364000	COL5A2	9606	Collagen alpha-2(V) chain; Type V collagen is a member of group I collagen (fibrillar forming collagen). It is a minor connective tissue component of nearly ubiquitous distribution. Type V collagen binds to DNA, heparan sulfate, thrombospondin, heparin, and insulin. Type V collagen is a key determinant in the assembly of tissue-specific matrices (By similarity).	mapped	protein_ids_from_disgenet
10584	COLEC10	Q9Y6Z7	9606.ENSP00000332723	COLEC10	9606	Collectin-10; Lectin that binds to various sugars: galactose > mannose = fucose > N-acetylglucosamine > N-acetylgalactosamine. Acts as a chemoattractant, probably involved in the regulation of cell migration ; Belongs to the COLEC10/COLEC11 family.	mapped	protein_ids_from_disgenet
150684	COMMD1	Q8N668	9606.ENSP00000308236	COMMD1	9606	COMM domain-containing protein 1; Proposed scaffold protein that is implicated in diverse physiological processes and whose function may be in part linked to its ability to regulate ubiquitination of specific cellular proteins. Can modulate activity of cullin-RING E3 ubiquitin ligase (CRL) complexes by displacing CAND1; in vitro promotes CRL E3 activity and dissociates CAND1 from CUL1 and CUL2. Promotes ubiquitination of NF-kappa-B subunit RELA and its subsequent proteasomal degradation. Down-regulates NF-kappa-B activity. Involved in the regulation of membrane expression and ubiquitin [...] 	mapped	protein_ids_from_disgenet
1312	COMT	P21964	9606.ENSP00000354511	COMT	9606	Catechol O-methyltransferase; Catalyzes the O-methylation, and thereby the inactivation, of catecholamine neurotransmitters and catechol hormones. Also shortens the biological half-lives of certain neuroactive drugs, like L-DOPA, alpha-methyl DOPA and isoproterenol; Belongs to the class I-like SAM-binding methyltransferase superfamily. Cation-dependent O-methyltransferase family.	mapped	protein_ids_from_disgenet
10987	COPS5	Q92905	9606.ENSP00000350512	COPS5	9606	COP9 signalosome complex subunit 5; Probable protease subunit of the COP9 signalosome complex (CSN), a complex involved in various cellular and developmental processes. The CSN complex is an essential regulator of the ubiquitin (Ubl) conjugation pathway by mediating the deneddylation of the cullin subunits of the SCF-type E3 ligase complexes, leading to decrease the Ubl ligase activity of SCF-type complexes such as SCF, CSA or DDB2. The complex is also involved in phosphorylation of p53/TP53, c-jun/JUN, IkappaBalpha/NFKBIA, ITPK1 and IRF8, possibly via its association with CK2 and PKD  [...] 	mapped	protein_ids_from_disgenet
170712	COX7B2	Q8TF08	9606.ENSP00000379784	COX7B2	9606	Cytochrome c oxidase subunit 7B2, mitochondrial; Component of the cytochrome c oxidase, the last enzyme in the mitochondrial electron transport chain which drives oxidative phosphorylation. The respiratory chain contains 3 multisubunit complexes succinate dehydrogenase (complex II, CII), ubiquinol- cytochrome c oxidoreductase (cytochrome b-c1 complex, complex III, CIII) and cytochrome c oxidase (complex IV, CIV), that cooperate to transfer electrons derived from NADH and succinate to molecular oxygen, creating an electrochemical gradient over the inner membrane that drives transmembran [...] 	mapped	protein_ids_from_disgenet
1356	CP	P00450	9606.ENSP00000264613	CP	9606	Ceruloplasmin; Ceruloplasmin is a blue, copper-binding (6-7 atoms per molecule) glycoprotein. It has ferroxidase activity oxidizing Fe(2+) to Fe(3+) without releasing radical oxygen species. It is involved in iron transport across the cell membrane. Provides Cu(2+) ions for the ascorbate-mediated deaminase degradation of the heparan sulfate chains of GPC1. May also play a role in fetal lung development or pulmonary antioxidant defense (By similarity).	mapped	protein_ids_from_disgenet
22849	CPEB3	Q8NE35	9606.ENSP00000265997	CPEB3	9606	Cytoplasmic polyadenylation element-binding protein 3; Sequence-specific RNA-binding protein which acts as a translational repressor in the basal unstimulated state but, following neuronal stimulation, acts as a translational activator (By similarity). In contrast to CPEB1, does not bind to the cytoplasmic polyadenylation element (CPE), a uridine-rich sequence element within the mRNA 3'-UTR, but binds to a U-rich loop within a stem-loop structure (By similarity). Required for the consolidation and maintenance of hippocampal-based long term memory (By similarity). In the basal state, bi [...] 	mapped	protein_ids_from_disgenet
1374	CPT1A	P50416	9606.ENSP00000265641	CPT1A	9606	Carnitine O-palmitoyltransferase 1, liver isoform; Catalyzes the transfer of the acyl group of long-chain fatty acid-CoA conjugates onto carnitine, an essential step for the mitochondrial uptake of long-chain fatty acids and their subsequent beta-oxidation in the mitochondrion. Plays an important role in triglyceride metabolism.	mapped	protein_ids_from_disgenet
1393	CRHBP	P24387	9606.ENSP00000274368	CRHBP	9606	Corticotropin-releasing factor-binding protein; Binds CRF and inactivates it. May prevent inappropriate pituitary-adrenal stimulation in pregnancy; Belongs to the CRF-binding protein family.	mapped	protein_ids_from_disgenet
1401	CRP	P02741	9606.ENSP00000255030	CRP	9606	C-reactive protein(1-205); Displays several functions associated with host defense: it promotes agglutination, bacterial capsular swelling, phagocytosis and complement fixation through its calcium-dependent binding to phosphorylcholine. Can interact with DNA and histones and may scavenge nuclear material released from damaged circulating cells.	mapped	protein_ids_from_disgenet
1436	CSF1R	P07333	9606.ENSP00000286301	CSF1R	9606	Macrophage colony-stimulating factor 1 receptor; Tyrosine-protein kinase that acts as cell-surface receptor for CSF1 and IL34 and plays an essential role in the regulation of survival, proliferation and differentiation of hematopoietic precursor cells, especially mononuclear phagocytes, such as macrophages and monocytes. Promotes the release of proinflammatory chemokines in response to IL34 and CSF1, and thereby plays an important role in innate immunity and in inflammatory processes. Plays an important role in the regulation of osteoclast proliferation and differentiation, the regulat [...] 	mapped	protein_ids_from_disgenet
1437	CSF2	P04141	9606.ENSP00000296871	CSF2	9606	Granulocyte-macrophage colony-stimulating factor; Cytokine that stimulates the growth and differentiation of hematopoietic precursor cells from various lineages, including granulocytes, macrophages, eosinophils and erythrocytes. Belongs to the GM-CSF family.	mapped	protein_ids_from_disgenet
64478	CSMD1	Q96PZ7	9606.ENSP00000489225	CSMD1	9606	CUB and sushi domain-containing protein 1; Potential suppressor of squamous cell carcinomas.	mapped	protein_ids_from_disgenet
1464	CSPG4	Q6UVK1	9606.ENSP00000312506	CSPG4	9606	Chondroitin sulfate proteoglycan 4; Proteoglycan playing a role in cell proliferation and migration which stimulates endothelial cells motility during microvascular morphogenesis. May also inhibit neurite outgrowth and growth cone collapse during axon regeneration. Cell surface receptor for collagen alpha 2(VI) which may confer cells ability to migrate on that substrate. Binds through its extracellular N-terminus growth factors, extracellular matrix proteases modulating their activity. May regulate MPP16-dependent degradation and invasion of type I collagen participating in melanoma ce [...] 	mapped	protein_ids_from_disgenet
64651	CSRNP1	Q96S65	9606.ENSP00000273153	CSRNP1	9606	Cysteine/serine-rich nuclear protein 1; Binds to the consensus sequence 5'-AGAGTG-3' and has transcriptional activator activity (By similarity). May have a tumor- suppressor function. May play a role in apoptosis; Belongs to the AXUD1 family.	mapped	protein_ids_from_disgenet
1493	CTLA4	P16410	9606.ENSP00000497102	CTLA4	9606	Cytotoxic T-lymphocyte protein 4; Inhibitory receptor acting as a major negative regulator of T-cell responses. The affinity of CTLA4 for its natural B7 family ligands, CD80 and CD86, is considerably stronger than the affinity of their cognate stimulatory coreceptor CD28.	mapped	protein_ids_from_disgenet
1499	CTNNB1	P35222	9606.ENSP00000495360	CTNNB1	9606	Catenin beta-1; Key downstream component of the canonical Wnt signaling pathway. In the absence of Wnt, forms a complex with AXIN1, AXIN2, APC, CSNK1A1 and GSK3B that promotes phosphorylation on N-terminal Ser and Thr residues and ubiquitination of CTNNB1 via BTRC and its subsequent degradation by the proteasome. In the presence of Wnt ligand, CTNNB1 is not ubiquitinated and accumulates in the nucleus, where it acts as a coactivator for transcription factors of the TCF/LEF family, leading to activate Wnt responsive genes. Involved in the regulation of cell adhesion, as component of an  [...] 	mapped	protein_ids_from_disgenet
1509	CTSD	P07339	9606.ENSP00000236671	CTSD	9606	Cathepsin D heavy chain; Acid protease active in intracellular protein breakdown. Plays a role in APP processing following cleavage and activation by ADAM30 which leads to APP degradation. Involved in the pathogenesis of several diseases such as breast cancer and possibly Alzheimer disease.	mapped	protein_ids_from_disgenet
6387	CXCL12	P48061	9606.ENSP00000379140	CXCL12	9606	Stromal cell-derived factor 1; Chemoattractant active on T-lymphocytes and monocytes but not neutrophils. Activates the C-X-C chemokine receptor CXCR4 to induce a rapid and transient rise in the level of intracellular calcium ions and chemotaxis. SDF-1-beta(3-72) and SDF-1-alpha(3-67) show a reduced chemotactic activity. Binding to cell surface proteoglycans seems to inhibit formation of SDF-1-alpha(3-67) and thus to preserve activity on local sites. Also binds to atypical chemokine receptor ACKR3, which activates the beta-arrestin pathway and acts as a scavenger receptor for SDF-1. Bi [...] 	mapped	protein_ids_from_disgenet
9547	CXCL14	O95715	9606.ENSP00000337065	CXCL14	9606	C-X-C motif chemokine 14; Potent chemoattractant for neutrophils, and weaker for dendritic cells. Not chemotactic for T-cells, B-cells, monocytes, natural killer cells or granulocytes. Does not inhibit proliferation of myeloid progenitors in colony formation assays.	mapped	protein_ids_from_disgenet
3576	CXCL8	P10145	9606.ENSP00000306512	CXCL8	9606	Interleukin-8; IL-8 is a chemotactic factor that attracts neutrophils, basophils, and T-cells, but not monocytes. It is also involved in neutrophil activation. It is released from several cell types in response to an inflammatory stimulus. IL-8(6-77) has a 5-10-fold higher activity on neutrophil activation, IL-8(5-77) has increased activity on neutrophil activation and IL-8(7-77) has a higher affinity to receptors CXCR1 and CXCR2 as compared to IL-8(1-77), respectively.	mapped	protein_ids_from_disgenet
1535	CYBA	P13498	9606.ENSP00000261623	CYBA	9606	Cytochrome b-245 light chain; Critical component of the membrane-bound oxidase of phagocytes that generates superoxide. Associates with NOX3 to form a functional NADPH oxidase constitutively generating superoxide. Belongs to the p22phox family.	mapped	protein_ids_from_disgenet
1540	CYLD	Q9NQC7	9606.ENSP00000392025	CYLD	9606	Ubiquitin carboxyl-terminal hydrolase CYLD; Deubiquitinase that specifically cleaves 'Lys-63'- and linear 'Met-1'-linked polyubiquitin chains and is involved in NF-kappa-B activation and TNF-alpha-induced necroptosis. Plays an important role in the regulation of pathways leading to NF-kappa-B activation. Contributes to the regulation of cell survival, proliferation and differentiation via its effects on NF- kappa-B activation. Negative regulator of Wnt signaling. Inhibits HDAC6 and thereby promotes acetylation of alpha-tubulin and stabilization of microtubules. Plays a role in the regu [...] 	mapped	protein_ids_from_disgenet
1586	CYP17A1	P05093	9606.ENSP00000358903	CYP17A1	9606	Steroid 17-alpha-hydroxylase/17,20 lyase; A cytochrome P450 monooxygenase involved in corticoid and androgen biosynthesis. Catalyzes 17-alpha hydroxylation of C21 steroids, which is common for both pathways. A second oxidative step, required only for androgen synthesis, involves an acyl-carbon cleavage. The 17-alpha hydroxy intermediates, as part of adrenal glucocorticoids biosynthesis pathway, are precursors of cortisol  (Probable). Hydroxylates steroid hormones, pregnenolone and progesterone to form 17-alpha hydroxy metabolites, followed by the cleavage of the C17-C20 bond to form C1 [...] 	mapped	protein_ids_from_disgenet
1543	CYP1A1	P04798	9606.ENSP00000378488	CYP1A1	9606	Cytochrome P450 1A1; A cytochrome P450 monooxygenase involved in the metabolism of various endogenous substrates, including fatty acids, steroid hormones and vitamins. Mechanistically, uses molecular oxygen inserting one oxygen atom into a substrate, and reducing the second into a water molecule, with two electrons provided by NADPH via cytochrome P450 reductase (NADPH--hemoprotein reductase). Catalyzes the hydroxylation of carbon-hydrogen bonds. Exhibits high catalytic activity for the formation of hydroxyestrogens from estrone (E1) and 17beta-estradiol (E2), namely 2-hydroxy E1 and E [...] 	mapped	protein_ids_from_disgenet
1544	CYP1A2	P05177	9606.ENSP00000342007	CYP1A2	9606	Cytochrome P450 1A2; A cytochrome P450 monooxygenase involved in the metabolism of various endogenous substrates, including fatty acids, steroid hormones and vitamins. Mechanistically, uses molecular oxygen inserting one oxygen atom into a substrate, and reducing the second into a water molecule, with two electrons provided by NADPH via cytochrome P450 reductase (NADPH--hemoprotein reductase). Catalyzes the hydroxylation of carbon-hydrogen bonds. Exhibits high catalytic activity for the formation of hydroxyestrogens from estrone (E1) and 17beta- estradiol (E2), namely 2-hydroxy E1 and  [...] 	mapped	protein_ids_from_disgenet
1593	CYP27A1	Q02318	9606.ENSP00000258415	CYP27A1	9606	Sterol 26-hydroxylase, mitochondrial; Cytochrome P450 monooxygenase that catalyzes regio- and stereospecific hydroxylation of cholesterol and its derivatives. Hydroxylates (with R stereochemistry) the terminal methyl group of cholesterol side-chain in a three step reaction to yield at first a C26 alcohol, then a C26 aldehyde and finally a C26 acid. Regulates cholesterol homeostasis by catalyzing the conversion of excess cholesterol to bile acids via both the 'neutral' (classic) and the 'acid' (alternative) pathways. May also regulate cholesterol homeostasis via generation of active oxy [...] 	mapped	protein_ids_from_disgenet
1555	CYP2B6	P20813	9606.ENSP00000324648	CYP2B6	9606	Cytochrome P450 2B6; A cytochrome P450 monooxygenase involved in the metabolism of endocannabinoids and steroids. Mechanistically, uses molecular oxygen inserting one oxygen atom into a substrate, and reducing the second into a water molecule, with two electrons provided by NADPH via cytochrome P450 reductase (NADPH-- hemoprotein reductase). Catalyzes the epoxidation of double bonds of arachidonoylethanolamide (anandamide) to 8,9-, 11,12-, and 14,15- epoxyeicosatrienoic acid ethanolamides (EpETrE-EAs), potentially modulating endocannabinoid system signaling. Hydroxylates steroid hormon [...] 	mapped	protein_ids_from_disgenet
1557	CYP2C19	P33261	9606.ENSP00000360372	CYP2C19	9606	Cytochrome P450 2C19; A cytochrome P450 monooxygenase involved in the metabolism of polyunsaturated fatty acids (PUFA). Mechanistically, uses molecular oxygen inserting one oxygen atom into a substrate, and reducing the second into a water molecule, with two electrons provided by NADPH via cytochrome P450 reductase (NADPH--hemoprotein reductase). Catalyzes the hydroxylation of carbon-hydrogen bonds. Hydroxylates PUFA specifically at the omega-1 position. Catalyzes the epoxidation of double bonds of PUFA. Also metabolizes plant monoterpenes such as limonene. Oxygenates (R)- and (S)-limo [...] 	mapped	protein_ids_from_disgenet
1558	CYP2C8	P10632	9606.ENSP00000360317	CYP2C8	9606	Cytochrome P450 2C8; A cytochrome P450 monooxygenase involved in the metabolism of various endogenous substrates, including fatty acids, steroid hormones and vitamins. Mechanistically, uses molecular oxygen inserting one oxygen atom into a substrate, and reducing the second into a water molecule, with two electrons provided by NADPH via cytochrome P450 reductase (NADPH--hemoprotein reductase). Primarily catalyzes the epoxidation of double bonds of polyunsaturated fatty acids (PUFA) with a preference for the last double bond. Catalyzes the hydroxylation of carbon-hydrogen bonds. Metabol [...] 	mapped	protein_ids_from_disgenet
1571	CYP2E1	P05181	9606.ENSP00000440689	CYP2E1	9606	Cytochrome P450 2E1; A cytochrome P450 monooxygenase involved in the metabolism of fatty acids. Mechanistically, uses molecular oxygen inserting one oxygen atom into a substrate, and reducing the second into a water molecule, with two electrons provided by NADPH via cytochrome P450 reductase (NADPH--hemoprotein reductase). Catalyzes the hydroxylation of carbon-hydrogen bonds. Hydroxylates fatty acids specifically at the omega-1 position displaying the highest catalytic activity for saturated fatty acids. May be involved in the oxidative metabolism of xenobiotics (Probable).	mapped	protein_ids_from_disgenet
120227	CYP2R1	Q6VVX0	9606.ENSP00000334592	CYP2R1	9606	Vitamin D 25-hydroxylase; Has a D-25-hydroxylase activity on both forms of vitamin D, vitamin D(2) and D(3).	mapped	protein_ids_from_disgenet
51302	CYP39A1	Q9NYL5	9606.ENSP00000275016	CYP39A1	9606	24-hydroxycholesterol 7-alpha-hydroxylase; A cytochrome P450 monooxygenase involved in neural cholesterol clearance through bile acid synthesis. Catalyzes 7-alpha hydroxylation of (24S)- hydroxycholesterol, a neural oxysterol that is metabolized to bile acids in the liver. Mechanistically, uses molecular oxygen inserting one oxygen atom into a substrate, and reducing the second into a water molecule, with two electrons provided by NADPH via cytochrome P450 reductase (CPR; NADPH-ferrihemoprotein reductase).	mapped	protein_ids_from_disgenet
1621	DBH	P09172	9606.ENSP00000376776	DBH	9606	Soluble dopamine beta-hydroxylase; Conversion of dopamine to noradrenaline.	mapped	protein_ids_from_disgenet
1634	DCN	P07585	9606.ENSP00000052754	DCN	9606	Decorin; May affect the rate of fibrils formation.	mapped	protein_ids_from_disgenet
55635	DEPDC1	Q5TB30	9606.ENSP00000412292	DEPDC1	9606	DEP domain-containing protein 1A; May be involved in transcriptional regulation as a transcriptional corepressor. The DEPDC1A-ZNF224 complex may play a critical role in bladder carcinogenesis by repressing the transcription of the A20 gene, leading to transport of NF-KB protein into the nucleus, resulting in suppression of apoptosis of bladder cancer cells.	mapped	protein_ids_from_disgenet
55789	DEPDC1B	Q8WUY9	9606.ENSP00000265036	DEPDC1B	9606	DEP domain containing 1B.	mapped	protein_ids_from_disgenet
9681	DEPDC5	O75140	9606.ENSP00000498382	DEPDC5	9606	GATOR complex protein DEPDC5; As a component of the GATOR1 complex functions as an inhibitor of the amino acid-sensing branch of the TORC1 pathway. The GATOR1 complex strongly increases GTP hydrolysis by RRAGA and RRAGB within RRAGC-containing heterodimers, thereby deactivating RRAGs, releasing mTORC1 from lysosomal surface and inhibiting mTORC1 signaling. The GATOR1 complex is negatively regulated by GATOR2 the other GATOR subcomplex in this amino acid-sensing branch of the TORC1 pathway; Belongs to the IML1 family.	mapped	protein_ids_from_disgenet
84649	DGAT2	Q96PD7	9606.ENSP00000228027	DGAT2	9606	Diacylglycerol O-acyltransferase 2; Essential acyltransferase that catalyzes the terminal and only committed step in triacylglycerol synthesis by using diacylglycerol and fatty acyl CoA as substrates. Required for synthesis and storage of intracellular triglycerides. Probably plays a central role in cytosolic lipid accumulation. In liver, is primarily responsible for incorporating endogenously synthesized fatty acids into triglycerides (By similarity). Functions also as an acyl-CoA retinol acyltransferase (ARAT).	mapped	protein_ids_from_disgenet
1717	DHCR7	Q9UBM7	9606.ENSP00000347717	DHCR7	9606	7-dehydrocholesterol reductase; Production of cholesterol by reduction of C7-C8 double bond of 7-dehydrocholesterol (7-DHC); Belongs to the ERG4/ERG24 family.	mapped	protein_ids_from_disgenet
23405	DICER1	Q9UPY3	9606.ENSP00000437256	DICER1	9606	Endoribonuclease Dicer; Double-stranded RNA (dsRNA) endoribonuclease playing a central role in short dsRNA-mediated post-transcriptional gene silencing. Cleaves naturally occurring long dsRNAs and short hairpin pre-microRNAs (miRNA) into fragments of twenty-one to twenty-three nucleotides with 3' overhang of two nucleotides, producing respectively short interfering RNAs (siRNA) and mature microRNAs. SiRNAs and miRNAs serve as guide to direct the RNA-induced silencing complex (RISC) to complementary RNAs to degrade them or prevent their translation. Gene silencing mediated by siRNAs, al [...] 	mapped	protein_ids_from_disgenet
79742	DIPK2B	Q9H7Y0	9606.ENSP00000381086	DIPK2B	9606	Divergent protein kinase domain 2B.	mapped	protein_ids_from_disgenet
9077	DIRAS3	O95661	9606.ENSP00000360020	DIRAS3	9606	GTP-binding protein Di-Ras3; DIRAS family GTPase 3.	mapped	protein_ids_from_disgenet
9787	DLGAP5	Q15398	9606.ENSP00000247191	DLGAP5	9606	Disks large-associated protein 5; Potential cell cycle regulator that may play a role in carcinogenesis of cancer cells. Mitotic phosphoprotein regulated by the ubiquitin-proteasome pathway. Key regulator of adherens junction integrity and differentiation that may be involved in CDH1-mediated adhesion and signaling in epithelial cells.	mapped	protein_ids_from_disgenet
9829	DNAJC6	O75061	9606.ENSP00000360108	DNAJC6	9606	Putative tyrosine-protein phosphatase auxilin; Recruits HSPA8/HSC70 to clathrin-coated vesicles and promotes uncoating of clathrin-coated vesicles. Plays a role in clathrin- mediated endocytosis in neurons (By similarity).	mapped	protein_ids_from_disgenet
1776	DNASE1L3	Q13609	9606.ENSP00000378053	DNASE1L3	9606	Deoxyribonuclease gamma; Has DNA hydrolytic activity. Is capable of both single- and double-stranded DNA cleavage, producing DNA fragments with 3'-OH ends (By similarity). Can cleave chromatin to nucleosomal units and cleaves nucleosomal and liposome-coated DNA. Acts in internucleosomal DNA fragmentation (INDF) during apoptosis and necrosis. The role in apoptosis includes myogenic and neuronal differentiation, and BCR-mediated clonal deletion of self-reactive B cells (By similarity). Is active on chromatin in apoptotic cell-derived membrane-coated microparticles and thus suppresses ant [...] 	mapped	protein_ids_from_disgenet
1806	DPYD	Q12882	9606.ENSP00000359211	DPYD	9606	Dihydropyrimidine dehydrogenase [NADP(+)]; Involved in pyrimidine base degradation. Catalyzes the reduction of uracil and thymine. Also involved the degradation of the chemotherapeutic drug 5-fluorouracil; Belongs to the dihydropyrimidine dehydrogenase family.	mapped	protein_ids_from_disgenet
1815	DRD4	P21917	9606.ENSP00000176183	DRD4	9606	D(4) dopamine receptor; Dopamine receptor responsible for neuronal signaling in the mesolimbic system of the brain, an area of the brain that regulates emotion and complex behavior. Activated by dopamine, but also by epinephrine and norepinephrine, and by numerous synthetic agonists and drugs. Agonist binding triggers signaling via G proteins that inhibit adenylyl cyclase. Modulates the circadian rhythm of contrast sensitivity by regulating the rhythmic expression of NPAS2 in the retinal ganglion cells (By similarity).	mapped	protein_ids_from_disgenet
51514	DTL	Q9NZJ0	9606.ENSP00000355958	DTL	9606	Denticleless protein homolog; Substrate-specific adapter of a DCX (DDB1-CUL4-X-box) E3 ubiquitin-protein ligase complex required for cell cycle control, DNA damage response and translesion DNA synthesis. The DCX(DTL) complex, also named CRL4(CDT2) complex, mediates the polyubiquitination and subsequent degradation of CDT1, CDKN1A/p21(CIP1), FBH1, KMT5A and SDE2. CDT1 degradation in response to DNA damage is necessary to ensure proper cell cycle regulation of DNA replication. CDKN1A/p21(CIP1) degradation during S phase or following UV irradiation is essential to control replication lice [...] 	mapped	protein_ids_from_disgenet
1869	E2F1	Q01094	9606.ENSP00000345571	E2F1	9606	Transcription factor E2F1; Transcription activator that binds DNA cooperatively with DP proteins through the E2 recognition site, 5'-TTTC[CG]CGC-3' found in the promoter region of a number of genes whose products are involved in cell cycle regulation or in DNA replication. The DRTF1/E2F complex functions in the control of cell-cycle progression from G1 to S phase. E2F1 binds preferentially RB1 in a cell-cycle dependent manner. It can mediate both cell proliferation and TP53/p53-dependent apoptosis. Blocks adipocyte differentiation by binding to specific promoters repressing CEBPA bindi [...] 	mapped	protein_ids_from_disgenet
79733	E2F8	A0AVK6	9606.ENSP00000250024	E2F8	9606	Transcription factor E2F8; Atypical E2F transcription factor that participates in various processes such as angiogenesis and polyploidization of specialized cells. Mainly acts as a transcription repressor that binds DNA independently of DP proteins and specifically recognizes the E2 recognition site 5'-TTTC[CG]CGC-3'. Directly represses transcription of classical E2F transcription factors such as E2F1: component of a feedback loop in S phase by repressing the expression of E2F1, thereby preventing p53/TP53-dependent apoptosis. Plays a key role in polyploidization of cells in placenta a [...] 	mapped	protein_ids_from_disgenet
55840	EAF2	Q96CJ1	9606.ENSP00000273668	EAF2	9606	ELL-associated factor 2; Acts as a transcriptional transactivator of TCEA1 elongation activity (By similarity). Acts as a transcriptional transactivator of ELL and ELL2 elongation activities. Potent inducer of apoptosis in prostatic and non-prostatic cell lines. Inhibits prostate tumor growth in vivo.	mapped	protein_ids_from_disgenet
1893	ECM1	Q16610	9606.ENSP00000358045	ECM1	9606	Extracellular matrix protein 1; Involved in endochondral bone formation as negative regulator of bone mineralization. Stimulates the proliferation of endothelial cells and promotes angiogenesis. Inhibits MMP9 proteolytic activity.	mapped	protein_ids_from_disgenet
1894	ECT2	Q9H8V3	9606.ENSP00000376457	ECT2	9606	Protein ECT2; Guanine nucleotide exchange factor (GEF) that catalyzes the exchange of GDP for GTP. Promotes guanine nucleotide exchange on the Rho family members of small GTPases, like RHOA, RHOC, RAC1 and CDC42. Required for signal transduction pathways involved in the regulation of cytokinesis. Component of the centralspindlin complex that serves as a microtubule-dependent and Rho-mediated signaling required for the myosin contractile ring formation during the cell cycle cytokinesis. Regulates the translocation of RHOA from the central spindle to the equatorial region. Plays a role i [...] 	mapped	protein_ids_from_disgenet
9343	EFTUD2	Q15029	9606.ENSP00000392094	EFTUD2	9606	116 kDa U5 small nuclear ribonucleoprotein component; Required for pre-mRNA splicing as component of the spliceosome, including pre-catalytic, catalytic and post-catalytic spliceosomal complexes. Component of the U5 snRNP and the U4/U6-U5 tri-snRNP complex, a building block of the spliceosome. Belongs to the TRAFAC class translation factor GTPase superfamily. Classic translation factor GTPase family. EF-G/EF-2 subfamily.	mapped	protein_ids_from_disgenet
1950	EGF	P01133	9606.ENSP00000265171	EGF	9606	Pro-epidermal growth factor; EGF stimulates the growth of various epidermal and epithelial tissues in vivo and in vitro and of some fibroblasts in cell culture. Magnesiotropic hormone that stimulates magnesium reabsorption in the renal distal convoluted tubule via engagement of EGFR and activation of the magnesium channel TRPM6. Can induce neurite outgrowth in motoneurons of the pond snail Lymnaea stagnalis in vitro.	mapped	protein_ids_from_disgenet
1956	EGFR	P00533	9606.ENSP00000275493	EGFR	9606	Epidermal growth factor receptor; Receptor tyrosine kinase binding ligands of the EGF family and activating several signaling cascades to convert extracellular cues into appropriate cellular responses. Known ligands include EGF, TGFA/TGF-alpha, AREG, epigen/EPGN, BTC/betacellulin, epiregulin/EREG and HBEGF/heparin- binding EGF. Ligand binding triggers receptor homo- and/or heterodimerization and autophosphorylation on key cytoplasmic residues. The phosphorylated receptor recruits adapter proteins like GRB2 which in turn activates complex downstream signaling cascades. Activates at leas [...] 	mapped	protein_ids_from_disgenet
1958	EGR1	P18146	9606.ENSP00000239938	EGR1	9606	Early growth response protein 1; Transcriptional regulator. Recognizes and binds to the DNA sequence 5'-GCG(T/G)GGGCG-3'(EGR-site) in the promoter region of target genes (By similarity). Binds double-stranded target DNA, irrespective of the cytosine methylation status. Regulates the transcription of numerous target genes, and thereby plays an important role in regulating the response to growth factors, DNA damage, and ischemia. Plays a role in the regulation of cell survival, proliferation and cell death. Activates expression of p53/TP53 and TGFB1, and thereby helps prevent tumor forma [...] 	mapped	protein_ids_from_disgenet
1959	EGR2	P11161	9606.ENSP00000242480	EGR2	9606	E3 SUMO-protein ligase EGR2; Sequence-specific DNA-binding transcription factor. Binds to two specific DNA sites located in the promoter region of HOXA4. Belongs to the EGR C2H2-type zinc-finger protein family.	mapped	protein_ids_from_disgenet
30845	EHD3	Q9NZN3	9606.ENSP00000327116	EHD3	9606	EH domain-containing protein 3; ATP- and membrane-binding protein that controls membrane reorganization/tubulation upon ATP hydrolysis. In vitro causes tubulation of endocytic membranes. Binding to phosphatidic acid induces its membrane tubulation activity (By similarity). Plays a role in endocytic transport. Involved in early endosome to recycling endosome compartment (ERC), retrograde early endosome to Golgi, and endosome to plasma membrane (rapid recycling) protein transport. Involved in the regulation of Golgi maintenance and morphology. Involved in the recycling of internalized D1 [...] 	mapped	protein_ids_from_disgenet
27102	EIF2AK1	Q9BQI3	9606.ENSP00000199389	EIF2AK1	9606	Eukaryotic translation initiation factor 2-alpha kinase 1; Inhibits protein synthesis at the translation initiation level, in response to various stress conditions, including oxidative stress, heme deficiency, osmotic shock and heat shock. Exerts its function through the phosphorylation of EIF2S1 at 'Ser-48' and 'Ser- 51', thus preventing its recycling. Binds hemin forming a 1:1 complex through a cysteine thiolate and histidine nitrogenous coordination. This binding occurs with moderate affinity, allowing it to sense the heme concentration within the cell. Thanks to this unique heme-se [...] 	mapped	protein_ids_from_disgenet
8667	EIF3H	O15372	9606.ENSP00000429931	EIF3H	9606	Eukaryotic translation initiation factor 3 subunit H; Component of the eukaryotic translation initiation factor 3 (eIF-3) complex, which is required for several steps in the initiation of protein synthesis. The eIF-3 complex associates with the 40S ribosome and facilitates the recruitment of eIF-1, eIF-1A, eIF-2:GTP:methionyl- tRNAi and eIF-5 to form the 43S pre-initiation complex (43S PIC). The eIF-3 complex stimulates mRNA recruitment to the 43S PIC and scanning of the mRNA for AUG recognition. The eIF-3 complex is also required for disassembly and recycling of post-termination ribos [...] 	mapped	protein_ids_from_disgenet
2023	ENO1	P06733	9606.ENSP00000495530	ENO1	9606	Alpha-enolase; Glycolytic enzyme the catalyzes the conversion of 2- phosphoglycerate to phosphoenolpyruvate. In addition to glycolysis, involved in various processes such as growth control, hypoxia tolerance and allergic responses. May also function in the intravascular and pericellular fibrinolytic system due to its ability to serve as a receptor and activator of plasminogen on the cell surface of several cell-types such as leukocytes and neurons. Stimulates immunoglobulin production. Belongs to the enolase family.	mapped	protein_ids_from_disgenet
2034	EPAS1	Q99814	9606.ENSP00000263734	EPAS1	9606	Endothelial PAS domain-containing protein 1; Transcription factor involved in the induction of oxygen regulated genes. Heterodimerizes with ARNT; heterodimer binds to core DNA sequence 5'-TACGTG-3' within the hypoxia response element (HRE) of target gene promoters (By similarity). Regulates the vascular endothelial growth factor (VEGF) expression and seems to be implicated in the development of blood vessels and the tubular system of lung. May also play a role in the formation of the endothelium that gives rise to the blood brain barrier. Potent activator of the Tie-2 tyrosine kinase e [...] 	mapped	protein_ids_from_disgenet
2052	EPHX1	P07099	9606.ENSP00000480004	EPHX1	9606	Epoxide hydrolase 1; Biotransformation enzyme that catalyzes the hydrolysis of arene and aliphatic epoxides to less reactive and more water soluble dihydrodiols by the trans addition of water (By similarity). May play a role in the metabolism of endogenous lipids such as epoxide-containing fatty acids ; Belongs to the peptidase S33 family.	mapped	protein_ids_from_disgenet
2056	EPO	P01588	9606.ENSP00000252723	EPO	9606	Erythropoietin; Hormone involved in the regulation of erythrocyte proliferation and differentiation and the maintenance of a physiological level of circulating erythrocyte mass. Binds to EPOR leading to EPOR dimerization and JAK2 activation thereby activating specific downstream effectors, including STAT1 and STAT3. Belongs to the EPO/TPO family.	mapped	protein_ids_from_disgenet
79574	EPS8L3	Q8TE67	9606.ENSP00000358820	EPS8L3	9606	Epidermal growth factor receptor kinase substrate 8-like protein 3; EPS8 like 3.	mapped	protein_ids_from_disgenet
2066	ERBB4	Q15303	9606.ENSP00000342235	ERBB4	9606	Receptor tyrosine-protein kinase erbB-4; Tyrosine-protein kinase that plays an essential role as cell surface receptor for neuregulins and EGF family members and regulates development of the heart, the central nervous system and the mammary gland, gene transcription, cell proliferation, differentiation, migration and apoptosis. Required for normal cardiac muscle differentiation during embryonic development, and for postnatal cardiomyocyte proliferation. Required for normal development of the embryonic central nervous system, especially for normal neural crest cell migration and normal  [...] 	mapped	protein_ids_from_disgenet
2068	ERCC2	P18074	9606.ENSP00000375809	ERCC2	9606	General transcription and DNA repair factor IIH helicase subunit XPD; ATP-dependent 5'-3' DNA helicase, component of the general transcription and DNA repair factor IIH (TFIIH) core complex, which is involved in general and transcription-coupled nucleotide excision repair (NER) of damaged DNA and, when complexed to CAK, in RNA transcription by RNA polymerase II. In NER, TFIIH acts by opening DNA around the lesion to allow the excision of the damaged oligonucleotide and its replacement by a new DNA fragment. The ATP-dependent helicase activity of XPD/ERCC2 is required for DNA opening. I [...] 	mapped	protein_ids_from_disgenet
2069	EREG	O14944	9606.ENSP00000244869	EREG	9606	Proepiregulin; Ligand of the EGF receptor/EGFR and ERBB4. Stimulates EGFR and ERBB4 tyrosine phosphorylation. Contributes to inflammation, wound healing, tissue repair, and oocyte maturation by regulating angiogenesis and vascular remodeling and by stimulating cell proliferation.	mapped	protein_ids_from_disgenet
2081	ERN1	O75460	9606.ENSP00000401445	ERN1	9606	Serine/threonine-protein kinase/endoribonuclease IRE1; Serine/threonine-protein kinase and endoribonuclease that acts as a key sensor for the endoplasmic reticulum unfolded protein response (UPR). In unstressed cells, the endoplasmic reticulum luminal domain is maintained in its inactive monomeric state by binding to the endoplasmic reticulum chaperone HSPA5/BiP. Accumulation of misfolded protein in the endoplasmic reticulum causes release of HSPA5/BiP, allowing the luminal domain to homodimerize, promoting autophosphorylation of the kinase domain and subsequent activation of the endor [...] 	mapped	protein_ids_from_disgenet
10961	ERP29	P30040	9606.ENSP00000261735	ERP29	9606	Endoplasmic reticulum resident protein 29; Does not seem to be a disulfide isomerase. Plays an important role in the processing of secretory proteins within the endoplasmic reticulum (ER), possibly by participating in the folding of proteins in the ER.	mapped	protein_ids_from_disgenet
11082	ESM1	Q9NQ30	9606.ENSP00000370812	ESM1	9606	Endothelial cell-specific molecule 1; Involved in angiogenesis; promotes angiogenic sprouting. May have potent implications in lung endothelial cell-leukocyte interactions.	mapped	protein_ids_from_disgenet
2099	ESR1	P03372	9606.ENSP00000405330	ESR1	9606	Estrogen receptor; Nuclear hormone receptor. The steroid hormones and their receptors are involved in the regulation of eukaryotic gene expression and affect cellular proliferation and differentiation in target tissues. Ligand-dependent nuclear transactivation involves either direct homodimer binding to a palindromic estrogen response element (ERE) sequence or association with other DNA-binding transcription factors, such as AP-1/c-Jun, c-Fos, ATF-2, Sp1 and Sp3, to mediate ERE- independent signaling. Ligand binding induces a conformational change allowing subsequent or combinatorial a [...] 	mapped	protein_ids_from_disgenet
2108	ETFA	P13804	9606.ENSP00000452762	ETFA	9606	Electron transfer flavoprotein subunit alpha, mitochondrial; Heterodimeric electron transfer flavoprotein that accepts electrons from several mitochondrial dehydrogenases, including acyl-CoA dehydrogenases, glutaryl-CoA and sarcosine dehydrogenase. It transfers the electrons to the main mitochondrial respiratory chain via ETF-ubiquinone oxidoreductase (ETF dehydrogenase). Required for normal mitochondrial fatty acid oxidation and normal amino acid metabolism.	mapped	protein_ids_from_disgenet
9156	EXO1	Q9UQ84	9606.ENSP00000355506	EXO1	9606	Exonuclease 1; 5'->3' double-stranded DNA exonuclease which may also possess a cryptic 3'->5' double-stranded DNA exonuclease activity. Functions in DNA mismatch repair (MMR) to excise mismatch-containing DNA tracts directed by strand breaks located either 5' or 3' to the mismatch. Also exhibits endonuclease activity against 5'-overhanging flap structures similar to those generated by displacement synthesis when DNA polymerase encounters the 5'-end of a downstream Okazaki fragment. Required for somatic hypermutation (SHM) and class switch recombination (CSR) of immunoglobulin genes. Es [...] 	mapped	protein_ids_from_disgenet
2146	EZH2	Q15910	9606.ENSP00000320147	EZH2	9606	Histone-lysine N-methyltransferase EZH2; Polycomb group (PcG) protein. Catalytic subunit of the PRC2/EED-EZH2 complex, which methylates 'Lys-9' (H3K9me) and 'Lys-27' (H3K27me) of histone H3, leading to transcriptional repression of the affected target gene. Able to mono-, di- and trimethylate 'Lys-27' of histone H3 to form H3K27me1, H3K27me2 and H3K27me3, respectively. Displays a preference for substrates with less methylation, loses activity when progressively more methyl groups are incorporated into H3K27, H3K27me0 > H3K27me1 > H3K27me2. Compared to EZH1-containing complexes, it is m [...] 	mapped	protein_ids_from_disgenet
2147	F2	P00734	9606.ENSP00000308541	F2	9606	Activation peptide fragment 1; Thrombin, which cleaves bonds after Arg and Lys, converts fibrinogen to fibrin and activates factors V, VII, VIII, XIII, and, in complex with thrombomodulin, protein C. Functions in blood homeostasis, inflammation and wound healing; Belongs to the peptidase S1 family.	mapped	protein_ids_from_disgenet
2149	F2R	P25116	9606.ENSP00000321326	F2R	9606	Proteinase-activated receptor 1; High affinity receptor for activated thrombin coupled to G proteins that stimulate phosphoinositide hydrolysis. May play a role in platelets activation and in vascular development.	mapped	protein_ids_from_disgenet
2152	F3	P13726	9606.ENSP00000334145	F3	9606	Tissue factor; Initiates blood coagulation by forming a complex with circulating factor VII or VIIa. The [TF:VIIa] complex activates factors IX or X by specific limited proteolysis. TF plays a role in normal hemostasis by initiating the cell-surface assembly and propagation of the coagulation protease cascade.	mapped	protein_ids_from_disgenet
2153	F5	P12259	9606.ENSP00000356771	F5	9606	Coagulation factor V heavy chain; Central regulator of hemostasis. It serves as a critical cofactor for the prothrombinase activity of factor Xa that results in the activation of prothrombin to thrombin.	mapped	protein_ids_from_disgenet
2171	FABP5	Q01469	9606.ENSP00000297258	FABP5	9606	Fatty acid-binding protein 5; Intracellular carrier for long-chain fatty acids and related active lipids, such as the endocannabinoid, that regulates the metabolism and actions of the ligands they bind. In addition to the cytosolic transport, selectively delivers specific fatty acids from the cytosol to the nucleus, wherein they activate nuclear receptors. Delivers retinoic acid to the nuclear receptor peroxisome proliferator-activated receptor delta; which promotes proliferation and survival. May also serve as a synaptic carrier of endocannabinoid at central synapses and thus controls [...] 	mapped	protein_ids_from_disgenet
389558	FAM180A	Q6UWF9	9606.ENSP00000342336	FAM180A	9606	Protein FAM180A; Family with sequence similarity 180 member A.	mapped	protein_ids_from_disgenet
81610	FAM83D	Q9H4H8	9606.ENSP00000481465	FAM83D	9606	Protein FAM83D; Probable proto-oncogene that regulates cell proliferation, growth, migration and epithelial to mesenchymal transition. Through the degradation of FBXW7, may act indirectly on the expression and downstream signaling of MTOR, JUN and MYC. May play also a role in cell proliferation through activation of the ERK1/ERK2 signaling cascade. May also be important for proper chromosome congression and alignment during mitosis through its interaction with KIF22.	mapped	protein_ids_from_disgenet
2177	FANCD2	Q9BXW9	9606.ENSP00000287647	FANCD2	9606	Fanconi anemia group D2 protein; Required for maintenance of chromosomal stability. Promotes accurate and efficient pairing of homologs during meiosis. Involved in the repair of DNA double-strand breaks, both by homologous recombination and single-strand annealing. May participate in S phase and G2 phase checkpoint activation upon DNA damage. Plays a role in preventing breakage and loss of missegregating chromatin at the end of cell division, particularly after replication stress. Required for the targeting, or stabilization, of BLM to non-centromeric abnormal structures induced by rep [...] 	mapped	protein_ids_from_disgenet
55215	FANCI	Q9NVI1	9606.ENSP00000310842	FANCI	9606	Fanconi anemia group I protein; Plays an essential role in the repair of DNA double-strand breaks by homologous recombination and in the repair of interstrand DNA cross-links (ICLs) by promoting FANCD2 monoubiquitination by FANCL and participating in recruitment to DNA repair sites. Required for maintenance of chromosomal stability. Specifically binds branched DNA: binds both single-stranded DNA (ssDNA) and double-stranded DNA (dsDNA). Participates in S phase and G2 phase checkpoint activation upon DNA damage.	mapped	protein_ids_from_disgenet
10056	FARSB	Q9NSD9	9606.ENSP00000281828	FARSB	9606	phenylalanyl-tRNA synthetase subunit beta; Belongs to the phenylalanyl-tRNA synthetase beta subunit family. Type 2 subfamily.	mapped	protein_ids_from_disgenet
355	FAS	P25445	9606.ENSP00000498466	FAS	9606	Tumor necrosis factor receptor superfamily member 6; Receptor for TNFSF6/FASLG. The adapter molecule FADD recruits caspase-8 to the activated receptor. The resulting death-inducing signaling complex (DISC) performs caspase-8 proteolytic activation which initiates the subsequent cascade of caspases (aspartate-specific cysteine proteases) mediating apoptosis. FAS-mediated apoptosis may have a role in the induction of peripheral tolerance, in the antigen- stimulated suicide of mature T-cells, or both. The secreted isoforms 2 to 6 block apoptosis (in vitro).	mapped	protein_ids_from_disgenet
2194	FASN	P49327	9606.ENSP00000304592	FASN	9606	3-hydroxyacyl-[acyl-carrier-protein] dehydratase; Fatty acid synthetase catalyzes the formation of long-chain fatty acids from acetyl-CoA, malonyl-CoA and NADPH. This multifunctional protein has 7 catalytic activities as an acyl carrier protein.	mapped	protein_ids_from_disgenet
2200	FBN1	P35555	9606.ENSP00000325527	FBN1	9606	Fibrillin-1; [Fibrillin-1]: Structural component of the 10-12 nm diameter microfibrils of the extracellular matrix, which conveys both structural and regulatory properties to load-bearing connective tissues. Fibrillin-1-containing microfibrils provide long-term force bearing structural support. In tissues such as the lung, blood vessels and skin, microfibrils form the periphery of the elastic fiber, acting as a scaffold for the deposition of elastin. In addition, microfibrils can occur as elastin-independent networks in tissues such as the ciliary zonule, tendon, cornea and glomerulus  [...] 	mapped	protein_ids_from_disgenet
2203	FBP1	P09467	9606.ENSP00000408025	FBP1	9606	Fructose-1,6-bisphosphatase 1; Catalyzes the hydrolysis of fructose 1,6-bisphosphate to fructose 6-phosphate in the presence of divalent cations, acting as a rate-limiting enzyme in gluconeogenesis. Plays a role in regulating glucose sensing and insulin secretion of pancreatic beta-cells. Appears to modulate glycerol gluconeogenesis in liver. Important regulator of appetite and adiposity; increased expression of the protein in liver after nutrient excess increases circulating satiety hormones and reduces appetite-stimulating neuropeptides and thus seems to provide a feedback mechanism  [...] 	mapped	protein_ids_from_disgenet
80028	FBXL18	Q96ME1	9606.ENSP00000371805	FBXL18	9606	F-box/LRR-repeat protein 18; Substrate-recognition component of the SCF (SKP1-CUL1-F-box protein)-type E3 ubiquitin ligase complex.	mapped	protein_ids_from_disgenet
2222	FDFT1	P37268	9606.ENSP00000491537	FDFT1	9606	Squalene synthase; Farnesyl-diphosphate farnesyltransferase 1; Belongs to the phytoene/squalene synthase family.	mapped	protein_ids_from_disgenet
2242	FES	P07332	9606.ENSP00000331504	FES	9606	Tyrosine-protein kinase Fes/Fps; Tyrosine-protein kinase that acts downstream of cell surface receptors and plays a role in the regulation of the actin cytoskeleton, microtubule assembly, cell attachment and cell spreading. Plays a role in FCER1 (high affinity immunoglobulin epsilon receptor)-mediated signaling in mast cells. Acts down-stream of the activated FCER1 receptor and the mast/stem cell growth factor receptor KIT. Plays a role in the regulation of mast cell degranulation. Plays a role in the regulation of cell differentiation and promotes neurite outgrowth in response to NGF  [...] 	mapped	protein_ids_from_disgenet
9965	FGF19	O95750	9606.ENSP00000294312	FGF19	9606	Fibroblast growth factor 19; Involved in the suppression of bile acid biosynthesis through down-regulation of CYP7A1 expression, following positive regulation of the JNK and ERK1/2 cascades. Stimulates glucose uptake in adipocytes. Activity requires the presence of KLB and FGFR4. Belongs to the heparin-binding growth factors family.	mapped	protein_ids_from_disgenet
2247	FGF2	P09038	9606.ENSP00000264498	FGF2	9606	Fibroblast growth factor 2; Acts as a ligand for FGFR1, FGFR2, FGFR3 and FGFR4. Also acts as an integrin ligand which is required for FGF2 signaling. Binds to integrin ITGAV:ITGB3. Plays an important role in the regulation of cell survival, cell division, cell differentiation and cell migration. Functions as a potent mitogen in vitro. Can induce angiogenesis.	mapped	protein_ids_from_disgenet
26291	FGF21	Q9NSA1	9606.ENSP00000471477	FGF21	9606	Fibroblast growth factor 21; Stimulates glucose uptake in differentiated adipocytes via the induction of glucose transporter SLC2A1/GLUT1 expression (but not SLC2A4/GLUT4 expression). Activity requires the presence of KLB. Belongs to the heparin-binding growth factors family.	mapped	protein_ids_from_disgenet
2248	FGF3	P11487	9606.ENSP00000334122	FGF3	9606	Fibroblast growth factor 3; Plays an important role in the regulation of embryonic development, cell proliferation, and cell differentiation. Required for normal ear development; Belongs to the heparin-binding growth factors family.	mapped	protein_ids_from_disgenet
2249	FGF4	P08620	9606.ENSP00000168712	FGF4	9606	Fibroblast growth factor 4; Plays an important role in the regulation of embryonic development, cell proliferation, and cell differentiation. Required for normal limb and cardiac valve development during embryogenesis.	mapped	protein_ids_from_disgenet
2252	FGF7	P21781	9606.ENSP00000267843	FGF7	9606	Fibroblast growth factor 7; Plays an important role in the regulation of embryonic development, cell proliferation and cell differentiation. Required for normal branching morphogenesis. Growth factor active on keratinocytes. Possible major paracrine effector of normal epithelial cell proliferation; Belongs to the heparin-binding growth factors family.	mapped	protein_ids_from_disgenet
2260	FGFR1	P11362	9606.ENSP00000393312	FGFR1	9606	Fibroblast growth factor receptor 1; Tyrosine-protein kinase that acts as cell-surface receptor for fibroblast growth factors and plays an essential role in the regulation of embryonic development, cell proliferation, differentiation and migration. Required for normal mesoderm patterning and correct axial organization during embryonic development, normal skeletogenesis and normal development of the gonadotropin-releasing hormone (GnRH) neuronal system. Phosphorylates PLCG1, FRS2, GAB1 and SHB. Ligand binding leads to the activation of several signaling cascades. Activation of PLCG1 lea [...] 	mapped	protein_ids_from_disgenet
2263	FGFR2	P21802	9606.ENSP00000410294	FGFR2	9606	Fibroblast growth factor receptor 2; Tyrosine-protein kinase that acts as cell-surface receptor for fibroblast growth factors and plays an essential role in the regulation of cell proliferation, differentiation, migration and apoptosis, and in the regulation of embryonic development. Required for normal embryonic patterning, trophoblast function, limb bud development, lung morphogenesis, osteogenesis and skin development. Plays an essential role in the regulation of osteoblast differentiation, proliferation and apoptosis, and is required for normal skeleton development. Promotes cell p [...] 	mapped	protein_ids_from_disgenet
2264	FGFR4	P22455	9606.ENSP00000292408	FGFR4	9606	Fibroblast growth factor receptor 4; Tyrosine-protein kinase that acts as cell-surface receptor for fibroblast growth factors and plays a role in the regulation of cell proliferation, differentiation and migration, and in regulation of lipid metabolism, bile acid biosynthesis, glucose uptake, vitamin D metabolism and phosphate homeostasis. Required for normal down- regulation of the expression of CYP7A1, the rate-limiting enzyme in bile acid synthesis, in response to FGF19. Phosphorylates PLCG1 and FRS2. Ligand binding leads to the activation of several signaling cascades. Activation o [...] 	mapped	protein_ids_from_disgenet
2271	FH	P07954	9606.ENSP00000355518	FH	9606	Fumarate hydratase, mitochondrial; Catalyzes the reversible stereospecific interconversion of fumarate to L-malate. Experiments in other species have demonstrated that specific isoforms of this protein act in defined pathways and favor one direction over the other (Probable).  [Isoform Cytoplasmic]: Catalyzes the dehydration of L-malate to fumarate (By similarity). Fumarate metabolism in the cytosol plays a role during urea cycle and arginine metabolism; fumarate being a by- product of the urea cycle and amino-acid catabolism (By similarity). Also plays a role in DNA repair by promotin [...] 	mapped	protein_ids_from_disgenet
2316	FLNA	P21333	9606.ENSP00000358866	FLNA	9606	Filamin-A; Promotes orthogonal branching of actin filaments and links actin filaments to membrane glycoproteins. Anchors various transmembrane proteins to the actin cytoskeleton and serves as a scaffold for a wide range of cytoplasmic signaling proteins. Interaction with FLNB may allow neuroblast migration from the ventricular zone into the cortical plate. Tethers cell surface- localized furin, modulates its rate of internalization and directs its intracellular trafficking (By similarity). Involved in ciliogenesis. Plays a role in cell-cell contacts and adherens junctions during the de [...] 	mapped	protein_ids_from_disgenet
2321	FLT1	P17948	9606.ENSP00000282397	FLT1	9606	Vascular endothelial growth factor receptor 1; Tyrosine-protein kinase that acts as a cell-surface receptor for VEGFA, VEGFB and PGF, and plays an essential role in the development of embryonic vasculature, the regulation of angiogenesis, cell survival, cell migration, macrophage function, chemotaxis, and cancer cell invasion. May play an essential role as a negative regulator of embryonic angiogenesis by inhibiting excessive proliferation of endothelial cells. Can promote endothelial cell proliferation, survival and angiogenesis in adulthood. Its function in promoting cell proliferati [...] 	mapped	protein_ids_from_disgenet
2322	FLT3	P36888	9606.ENSP00000241453	FLT3	9606	Receptor-type tyrosine-protein kinase FLT3; Tyrosine-protein kinase that acts as cell-surface receptor for the cytokine FLT3LG and regulates differentiation, proliferation and survival of hematopoietic progenitor cells and of dendritic cells. Promotes phosphorylation of SHC1 and AKT1, and activation of the downstream effector MTOR. Promotes activation of RAS signaling and phosphorylation of downstream kinases, including MAPK1/ERK2 and/or MAPK3/ERK1. Promotes phosphorylation of FES, FER, PTPN6/SHP, PTPN11/SHP-2, PLCG1, and STAT5A and/or STAT5B. Activation of wild-type FLT3 causes only m [...] 	mapped	protein_ids_from_disgenet
28982	FLVCR1	Q9Y5Y0	9606.ENSP00000355938	FLVCR1	9606	Feline leukemia virus subgroup C receptor-related protein 1; [Isoform 1]: Heme transporter that exports cytoplasmic heme. It can also export coproporphyrin and protoporphyrin IX, which are both intermediate products in the heme biosynthetic pathway. Does not export bilirubin. Heme export depends on the presence of HPX and is required to maintain intracellular free heme balance, protecting cells from heme toxicity. Heme export provides protection from heme or ferrous iron toxicities in liver, brain, sensory neurons and during erythtopoiesis, a process in which heme synthesis intensifies [...] 	mapped	protein_ids_from_disgenet
54914	FOCAD	Q5VW36	9606.ENSP00000369599	FOCAD	9606	Focadhesin; Potential tumor suppressor in gliomas.	mapped	protein_ids_from_disgenet
2350	FOLR2	P14207	9606.ENSP00000298223	FOLR2	9606	Folate receptor beta; Binds to folate and reduced folic acid derivatives and mediates delivery of 5-methyltetrahydrofolate and folate analogs into the interior of cells. Has high affinity for folate and folic acid analogs at neutral pH. Exposure to slightly acidic pH after receptor endocytosis triggers a conformation change that strongly reduces its affinity for folates and mediates their release.	mapped	protein_ids_from_disgenet
2353	FOS	P01100	9606.ENSP00000306245	FOS	9606	Proto-oncogene c-Fos; Nuclear phosphoprotein which forms a tight but non-covalently linked complex with the JUN/AP-1 transcription factor. In the heterodimer, FOS and JUN/AP-1 basic regions each seems to interact with symmetrical DNA half sites. On TGF-beta activation, forms a multimeric SMAD3/SMAD4/JUN/FOS complex at the AP1/SMAD-binding site to regulate TGF-beta-mediated signaling. Has a critical function in regulating the development of cells destined to form and maintain the skeleton. It is thought to have an important role in signal transduction, cell proliferation and differentia [...] 	mapped	protein_ids_from_disgenet
2354	FOSB	P53539	9606.ENSP00000245919	FOSB	9606	Protein fosB; FosB interacts with Jun proteins enhancing their DNA binding activity.	mapped	protein_ids_from_disgenet
3169	FOXA1	P55317	9606.ENSP00000250448	FOXA1	9606	Hepatocyte nuclear factor 3-alpha; Transcription factor that is involved in embryonic development, establishment of tissue-specific gene expression and regulation of gene expression in differentiated tissues. Is thought to act as a 'pioneer' factor opening the compacted chromatin for other proteins through interactions with nucleosomal core histones and thereby replacing linker histones at target enhancer and/or promoter sites. Binds DNA with the consensus sequence 5'- [AC]A[AT]T[AG]TT[GT][AG][CT]T[CT]-3' (By similarity). Proposed to play a role in translating the epigenetic signatures [...] 	mapped	protein_ids_from_disgenet
2305	FOXM1	Q08050	9606.ENSP00000342307	FOXM1	9606	Forkhead box protein M1; Transcriptional factor regulating the expression of cell cycle genes essential for DNA replication and mitosis. Plays a role in the control of cell proliferation. Plays also a role in DNA breaks repair participating in the DNA damage checkpoint response.	mapped	protein_ids_from_disgenet
2309	FOXO3	O43524	9606.ENSP00000339527	FOXO3	9606	Forkhead box protein O3; Transcriptional activator that recognizes and binds to the DNA sequence 5'-[AG]TAAA[TC]A-3' and regulates different processes, such as apoptosis and autophagy. Acts as a positive regulator of autophagy in skeletal muscle: in starved cells, enters the nucleus following dephosphorylation and binds the promoters of autophagy genes, such as GABARAP1L, MAP1LC3B and ATG12, thereby activating their expression, resulting in proteolysis of skeletal muscle proteins (By similarity). Triggers apoptosis in the absence of survival factors, including neuronal cell death upon  [...] 	mapped	protein_ids_from_disgenet
10468	FST	P19883	9606.ENSP00000256759	FST	9606	Follistatin; Binds directly to activin and functions as an activin antagonist. Specific inhibitor of the biosynthesis and secretion of pituitary follicle stimulating hormone (FSH).	mapped	protein_ids_from_disgenet
79068	FTO	Q9C0B1	9606.ENSP00000418823	FTO	9606	Alpha-ketoglutarate-dependent dioxygenase FTO; RNA demethylase that mediates oxidative demethylation of different RNA species, such as mRNAs, tRNAs and snRNAs, and acts as a regulator of fat mass, adipogenesis and energy homeostasis. Specifically demethylates N(6)- methyladenosine (m6A) RNA, the most prevalent internal modification of messenger RNA (mRNA) in higher eukaryotes. M6A demethylation by FTO affects mRNA expression and stability. Also able to demethylate m6A in U6 small nuclear RNA (snRNA). Mediates demethylation of N(6),2'-O- dimethyladenosine cap (m6A(m)), by demethylating  [...] 	mapped	protein_ids_from_disgenet
8880	FUBP1	Q96AE4	9606.ENSP00000359804	FUBP1	9606	Far upstream element-binding protein 1; Regulates MYC expression by binding to a single-stranded far- upstream element (FUSE) upstream of the MYC promoter. May act both as activator and repressor of transcription.	mapped	protein_ids_from_disgenet
2538	G6PC1	P35575	9606.ENSP00000253801	G6PC	9606	Glucose-6-phosphatase; Hydrolyzes glucose-6-phosphate to glucose in the endoplasmic reticulum. Forms with the glucose-6-phosphate transporter (SLC37A4/G6PT) the complex responsible for glucose production through glycogenolysis and gluconeogenesis. Hence, it is the key enzyme in homeostatic regulation of blood glucose levels; Belongs to the glucose-6-phosphatase family.	mapped	protein_ids_from_disgenet
2563	GABRD	O14764	9606.ENSP00000367848	GABRD	9606	Gamma-aminobutyric acid receptor subunit delta; GABA, the major inhibitory neurotransmitter in the vertebrate brain, mediates neuronal inhibition by binding to the GABA/benzodiazepine receptor and opening an integral chloride channel.	mapped	protein_ids_from_disgenet
2597	GAPDH	P04406	9606.ENSP00000380070	GAPDH	9606	Glyceraldehyde-3-phosphate dehydrogenase; Has both glyceraldehyde-3-phosphate dehydrogenase and nitrosylase activities, thereby playing a role in glycolysis and nuclear functions, respectively. Participates in nuclear events including transcription, RNA transport, DNA replication and apoptosis. Nuclear functions are probably due to the nitrosylase activity that mediates cysteine S-nitrosylation of nuclear target proteins such as SIRT1, HDAC2 and PRKDC. Modulates the organization and assembly of the cytoskeleton. Facilitates the CHP1-dependent microtubule and membrane associations throu [...] 	mapped	protein_ids_from_disgenet
57733	GBA3	Q9H227					missing	
2638	GC	P02774	9606.ENSP00000421725	GC	9606	Vitamin D-binding protein; Involved in vitamin D transport and storage, scavenging of extracellular G-actin, enhancement of the chemotactic activity of C5 alpha for neutrophils in inflammation and macrophage activation. Belongs to the ALB/AFP/VDB family.	mapped	protein_ids_from_disgenet
9518	GDF15	Q99988	9606.ENSP00000252809	GDF15	9606	Growth/differentiation factor 15; Regulates food intake, energy expenditure and body weight in response to metabolic and toxin-induced stresses. Binds to its receptor, GFRAL, and activates GFRAL- expressing neurons localized in the area postrema and nucleus tractus solitarius of the brainstem. It then triggers the activation of neurons localized within the parabrachial nucleus and central amygdala, which contitutes part of the 'emergency circuit' that shapes feeding responses to stressful conditions. On hepatocytes, inhibits growth hormone signaling (By similarity).	mapped	protein_ids_from_disgenet
2658	GDF2	Q9UK05	9606.ENSP00000463051	GDF2	9606	Growth/differentiation factor 2; Potent circulating inhibitor of angiogenesis. Signals through the type I activin receptor ACVRL1 but not other Alks. Signaling through SMAD1 in endothelial cells requires TGF-beta coreceptor endoglin/ENG.	mapped	protein_ids_from_disgenet
2690	GHR	P10912	9606.ENSP00000483403	GHR	9606	Growth hormone-binding protein; Receptor for pituitary gland growth hormone involved in regulating postnatal body growth. On ligand binding, couples to the JAK2/STAT5 pathway (By similarity). Isoform 2 up-regulates the production of GHBP and acts as a negative inhibitor of GH signaling.	mapped	protein_ids_from_disgenet
9837	GINS1	Q14691	9606.ENSP00000262460	GINS1	9606	DNA replication complex GINS protein PSF1; Required for correct functioning of the GINS complex, a complex that plays an essential role in the initiation of DNA replication, and progression of DNA replication forks. GINS complex seems to bind preferentially to single-stranded DNA. Belongs to the GINS1/PSF1 family.	mapped	protein_ids_from_disgenet
2705	GJB1	P08034	9606.ENSP00000354900	GJB1	9606	Gap junction beta-1 protein; One gap junction consists of a cluster of closely packed pairs of transmembrane channels, the connexons, through which materials of low MW diffuse from one cell to a neighboring cell.	mapped	protein_ids_from_disgenet
2735	GLI1	P08151	9606.ENSP00000228682	GLI1	9606	Zinc finger protein GLI1; Acts as a transcriptional activator. Binds to the DNA consensus sequence 5'-GACCACCCA-3'. Regulates the transcription of specific genes during normal development. Plays a role in craniofacial development and digital development, as well as development of the central nervous system and gastrointestinal tract. Mediates SHH signaling. Plays a role in cell proliferation and differentiation via its role in SHH signaling. Belongs to the GLI C2H2-type zinc-finger protein family.	mapped	protein_ids_from_disgenet
2752	GLUL	P15104	9606.ENSP00000307900	GLUL	9606	Glutamine synthetase; Glutamine synthetase that catalyzes the ATP-dependent conversion of glutamate and ammonia to glutamine. Its role depends on tissue localization: in the brain, it regulates the levels of toxic ammonia and converts neurotoxic glutamate to harmless glutamine, whereas in the liver, it is one of the enzymes responsible for the removal of ammonia (By similarity). Essential for proliferation of fetal skin fibroblasts. Independently of its glutamine synthetase activity, required for endothelial cell migration during vascular development: acts by regulating membrane locali [...] 	mapped	protein_ids_from_disgenet
51053	GMNN	O75496	9606.ENSP00000230056	GMNN	9606	Geminin; Inhibits DNA replication by preventing the incorporation of MCM complex into pre-replication complex (pre-RC). It is degraded during the mitotic phase of the cell cycle. Its destruction at the metaphase-anaphase transition permits replication in the succeeding cell cycle; Belongs to the geminin family.	mapped	protein_ids_from_disgenet
2775	GNAO1	P09471	9606.ENSP00000262494	GNAO1	9606	Guanine nucleotide-binding protein G(o) subunit alpha; Guanine nucleotide-binding proteins (G proteins) are involved as modulators or transducers in various transmembrane signaling systems. The G(o) protein function is not clear. Stimulated by RGS14; Belongs to the G-alpha family. G(i/o/t/z) subfamily.	mapped	protein_ids_from_disgenet
2781	GNAZ	P19086	9606.ENSP00000478892	GNAZ	9606	Guanine nucleotide-binding protein G(z) subunit alpha; Guanine nucleotide-binding proteins (G proteins) are involved as modulators or transducers in various transmembrane signaling systems.	mapped	protein_ids_from_disgenet
27232	GNMT	Q14749	9606.ENSP00000361894	GNMT	9606	Glycine N-methyltransferase; Catalyzes the methylation of glycine by using S- adenosylmethionine (AdoMet) to form N-methylglycine (sarcosine) with the concomitant production of S-adenosylhomocysteine (AdoHcy). Possible crucial role in the regulation of tissue concentration of AdoMet and of metabolism of methionine.	mapped	protein_ids_from_disgenet
2719	GPC3	P51654	9606.ENSP00000377836	GPC3	9606	Glypican-3 alpha subunit; Cell surface proteoglycan that bears heparan sulfate. Negatively regulates the hedgehog signaling pathway when attached via the GPI-anchor to the cell surface by competing with the hedgehog receptor PTC1 for binding to hedgehog proteins (By similarity). Binding to the hedgehog protein SHH triggers internalization of the complex by endocytosis and its subsequent lysosomal degradation (By similarity). Positively regulates the canonical Wnt signaling pathway by binding to the Wnt receptor Frizzled and stimulating the binding of the Frizzled receptor to Wnt ligand [...] 	mapped	protein_ids_from_disgenet
2823	GPM6A	P51674	9606.ENSP00000280187	GPM6A	9606	Neuronal membrane glycoprotein M6-a; Involved in neuronal differentiation, including differentiation and migration of neuronal stem cells. Plays a role in neuronal plasticity and is involved in neurite and filopodia outgrowth, filopodia motility and probably synapse formation. GPM6A-induced filopodia formation involves mitogen-activated protein kinase (MAPK) and Src signaling pathways. May be involved in neuronal NGF-dependent Ca(2+) influx. May be involved in regulation of endocytosis and intracellular trafficking of G-protein-coupled receptors (GPCRs); enhances internalization and re [...] 	mapped	protein_ids_from_disgenet
57512	GPR158	Q5T848	9606.ENSP00000365529	GPR158	9606	Probable G-protein coupled receptor 158; Orphan receptor; Belongs to the G-protein coupled receptor 3 family.	mapped	protein_ids_from_disgenet
2875	GPT	P24298	9606.ENSP00000378408	GPT	9606	Alanine aminotransferase 1; Catalyzes the reversible transamination between alanine and 2-oxoglutarate to form pyruvate and glutamate. Participates in cellular nitrogen metabolism and also in liver gluconeogenesis starting with precursors transported from skeletal muscles (By similarity). Belongs to the class-I pyridoxal-phosphate-dependent aminotransferase family. Alanine aminotransferase subfamily.	mapped	protein_ids_from_disgenet
2876	GPX1	P07203					missing	
2878	GPX3	P22352	9606.ENSP00000373477	GPX3	9606	Glutathione peroxidase 3; Protects cells and enzymes from oxidative damage, by catalyzing the reduction of hydrogen peroxide, lipid peroxides and organic hydroperoxide, by glutathione.	mapped	protein_ids_from_disgenet
2938	GSTA1	P08263	9606.ENSP00000335620	GSTA1	9606	Glutathione S-transferase A1, N-terminally processed; Glutathione S-transferase that catalyzes the nucleophilic attack of the sulfur atom of glutathione on the electrophilic groups of a wide range of exogenous and endogenous compounds (Probable). Involved in the formation of glutathione conjugates of both prostaglandin A2 (PGA2) and prostaglandin J2 (PGJ2). It also catalyzes the isomerization of D5-androstene-3,17-dione (AD) into D4-androstene- 3,17-dione and may therefore play an important role in hormone biosynthesis. Through its glutathione-dependent peroxidase activity toward the f [...] 	mapped	protein_ids_from_disgenet
2944	GSTM1	P09488	9606.ENSP00000311469	GSTM1	9606	Glutathione S-transferase Mu 1; Conjugation of reduced glutathione to a wide number of exogenous and endogenous hydrophobic electrophiles.	mapped	protein_ids_from_disgenet
2950	GSTP1	P09211	9606.ENSP00000381607	GSTP1	9606	Glutathione S-transferase P; Conjugation of reduced glutathione to a wide number of exogenous and endogenous hydrophobic electrophiles. Regulates negatively CDK5 activity via p25/p35 translocation to prevent neurodegeneration.	mapped	protein_ids_from_disgenet
2952	GSTT1	P30711					missing	
51512	GTSE1	Q9NYZ3	9606.ENSP00000415430	GTSE1	9606	G2 and S phase-expressed protein 1; May be involved in p53-induced cell cycle arrest in G2/M phase by interfering with microtubule rearrangements that are required to enter mitosis. Overexpression delays G2/M phase progression.	mapped	protein_ids_from_disgenet
2998	GYS2	P54840	9606.ENSP00000261195	GYS2	9606	Glycogen [starch] synthase, liver; Transfers the glycosyl residue from UDP-Glc to the non- reducing end of alpha-1,4-glucan.	mapped	protein_ids_from_disgenet
57817	HAMP	P81172	9606.ENSP00000471894	HAMP	9606	Hepcidin-20; Liver-produced hormone that constitutes the main circulating regulator of iron absorption and distribution across tissues. Acts by promoting endocytosis and degradation of ferroportin, leading to the retention of iron in iron-exporting cells and decreased flow of iron into plasma. Controls the major flows of iron into plasma: absorption of dietary iron in the intestine, recycling of iron by macrophages, which phagocytose old erythrocytes and other cells, and mobilization of stored iron from hepatocytes. Belongs to the hepcidin family.	mapped	protein_ids_from_disgenet
51179	HAO2	Q9NYQ3	9606.ENSP00000354314	HAO2	9606	Hydroxyacid oxidase 2; Catalyzes the oxidation of L-alpha-hydroxy acids as well as, more slowly, that of L-alpha-amino acids; Belongs to the FMN-dependent alpha-hydroxy acid dehydrogenase family.	mapped	protein_ids_from_disgenet
84868	HAVCR2	Q8TDQ0	9606.ENSP00000312002	HAVCR2	9606	Hepatitis A virus cellular receptor 2; Cell surface receptor implicated in modulating innate and adaptive immune responses. Generally accepted to have an inhibiting function. Reports on stimulating functions suggest that the activity may be influenced by the cellular context and/or the respective ligand. Regulates macrophage activation. Inhibits T-helper type 1 lymphocyte (Th1)-mediated auto- and alloimmune responses and promotes immunological tolerance. In CD8+ cells attenuates TCR-induced signaling, specifically by blocking NF-kappaB and NFAT promoter activities resulting in the loss [...] 	mapped	protein_ids_from_disgenet
3066	HDAC2	Q92769	9606.ENSP00000430432	HDAC2	9606	Histone deacetylase 2; Responsible for the deacetylation of lysine residues on the N-terminal part of the core histones (H2A, H2B, H3 and H4). Histone deacetylation gives a tag for epigenetic repression and plays an important role in transcriptional regulation, cell cycle progression and developmental events. Histone deacetylases act via the formation of large multiprotein complexes. Forms transcriptional repressor complexes by associating with MAD, SIN3, YY1 and N-COR. Interacts in the late S- phase of DNA-replication with DNMT1 in the other transcriptional repressor complex composed  [...] 	mapped	protein_ids_from_disgenet
3077	HFE	Q30201	9606.ENSP00000417404	HFE	9606	Hereditary hemochromatosis protein; Binds to transferrin receptor (TFR) and reduces its affinity for iron-loaded transferrin.	mapped	protein_ids_from_disgenet
3082	HGF	P14210	9606.ENSP00000222390	HGF	9606	Hepatocyte growth factor alpha chain; Potent mitogen for mature parenchymal hepatocyte cells, seems to be a hepatotrophic factor, and acts as a growth factor for a broad spectrum of tissues and cell types. Activating ligand for the receptor tyrosine kinase MET by binding to it and promoting its dimerization. Belongs to the peptidase S1 family. Plasminogen subfamily.	mapped	protein_ids_from_disgenet
3083	HGFAC	Q04756	9606.ENSP00000421801	HGFAC	9606	Hepatocyte growth factor activator short chain; Activates hepatocyte growth factor (HGF) by converting it from a single chain to a heterodimeric form; Belongs to the peptidase S1 family.	mapped	protein_ids_from_disgenet
64399	HHIP	Q96QV1	9606.ENSP00000296575	HHIP	9606	Hedgehog-interacting protein; Modulates hedgehog signaling in several cell types including brain and lung through direct interaction with members of the hedgehog family; Belongs to the HHIP family.	mapped	protein_ids_from_disgenet
3091	HIF1A	Q16665	9606.ENSP00000437955	HIF1A	9606	Hypoxia-inducible factor 1-alpha; Functions as a master transcriptional regulator of the adaptive response to hypoxia. Under hypoxic conditions, activates the transcription of over 40 genes, including erythropoietin, glucose transporters, glycolytic enzymes, vascular endothelial growth factor, HILPDA, and other genes whose protein products increase oxygen delivery or facilitate metabolic adaptation to hypoxia. Plays an essential role in embryonic vascularization, tumor angiogenesis and pathophysiology of ischemic disease. Heterodimerizes with ARNT; heterodimer binds to core DNA sequenc [...] 	mapped	protein_ids_from_disgenet
29923	HILPDA	Q9Y5L2	9606.ENSP00000257696	HILPDA	9606	Hypoxia-inducible lipid droplet-associated protein; Increases intracellular lipid accumulation. Stimulates expression of cytokines including IL6, MIF and VEGFA. Enhances cell growth and proliferation.	mapped	protein_ids_from_disgenet
55355	HJURP	Q8NCD3	9606.ENSP00000414109	HJURP	9606	Holliday junction recognition protein; Centromeric protein that plays a central role in the incorporation and maintenance of histone H3-like variant CENPA at centromeres. Acts as a specific chaperone for CENPA and is required for the incorporation of newly synthesized CENPA molecules into nucleosomes at replicated centromeres. Prevents CENPA-H4 tetramerization and prevents premature DNA binding by the CENPA-H4 tetramer. Directly binds Holliday junctions.	mapped	protein_ids_from_disgenet
3113	HLA-DPA1	P20036	9606.ENSP00000393566	HLA-DPA1	9606	HLA class II histocompatibility antigen, DP alpha 1 chain; Binds peptides derived from antigens that access the endocytic route of antigen presenting cells (APC) and presents them on the cell surface for recognition by the CD4 T-cells. The peptide binding cleft accommodates peptides of 10-30 residues. The peptides presented by MHC class II molecules are generated mostly by degradation of proteins that access the endocytic route, where they are processed by lysosomal proteases and other hydrolases. Exogenous antigens that have been endocytosed by the APC are thus readily available for p [...] 	mapped	protein_ids_from_disgenet
3117	HLA-DQA1	P01909	9606.ENSP00000339398	HLA-DQA1	9606	Major histocompatibility complex, class II, DQ alpha 1; Belongs to the MHC class II family.	mapped	protein_ids_from_disgenet
3119	HLA-DQB1	P01920	9606.ENSP00000364080	HLA-DQB1	9606	HLA class II histocompatibility antigen, DQ beta 1 chain; Binds peptides derived from antigens that access the endocytic route of antigen presenting cells (APC) and presents them on the cell surface for recognition by the CD4 T-cells. The peptide binding cleft accommodates peptides of 10-30 residues. The peptides presented by MHC class II molecules are generated mostly by degradation of proteins that access the endocytic route, where they are processed by lysosomal proteases and other hydrolases. Exogenous antigens that have been endocytosed by the APC are thus readily available for pr [...] 	mapped	protein_ids_from_disgenet
3123	HLA-DRB1	P01911	9606.ENSP00000353099	HLA-DRB1	9606	HLA class II histocompatibility antigen, DRB1 beta chain; A beta chain of antigen-presenting major histocompatibility complex class II (MHCII) molecule. In complex with the alpha chain HLA- DRA, displays antigenic peptides on professional antigen presenting cells (APCs) for recognition by alpha-beta T cell receptor (TCR) on HLA-DRB1-restricted CD4-positive T cells. This guides antigen-specific T helper effector functions, both antibody-mediated immune response and macrophage activation, to ultimately eliminate the infectious agents and transformed cells. Typically presents extracellula [...] 	mapped	protein_ids_from_disgenet
3148	HMGB2	P26583	9606.ENSP00000296503	HMGB2	9606	High mobility group protein B2; Multifunctional protein with various roles in different cellular compartments. May act in a redox sensitive manner. In the nucleus is an abundant chromatin-associated non-histone protein involved in transcription, chromatin remodeling and V(D)J recombination and probably other processes. Binds DNA with a preference to non- canonical DNA structures such as single-stranded DNA. Can bent DNA and enhance DNA flexibility by looping thus providing a mechanism to promote activities on various gene promoters by enhancing transcription factor binding and/or bring [...] 	mapped	protein_ids_from_disgenet
3156	HMGCR	P04035	9606.ENSP00000287936	HMGCR	9606	3-hydroxy-3-methylglutaryl-coenzyme A reductase; Transmembrane glycoprotein that is the rate-limiting enzyme in cholesterol biosynthesis as well as in the biosynthesis of nonsterol isoprenoids that are essential for normal cell function including ubiquinone and geranylgeranyl proteins.	mapped	protein_ids_from_disgenet
3161	HMMR	O75330	9606.ENSP00000377492	HMMR	9606	Hyaluronan mediated motility receptor; Receptor for hyaluronic acid (HA) (By similarity). Involved in cell motility (By similarity). When hyaluronan binds to HMMR, the phosphorylation of a number of proteins, including PTK2/FAK1 occurs. May also be involved in cellular transformation and metastasis formation, and in regulating extracellular-regulated kinase (ERK) activity. May act as a regulator of adipogenisis (By similarity).	mapped	protein_ids_from_disgenet
6927	HNF1A	P20823	9606.ENSP00000438804	HNF1A	9606	Hepatocyte nuclear factor 1-alpha; Transcriptional activator that regulates the tissue specific expression of multiple genes, especially in pancreatic islet cells and in liver (By similarity). Binds to the inverted palindrome 5'- GTTAATNATTAAC-3'. Activates the transcription of CYP1A2, CYP2E1 and CYP3A11 (By similarity).	mapped	protein_ids_from_disgenet
3182	HNRNPAB	Q99729	9606.ENSP00000425031	HNRNPAB	9606	Heterogeneous nuclear ribonucleoprotein A/B; Binds single-stranded RNA. Has a high affinity for G-rich and U-rich regions of hnRNA. Also binds to APOB mRNA transcripts around the RNA editing site.	mapped	protein_ids_from_disgenet
3191	HNRNPL	P14866	9606.ENSP00000221419	HNRNPL	9606	Heterogeneous nuclear ribonucleoprotein L; Splicing factor binding to exonic or intronic sites and acting as either an activator or repressor of exon inclusion. Exhibits a binding preference for CA-rich elements. Component of the heterogeneous nuclear ribonucleoprotein (hnRNP) complexes and associated with most nascent transcripts. Associates, together with APEX1, to the negative calcium responsive element (nCaRE) B2 of the APEX2 promoter.	mapped	protein_ids_from_disgenet
3206	HOXA10	P31260	9606.ENSP00000283921	HOXA10	9606	Homeobox protein Hox-A10; Sequence-specific transcription factor which is part of a developmental regulatory system that provides cells with specific positional identities on the anterior-posterior axis. Binds to the DNA sequence 5'-AA[AT]TTTTATTAC-3'.	mapped	protein_ids_from_disgenet
3209	HOXA13	P31271	9606.ENSP00000497112	HOXA13	9606	Homeobox protein Hox-A13; Sequence-specific, AT-rich binding transcription factor which is part of a developmental regulatory system that provides cells with specific positional identities on the anterior-posterior axis; Belongs to the Abd-B homeobox family.	mapped	protein_ids_from_disgenet
3235	HOXD9	P28356	9606.ENSP00000249499	HOXD9	9606	Homeobox protein Hox-D9; Sequence-specific transcription factor which is part of a developmental regulatory system that provides cells with specific positional identities on the anterior-posterior axis.	mapped	protein_ids_from_disgenet
10855	HPSE	Q9Y251	9606.ENSP00000384262	HPSE	9606	Heparanase 50 kDa subunit; Endoglycosidase that cleaves heparan sulfate proteoglycans (HSPGs) into heparan sulfate side chains and core proteoglycans. Participates in extracellular matrix (ECM) degradation and remodeling. Selectively cleaves the linkage between a glucuronic acid unit and an N-sulfo glucosamine unit carrying either a 3-O-sulfo or a 6-O-sulfo group. Can also cleave the linkage between a glucuronic acid unit and an N-sulfo glucosamine unit carrying a 2-O-sulfo group, but not linkages between a glucuronic acid unit and a 2-O-sulfated iduronic acid moiety. It is essentially [...] 	mapped	protein_ids_from_disgenet
3265	HRAS	P01112	9606.ENSP00000407586	HRAS	9606	GTPase HRas, N-terminally processed; Involved in the activation of Ras protein signal transduction. Ras proteins bind GDP/GTP and possess intrinsic GTPase activity.	mapped	protein_ids_from_disgenet
3291	HSD11B2	P80365	9606.ENSP00000316786	HSD11B2	9606	Corticosteroid 11-beta-dehydrogenase isozyme 2; Catalyzes the conversion of cortisol to the inactive metabolite cortisone. Modulates intracellular glucocorticoid levels, thus protecting the nonselective mineralocorticoid receptor from occupation by glucocorticoids.	mapped	protein_ids_from_disgenet
3284	HSD3B2	P26439	9606.ENSP00000445122	HSD3B2	9606	3 beta-hydroxysteroid dehydrogenase/Delta 5-->4-isomerase type 2; 3-beta-HSD is a bifunctional enzyme, that catalyzes the oxidative conversion of Delta(5)-ene-3-beta-hydroxy steroid, and the oxidative conversion of ketosteroids. The 3-beta-HSD enzymatic system plays a crucial role in the biosynthesis of all classes of hormonal steroids.	mapped	protein_ids_from_disgenet
3309	HSPA5	P11021	9606.ENSP00000324173	HSPA5	9606	Endoplasmic reticulum chaperone BiP; Endoplasmic reticulum chaperone that plays a key role in protein folding and quality control in the endoplasmic reticulum lumen. Involved in the correct folding of proteins and degradation of misfolded proteins via its interaction with DNAJC10/ERdj5, probably to facilitate the release of DNAJC10/ERdj5 from its substrate (By similarity). Acts as a key repressor of the ERN1/IRE1-mediated unfolded protein response (UPR). In the unstressed endoplasmic reticulum, recruited by DNAJB9/ERdj4 to the luminal region of ERN1/IRE1, leading to disrupt the dimeriz [...] 	mapped	protein_ids_from_disgenet
3313	HSPA9	P38646	9606.ENSP00000297185	HSPA9	9606	Stress-70 protein, mitochondrial; Chaperone protein which plays an important role in mitochondrial iron-sulfur cluster (ISC) biogenesis. Interacts with and stabilizes ISC cluster assembly proteins FXN, NFU1, NFS1 and ISCU. Regulates erythropoiesis via stabilization of ISC assembly. May play a role in the control of cell proliferation and cellular aging (By similarity). Belongs to the heat shock protein 70 family.	mapped	protein_ids_from_disgenet
3315	HSPB1	P04792	9606.ENSP00000248553	HSPB1	9606	Heat shock protein beta-1; Small heat shock protein which functions as a molecular chaperone probably maintaining denatured proteins in a folding- competent state. Plays a role in stress resistance and actin organization. Through its molecular chaperone activity may regulate numerous biological processes including the phosphorylation and the axonal transport of neurofilament proteins.	mapped	protein_ids_from_disgenet
10553	HTATIP2	Q9BUP3	9606.ENSP00000392985	HTATIP2	9606	Oxidoreductase HTATIP2; Oxidoreductase required for tumor suppression. NAPDH-bound form inhibits nuclear import by competing with nuclear import substrates for binding to a subset of nuclear transport receptors. May act as a redox sensor linked to transcription through regulation of nuclear import. Isoform 1 is a metastasis suppressor with proapoptotic as well as antiangiogenic properties. Isoform 2 has an antiapoptotic effect.	mapped	protein_ids_from_disgenet
3357	HTR2B	P41595	9606.ENSP00000258400	HTR2B	9606	5-hydroxytryptamine receptor 2B; G-protein coupled receptor for 5-hydroxytryptamine (serotonin). Also functions as a receptor for various ergot alkaloid derivatives and psychoactive substances. Ligand binding causes a conformation change that triggers signaling via guanine nucleotide-binding proteins (G proteins) and modulates the activity of down-stream effectors. Beta-arrestin family members inhibit signaling via G proteins and mediate activation of alternative signaling pathways. Signaling activates a phosphatidylinositol-calcium second messenger system that modulates the activity o [...] 	mapped	protein_ids_from_disgenet
3383	ICAM1	P05362	9606.ENSP00000264832	ICAM1	9606	Intercellular adhesion molecule 1; ICAM proteins are ligands for the leukocyte adhesion protein LFA-1 (integrin alpha-L/beta-2). During leukocyte trans-endothelial migration, ICAM1 engagement promotes the assembly of endothelial apical cups through ARHGEF26/SGEF and RHOG activation.  (Microbial infection) Acts as a receptor for Coxsackievirus A21 capsid proteins.	mapped	protein_ids_from_disgenet
3417	IDH1	O75874	9606.ENSP00000390265	IDH1	9606	Isocitrate dehydrogenase 1.	mapped	protein_ids_from_disgenet
169355	IDO2	Q6ZQW0	9606.ENSP00000443432	IDO2	9606	Indoleamine 2,3-dioxygenase 2; Catalyzes the first and rate limiting step of the catabolism of the essential amino acid tryptophan along the kynurenine pathway. Involved in immune regulation. May not play a significant role in tryptophan-related tumoral resistance.	mapped	protein_ids_from_disgenet
9592	IER2	Q9BTL4	9606.ENSP00000465617	IER2	9606	Immediate early response gene 2 protein; DNA-binding protein that seems to act as a transcription factor. Involved in the regulation of neuronal differentiation, acts upon JNK-signaling pathway activation and plays a role in neurite outgrowth in hippocampal cells (By similarity). May mediate with FIBP FGF-signaling in the establishment of laterality in the embryo (By similarity). Promotes cell motility, seems to stimulate tumor metastasis. ECO:0000250|UniProtKB:Q6P7D3, ; Belongs to the IER family.	mapped	protein_ids_from_disgenet
10437	IFI30	P13284	9606.ENSP00000384886	IFI30	9606	Gamma-interferon-inducible lysosomal thiol reductase; Lysosomal thiol reductase that can reduce protein disulfide bonds. May facilitate the complete unfolding of proteins destined for lysosomal degradation. Plays an important role in antigen processing. Facilitates the generation of MHC class II-restricted epitodes from disulfide bond-containing antigen by the endocytic reduction of disulfide bonds (By similarity). Facilitates also MHC class I- restricted recognition of exogenous antigens containing disulfide bonds by CD8+ T-cells or crosspresentation (By similarity).	mapped	protein_ids_from_disgenet
3439	IFNA1		9606.ENSP00000276927	IFNA1	9606	Interferon alpha-1/13; Produced by macrophages, IFN-alpha have antiviral activities. Interferon stimulates the production of two enzymes: a protein kinase and an oligoadenylate synthetase; Belongs to the alpha/beta interferon family.	mapped	gene_symbol_exact_preferred_name
3440	IFNA2	P01563	9606.ENSP00000369554	IFNA2	9606	Interferon alpha-2; Produced by macrophages, IFN-alpha have antiviral activities.	mapped	protein_ids_from_disgenet
3458	IFNG	P01579	9606.ENSP00000229135	IFNG	9606	Interferon gamma; Produced by lymphocytes activated by specific antigens or mitogens. IFN-gamma, in addition to having antiviral activity, has important immunoregulatory functions. It is a potent activator of macrophages, it has antiproliferative effects on transformed cells and it can potentiate the antiviral and antitumor effects of the type I interferons; Belongs to the type II (or gamma) interferon family.	mapped	protein_ids_from_disgenet
282618	IFNL1	Q8IU54	9606.ENSP00000329991	IFNL1	9606	Interferon lambda-1; Cytokine with antiviral, antitumour and immunomodulatory activities. Plays a critical role in the antiviral host defense, predominantly in the epithelial tissues. Acts as a ligand for the heterodimeric class II cytokine receptor composed of IL10RB and IFNLR1, and receptor engagement leads to the activation of the JAK/STAT signaling pathway resulting in the expression of IFN-stimulated genes (ISG), which mediate the antiviral state. Has a restricted receptor distribution and therefore restricted targets: is primarily active in epithelial cells and this cell type-sel [...] 	mapped	protein_ids_from_disgenet
282617	IFNL3	Q8IZI9	9606.ENSP00000481633	IFNL3	9606	Interferon lambda-3; Cytokine with antiviral, antitumour and immunomodulatory activities. Plays a critical role in the antiviral host defense, predominantly in the epithelial tissues. Acts as a ligand for the heterodimeric class II cytokine receptor composed of IL10RB and IFNLR1, and receptor engagement leads to the activation of the JAK/STAT signaling pathway resulting in the expression of IFN-stimulated genes (ISG), which mediate the antiviral state. Has a restricted receptor distribution and therefore restricted targets: is primarily active in epithelial cells and this cell type-sel [...] 	mapped	protein_ids_from_disgenet
101180976	IFNL4	K9M1U5					missing	
3476	IGBP1	P78318	9606.ENSP00000363661	IGBP1	9606	Immunoglobulin-binding protein 1; Associated to surface IgM-receptor; may be involved in signal transduction. Involved in regulation of the catalytic activity of the phosphatases PP2A, PP4 and PP6 by protecting their partially folded catalytic subunits from degradative polyubiquitination until they associate with regulatory subunits.	mapped	protein_ids_from_disgenet
3479	IGF1	P05019	9606.ENSP00000376637	IGF1	9606	Insulin-like growth factor I; The insulin-like growth factors, isolated from plasma, are structurally and functionally related to insulin but have a much higher growth-promoting activity. May be a physiological regulator of [1-14C]- 2-deoxy-D-glucose (2DG) transport and glycogen synthesis in osteoblasts. Stimulates glucose transport in bone-derived osteoblastic (PyMS) cells and is effective at much lower concentrations than insulin, not only regarding glycogen and DNA synthesis but also with regard to enhancing glucose uptake. May play a role in synapse maturation. Ca(2+)-dependent exo [...] 	mapped	protein_ids_from_disgenet
3480	IGF1R	P08069	9606.ENSP00000497069	IGF1R	9606	Insulin-like growth factor 1 receptor alpha chain; Receptor tyrosine kinase which mediates actions of insulin- like growth factor 1 (IGF1). Binds IGF1 with high affinity and IGF2 and insulin (INS) with a lower affinity. The activated IGF1R is involved in cell growth and survival control. IGF1R is crucial for tumor transformation and survival of malignant cell. Ligand binding activates the receptor kinase, leading to receptor autophosphorylation, and tyrosines phosphorylation of multiple substrates, that function as signaling adapter proteins including, the insulin-receptor substrates ( [...] 	mapped	protein_ids_from_disgenet
3481	IGF2	P01344	9606.ENSP00000391826	IGF2	9606	Insulin-like growth factor II Ala-25 Del; The insulin-like growth factors possess growth-promoting activity. Major fetal growth hormone in mammals. Plays a key role in regulating fetoplacental development. IGF-II is influenced by placental lactogen. Also involved in tissue differentiation. Positively regulates myogenic transcription factor MYOD1 function by facilitating the recruitment of transcriptional coactivators, thereby controlling muscle terminal differentiation (By similarity). In adults, involved in glucose metabolism in adipose tissue, skeletal muscle and liver (Probable). Ac [...] 	mapped	protein_ids_from_disgenet
10642	IGF2BP1	Q9NZI8	9606.ENSP00000290341	IGF2BP1	9606	Insulin-like growth factor 2 mRNA-binding protein 1; RNA-binding factor that recruits target transcripts to cytoplasmic protein-RNA complexes (mRNPs). This transcript 'caging' into mRNPs allows mRNA transport and transient storage. It also modulates the rate and location at which target transcripts encounter the translational apparatus and shields them from endonuclease attacks or microRNA-mediated degradation. Plays a direct role in the transport and translation of transcripts required for axonal regeneration in adult sensory neurons (By similarity). Regulates localized beta- actin/AC [...] 	mapped	protein_ids_from_disgenet
10643	IGF2BP3	O00425	9606.ENSP00000258729	IGF2BP3	9606	Insulin-like growth factor 2 mRNA-binding protein 3; RNA-binding factor that may recruit target transcripts to cytoplasmic protein-RNA complexes (mRNPs). This transcript 'caging' into mRNPs allows mRNA transport and transient storage. It also modulates the rate and location at which target transcripts encounter the translational apparatus and shields them from endonuclease attacks or microRNA-mediated degradation. Binds to the 3'-UTR of CD44 mRNA and stabilizes it, hence promotes cell adhesion and invadopodia formation in cancer cells. Binds to beta-actin/ACTB and MYC transcripts. Bind [...] 	mapped	protein_ids_from_disgenet
3482	IGF2R	P11717	9606.ENSP00000349437	IGF2R	9606	Cation-independent mannose-6-phosphate receptor; Transport of phosphorylated lysosomal enzymes from the Golgi complex and the cell surface to lysosomes. Lysosomal enzymes bearing phosphomannosyl residues bind specifically to mannose-6-phosphate receptors in the Golgi apparatus and the resulting receptor-ligand complex is transported to an acidic prelyosomal compartment where the low pH mediates the dissociation of the complex. This receptor also binds IGF2. Acts as a positive regulator of T-cell coactivation, by binding DPP4.	mapped	protein_ids_from_disgenet
3483	IGFALS	P35858	9606.ENSP00000416683	IGFALS	9606	Insulin-like growth factor-binding protein complex acid labile subunit; Involved in protein-protein interactions that result in protein complexes, receptor-ligand binding or cell adhesion.	mapped	protein_ids_from_disgenet
3484	IGFBP1	P08833	9606.ENSP00000275525	IGFBP1	9606	Insulin-like growth factor-binding protein 1; IGF-binding proteins prolong the half-life of the IGFs and have been shown to either inhibit or stimulate the growth promoting effects of the IGFs on cell culture. They alter the interaction of IGFs with their cell surface receptors. Promotes cell migration.	mapped	protein_ids_from_disgenet
3485	IGFBP2	P18065	9606.ENSP00000233809	IGFBP2	9606	Insulin-like growth factor-binding protein 2; Inhibits IGF-mediated growth and developmental rates. IGF- binding proteins prolong the half-life of the IGFs and have been shown to either inhibit or stimulate the growth promoting effects of the IGFs on cell culture. They alter the interaction of IGFs with their cell surface receptors.	mapped	protein_ids_from_disgenet
8517	IKBKG	Q9Y6K9	9606.ENSP00000483825	IKBKG	9606	NF-kappa-B essential modulator; Regulatory subunit of the IKK core complex which phosphorylates inhibitors of NF-kappa-B thus leading to the dissociation of the inhibitor/NF-kappa-B complex and ultimately the degradation of the inhibitor. Its binding to scaffolding polyubiquitin seems to play a role in IKK activation by multiple signaling receptor pathways. However, the specific type of polyubiquitin recognized upon cell stimulation (either 'Lys-63'-linked or linear polyubiquitin) and its functional importance is reported conflictingly. Also considered to be a mediator for TAX activati [...] 	mapped	protein_ids_from_disgenet
3586	IL10	P22301	9606.ENSP00000412237	IL10	9606	Interleukin-10; Major immune regulatory cytokine that acts on many cells of the immune system where it has profound anti-inflammatory functions, limiting excessive tissue disruption caused by inflammation. Mechanistically, IL10 binds to its heterotetrameric receptor comprising IL10RA and IL10RB leading to JAK1 and STAT2-mediated phosphorylation of STAT3. In turn, STAT3 translocates to the nucleus where it drives expression of anti-inflammatory mediators. Targets antigen-presenting cells (APCs) such as macrophages and monocytes and inhibits their release of pro- inflammatory cytokines i [...] 	mapped	protein_ids_from_disgenet
3592	IL12A	P29459	9606.ENSP00000303231	IL12A	9606	Interleukin-12 subunit alpha; Cytokine that can act as a growth factor for activated T and NK cells, enhance the lytic activity of NK/lymphokine-activated killer cells, and stimulate the production of IFN-gamma by resting PBMC.	mapped	protein_ids_from_disgenet
3606	IL18	Q14116	9606.ENSP00000280357	IL18	9606	Interleukin-18; A proinflammatory cytokine primarily involved in polarized T- helper 1 (Th1) cell and natural killer (NK) cell immune responses (Probable). Upon binding to IL18R1 and IL18RAP, forms a signaling ternary complex which activates NF-kappa-B, triggering synthesis of inflammatory mediators. Synergizes with IL12/interleukin-12 to induce IFNG synthesis from T-helper 1 (Th1) cells and natural killer (NK) cells (Probable). Belongs to the IL-1 family.	mapped	protein_ids_from_disgenet
3552	IL1A	P01583	9606.ENSP00000263339	IL1A	9606	Interleukin-1 alpha; Produced by activated macrophages, IL-1 stimulates thymocyte proliferation by inducing IL-2 release, B-cell maturation and proliferation, and fibroblast growth factor activity. IL-1 proteins are involved in the inflammatory response, being identified as endogenous pyrogens, and are reported to stimulate the release of prostaglandin and collagenase from synovial cells.	mapped	protein_ids_from_disgenet
3553	IL1B	P01584	9606.ENSP00000263341	IL1B	9606	Interleukin-1 beta; Potent proinflammatory cytokine. Initially discovered as the major endogenous pyrogen, induces prostaglandin synthesis, neutrophil influx and activation, T-cell activation and cytokine production, B- cell activation and antibody production, and fibroblast proliferation and collagen production. Promotes Th17 differentiation of T-cells. Synergizes with IL12/interleukin-12 to induce IFNG synthesis from T- helper 1 (Th1) cells.	mapped	protein_ids_from_disgenet
3556	IL1RAP	Q9NPH3	9606.ENSP00000314807	IL1RAP	9606	Interleukin-1 receptor accessory protein; Coreceptor for IL1RL2 in the IL-36 signaling system (By similarity). Coreceptor with IL1R1 in the IL-1 signaling system. Associates with IL1R1 bound to IL1B to form the high affinity interleukin-1 receptor complex which mediates interleukin-1-dependent activation of NF-kappa-B and other pathways. Signaling involves the recruitment of adapter molecules such as TOLLIP, MYD88, and IRAK1 or IRAK2 via the respective TIR domains of the receptor/coreceptor subunits. Recruits TOLLIP to the signaling complex. Does not bind to interleukin-1 alone; bindin [...] 	mapped	protein_ids_from_disgenet
3557	IL1RN	P18510	9606.ENSP00000259206	IL1RN	9606	Interleukin-1 receptor antagonist protein; Inhibits the activity of interleukin-1 by binding to receptor IL1R1 and preventing its association with the coreceptor IL1RAP for signaling. Has no interleukin-1 like activity. Binds functional interleukin-1 receptor IL1R1 with greater affinity than decoy receptor IL1R2; however, the physiological relevance of the latter association is unsure.	mapped	protein_ids_from_disgenet
3558	IL2	P60568	9606.ENSP00000226730	IL2	9606	Interleukin-2; Produced by T-cells in response to antigenic or mitogenic stimulation, this protein is required for T-cell proliferation and other activities crucial to regulation of the immune response. Can stimulate B-cells, monocytes, lymphokine-activated killer cells, natural killer cells, and glioma cells.	mapped	protein_ids_from_disgenet
59067	IL21	Q9HBE4	9606.ENSP00000497915	IL21	9606	Interleukin-21; Cytokine with immunoregulatory activity. May promote the transition between innate and adaptive immunity. Induces the production of IgG(1) and IgG(3) in B-cells (By similarity). May play a role in proliferation and maturation of natural killer (NK) cells in synergy with IL15. May regulate proliferation of mature B- and T-cells in response to activating stimuli. In synergy with IL15 and IL18 stimulates interferon gamma production in T-cells and NK cells. During T-cell mediated immune response may inhibit dendritic cells (DC) activation and maturation.	mapped	protein_ids_from_disgenet
3562	IL3	P08700	9606.ENSP00000296870	IL3	9606	Interleukin-3; Granulocyte/macrophage colony-stimulating factors are cytokines that act in hematopoiesis by controlling the production, differentiation, and function of 2 related white cell populations of the blood, the granulocytes and the monocytes-macrophages.	mapped	protein_ids_from_disgenet
3565	IL4	P05112	9606.ENSP00000231449	IL4	9606	Interleukin-4; Participates in at least several B-cell activation processes as well as of other cell types. It is a costimulator of DNA-synthesis. It induces the expression of class II MHC molecules on resting B-cells. It enhances both secretion and cell surface expression of IgE and IgG1. It also regulates the expression of the low affinity Fc receptor for IgE (CD23) on both lymphocytes and monocytes. Positively regulates IL31RA expression in macrophages (By similarity). Stimulates autophagy in dendritic cells by interfering with mTORC1 signaling and through the induction of RUFY4 (By [...] 	mapped	protein_ids_from_disgenet
3569	IL6	P05231	9606.ENSP00000385675	IL6	9606	Interleukin-6; Cytokine with a wide variety of biological functions. It is a potent inducer of the acute phase response. Plays an essential role in the final differentiation of B-cells into Ig-secreting cells Involved in lymphocyte and monocyte differentiation. Acts on B-cells, T-cells, hepatocytes, hematopoietic progenitor cells and cells of the CNS. Required for the generation of T(H)17 cells. Also acts as a myokine. It is discharged into the bloodstream after muscle contraction and acts to increase the breakdown of fats and to improve insulin resistance. It induces myeloma and plasm [...] 	mapped	protein_ids_from_disgenet
11185	INMT	O95050	9606.ENSP00000013222	INMT	9606	Indolethylamine N-methyltransferase; Functions as thioether S-methyltransferase and is active with a variety of thioethers and the corresponding selenium and tellurium compounds, including 3-methylthiopropionaldehyde, dimethyl selenide, dimethyl telluride, 2-methylthioethylamine, 2-methylthioethanol, methyl-n-propyl sulfide and diethyl sulfide. Plays an important role in the detoxification of selenium compounds (By similarity). Catalyzes the N-methylation of tryptamine and structurally related compounds.	mapped	protein_ids_from_disgenet
8821	INPP4B	O15327	9606.ENSP00000422793	INPP4B	9606	Inositol polyphosphate 4-phosphatase type II; Catalyzes the hydrolysis of the 4-position phosphate of phosphatidylinositol 3,4-bisphosphate, inositol 1,3,4-trisphosphate and inositol 3,4-trisphosphate. Plays a role in the late stages of macropinocytosis by dephosphorylating phosphatidylinositol 3,4-bisphosphate in membrane ruffles. The lipid phosphatase activity is critical for tumor suppressor function. Antagonizes the PI3K-AKT/PKB signaling pathway by dephosphorylating phosphoinositides and thereby modulating cell cycle progression and cell survival.	mapped	protein_ids_from_disgenet
3630	INS	P01308	9606.ENSP00000380432	INS	9606	Insulin A chain; Insulin decreases blood glucose concentration. It increases cell permeability to monosaccharides, amino acids and fatty acids. It accelerates glycolysis, the pentose phosphate cycle, and glycogen synthesis in liver.	mapped	protein_ids_from_disgenet
723961	INS-IGF2	F8WCM5	9606.ENSP00000380440	INS-IGF2	9606	Insulin, isoform 2; INS-IGF2 readthrough.	mapped	protein_ids_from_disgenet
8826	IQGAP1	P46940	9606.ENSP00000268182	IQGAP1	9606	Ras GTPase-activating-like protein IQGAP1; Plays a crucial role in regulating the dynamics and assembly of the actin cytoskeleton. Binds to activated CDC42 but does not stimulate its GTPase activity. It associates with calmodulin. Could serve as an assembly scaffold for the organization of a multimolecular complex that would interface incoming signals to the reorganization of the actin cytoskeleton at the plasma membrane. May promote neurite outgrowth. May play a possible role in cell cycle regulation by contributing to cell cycle progression after DNA replication arrest.	mapped	protein_ids_from_disgenet
10788	IQGAP2	Q13576	9606.ENSP00000274364	IQGAP2	9606	Ras GTPase-activating-like protein IQGAP2; Binds to activated CDC42 and RAC1 but does not seem to stimulate their GTPase activity. Associates with calmodulin.	mapped	protein_ids_from_disgenet
128239	IQGAP3	Q86VI3	9606.ENSP00000354451	IQGAP3	9606	Ras GTPase-activating-like protein IQGAP3; IQ motif containing GTPase activating protein 3.	mapped	protein_ids_from_disgenet
3660	IRF2	P14316	9606.ENSP00000377218	IRF2	9606	Interferon regulatory factor 2; Specifically binds to the upstream regulatory region of type I IFN and IFN-inducible MHC class I genes (the interferon consensus sequence (ICS)) and represses those genes. Also acts as an activator for several genes including H4 and IL7. Constitutively binds to the ISRE promoter to activate IL7. Involved in cell cycle regulation through binding the site II (HiNF-M) promoter region of H4 and activating transcription during cell growth. Antagonizes IRF1 transcriptional activation.	mapped	protein_ids_from_disgenet
3667	IRS1	P35568	9606.ENSP00000304895	IRS1	9606	Insulin receptor substrate 1; May mediate the control of various cellular processes by insulin. When phosphorylated by the insulin receptor binds specifically to various cellular proteins containing SH2 domains such as phosphatidylinositol 3-kinase p85 subunit or GRB2. Activates phosphatidylinositol 3-kinase when bound to the regulatory p85 subunit (By similarity).	mapped	protein_ids_from_disgenet
8660	IRS2	Q9Y4H2	9606.ENSP00000365016	IRS2	9606	Insulin receptor substrate 2; May mediate the control of various cellular processes by insulin.	mapped	protein_ids_from_disgenet
9636	ISG15	P05161	9606.ENSP00000496832	ISG15	9606	Ubiquitin-like protein ISG15; Ubiquitin-like protein which plays a key role in the innate immune response to viral infection either via its conjugation to a target protein (ISGylation) or via its action as a free or unconjugated protein. ISGylation involves a cascade of enzymatic reactions involving E1, E2, and E3 enzymes which catalyze the conjugation of ISG15 to a lysine residue in the target protein. Its target proteins include IFIT1, MX1/MxA, PPM1B, UBE2L6, UBA7, CHMP5, CHMP2A, CHMP4B and CHMP6. Can also isgylate: EIF2AK2/PKR which results in its activation, DDX58/RIG-I which inhib [...] 	mapped	protein_ids_from_disgenet
3699	ITIH3	Q06033	9606.ENSP00000415769	ITIH3	9606	Inter-alpha-trypsin inhibitor heavy chain H3; May act as a carrier of hyaluronan in serum or as a binding protein between hyaluronan and other matrix protein, including those on cell surfaces in tissues to regulate the localization, synthesis and degradation of hyaluronan which are essential to cells undergoing biological processes.	mapped	protein_ids_from_disgenet
3716	JAK1	P23458	9606.ENSP00000499900	JAK1	9606	Tyrosine-protein kinase JAK1; Tyrosine kinase of the non-receptor type, involved in the IFN-alpha/beta/gamma signal pathway. Kinase partner for the interleukin (IL)-2 receptor  as well as interleukin (IL)-10 receptor.	mapped	protein_ids_from_disgenet
3717	JAK2	O60674	9606.ENSP00000371067	JAK2	9606	Tyrosine-protein kinase JAK2; Non-receptor tyrosine kinase involved in various processes such as cell growth, development, differentiation or histone modifications. Mediates essential signaling events in both innate and adaptive immunity. In the cytoplasm, plays a pivotal role in signal transduction via its association with type I receptors such as growth hormone (GHR), prolactin (PRLR), leptin (LEPR), erythropoietin (EPOR), thrombopoietin (THPO); or type II receptors including IFN-alpha, IFN- beta, IFN-gamma and multiple interleukins. Following ligand-binding to cell surface receptors [...] 	mapped	protein_ids_from_disgenet
122953	JDP2	Q8WYK2	9606.ENSP00000267569	JDP2	9606	Jun dimerization protein 2; Component of the AP-1 transcription factor that represses transactivation mediated by the Jun family of proteins. Involved in a variety of transcriptional responses associated with AP-1 such as UV- induced apoptosis, cell differentiation, tumorigenesis and antitumogeneris. Can also function as a repressor by recruiting histone deacetylase 3/HDAC3 to the promoter region of JUN. May control transcription via direct regulation of the modification of histones and the assembly of chromatin.	mapped	protein_ids_from_disgenet
3725	JUN	P05412	9606.ENSP00000360266	JUN	9606	Transcription factor AP-1; Transcription factor that recognizes and binds to the enhancer heptamer motif 5'-TGA[CG]TCA-3'. Promotes activity of NR5A1 when phosphorylated by HIPK3 leading to increased steroidogenic gene expression upon cAMP signaling pathway stimulation. Involved in activated KRAS-mediated transcriptional activation of USP28 in colorectal cancer (CRC) cells. Binds to the USP28 promoter in colorectal cancer (CRC) cells. Belongs to the bZIP family. Jun subfamily.	mapped	protein_ids_from_disgenet
3727	JUND	P17535	9606.ENSP00000252818	JUND	9606	Transcription factor jun-D; Transcription factor binding AP-1 sites.	mapped	protein_ids_from_disgenet
9920	KBTBD11	O94819	9606.ENSP00000321544	KBTBD11	9606	Kelch repeat and BTB domain containing 11.	mapped	protein_ids_from_disgenet
3781	KCNN2	Q9H2S1	9606.ENSP00000264773	KCNN2	9606	Small conductance calcium-activated potassium channel protein 2; Forms a voltage-independent potassium channel activated by intracellular calcium. Activation is followed by membrane hyperpolarization. Thought to regulate neuronal excitability by contributing to the slow component of synaptic afterhyperpolarization. The channel is blocked by apamin; Belongs to the potassium channel KCNN family. KCa2.2/KCNN2 subfamily.	mapped	protein_ids_from_disgenet
7403	KDM6A	O15550	9606.ENSP00000367203	KDM6A	9606	Lysine-specific demethylase 6A; Histone demethylase that specifically demethylates 'Lys-27' of histone H3, thereby playing a central role in histone code. Demethylates trimethylated and dimethylated but not monomethylated H3 'Lys-27'. Plays a central role in regulation of posterior development, by regulating HOX gene expression. Demethylation of 'Lys-27' of histone H3 is concomitant with methylation of 'Lys-4' of histone H3, and regulates the recruitment of the PRC1 complex and monoubiquitination of histone H2A. Plays a demethylase-independent role in chromatin remodeling to regulate T [...] 	mapped	protein_ids_from_disgenet
79831	KDM8	Q8N371	9606.ENSP00000398410	KDM8	9606	Bifunctional peptidase and arginyl-hydroxylase JMJD5; Bifunctional enzyme that acts both as an endopeptidase and 2- oxoglutarate-dependent monoxygenase. Endopeptidase that cleaves histones N-terminal tails at the carboxyl side of methylated arginine or lysine residues, to generate 'tailless nucleosomes', which may trigger transcription elongation. Preferentially recognizes and cleaves monomethylated and dimethylated arginine residues of histones H2, H3 and H4. After initial cleavage, continues to digest histones tails via its aminopeptidase activity. Upon DNA damage, cleaves the N-term [...] 	mapped	protein_ids_from_disgenet
3791	KDR	P35968	9606.ENSP00000263923	KDR	9606	Vascular endothelial growth factor receptor 2; Tyrosine-protein kinase that acts as a cell-surface receptor for VEGFA, VEGFC and VEGFD. Plays an essential role in the regulation of angiogenesis, vascular development, vascular permeability, and embryonic hematopoiesis. Promotes proliferation, survival, migration and differentiation of endothelial cells. Promotes reorganization of the actin cytoskeleton. Isoforms lacking a transmembrane domain, such as isoform 2 and isoform 3, may function as decoy receptors for VEGFA, VEGFC and/or VEGFD. Isoform 2 plays an important role as negative reg [...] 	mapped	protein_ids_from_disgenet
3832	KIF11	P52732	9606.ENSP00000260731	KIF11	9606	Kinesin-like protein KIF11; Motor protein required for establishing a bipolar spindle during mitosis. Required in non-mitotic cells for transport of secretory proteins from the Golgi complex to the cell surface ; Belongs to the TRAFAC class myosin-kinesin ATPase superfamily. Kinesin family. BimC subfamily.	mapped	protein_ids_from_disgenet
9928	KIF14	Q15058	9606.ENSP00000356319	KIF14	9606	Kinesin-like protein KIF14; Microtubule motor protein that binds to microtubules with high affinity through each tubulin heterodimer and has an ATPase activity (By similarity). Plays a role in many processes like cell division, cytokinesis and also in cell proliferation and apoptosis. During cytokinesis, targets to central spindle and midbody through its interaction with PRC1 and CIT respectively. Regulates cell growth through regulation of cell cycle progression and cytokinesis. During cell cycle progression acts through SCF-dependent proteasomal ubiquitin-dependent protein catabolic  [...] 	mapped	protein_ids_from_disgenet
56992	KIF15	Q9NS87	9606.ENSP00000324020	KIF15	9606	Kinesin-like protein KIF15; Plus-end directed kinesin-like motor enzyme involved in mitotic spindle assembly; Belongs to the TRAFAC class myosin-kinesin ATPase superfamily. Kinesin family. KLP2 subfamily.	mapped	protein_ids_from_disgenet
81930	KIF18A	Q8NI77	9606.ENSP00000263181	KIF18A	9606	Kinesin-like protein KIF18A; Microtubule-depolymerizing kinesin which plays a role in chromosome congression by reducing the amplitude of preanaphase oscillations and slowing poleward movement during anaphase, thus suppressing chromosome movements. May stabilize the CENPE-BUB1B complex at the kinetochores during early mitosis and maintains CENPE levels at kinetochores during chromosome congression.	mapped	protein_ids_from_disgenet
146909	KIF18B	Q86Y91	9606.ENSP00000465992	KIF18B	9606	Kinesin-like protein KIF18B; In complex with KIF2C, constitutes the major microtubule plus-end depolymerizing activity in mitotic cells. Its major role may be to transport KIF2C and/or MAPRE1 along microtubules. Belongs to the TRAFAC class myosin-kinesin ATPase superfamily. Kinesin family.	mapped	protein_ids_from_disgenet
23095	KIF1B	O60333	9606.ENSP00000263934	KIF1B	9606	Kinesin-like protein KIF1B; Motor for anterograde transport of mitochondria. Has a microtubule plus end-directed motility. Isoform 2 is required for induction of neuronal apoptosis.	mapped	protein_ids_from_disgenet
10112	KIF20A	O95235	9606.ENSP00000378356	KIF20A	9606	Kinesin-like protein KIF20A; Mitotic kinesin required for chromosome passenger complex (CPC)-mediated cytokinesis. Following phosphorylation by PLK1, involved in recruitment of PLK1 to the central spindle. Interacts with guanosine triphosphate (GTP)-bound forms of RAB6A and RAB6B. May act as a motor required for the retrograde RAB6 regulated transport of Golgi membranes and associated vesicles along microtubules. Has a microtubule plus end- directed motility.	mapped	protein_ids_from_disgenet
9493	KIF23	Q02241	9606.ENSP00000260363	KIF23	9606	Kinesin-like protein KIF23; Component of the centralspindlin complex that serves as a microtubule-dependent and Rho-mediated signaling required for the myosin contractile ring formation during the cell cycle cytokinesis. Essential for cytokinesis in Rho-mediated signaling. Required for the localization of ECT2 to the central spindle. Plus-end-directed motor enzyme that moves antiparallel microtubules in vitro. Belongs to the TRAFAC class myosin-kinesin ATPase superfamily. Kinesin family.	mapped	protein_ids_from_disgenet
11004	KIF2C	Q99661	9606.ENSP00000361298	KIF2C	9606	Kinesin-like protein KIF2C; In complex with KIF18B, constitutes the major microtubule plus-end depolymerizing activity in mitotic cells. Regulates the turnover of microtubules at the kinetochore and functions in chromosome segregation during mitosis. Plays a role in chromosome congression and is required for the lateral to end- on conversion of the chromosome-microtubule attachment ; Belongs to the TRAFAC class myosin-kinesin ATPase superfamily. Kinesin family. MCAK/KIF2 subfamily.	mapped	protein_ids_from_disgenet
24137	KIF4A	O95239	9606.ENSP00000363524	KIF4A	9606	Chromosome-associated kinesin KIF4A; Motor protein that translocates PRC1 to the plus ends of interdigitating spindle microtubules during the metaphase to anaphase transition, an essential step for the formation of an organized central spindle midzone and midbody and for successful cytokinesis. May play a role in mitotic chromosomal positioning and bipolar spindle stabilization.	mapped	protein_ids_from_disgenet
3833	KIFC1	Q9BW19	9606.ENSP00000393963	KIFC1	9606	Kinesin-like protein KIFC1; Minus end-directed microtubule-dependent motor required for bipolar spindle formation. May contribute to movement of early endocytic vesicles (By similarity). Regulates cilium formation and structure (By similarity); Belongs to the TRAFAC class myosin-kinesin ATPase superfamily. Kinesin family. NCD subfamily.	mapped	protein_ids_from_disgenet
3813	KIR3DS1	Q14943					missing	
152831	KLB	Q86Z14	9606.ENSP00000257408	KLB	9606	Beta-klotho; Contributes to the transcriptional repression of cholesterol 7-alpha-hydroxylase (CYP7A1), the rate-limiting enzyme in bile acid synthesis. Probably inactive as a glycosidase. Increases the ability of FGFR1 and FGFR4 to bind FGF21 (By similarity).	mapped	protein_ids_from_disgenet
9314	KLF4	O43474	9606.ENSP00000363804	KLF4	9606	Krueppel-like factor 4; Transcription factor; can act both as activator and as repressor. Binds the 5'-CACCC-3' core sequence. Binds to the promoter region of its own gene and can activate its own transcription. Regulates the expression of key transcription factors during embryonic development. Plays an important role in maintaining embryonic stem cells, and in preventing their differentiation. Required for establishing the barrier function of the skin and for postnatal maturation and maintenance of the ocular surface. Involved in the differentiation of epithelial cells and may also fu [...] 	mapped	protein_ids_from_disgenet
688	KLF5	Q13887	9606.ENSP00000366915	KLF5	9606	Krueppel-like factor 5; Transcription factor that binds to GC box promoter elements. Activates the transcription of these genes; Belongs to the krueppel C2H2-type zinc-finger protein family.	mapped	protein_ids_from_disgenet
4297	KMT2A	Q03164	9606.ENSP00000436786	KMT2A	9606	Histone-lysine N-methyltransferase 2A; Histone methyltransferase that plays an essential role in early development and hematopoiesis. Catalytic subunit of the MLL1/MLL complex, a multiprotein complex that mediates both methylation of 'Lys- 4' of histone H3 (H3K4me) complex and acetylation of 'Lys-16' of histone H4 (H4K16ac). In the MLL1/MLL complex, it specifically mediates H3K4me, a specific tag for epigenetic transcriptional activation. Has weak methyltransferase activity by itself, and requires other component of the MLL1/MLL complex to obtain full methyltransferase activity. Has no [...] 	mapped	protein_ids_from_disgenet
9757	KMT2B	Q9UMN6	9606.ENSP00000398837	KMT2B	9606	Histone-lysine N-methyltransferase 2B; Histone methyltransferase that methylates 'Lys-4' of histone H3. H3 'Lys-4' methylation represents a specific tag for epigenetic transcriptional activation. Plays a central role in beta-globin locus transcription regulation by being recruited by NFE2. Plays an important role in controlling bulk H3K4me during oocyte growth and preimplantation development (By similarity). Required during the transcriptionally active period of oocyte growth for the establishment and/or maintenance of bulk H3K4 trimethylation (H3K4me3), global transcriptional silencin [...] 	mapped	protein_ids_from_disgenet
58508	KMT2C	Q8NEZ4	9606.ENSP00000262189	KMT2C	9606	Histone-lysine N-methyltransferase 2C; Histone methyltransferase that methylates 'Lys-4' of histone H3. H3 'Lys-4' methylation represents a specific tag for epigenetic transcriptional activation. Central component of the MLL2/3 complex, a coactivator complex of nuclear receptors, involved in transcriptional coactivation. KMT2C/MLL3 may be a catalytic subunit of this complex. May be involved in leukemogenesis and developmental disorder; Belongs to the class V-like SAM-binding methyltransferase superfamily. Histone-lysine methyltransferase family. TRX/MLL subfamily.	mapped	protein_ids_from_disgenet
3845	KRAS	P01116	9606.ENSP00000256078	KRAS	9606	GTPase KRas, N-terminally processed; Ras proteins bind GDP/GTP and possess intrinsic GTPase activity. Plays an important role in the regulation of cell proliferation. Plays a role in promoting oncogenic events by inducing transcriptional silencing of tumor suppressor genes (TSGs) in colorectal cancer (CRC) cells in a ZNF304-dependent manner.	mapped	protein_ids_from_disgenet
3875	KRT18	P05783	9606.ENSP00000373489	KRT18	9606	Keratin, type I cytoskeletal 18; Involved in the uptake of thrombin-antithrombin complexes by hepatic cells (By similarity). When phosphorylated, plays a role in filament reorganization. Involved in the delivery of mutated CFTR to the plasma membrane. Together with KRT8, is involved in interleukin-6 (IL-6)-mediated barrier protection.	mapped	protein_ids_from_disgenet
3856	KRT8	P05787	9606.ENSP00000449404	KRT8	9606	Keratin, type II cytoskeletal 8; Together with KRT19, helps to link the contractile apparatus to dystrophin at the costameres of striated muscle. Belongs to the intermediate filament family.	mapped	protein_ids_from_disgenet
284217	LAMA1	P25391	9606.ENSP00000374309	LAMA1	9606	Laminin subunit alpha-1; Binding to cells via a high affinity receptor, laminin is thought to mediate the attachment, migration and organization of cells into tissues during embryonic development by interacting with other extracellular matrix components.	mapped	protein_ids_from_disgenet
3918	LAMC2	Q13753	9606.ENSP00000264144	LAMC2	9606	Laminin subunit gamma-2; Binding to cells via a high affinity receptor, laminin is thought to mediate the attachment, migration and organization of cells into tissues during embryonic development by interacting with other extracellular matrix components. Ladsin exerts cell-scattering activity toward a wide variety of cells, including epithelial, endothelial, and fibroblastic cells.	mapped	protein_ids_from_disgenet
3931	LCAT	P04180	9606.ENSP00000264005	LCAT	9606	Phosphatidylcholine-sterol acyltransferase; Central enzyme in the extracellular metabolism of plasma lipoproteins. Synthesized mainly in the liver and secreted into plasma where it converts cholesterol and phosphatidylcholines (lecithins) to cholesteryl esters and lysophosphatidylcholines on the surface of high and low density lipoproteins (HDLs and LDLs). The cholesterol ester is then transported back to the liver. Has a preference for plasma 16:0-18:2 or 18:O-18:2 phosphatidylcholines. Also produced in the brain by primary astrocytes, and esterifies free cholesterol on nascent APOE-c [...] 	mapped	protein_ids_from_disgenet
3949	LDLR	P01130	9606.ENSP00000454071	LDLR	9606	Low-density lipoprotein receptor; Binds LDL, the major cholesterol-carrying lipoprotein of plasma, and transports it into cells by endocytosis. In order to be internalized, the receptor-ligand complexes must first cluster into clathrin-coated pits. (Microbial infection) Acts as a receptor for Vesicular stomatitis virus; Belongs to the LDLR family.	mapped	protein_ids_from_disgenet
3950	LECT2	O14960	9606.ENSP00000274507	LECT2	9606	Leukocyte cell-derived chemotaxin-2; Has a neutrophil chemotactic activity. Also a positive regulator of chondrocyte proliferation. Does not show metalloendopeptidase activity. Belongs to the LECT2/MIM-1 family.	mapped	protein_ids_from_disgenet
3952	LEP	P41159	9606.ENSP00000312652	LEP	9606	Leptin; Key player in the regulation of energy balance and body weight control. Once released into the circulation, has central and peripheral effects by binding LEPR, found in many tissues, which results in the activation of several major signaling pathways. In the hypothalamus, acts as an appetite-regulating factor that induces a decrease in food intake and an increase in energy consumption by inducing anorexinogenic factors and suppressing orexigenic neuropeptides, also regulates bone mass and secretion of hypothalamo- pituitary-adrenal hormones. In the periphery, increases basal me [...] 	mapped	protein_ids_from_disgenet
3953	LEPR	P48357	9606.ENSP00000330393	LEPR	9606	Leptin receptor; Receptor for hormone LEP/leptin (Probable). On ligand binding, mediates LEP central and peripheral effects through the activation of different signaling pathways such as JAK2/STAT3 and MAPK cascade/FOS. In the hypothalamus, LEP acts as an appetite- regulating factor that induces a decrease in food intake and an increase in energy consumption by inducing anorexinogenic factors and suppressing orexigenic neuropeptides, also regulates bone mass and secretion of hypothalamo-pituitary-adrenal hormones (By similarity). In the periphery, increases basal metabolism, influences [...] 	mapped	protein_ids_from_disgenet
3954	LETM1	O95202	9606.ENSP00000305653	LETM1	9606	Mitochondrial proton/calcium exchanger protein; Mitochondrial proton/calcium antiporter that mediates proton- dependent calcium efflux from mitochondrion. Crucial for the maintenance of mitochondrial tubular networks and for the assembly of the supercomplexes of the respiratory chain. Required for the maintenance of the tubular shape and cristae organization. In contrast to SLC8B1/NCLX, does not constitute the major factor for mitochondrial calcium extrusion ; Belongs to the LETM1 family.	mapped	protein_ids_from_disgenet
3956	LGALS1	P09382	9606.ENSP00000215909	LGALS1	9606	Galectin-1; Lectin that binds beta-galactoside and a wide array of complex carbohydrates. Plays a role in regulating apoptosis, cell proliferation and cell differentiation. Inhibits CD45 protein phosphatase activity and therefore the dephosphorylation of Lyn kinase. Strong inducer of T-cell apoptosis.	mapped	protein_ids_from_disgenet
3959	LGALS3BP	Q08380	9606.ENSP00000262776	LGALS3BP	9606	Galectin-3-binding protein; Promotes integrin-mediated cell adhesion. May stimulate host defense against viruses and tumor cells.	mapped	protein_ids_from_disgenet
3976	LIF	P15018	9606.ENSP00000249075	LIF	9606	Leukemia inhibitory factor; LIF has the capacity to induce terminal differentiation in leukemic cells. Its activities include the induction of hematopoietic differentiation in normal and myeloid leukemia cells, the induction of neuronal cell differentiation, and the stimulation of acute-phase protein synthesis in hepatocytes.	mapped	protein_ids_from_disgenet
3977	LIFR	P42702	9606.ENSP00000398368	LIFR	9606	Leukemia inhibitory factor receptor; Signal-transducing molecule. May have a common pathway with IL6ST. The soluble form inhibits the biological activity of LIF by blocking its binding to receptors on target cells; Belongs to the type I cytokine receptor family. Type 2 subfamily.	mapped	protein_ids_from_disgenet
10990	LILRB5	O75023	9606.ENSP00000406478	LILRB5	9606	Leukocyte immunoglobulin-like receptor subfamily B member 5; May act as receptor for class I MHC antigens.	mapped	protein_ids_from_disgenet
110806263	LOC110806263						missing	
126806658	LOC126806658						missing	
126806659	LOC126806659						missing	
129994371	LOC129994371						missing	
129997612	LOC129997612						missing	
4015	LOX	P28300	9606.ENSP00000231004	LOX	9606	Protein-lysine 6-oxidase, short form; Responsible for the post-translational oxidative deamination of peptidyl lysine residues in precursors to fibrous collagen and elastin. Regulator of Ras expression. May play a role in tumor suppression. Plays a role in the aortic wall architecture (By similarity); Belongs to the lysyl oxidase family.	mapped	protein_ids_from_disgenet
4016	LOXL1	Q08397	9606.ENSP00000261921	LOXL1	9606	Lysyl oxidase homolog 1; Active on elastin and collagen substrates.	mapped	protein_ids_from_disgenet
84695	LOXL3	P58215	9606.ENSP00000264094	LOXL3	9606	Lysyl oxidase homolog 3; Protein-lysine 6-oxidase that mediates the oxidation of peptidyl lysine residues to allysine in target proteins. Catalyzes the post-translational oxidative deamination of peptidyl lysine residues in precursors of elastin and different types of collagens, a prerequisite in the formation of cross-links between collagens and elastin. Required for somite boundary formation by catalyzing oxidation of fibronectin (FN1), enhancing integrin signaling in myofibers and their adhesion to the myotendinous junction (MTJ) (By similarity). Acts as a regulator of inflammatory  [...] 	mapped	protein_ids_from_disgenet
9227	LRAT	O95237	9606.ENSP00000337224	LRAT	9606	Lecithin retinol acyltransferase; Transfers the acyl group from the sn-1 position of phosphatidylcholine to all-trans retinol, producing all-trans retinyl esters. Retinyl esters are storage forms of vitamin A (Probable). LRAT plays a critical role in vision (Probable). It provides the all-trans retinyl ester substrates for the isomerohydrolase which processes the esters into 11-cis-retinol in the retinal pigment epithelium; due to a membrane-associated alcohol dehydrogenase, 11 cis-retinol is oxidized and converted into 11-cis- retinaldehyde which is the chromophore for rhodopsin and t [...] 	mapped	protein_ids_from_disgenet
53353	LRP1B	Q9NZR2	9606.ENSP00000374135	LRP1B	9606	Low-density lipoprotein receptor-related protein 1B; Potential cell surface proteins that bind and internalize ligands in the process of receptor-mediated endocytosis.	mapped	protein_ids_from_disgenet
55227	LRRC1	Q9BTT6	9606.ENSP00000359925	LRRC1	9606	Leucine-rich repeat-containing protein 1; Leucine rich repeat containing 1.	mapped	protein_ids_from_disgenet
55379	LRRC59	Q96AG4	9606.ENSP00000225972	LRRC59	9606	Leucine-rich repeat-containing protein 59, N-terminally processed; Required for nuclear import of FGF1, but not that of FGF2. Might regulate nuclear import of exogenous FGF1 by facilitating interaction with the nuclear import machinery and by transporting cytosolic FGF1 to, and possibly through, the nuclear pores.	mapped	protein_ids_from_disgenet
4060	LUM	P51884	9606.ENSP00000266718	LUM	9606	Lumican; Belongs to the small leucine-rich proteoglycan (SLRP) family. SLRP class II subfamily.	mapped	protein_ids_from_disgenet
10894	LYVE1	Q9Y5Y7	9606.ENSP00000256178	LYVE1	9606	Lymphatic vessel endothelial hyaluronic acid receptor 1; Ligand-specific transporter trafficking between intracellular organelles (TGN) and the plasma membrane. Plays a role in autocrine regulation of cell growth mediated by growth regulators containing cell surface retention sequence binding (CRS). May act as a hyaluronan (HA) transporter, either mediating its uptake for catabolism within lymphatic endothelial cells themselves, or its transport into the lumen of afferent lymphatic vessels for subsequent re-uptake and degradation in lymph nodes.	mapped	protein_ids_from_disgenet
8216	LZTR1	Q8N653	9606.ENSP00000496779	LZTR1	9606	Leucine-zipper-like transcriptional regulator 1; Substrate-specific adapter of a BCR (BTB-CUL3-RBX1) E3 ubiquitin-protein ligase complex that mediates ubiquitination of Ras (K-Ras/KRAS, N-Ras/NRAS and H-Ras/HRAS). Is a negative regulator of RAS-MAPK signaling that acts by controlling Ras levels and decreasing Ras association with membranes ; Belongs to the LZTR1 family.	mapped	protein_ids_from_disgenet
4085	MAD2L1	Q13257	9606.ENSP00000296509	MAD2L1	9606	Mitotic spindle assembly checkpoint protein MAD2A; Component of the spindle-assembly checkpoint that prevents the onset of anaphase until all chromosomes are properly aligned at the metaphase plate. Required for the execution of the mitotic checkpoint which monitors the process of kinetochore-spindle attachment and inhibits the activity of the anaphase promoting complex by sequestering CDC20 until all chromosomes are aligned at the metaphase plate.	mapped	protein_ids_from_disgenet
51438	MAGEC2	Q9UBF1	9606.ENSP00000354660	MAGEC2	9606	Melanoma-associated antigen C2; Proposed to enhance ubiquitin ligase activity of RING-type zinc finger-containing E3 ubiquitin-protein ligases. In vitro enhances ubiquitin ligase activity of TRIM28 and stimulates p53/TP53 ubiquitination in presence of Ubl-conjugating enzyme UBE2H leading to p53/TP53 degradation. Proposed to act through recruitment and/or stabilization of the Ubl-conjugating enzymes (E2) at the E3:substrate complex.	mapped	protein_ids_from_disgenet
9448	MAP4K4	O95819	9606.ENSP00000343658	MAP4K4	9606	Mitogen-activated protein kinase kinase kinase kinase 4; Serine/threonine kinase that may play a role in the response to environmental stress and cytokines such as TNF-alpha. Appears to act upstream of the JUN N-terminal pathway. Phosphorylates SMAD1 on Thr- 322.	mapped	protein_ids_from_disgenet
4137	MAPT	P10636	9606.ENSP00000340820	MAPT	9606	Microtubule-associated protein tau; Promotes microtubule assembly and stability, and might be involved in the establishment and maintenance of neuronal polarity. The C-terminus binds axonal microtubules while the N-terminus binds neural plasma membrane components, suggesting that tau functions as a linker protein between both. Axonal polarity is predetermined by TAU/MAPT localization (in the neuronal cell) in the domain of the cell body defined by the centrosome. The short isoforms allow plasticity of the cytoskeleton whereas the longer isoforms may preferentially play a role in its st [...] 	mapped	protein_ids_from_disgenet
8685	MARCO	Q9UEW3	9606.ENSP00000318916	MARCO	9606	Macrophage receptor MARCO; Pattern recognition receptor (PRR) which binds Gram-positive and Gram-negative bacteria. Also plays a role in binding of unopsonized particles by alveolar macrophages (By similarity). Binds to the secretoglobin SCGB3A2.	mapped	protein_ids_from_disgenet
4143	MAT1A	Q00266	9606.ENSP00000361287	MAT1A	9606	S-adenosylmethionine synthase isoform type-1; Catalyzes the formation of S-adenosylmethionine from methionine and ATP. The reaction comprises two steps that are both catalyzed by the same enzyme: formation of S-adenosylmethionine (AdoMet) and triphosphate, and subsequent hydrolysis of the triphosphate.	mapped	protein_ids_from_disgenet
4153	MBL2	P11226	9606.ENSP00000363079	MBL2	9606	Mannose-binding protein C; Calcium-dependent lectin involved in innate immune defense. Binds mannose, fucose and N-acetylglucosamine on different microorganisms and activates the lectin complement pathway. Binds to late apoptotic cells, as well as to apoptotic blebs and to necrotic cells, but not to early apoptotic cells, facilitating their uptake by macrophages. May bind DNA.	mapped	protein_ids_from_disgenet
8720	MBTPS1	Q14703	9606.ENSP00000344223	MBTPS1	9606	Membrane-bound transcription factor site-1 protease; Serine protease that catalyzes the first step in the proteolytic activation of the sterol regulatory element-binding proteins (SREBPs). Other known substrates are BDNF, GNPTAB and ATF6. Cleaves after hydrophobic or small residues, provided that Arg or Lys is in position P4. Cleaves known substrates after Arg-Ser-Val-Leu (SERBP-2), Arg-His-Leu-Leu (ATF6), Arg-Gly-Leu-Thr (BDNF) and its own propeptide after Arg-Arg-Leu-Leu. Mediates the protein cleavage of GNPTAB into subunit alpha and beta, thereby participating in biogenesis of lysos [...] 	mapped	protein_ids_from_disgenet
51360	MBTPS2	O43462	9606.ENSP00000368798	MBTPS2	9606	Membrane-bound transcription factor site-2 protease; Involved in regulated intramembrane proteolysis (RIP) that is the cleavage of membrane-spanning regulatory proteins by proteases within the plane of the membrane. It cleaves sterol-regulatory element- binding proteins (SREBPs) within the first transmembrane segment, thereby releasing the N-terminal segment with a portion of the transmembrane segment attached. Mature N-terminal fragments shuttle to the nucleus and activate gene transcription. Involved in RIP-mediated regulation of bone formation.	mapped	protein_ids_from_disgenet
55388	MCM10	Q7L590	9606.ENSP00000418268	MCM10	9606	Protein MCM10 homolog; Acts as a replication initiation factor that brings together the MCM2-7 helicase and the DNA polymerase alpha/primase complex in order to initiate DNA replication. Additionally, plays a role in preventing DNA damage during replication. Key effector of the RBBP6 and ZBTB38-mediated regulation of DNA-replication and common fragile sites stability; acts as a direct target of transcriptional repression by ZBTB38. Belongs to the MCM10 family.	mapped	protein_ids_from_disgenet
4171	MCM2	P49736	9606.ENSP00000265056	MCM2	9606	DNA replication licensing factor MCM2; Acts as component of the MCM2-7 complex (MCM complex) which is the putative replicative helicase essential for 'once per cell cycle' DNA replication initiation and elongation in eukaryotic cells. The active ATPase sites in the MCM2-7 ring are formed through the interaction surfaces of two neighboring subunits such that a critical structure of a conserved arginine finger motif is provided in trans relative to the ATP-binding site of the Walker A box of the adjacent subunit. The six ATPase active sites, however, are likely to contribute differential [...] 	mapped	protein_ids_from_disgenet
4193	MDM2	Q00987	9606.ENSP00000258149	MDM2	9606	E3 ubiquitin-protein ligase Mdm2; E3 ubiquitin-protein ligase that mediates ubiquitination of p53/TP53, leading to its degradation by the proteasome. Inhibits p53/TP53- and p73/TP73-mediated cell cycle arrest and apoptosis by binding its transcriptional activation domain. Also acts as a ubiquitin ligase E3 toward itself and ARRB1. Permits the nuclear export of p53/TP53. Promotes proteasome-dependent ubiquitin-independent degradation of retinoblastoma RB1 protein. Inhibits DAXX-mediated apoptosis by inducing its ubiquitination and degradation. Component of the TRIM28/KAP1-MDM2-p53/TP53  [...] 	mapped	protein_ids_from_disgenet
4199	ME1	P48163	9606.ENSP00000358719	ME1	9606	Malic enzyme 1.	mapped	protein_ids_from_disgenet
4204	MECP2	P51608	9606.ENSP00000395535	MECP2	9606	Methyl-CpG-binding protein 2; Chromosomal protein that binds to methylated DNA. It can bind specifically to a single methyl-CpG pair. It is not influenced by sequences flanking the methyl-CpGs. Mediates transcriptional repression through interaction with histone deacetylase and the corepressor SIN3A. Binds both 5-methylcytosine (5mC) and 5-hydroxymethylcytosine (5hmC)- containing DNA, with a preference for 5-methylcytosine (5mC).	mapped	protein_ids_from_disgenet
5469	MED1	Q15648	9606.ENSP00000300651	MED1	9606	Mediator of RNA polymerase II transcription subunit 1; Component of the Mediator complex, a coactivator involved in the regulated transcription of nearly all RNA polymerase II-dependent genes. Mediator functions as a bridge to convey information from gene- specific regulatory proteins to the basal RNA polymerase II transcription machinery. Mediator is recruited to promoters by direct interactions with regulatory proteins and serves as a scaffold for the assembly of a functional preinitiation complex with RNA polymerase II and the general transcription factors. Acts as a coactivator for [...] 	mapped	protein_ids_from_disgenet
9833	MELK	Q14680	9606.ENSP00000298048	MELK	9606	Maternal embryonic leucine zipper kinase; Serine/threonine-protein kinase involved in various processes such as cell cycle regulation, self-renewal of stem cells, apoptosis and splicing regulation. Has a broad substrate specificity; phosphorylates BCL2L14, CDC25B, MAP3K5/ASK1 and ZNF622. Acts as an activator of apoptosis by phosphorylating and activating MAP3K5/ASK1. Acts as a regulator of cell cycle, notably by mediating phosphorylation of CDC25B, promoting localization of CDC25B to the centrosome and the spindle poles during mitosis. Plays a key role in cell proliferation and carcino [...] 	mapped	protein_ids_from_disgenet
4233	MET	P08581	9606.ENSP00000317272	MET	9606	Hepatocyte growth factor receptor; Receptor tyrosine kinase that transduces signals from the extracellular matrix into the cytoplasm by binding to hepatocyte growth factor/HGF ligand. Regulates many physiological processes including proliferation, scattering, morphogenesis and survival. Ligand binding at the cell surface induces autophosphorylation of MET on its intracellular domain that provides docking sites for downstream signaling molecules. Following activation by ligand, interacts with the PI3-kinase subunit PIK3R1, PLCG1, SRC, GRB2, STAT3 or the adapter GAB1. Recruitment of thes [...] 	mapped	protein_ids_from_disgenet
56339	METTL3	Q86U44	9606.ENSP00000298717	METTL3	9606	N6-adenosine-methyltransferase catalytic subunit; The METTL3-METTL14 heterodimer forms a N6-methyltransferase complex that methylates adenosine residues at the N(6) position of some RNAs and regulates various processes such as the circadian clock, differentiation of embryonic and hematopoietic stem cells, cortical neurogenesis, response to DNA damage, differentiation of T-cells and primary miRNA processing. In the heterodimer formed with METTL14, METTL3 constitutes the catalytic core. N6- methyladenosine (m6A), which takes place at the 5'-[AG]GAC-3' consensus sites of some mRNAs, plays [...] 	mapped	protein_ids_from_disgenet
84879	MFSD2A	Q8NA29	9606.ENSP00000361895	MFSD2A	9606	Sodium-dependent lysophosphatidylcholine symporter 1; Sodium-dependent lysophosphatidylcholine (LPC) symporter, which plays an essential role for blood-brain barrier formation and function (By similarity). Specifically expressed in endothelium of the blood-brain barrier of micro-vessels and transports LPC into the brain (By similarity). Transport of LPC is essential because it constitutes the major mechanism by which docosahexaenoic acid (DHA), an omega-3 fatty acid that is essential for normal brain growth and cognitive function, enters the brain. Transports LPC carrying long-chain fa [...] 	mapped	protein_ids_from_disgenet
11343	MGLL	Q99685	9606.ENSP00000265052	MGLL	9606	Monoglyceride lipase; Converts monoacylglycerides to free fatty acids and glycerol. Hydrolyzes the endocannabinoid 2- arachidonoylglycerol, and thereby contributes to the regulation of endocannabinoid signaling, nociperception and perception of pain. Regulates the levels of fatty acids that serve as signaling molecules and promote cancer cell migration, invasion and tumor growth. Belongs to the AB hydrolase superfamily. Monoacylglycerol lipase family.	mapped	protein_ids_from_disgenet
100507436	MICA	Q29983	9606.ENSP00000413079	MICA	9606	MHC class I polypeptide-related sequence A; Seems to have no role in antigen presentation. Acts as a stress-induced self-antigen that is recognized by gamma delta T-cells. Ligand for the KLRK1/NKG2D receptor. Binding to KLRK1 leads to cell lysis. Belongs to the MHC class I family. MIC subfamily.	mapped	protein_ids_from_disgenet
9645	MICAL2	O94851	9606.ENSP00000256194	MICAL2	9606	[F-actin]-monooxygenase MICAL2; Nuclear monooxygenase that promotes depolymerization of F- actin by mediating oxidation of specific methionine residues on actin to form methionine-sulfoxide, resulting in actin filament disassembly and preventing repolymerization. In the absence of actin, it also functions as a NADPH oxidase producing H(2)O(2) (By similarity). Acts as a key regulator of the SRF signaling pathway elicited by nerve growth factor and serum: mediates oxidation and subsequent depolymerization of nuclear actin, leading to increase MKL1/MRTF-A presence in the nucleus and promo [...] 	mapped	protein_ids_from_disgenet
406906	MIR122						missing	
406922	MIR133A1						missing	
406938	MIR146A						missing	
406945	MIR153-2						missing	
406947	MIR155						missing	
406968	MIR193A						missing	
406971	MIR195						missing	
406973	MIR196A2						missing	
406984	MIR200B						missing	
100616173	MIR203B						missing	
406994	MIR212						missing	
407006	MIR221						missing	
407011	MIR23B						missing	
407018	MIR27A						missing	
407021	MIR29A						missing	
442896	MIR302D						missing	
407030	MIR30B						missing	
407031	MIR30C1						missing	
407032	MIR30C2						missing	
442910	MIR345						missing	
407040	MIR34A						missing	
574451	MIR432						missing	
619556	MIR455						missing	
574506	MIR503						missing	
693200	MIR615						missing	
100126315	MIR665						missing	
100313838	MIR764						missing	
768218	MIR766						missing	
100126309	MIR875						missing	
4288	MKI67	P46013	9606.ENSP00000357643	MKI67	9606	Proliferation marker protein Ki-67; Required to maintain individual mitotic chromosomes dispersed in the cytoplasm following nuclear envelope disassembly. Associates with the surface of the mitotic chromosome, the perichromosomal layer, and covers a substantial fraction of the chromosome surface. Prevents chromosomes from collapsing into a single chromatin mass by forming a steric and electrostatic charge barrier: the protein has a high net electrical charge and acts as a surfactant, dispersing chromosomes and enabling independent chromosome motility. Binds DNA, with a preference for s [...] 	mapped	protein_ids_from_disgenet
51085	MLXIPL	Q9NP71	9606.ENSP00000320886	MLXIPL	9606	Carbohydrate-responsive element-binding protein; Transcriptional repressor. Binds to the canonical and non- canonical E box sequences 5'-CACGTG-3' (By similarity).	mapped	protein_ids_from_disgenet
4312	MMP1	P03956	9606.ENSP00000322788	MMP1	9606	22 kDa interstitial collagenase; Cleaves collagens of types I, II, and III at one site in the helical domain. Also cleaves collagens of types VII and X. In case of HIV infection, interacts and cleaves the secreted viral Tat protein, leading to a decrease in neuronal Tat's mediated neurotoxicity.	mapped	protein_ids_from_disgenet
4323	MMP14	P50281	9606.ENSP00000308208	MMP14	9606	Matrix metalloproteinase-14; Endopeptidase that degrades various components of the extracellular matrix such as collagen. Activates progelatinase A. Essential for pericellular collagenolysis and modeling of skeletal and extraskeletal connective tissues during development (By similarity). May be involved in actin cytoskeleton reorganization by cleaving PTK7. Acts as a positive regulator of cell growth and migration via activation of MMP15. Involved in the formation of the fibrovascular tissues in association with pro-MMP2. Cleaves ADGRB1 to release vasculostatin-40 which inhibits angiog [...] 	mapped	protein_ids_from_disgenet
4313	MMP2	P08253	9606.ENSP00000219070	MMP2	9606	72 kDa type IV collagenase; Ubiquitinous metalloproteinase that is involved in diverse functions such as remodeling of the vasculature, angiogenesis, tissue repair, tumor invasion, inflammation, and atherosclerotic plaque rupture. As well as degrading extracellular matrix proteins, can also act on several nonmatrix proteins such as big endothelial 1 and beta- type CGRP promoting vasoconstriction. Also cleaves KISS at a Gly-|-Leu bond. Appears to have a role in myocardial cell death pathways. Contributes to myocardial oxidative stress by regulating the activity of GSK3beta. Cleaves GSK3 [...] 	mapped	protein_ids_from_disgenet
4318	MMP9	P14780	9606.ENSP00000361405	MMP9	9606	67 kDa matrix metalloproteinase-9; May play an essential role in local proteolysis of the extracellular matrix and in leukocyte migration. Could play a role in bone osteoclastic resorption. Cleaves KiSS1 at a Gly-|-Leu bond. Cleaves type IV and type V collagen into large C-terminal three quarter fragments and shorter N-terminal one quarter fragments. Degrades fibronectin but not laminin or Pz-peptide. Belongs to the peptidase M10A family.	mapped	protein_ids_from_disgenet
80168	MOGAT2	Q3SYC2	9606.ENSP00000198801	MOGAT2	9606	2-acylglycerol O-acyltransferase 2; Catalyzes the formation of diacylglycerol from 2- monoacylglycerol and fatty acyl-CoA. Has a preference toward monoacylglycerols containing unsaturated fatty acids in an order of C18:3 > C18:2 > C18:1 > C18:0. Plays a central role in absorption of dietary fat in the small intestine by catalyzing the resynthesis of triacylglycerol in enterocytes. May play a role in diet-induced obesity.	mapped	protein_ids_from_disgenet
4353	MPO	P05164	9606.ENSP00000225275	MPO	9606	Myeloperoxidase heavy chain; Part of the host defense system of polymorphonuclear leukocytes. It is responsible for microbicidal activity against a wide range of organisms. In the stimulated PMN, MPO catalyzes the production of hypohalous acids, primarily hypochlorous acid in physiologic situations, and other toxic intermediates that greatly enhance PMN microbicidal activity; Belongs to the peroxidase family. XPO subfamily.	mapped	protein_ids_from_disgenet
83876	MRO	Q9BYG7	9606.ENSP00000397900	MRO	9606	Maestro.	mapped	protein_ids_from_disgenet
57591	MRTFA	Q969V6	9606.ENSP00000498671	MRTFA	9606	Myocardin-related transcription factor A; Transcription coactivator that associates with the serum response factor (SRF) transcription factor to control expression of genes regulating the cytoskeleton during development, morphogenesis and cell migration. The SRF-MRTFA complex activity responds to Rho GTPase- induced changes in cellular globular actin (G-actin) concentration, thereby coupling cytoskeletal gene expression to cytoskeletal dynamics. MRTFA binds G-actin via its RPEL repeats, regulating activity of the MRTFA-SRF complex. Activity is also regulated by filamentous actin (F- ac [...] 	mapped	protein_ids_from_disgenet
4439	MSH5	O43196	9606.ENSP00000364855	MSH5	9606	MutS protein homolog 5; Involved in DNA mismatch repair and meiotic recombination processes. Facilitates crossovers between homologs during meiosis (By similarity); Belongs to the DNA mismatch repair MutS family.	mapped	protein_ids_from_disgenet
4489	MT1A	P04731	9606.ENSP00000290705	MT1A	9606	Metallothionein-1A; Metallothioneins have a high content of cysteine residues that bind various heavy metals; these proteins are transcriptionally regulated by both heavy metals and glucocorticoids; Belongs to the metallothionein superfamily. Type 1 family.	mapped	protein_ids_from_disgenet
4493	MT1E	P04732	9606.ENSP00000328137	MT1E	9606	Metallothionein; Metallothioneins have a high content of cysteine residues that bind various heavy metals.	mapped	protein_ids_from_disgenet
4502	MT2A	P02795	9606.ENSP00000245185	MT2A	9606	Metallothionein-2; Metallothioneins have a high content of cysteine residues that bind various heavy metals; these proteins are transcriptionally regulated by both heavy metals and glucocorticoids; Belongs to the metallothionein superfamily. Type 1 family.	mapped	protein_ids_from_disgenet
27085	MTBP	Q96DY7	9606.ENSP00000303398	MTBP	9606	Mdm2-binding protein; Inhibits cell migration in vitro and suppresses the invasive behavior of tumor cells (By similarity). May play a role in MDM2- dependent p53/TP53 homeostasis in unstressed cells. Inhibits autoubiquitination of MDM2, thereby enhancing MDM2 stability. This promotes MDM2-mediated ubiquitination of p53/TP53 and its subsequent degradation.	mapped	protein_ids_from_disgenet
92140	MTDH	Q86UE4	9606.ENSP00000338235	MTDH	9606	Protein LYRIC; Downregulates SLC1A2/EAAT2 promoter activity when expressed ectopically. Activates the nuclear factor kappa-B (NF-kappa-B) transcription factor. Promotes anchorage-independent growth of immortalized melanocytes and astrocytes which is a key component in tumor cell expansion. Promotes lung metastasis and also has an effect on bone and brain metastasis, possibly by enhancing the seeding of tumor cells to the target organ endothelium. Induces chemoresistance.	mapped	protein_ids_from_disgenet
4524	MTHFR	P42898	9606.ENSP00000365770	MTHFR	9606	Methylenetetrahydrofolate reductase; Catalyzes the conversion of 5,10-methylenetetrahydrofolate to 5-methyltetrahydrofolate, a co-substrate for homocysteine remethylation to methionine.	mapped	protein_ids_from_disgenet
2475	MTOR	P42345	9606.ENSP00000354558	MTOR	9606	Serine/threonine-protein kinase mTOR; Serine/threonine protein kinase which is a central regulator of cellular metabolism, growth and survival in response to hormones, growth factors, nutrients, energy and stress signals. MTOR directly or indirectly regulates the phosphorylation of at least 800 proteins. Functions as part of 2 structurally and functionally distinct signaling complexes mTORC1 and mTORC2 (mTOR complex 1 and 2). Activated mTORC1 up-regulates protein synthesis by phosphorylating key regulators of mRNA translation and ribosome synthesis. This includes phosphorylation of EIF [...] 	mapped	protein_ids_from_disgenet
4552	MTRR	Q9UBK8	9606.ENSP00000402510	MTRR	9606	Methionine synthase reductase; Involved in the reductive regeneration of cob(I)alamin (vitamin B12) cofactor required for the maintenance of methionine synthase in a functional state. Necessary for utilization of methylgroups from the folate cycle, thereby affecting transgenerational epigenetic inheritance. Folate pathway donates methyl groups necessary for cellular methylation and affects different pathways such as DNA methylation, possibly explaining the transgenerational epigenetic inheritance effects.	mapped	protein_ids_from_disgenet
4547	MTTP	P55157	9606.ENSP00000427679	MTTP	9606	Microsomal triglyceride transfer protein large subunit; Catalyzes the transport of triglyceride, cholesteryl ester, and phospholipid between phospholipid surfaces. Required for the secretion of plasma lipoproteins that contain apolipoprotein B.	mapped	protein_ids_from_disgenet
57509	MTUS1	Q9ULD2	9606.ENSP00000262102	MTUS1	9606	Microtubule-associated tumor suppressor 1; Cooperates with AGTR2 to inhibit ERK2 activation and cell proliferation. May be required for AGTR2 cell surface expression. Together with PTPN6, induces UBE2V2 expression upon angiotensin-II stimulation. Isoform 1 inhibits breast cancer cell proliferation, delays the progression of mitosis by prolonging metaphase and reduces tumor growth.	mapped	protein_ids_from_disgenet
4598	MVK	Q03426	9606.ENSP00000228510	MVK	9606	Mevalonate kinase; Catalyzes the phosphorylation of mevalonate to mevalonate 5- phosphate, a key step in isoprenoid and cholesterol biosynthesis ; Belongs to the GHMP kinase family. Mevalonate kinase subfamily.	mapped	protein_ids_from_disgenet
4605	MYBL2	P10244	9606.ENSP00000217026	MYBL2	9606	Myb-related protein B; Transcription factor involved in the regulation of cell survival, proliferation, and differentiation. Transactivates the expression of the CLU gene.	mapped	protein_ids_from_disgenet
4609	MYC	P01106	9606.ENSP00000478887	MYC	9606	Myc proto-oncogene protein; Transcription factor that binds DNA in a non-specific manner, yet also specifically recognizes the core sequence 5'-CAC[GA]TG-3'. Activates the transcription of growth-related genes. Binds to the VEGFA promoter, promoting VEGFA production and subsequent sprouting angiogenesis. Regulator of somatic reprogramming, controls self-renewal of embryonic stem cells. Functions with TAF6L to activate target gene expression through RNA polymerase II pause release (By similarity).	mapped	protein_ids_from_disgenet
4615	MYD88	Q99836	9606.ENSP00000498321	MYD88	9606	Myeloid differentiation primary response protein MyD88; Adapter protein involved in the Toll-like receptor and IL-1 receptor signaling pathway in the innate immune response. Acts via IRAK1, IRAK2, IRF7 and TRAF6, leading to NF-kappa-B activation, cytokine secretion and the inflammatory response. Increases IL-8 transcription. Involved in IL-18-mediated signaling pathway. Activates IRF1 resulting in its rapid migration into the nucleus to mediate an efficient induction of IFN-beta, NOS2/INOS, and IL12A genes. MyD88-mediated signaling in intestinal epithelial cells is crucial for maintena [...] 	mapped	protein_ids_from_disgenet
10	NAT2	P11245	9606.ENSP00000286479	NAT2	9606	Arylamine N-acetyltransferase 2; Participates in the detoxification of a plethora of hydrazine and arylamine drugs. Catalyzes the N- or O-acetylation of various arylamine and heterocyclic amine substrates and is able to bioactivate several known carcinogens.	mapped	protein_ids_from_disgenet
4683	NBN	O60934	9606.ENSP00000265433	NBN	9606	Nibrin; Component of the MRE11-RAD50-NBN (MRN complex) which plays a critical role in the cellular response to DNA damage and the maintenance of chromosome integrity. The complex is involved in double- strand break (DSB) repair, DNA recombination, maintenance of telomere integrity, cell cycle checkpoint control and meiosis. The complex possesses single-strand endonuclease activity and double-strand- specific 3'-5' exonuclease activity, which are provided by MRE11. RAD50 may be required to bind DNA ends and hold them in close proximity. NBN modulate the DNA damage signal sensing by recr [...] 	mapped	protein_ids_from_disgenet
64151	NCAPG	Q9BPX3	9606.ENSP00000251496	NCAPG	9606	Condensin complex subunit 3; Regulatory subunit of the condensin complex, a complex required for conversion of interphase chromatin into mitotic-like condense chromosomes. The condensin complex probably introduces positive supercoils into relaxed DNA in the presence of type I topoisomerases and converts nicked DNA into positive knotted forms in the presence of type II topoisomerases.	mapped	protein_ids_from_disgenet
23397	NCAPH	Q15003	9606.ENSP00000240423	NCAPH	9606	Condensin complex subunit 2; Regulatory subunit of the condensin complex, a complex required for conversion of interphase chromatin into mitotic-like condense chromosomes. The condensin complex probably introduces positive supercoils into relaxed DNA in the presence of type I topoisomerases and converts nicked DNA into positive knotted forms in the presence of type II topoisomerases. Early in neurogenesis, may play an essential role to ensure accurate mitotic chromosome condensation in neuron stem cells, ultimately affecting neuron pool and cortex size. Belongs to the CND2 (condensin s [...] 	mapped	protein_ids_from_disgenet
4540	ND5	P03915	9606.ENSP00000354813	MT-ND5	9606	NADH-ubiquinone oxidoreductase chain 5; Core subunit of the mitochondrial membrane respiratory chain NADH dehydrogenase (Complex I) that is believed to belong to the minimal assembly required for catalysis. Complex I functions in the transfer of electrons from NADH to the respiratory chain. The immediate electron acceptor for the enzyme is believed to be ubiquinone (By similarity).	mapped	protein_ids_from_disgenet
10403	NDC80	O14777	9606.ENSP00000261597	NDC80	9606	Kinetochore protein NDC80 homolog; Acts as a component of the essential kinetochore-associated NDC80 complex, which is required for chromosome segregation and spindle checkpoint activity. Required for kinetochore integrity and the organization of stable microtubule binding sites in the outer plate of the kinetochore. The NDC80 complex synergistically enhances the affinity of the SKA1 complex for microtubules and may allow the NDC80 complex to track depolymerizing microtubules. Plays a role in chromosome congression and is essential for the end-on attachment of the kinetochores to spind [...] 	mapped	protein_ids_from_disgenet
55247	NEIL3	Q8TAT5	9606.ENSP00000264596	NEIL3	9606	Endonuclease 8-like 3; DNA glycosylase which prefers single-stranded DNA (ssDNA), or partially ssDNA structures such as bubble and fork structures, to double-stranded DNA (dsDNA). In vitro, displays strong glycosylase activity towards the hydantoin lesions spiroiminodihydantoin (Sp) and guanidinohydantoin (Gh) in both ssDNA and dsDNA; also recognizes FapyA, FapyG, 5-OHU, 5-OHC, 5-OHMH, Tg and 8-oxoA lesions in ssDNA. No activity on 8-oxoG detected. Also shows weak DNA-(apurinic or apyrimidinic site) lyase activity. In vivo, appears to be the primary enzyme involved in removing Sp and G [...] 	mapped	protein_ids_from_disgenet
4751	NEK2	P51955	9606.ENSP00000355966	NEK2	9606	Serine/threonine-protein kinase Nek2; Protein kinase which is involved in the control of centrosome separation and bipolar spindle formation in mitotic cells and chromatin condensation in meiotic cells. Regulates centrosome separation (essential for the formation of bipolar spindles and high-fidelity chromosome separation) by phosphorylating centrosomal proteins such as CROCC, CEP250 and NINL, resulting in their displacement from the centrosomes. Regulates kinetochore microtubule attachment stability in mitosis via phosphorylation of NDC80. Involved in regulation of mitotic checkpoint  [...] 	mapped	protein_ids_from_disgenet
4771	NF2	P35240	9606.ENSP00000344666	NF2	9606	Merlin; Probable regulator of the Hippo/SWH (Sav/Wts/Hpo) signaling pathway, a signaling pathway that plays a pivotal role in tumor suppression by restricting proliferation and promoting apoptosis. Along with WWC1 can synergistically induce the phosphorylation of LATS1 and LATS2 and can probably function in the regulation of the Hippo/SWH (Sav/Wts/Hpo) signaling pathway. May act as a membrane stabilizing protein. May inhibit PI3 kinase by binding to AGAP2 and impairing its stimulating activity. Suppresses cell proliferation and tumorigenesis by inhibiting the CUL4A-RBX1-DDB1-VprBP/DCAF [...] 	mapped	protein_ids_from_disgenet
4780	NFE2L2	Q16236	9606.ENSP00000380252	NFE2L2	9606	Nuclear factor erythroid 2-related factor 2; Transcription factor that plays a key role in the response to oxidative stress: binds to antioxidant response (ARE) elements present in the promoter region of many cytoprotective genes, such as phase 2 detoxifying enzymes, and promotes their expression, thereby neutralizing reactive electrophiles. In normal conditions, ubiquitinated and degraded in the cytoplasm by the BCR(KEAP1) complex. In response to oxidative stress, electrophile metabolites inhibit activity of the BCR(KEAP1) complex, promoting nuclear accumulation of NFE2L2/NRF2, hetero [...] 	mapped	protein_ids_from_disgenet
4790	NFKB1	P19838	9606.ENSP00000226574	NFKB1	9606	Nuclear factor NF-kappa-B p105 subunit; NF-kappa-B is a pleiotropic transcription factor present in almost all cell types and is the endpoint of a series of signal transduction events that are initiated by a vast array of stimuli related to many biological processes such as inflammation, immunity, differentiation, cell growth, tumorigenesis and apoptosis. NF-kappa-B is a homo- or heterodimeric complex formed by the Rel-like domain- containing proteins RELA/p65, RELB, NFKB1/p105, NFKB1/p50, REL and NFKB2/p52 and the heterodimeric p65-p50 complex appears to be most abundant one. The dime [...] 	mapped	protein_ids_from_disgenet
4792	NFKBIA	P25963	9606.ENSP00000216797	NFKBIA	9606	NF-kappa-B inhibitor alpha; Inhibits the activity of dimeric NF-kappa-B/REL complexes by trapping REL dimers in the cytoplasm through masking of their nuclear localization signals. On cellular stimulation by immune and proinflammatory responses, becomes phosphorylated promoting ubiquitination and degradation, enabling the dimeric RELA to translocate to the nucleus and activate transcription.	mapped	protein_ids_from_disgenet
4824	NKX3-1	Q99801	9606.ENSP00000370253	NKX3-1	9606	Homeobox protein Nkx-3.1; Transcription factor, which binds preferentially the consensus sequence 5'-TAAGT[AG]-3' and can behave as a transcriptional repressor. Plays an important role in normal prostate development, regulating proliferation of glandular epithelium and in the formation of ducts in prostate. Acts as a tumor suppressor controlling prostate carcinogenesis, as shown by the ability to inhibit proliferation and invasion activities of PC-3 prostate cancer cells. Belongs to the NK-3 homeobox family.	mapped	protein_ids_from_disgenet
197358	NLRC3	Q7RTR2	9606.ENSP00000352039	NLRC3	9606	NLR family CARD domain-containing protein 3; Negative regulator of the innate immune response. Attenuates signaling pathways activated by Toll-like receptors (TLRs) and the DNA sensor STING/TMEM173 in response to pathogen-associated molecular patterns, such as intracellular poly(dA:dT), but not poly(I:C), or in response to DNA virus infection, including that of Herpes simplex virus 1 (HSV1) (By similarity). May affect TLR4 signaling by acting at the level of TRAF6 ubiquitination, decreasing the activating 'Lys-63'-linked ubiquitination and leaving unchanged the degradative 'Lys-48'-lin [...] 	mapped	protein_ids_from_disgenet
114548	NLRP3	Q96P20	9606.ENSP00000337383	NLRP3	9606	NACHT, LRR and PYD domains-containing protein 3; As the sensor component of the NLRP3 inflammasome, plays a crucial role in innate immunity and inflammation. In response to pathogens and other damage-associated signals, initiates the formation of the inflammasome polymeric complex, made of NLRP3, PYCARD and CASP1 (and possibly CASP4 and CASP5). Recruitment of proCASP1 to the inflammasome promotes its activation and CASP1-catalyzed IL1B and IL18 maturation and secretion in the extracellular milieu. Activation of NLRP3 inflammasome is also required for HMGB1 secretion. The active cytokin [...] 	mapped	protein_ids_from_disgenet
4830	NME1	P15531	9606.ENSP00000337060	NME1	9606	Nucleoside diphosphate kinase A; Major role in the synthesis of nucleoside triphosphates other than ATP. The ATP gamma phosphate is transferred to the NDP beta phosphate via a ping-pong mechanism, using a phosphorylated active-site intermediate. Possesses nucleoside-diphosphate kinase, serine/threonine-specific protein kinase, geranyl and farnesyl pyrophosphate kinase, histidine protein kinase and 3'-5' exonuclease activities. Involved in cell proliferation, differentiation and development, signal transduction, G protein-coupled receptor endocytosis, and gene expression. Required for n [...] 	mapped	protein_ids_from_disgenet
4837	NNMT	P40261	9606.ENSP00000441434	NNMT	9606	Nicotinamide N-methyltransferase; Catalyzes the N-methylation of nicotinamide and other pyridines to form pyridinium ions. This activity is important for biotransformation of many drugs and xenobiotic compounds.	mapped	protein_ids_from_disgenet
4854	NOTCH3	Q9UM47	9606.ENSP00000263388	NOTCH3	9606	Neurogenic locus notch homolog protein 3; Functions as a receptor for membrane-bound ligands Jagged1, Jagged2 and Delta1 to regulate cell-fate determination. Upon ligand activation through the released notch intracellular domain (NICD) it forms a transcriptional activator complex with RBPJ/RBPSUH and activates genes of the enhancer of split locus. Affects the implementation of differentiation, proliferation and apoptotic programs (By similarity).	mapped	protein_ids_from_disgenet
4864	NPC1	O15118	9606.ENSP00000269228	NPC1	9606	NPC intracellular cholesterol transporter 1; Intracellular cholesterol transporter which acts in concert with NPC2 and plays an important role in the egress of cholesterol from the endosomal/lysosomal compartment. Unesterified cholesterol that has been released from LDLs in the lumen of the late endosomes/lysosomes is transferred by NPC2 to the cholesterol-binding pocket in the N-terminal domain of NPC1. Cholesterol binds to NPC1 with the hydroxyl group buried in the binding pocket. Binds oxysterol with higher affinity than cholesterol. May play a role in vesicular trafficking in glia, [...] 	mapped	protein_ids_from_disgenet
4878	NPPA	P01160	9606.ENSP00000365663	NPPA	9606	Atrial natriuretic factor; Hormone playing a key role in cardiovascular homeostasis through regulation of natriuresis, diuresis, and vasodilation. Also plays a role in female pregnancy by promoting trophoblast invasion and spiral artery remodeling in uterus. Specifically binds and stimulates the cGMP production of the NPR1 receptor. Binds the clearance receptor NPR3.	mapped	protein_ids_from_disgenet
1728	NQO1	P15559	9606.ENSP00000319788	NQO1	9606	NAD(P)H dehydrogenase [quinone] 1; The enzyme apparently serves as a quinone reductase in connection with conjugation reactions of hydroquinons involved in detoxification pathways as well as in biosynthetic processes such as the vitamin K-dependent gamma-carboxylation of glutamate residues in prothrombin synthesis.	mapped	protein_ids_from_disgenet
8431	NR0B2	Q15466	9606.ENSP00000254227	NR0B2	9606	Nuclear receptor subfamily 0 group B member 2; Transcriptional regulator that acts as a negative regulator of receptor-dependent signaling pathways (By similarity). Specifically inhibits transactivation of the nuclear receptor with which it interacts (By similarity). Inhibits transcriptional activity of NEUROD1 on E-box-containing promoter by interfering with the coactivation function of the p300/CBP-mediated transcription complex for NEUROD1. Essential component of the liver circadian clock which via its interaction with NR1D1 and RORG regulates NPAS2-mediated hepatic lipid metabolism [...] 	mapped	protein_ids_from_disgenet
7376	NR1H2	P55055	9606.ENSP00000499121	NR1H2	9606	Oxysterols receptor LXR-beta; Nuclear receptor that exhibits a ligand-dependent transcriptional activation activity. Binds preferentially to double-stranded oligonucleotide direct repeats having the consensus half-site sequence 5'-AGGTCA-3' and 4-nt spacing (DR-4). Regulates cholesterol uptake through MYLIP-dependent ubiquitination of LDLR, VLDLR and LRP8; DLDLR and LRP8. Interplays functionally with RORA for the regulation of genes involved in liver metabolism (By similarity). Plays an anti-inflammatory role during the hepatic acute phase response by acting as a corepressor: inhibits  [...] 	mapped	protein_ids_from_disgenet
9971	NR1H4	Q96RI1	9606.ENSP00000447149	NR1H4	9606	Bile acid receptor; Ligand-activated transcription factor. Receptor for bile acids (BAs) such as chenodeoxycholic acid (CDCA), lithocholic acid, deoxycholic acid (DCA) and allocholic acid (ACA). Plays a essential role in BA homeostasis through the regulation of genes involved in BA synthesis, conjugation and enterohepatic circulation. Also regulates lipid and glucose homeostasis and is involved innate immune response. The FXR-RXR heterodimer binds predominantly to farnesoid X receptor response elements (FXREs) containing two inverted repeats of the consensus sequence 5'-AGGTCA-3' in wh [...] 	mapped	protein_ids_from_disgenet
2494	NR5A2	O00482	9606.ENSP00000356331	NR5A2	9606	Nuclear receptor subfamily 5 group A member 2; Nuclear receptor that acts as a key metabolic sensor by regulating the expression of genes involved in bile acid synthesis, cholesterol homeostasis and triglyceride synthesis. Together with the oxysterol receptors NR1H3/LXR-alpha and NR1H2/LXR-beta, acts as an essential transcriptional regulator of lipid metabolism. Plays an anti- inflammatory role during the hepatic acute phase response by acting as a corepressor: inhibits the hepatic acute phase response by preventing dissociation of the N-Cor corepressor complex. Binds to the sequence e [...] 	mapped	protein_ids_from_disgenet
4893	NRAS	P01111	9606.ENSP00000358548	NRAS	9606	GTPase NRas; Ras proteins bind GDP/GTP and possess intrinsic GTPase activity.	mapped	protein_ids_from_disgenet
83540	NUF2	Q9BZD4	9606.ENSP00000271452	NUF2	9606	Kinetochore protein Nuf2; Acts as a component of the essential kinetochore-associated NDC80 complex, which is required for chromosome segregation and spindle checkpoint activity. Required for kinetochore integrity and the organization of stable microtubule binding sites in the outer plate of the kinetochore. The NDC80 complex synergistically enhances the affinity of the SKA1 complex for microtubules and may allow the NDC80 complex to track depolymerizing microtubules.	mapped	protein_ids_from_disgenet
51203	NUSAP1	Q9BXS6	9606.ENSP00000499238	NUSAP1	9606	Nucleolar and spindle-associated protein 1; Microtubule-associated protein with the capacity to bundle and stabilize microtubules (By similarity). May associate with chromosomes and promote the organization of mitotic spindle microtubules around them; Belongs to the NUSAP family.	mapped	protein_ids_from_disgenet
170392	OIT3	Q8WWZ8	9606.ENSP00000333900	OIT3	9606	Oncoprotein-induced transcript 3 protein; May be involved in hepatocellular function and development.	mapped	protein_ids_from_disgenet
169611	OLFML2A	Q68BL7	9606.ENSP00000362682	OLFML2A	9606	Olfactomedin-like protein 2A; Olfactomedin like 2A.	mapped	protein_ids_from_disgenet
25903	OLFML2B	Q68BL8	9606.ENSP00000356917	OLFML2B	9606	Olfactomedin-like protein 2B; Olfactomedin like 2B.	mapped	protein_ids_from_disgenet
4998	ORC1	Q13415	9606.ENSP00000360623	ORC1	9606	Origin recognition complex subunit 1; Component of the origin recognition complex (ORC) that binds origins of replication. DNA-binding is ATP-dependent. The DNA sequences that define origins of replication have not been identified yet. ORC is required to assemble the pre-replication complex necessary to initiate DNA replication; Belongs to the ORC1 family.	mapped	protein_ids_from_disgenet
5027	P2RX7	Q99572	9606.ENSP00000330696	P2RX7	9606	P2X purinoceptor 7; Receptor for ATP that acts as a ligand-gated ion channel. Responsible for ATP-dependent lysis of macrophages through the formation of membrane pores permeable to large molecules. Could function in both fast synaptic transmission and the ATP-mediated lysis of antigen-presenting cells. In the absence of its natural ligand, ATP, functions as a scavenger receptor in the recognition and engulfment of apoptotic cells.	mapped	protein_ids_from_disgenet
25891	PAMR1	Q6UXH9	9606.ENSP00000482899	PAMR1	9606	Inactive serine protease PAMR1; May play a role in regeneration of skeletal muscle. Belongs to the peptidase S1 family.	mapped	protein_ids_from_disgenet
11315	PARK7	Q99497	9606.ENSP00000340278	PARK7	9606	Protein/nucleic acid deglycase DJ-1; Protein and nucleotide deglycase that catalyzes the deglycation of the Maillard adducts formed between amino groups of proteins or nucleotides and reactive carbonyl groups of glyoxals. Thus, functions as a protein deglycase that repairs methylglyoxal- and glyoxal-glycated proteins, and releases repaired proteins and lactate or glycolate, respectively. Deglycates cysteine, arginine and lysine residues in proteins, and thus reactivates these proteins by reversing glycation by glyoxals. Acts on early glycation intermediates (hemithioacetals and aminoca [...] 	mapped	protein_ids_from_disgenet
142	PARP1	P09874	9606.ENSP00000355759	PARP1	9606	Poly [ADP-ribose] polymerase 1; Poly-ADP-ribosyltransferase that mediates poly-ADP- ribosylation of proteins and plays a key role in DNA repair. Mainly mediates glutamate and aspartate ADP-ribosylation of target proteins: the ADP-D- ribosyl group of NAD(+) is transferred to the acceptor carboxyl group of glutamate and aspartate residues and further ADP-ribosyl groups are transferred to the 2'-position of the terminal adenosine moiety, building up a polymer with an average chain length of 20-30 units. Mediates the poly(ADP-ribosyl)ation of a number of proteins, including itself, APLF an [...] 	mapped	protein_ids_from_disgenet
55872	PBK	Q96KB5	9606.ENSP00000428489	PBK	9606	Lymphokine-activated killer T-cell-originated protein kinase; Phosphorylates MAP kinase p38. Seems to be active only in mitosis. May also play a role in the activation of lymphoid cells. When phosphorylated, forms a complex with TP53, leading to TP53 destabilization and attenuation of G2/M checkpoint during doxorubicin- induced DNA damage; Belongs to the protein kinase superfamily. STE Ser/Thr protein kinase family. MAP kinase kinase subfamily.	mapped	protein_ids_from_disgenet
5105	PCK1	P35558	9606.ENSP00000319814	PCK1	9606	Phosphoenolpyruvate carboxykinase, cytosolic [GTP]; Regulates cataplerosis and anaplerosis, the processes that control the levels of metabolic intermediates in the citric acid cycle. At low glucose levels, it catalyzes the cataplerotic conversion of oxaloacetate (OAA) to phosphoenolpyruvate (PEP), the rate-limiting step in the metabolic pathway that produces glucose from lactate and other precursors derived from the citric acid cycle. At high glucose levels, it catalyzes the anaplerotic conversion of phosphoenolpyruvate to oxaloacetate. Belongs to the phosphoenolpyruvate carboxykinase  [...] 	mapped	protein_ids_from_disgenet
9768	PCLAF	Q15004	9606.ENSP00000300035	PCLAF	9606	PCNA-associated factor; PCNA-binding protein that acts as a regulator of DNA repair during DNA replication. Following DNA damage, the interaction with PCNA is disrupted, facilitating the interaction between monoubiquitinated PCNA and the translesion DNA synthesis DNA polymerase eta (POLH) at stalled replisomes, facilitating the bypass of replication-fork- blocking lesions. Also acts as a regulator of centrosome number.	mapped	protein_ids_from_disgenet
5118	PCOLCE	Q15113	9606.ENSP00000223061	PCOLCE	9606	Procollagen C-endopeptidase enhancer 1; Binds to the C-terminal propeptide of type I procollagen and enhances procollagen C-proteinase activity.	mapped	protein_ids_from_disgenet
5133	PDCD1	Q15116	9606.ENSP00000335062	PDCD1	9606	Programmed cell death protein 1; Inhibitory receptor on antigen activated T-cells that plays a critical role in induction and maintenance of immune tolerance to self. Delivers inhibitory signals upon binding to ligands CD274/PDCD1L1 and CD273/PDCD1LG2. Following T-cell receptor (TCR) engagement, PDCD1 associates with CD3-TCR in the immunological synapse and directly inhibits T-cell activation (By similarity). Suppresses T-cell activation through the recruitment of PTPN11/SHP-2: following ligand-binding, PDCD1 is phosphorylated within the ITSM motif, leading to the recruitment of the pr [...] 	mapped	protein_ids_from_disgenet
5154	PDGFA	P04085	9606.ENSP00000346508	PDGFA	9606	Platelet-derived growth factor subunit A; Growth factor that plays an essential role in the regulation of embryonic development, cell proliferation, cell migration, survival and chemotaxis. Potent mitogen for cells of mesenchymal origin. Required for normal lung alveolar septum formation during embryogenesis, normal development of the gastrointestinal tract, normal development of Leydig cells and spermatogenesis. Required for normal oligodendrocyte development and normal myelination in the spinal cord and cerebellum. Plays an important role in wound healing. Signaling is modulated by t [...] 	mapped	protein_ids_from_disgenet
5155	PDGFB	P01127	9606.ENSP00000330382	PDGFB	9606	Platelet-derived growth factor subunit B; Growth factor that plays an essential role in the regulation of embryonic development, cell proliferation, cell migration, survival and chemotaxis. Potent mitogen for cells of mesenchymal origin. Required for normal proliferation and recruitment of pericytes and vascular smooth muscle cells in the central nervous system, skin, lung, heart and placenta. Required for normal blood vessel development, and for normal development of kidney glomeruli. Plays an important role in wound healing. Signaling is modulated by the formation of heterodimers wit [...] 	mapped	protein_ids_from_disgenet
5157	PDGFRL	Q15198	9606.ENSP00000444211	PDGFRL	9606	Platelet-derived growth factor receptor-like protein; Platelet derived growth factor receptor like.	mapped	protein_ids_from_disgenet
2923	PDIA3	P30101	9606.ENSP00000300289	PDIA3	9606	Protein disulfide-isomerase A3; Protein disulfide isomerase family A member 3; Belongs to the protein disulfide isomerase family.	mapped	protein_ids_from_disgenet
5166	PDK4	Q16654	9606.ENSP00000005178	PDK4	9606	[Pyruvate dehydrogenase (acetyl-transferring)] kinase isozyme 4, mitochondrial; Kinase that plays a key role in regulation of glucose and fatty acid metabolism and homeostasis via phosphorylation of the pyruvate dehydrogenase subunits PDHA1 and PDHA2. This inhibits pyruvate dehydrogenase activity, and thereby regulates metabolite flux through the tricarboxylic acid cycle, down-regulates aerobic respiration and inhibits the formation of acetyl-coenzyme A from pyruvate. Inhibition of pyruvate dehydrogenase decreases glucose utilization and increases fat metabolism in response to prolonge [...] 	mapped	protein_ids_from_disgenet
10400	PEMT	Q9UBM1	9606.ENSP00000255389	PEMT	9606	Phosphatidylethanolamine N-methyltransferase; Catalyzes the three sequential steps of the methylation pathway of phosphatidylcholine biosynthesis, the SAM-dependent methylation of phosphatidylethanolamine (PE) to phosphatidylmonomethylethanolamine (PMME), PMME to phosphatidyldimethylethanolamine (PDME), and PDME to phosphatidylcholine (PC).	mapped	protein_ids_from_disgenet
5226	PGD	P52209	9606.ENSP00000270776	PGD	9606	6-phosphogluconate dehydrogenase, decarboxylating; Catalyzes the oxidative decarboxylation of 6-phosphogluconate to ribulose 5-phosphate and CO(2), with concomitant reduction of NADP to NADPH.	mapped	protein_ids_from_disgenet
5230	PGK1	P00558	9606.ENSP00000362413	PGK1	9606	Phosphoglycerate kinase 1; Catalyzes one of the two ATP producing reactions in the glycolytic pathway via the reversible conversion of 1,3- diphosphoglycerate to 3-phosphoglycerate. In addition to its role as a glycolytic enzyme, it seems that PGK-1 acts as a polymerase alpha cofactor protein (primer recognition protein). May play a role in sperm motility.	mapped	protein_ids_from_disgenet
5245	PHB1	P35232	9606.ENSP00000479488	PHB	9606	Prohibitin; Prohibitin inhibits DNA synthesis. It has a role in regulating proliferation. As yet it is unclear if the protein or the mRNA exhibits this effect. May play a role in regulating mitochondrial respiration activity and in aging.	mapped	protein_ids_from_disgenet
5261	PHKG2	P15735	9606.ENSP00000455607	PHKG2	9606	Phosphorylase b kinase gamma catalytic chain, liver/testis isoform; Catalytic subunit of the phosphorylase b kinase (PHK), which mediates the neural and hormonal regulation of glycogen breakdown (glycogenolysis) by phosphorylating and thereby activating glycogen phosphorylase. May regulate glycogeneolysis in the testis. In vitro, phosphorylates PYGM (By similarity); Belongs to the protein kinase superfamily. CAMK Ser/Thr protein kinase family.	mapped	protein_ids_from_disgenet
22822	PHLDA1	Q8WV24	9606.ENSP00000266671	PHLDA1	9606	Pleckstrin homology-like domain family A member 1; Seems to be involved in regulation of apoptosis. May be involved in detachment-mediated programmed cell death. May mediate apoptosis during neuronal development. May be involved in regulation of anti-apoptotic effects of IGF1. May be involved in translational regulation.	mapped	protein_ids_from_disgenet
5290	PIK3CA	P42336	9606.ENSP00000263967	PIK3CA	9606	Phosphatidylinositol 4,5-bisphosphate 3-kinase catalytic subunit alpha isoform; Phosphoinositide-3-kinase (PI3K) that phosphorylates PtdIns (Phosphatidylinositol), PtdIns4P (Phosphatidylinositol 4-phosphate) and PtdIns(4,5)P2 (Phosphatidylinositol 4,5-bisphosphate) to generate phosphatidylinositol 3,4,5-trisphosphate (PIP3). PIP3 plays a key role by recruiting PH domain-containing proteins to the membrane, including AKT1 and PDPK1, activating signaling cascades involved in cell growth, survival, proliferation, motility and morphology. Participates in cellular signaling in response to v [...] 	mapped	protein_ids_from_disgenet
54984	PINX1	Q96BK5	9606.ENSP00000318966	PINX1	9606	PIN2/TERF1-interacting telomerase inhibitor 1; Microtubule-binding protein essential for faithful chromosome segregation. Mediates TRF1 and TERT accumulation in nucleolus and enhances TRF1 binding to telomeres. Inhibits telomerase activity. May inhibit cell proliferation and act as tumor suppressor. Belongs to the PINX1 family.	mapped	protein_ids_from_disgenet
83394	PITPNM3	Q9BZ71	9606.ENSP00000262483	PITPNM3	9606	Membrane-associated phosphatidylinositol transfer protein 3; Catalyzes the transfer of phosphatidylinositol and phosphatidylcholine between membranes (in vitro) (By similarity). Binds calcium ions; Belongs to the PtdIns transfer protein family. PI transfer class IIA subfamily.	mapped	protein_ids_from_disgenet
5307	PITX1	P78337	9606.ENSP00000265340	PITX1	9606	Pituitary homeobox 1; Sequence-specific transcription factor that binds gene promoters and activates their transcription. May play a role in the development of anterior structures, and in particular, the brain and facies and in specifying the identity or structure of hindlimb. Belongs to the paired homeobox family. Bicoid subfamily.	mapped	protein_ids_from_disgenet
5315	PKM	P14618	9606.ENSP00000320171	PKM	9606	Pyruvate kinase PKM; Glycolytic enzyme that catalyzes the transfer of a phosphoryl group from phosphoenolpyruvate (PEP) to ADP, generating ATP. Stimulates POU5F1-mediated transcriptional activation. Plays a general role in caspase independent cell death of tumor cells. The ratio between the highly active tetrameric form and nearly inactive dimeric form determines whether glucose carbons are channeled to biosynthetic processes or used for glycolytic ATP production. The transition between the 2 forms contributes to the control of glycolysis and is important for tumor cell proliferation a [...] 	mapped	protein_ids_from_disgenet
9088	PKMYT1	Q99640	9606.ENSP00000262300	PKMYT1	9606	Membrane-associated tyrosine- and threonine-specific cdc2-inhibitory kinase; Acts as a negative regulator of entry into mitosis (G2 to M transition) by phosphorylation of the CDK1 kinase specifically when CDK1 is complexed to cyclins. Mediates phosphorylation of CDK1 predominantly on 'Thr-14'. Also involved in Golgi fragmentation. May be involved in phosphorylation of CDK1 on 'Tyr-15' to a lesser degree, however tyrosine kinase activity is unclear and may be indirect. May be a downstream target of Notch signaling pathway during eye development. Belongs to the protein kinase superfamily [...] 	mapped	protein_ids_from_disgenet
5317	PKP1	Q13835	9606.ENSP00000263946	PKP1	9606	Plakophilin-1; Seems to play a role in junctional plaques. Contributes to epidermal morphogenesis.	mapped	protein_ids_from_disgenet
51316	PLAC8	Q9NZF1	9606.ENSP00000399700	PLAC8	9606	Placenta-specific gene 8 protein; Placenta associated 8.	mapped	protein_ids_from_disgenet
5328	PLAU	P00749	9606.ENSP00000361850	PLAU	9606	Urokinase-type plasminogen activator short chain A; Specifically cleaves the zymogen plasminogen to form the active enzyme plasmin.	mapped	protein_ids_from_disgenet
5335	PLCG1	P19174	9606.ENSP00000244007	PLCG1	9606	1-phosphatidylinositol 4,5-bisphosphate phosphodiesterase gamma-1; Mediates the production of the second messenger molecules diacylglycerol (DAG) and inositol 1,4,5-trisphosphate (IP3). Plays an important role in the regulation of intracellular signaling cascades. Becomes activated in response to ligand-mediated activation of receptor-type tyrosine kinases, such as PDGFRA, PDGFRB, FGFR1, FGFR2, FGFR3 and FGFR4. Plays a role in actin reorganization and cell migration.	mapped	protein_ids_from_disgenet
5347	PLK1	P53350	9606.ENSP00000300093	PLK1	9606	Serine/threonine-protein kinase PLK1; Serine/threonine-protein kinase that performs several important functions throughout M phase of the cell cycle, including the regulation of centrosome maturation and spindle assembly, the removal of cohesins from chromosome arms, the inactivation of anaphase- promoting complex/cyclosome (APC/C) inhibitors, and the regulation of mitotic exit and cytokinesis. Polo-like kinase proteins acts by binding and phosphorylating proteins are that already phosphorylated on a specific motif recognized by the POLO box domains. Phosphorylates BORA, BUB1B/BUBR1, C [...] 	mapped	protein_ids_from_disgenet
5352	PLOD2	O00469	9606.ENSP00000282903	PLOD2	9606	Procollagen-lysine,2-oxoglutarate 5-dioxygenase 2; Forms hydroxylysine residues in -Xaa-Lys-Gly- sequences in collagens. These hydroxylysines serve as sites of attachment for carbohydrate units and are essential for the stability of the intermolecular collagen cross-links.	mapped	protein_ids_from_disgenet
83483	PLVAP	Q9BX97	9606.ENSP00000252590	PLVAP	9606	Plasmalemma vesicle-associated protein; Endothelial cell-specific membrane protein involved in the formation of the diaphragms that bridge endothelial fenestrae. It is also required for the formation of stomata of caveolae and transendothelial channels. Functions in microvascular permeability, endothelial fenestrae contributing to the passage of water and solutes and regulating transcellular versus paracellular flow in different organs. Plays a specific role in embryonic development.	mapped	protein_ids_from_disgenet
57125	PLXDC1	Q8IUK5	9606.ENSP00000323927	PLXDC1	9606	Plexin domain-containing protein 1; Plays a critical role in endothelial cell capillary morphogenesis.	mapped	protein_ids_from_disgenet
5395	PMS2	P54278	9606.ENSP00000265849	PMS2	9606	Mismatch repair endonuclease PMS2; Component of the post-replicative DNA mismatch repair system (MMR). Heterodimerizes with MLH1 to form MutL alpha. DNA repair is initiated by MutS alpha (MSH2-MSH6) or MutS beta (MSH2-MSH3) binding to a dsDNA mismatch, then MutL alpha is recruited to the heteroduplex. Assembly of the MutL-MutS-heteroduplex ternary complex in presence of RFC and PCNA is sufficient to activate endonuclease activity of PMS2. It introduces single-strand breaks near the mismatch and thus generates new entry points for the exonuclease EXO1 to degrade the strand containing th [...] 	mapped	protein_ids_from_disgenet
80339	PNPLA3	Q9NST1	9606.ENSP00000216180	PNPLA3	9606	1-acylglycerol-3-phosphate O-acyltransferase PNPLA3; Specifically catalyzes coenzyme A (CoA)-dependent acylation of 1-acyl-sn-glycerol 3-phosphate (2-lysophosphatidic acid/LPA) to generate phosphatidic acid (PA), an important metabolic intermediate and precursor for both triglycerides and glycerophospholipids. Does not esterify other lysophospholipids. Acyl donors are long chain (at least C16) fatty acyl-CoAs: arachidonoyl-CoA, linoleoyl-CoA, oleoyl-CoA and at a lesser extent palmitoyl-CoA. Additionally possesses low triacylglycerol lipase and CoA-independent acylglycerol transacylase  [...] 	mapped	protein_ids_from_disgenet
87178	PNPT1	Q8TCS8	9606.ENSP00000400646	PNPT1	9606	Polyribonucleotide nucleotidyltransferase 1, mitochondrial; RNA-binding protein implicated in numerous RNA metabolic processes. Catalyzes the phosphorolysis of single-stranded polyribonucleotides processively in the 3'-to-5' direction. Mitochondrial intermembrane factor with RNA-processing exoribonulease activity. Component of the mitochondrial degradosome (mtEXO) complex, that degrades 3' overhang double-stranded RNA with a 3'-to-5' directionality in an ATP-dependent manner. Involved in the degradation of non-coding mitochondrial transcripts (MT-ncRNA) and tRNA-like molecules. Require [...] 	mapped	protein_ids_from_disgenet
5428	POLG	P54098	9606.ENSP00000399851	POLG	9606	DNA polymerase subunit gamma-1; Involved in the replication of mitochondrial DNA. Associates with mitochondrial DNA; Belongs to the DNA polymerase type-A family.	mapped	protein_ids_from_disgenet
10631	POSTN	Q15063	9606.ENSP00000369071	POSTN	9606	Periostin; Induces cell attachment and spreading and plays a role in cell adhesion. Enhances incorporation of BMP1 in the fibronectin matrix of connective tissues, and subsequent proteolytic activation of lysyl oxidase LOX (By similarity).	mapped	protein_ids_from_disgenet
25913	POT1	Q9NUX5	9606.ENSP00000350249	POT1	9606	Protection of telomeres protein 1; Component of the telomerase ribonucleoprotein (RNP) complex that is essential for the replication of chromosome termini. Is a component of the double-stranded telomeric DNA-binding TRF1 complex which is involved in the regulation of telomere length by cis- inhibition of telomerase. Also acts as a single-stranded telomeric DNA- binding protein and thus may act as a downstream effector of the TRF1 complex and may transduce information about telomere maintenance and/or length to the telomere terminus. Component of the shelterin complex (telosome) that is [...] 	mapped	protein_ids_from_disgenet
5465	PPARA	Q07869	9606.ENSP00000385523	PPARA	9606	Peroxisome proliferator-activated receptor alpha; Ligand-activated transcription factor. Key regulator of lipid metabolism. Activated by the endogenous ligand 1-palmitoyl-2-oleoyl-sn- glycerol-3-phosphocholine (16:0/18:1-GPC). Activated by oleylethanolamide, a naturally occurring lipid that regulates satiety. Receptor for peroxisome proliferators such as hypolipidemic drugs and fatty acids. Regulates the peroxisomal beta-oxidation pathway of fatty acids. Functions as transcription activator for the ACOX1 and P450 genes. Transactivation activity requires heterodimerization with RXRA and [...] 	mapped	protein_ids_from_disgenet
5467	PPARD	Q03181	9606.ENSP00000310928	PPARD	9606	Peroxisome proliferator-activated receptor delta; Ligand-activated transcription factor. Receptor that binds peroxisome proliferators such as hypolipidemic drugs and fatty acids. Has a preference for poly-unsaturated fatty acids, such as gamma- linoleic acid and eicosapentanoic acid. Once activated by a ligand, the receptor binds to promoter elements of target genes. Regulates the peroxisomal beta-oxidation pathway of fatty acids. Functions as transcription activator for the acyl-CoA oxidase gene. Decreases expression of NPC1L1 once activated by a ligand. Belongs to the nuclear hormone [...] 	mapped	protein_ids_from_disgenet
5468	PPARG	P37231	9606.ENSP00000287820	PPARG	9606	Peroxisome proliferator-activated receptor gamma; Nuclear receptor that binds peroxisome proliferators such as hypolipidemic drugs and fatty acids. Once activated by a ligand, the nuclear receptor binds to DNA specific PPAR response elements (PPRE) and modulates the transcription of its target genes, such as acyl-CoA oxidase. It therefore controls the peroxisomal beta-oxidation pathway of fatty acids. Key regulator of adipocyte differentiation and glucose homeostasis. ARF6 acts as a key regulator of the tissue-specific adipocyte P2 (aP2) enhancer. Acts as a critical regulator of gut ho [...] 	mapped	protein_ids_from_disgenet
10891	PPARGC1A	Q9UBK2	9606.ENSP00000264867	PPARGC1A	9606	Peroxisome proliferator-activated receptor gamma coactivator 1-alpha; Transcriptional coactivator for steroid receptors and nuclear receptors. Greatly increases the transcriptional activity of PPARG and thyroid hormone receptor on the uncoupling protein promoter. Can regulate key mitochondrial genes that contribute to the program of adaptive thermogenesis. Plays an essential role in metabolic reprogramming in response to dietary availability through coordination of the expression of a wide array of genes involved in glucose and fatty acid metabolism. Induces the expression of PERM1 in  [...] 	mapped	protein_ids_from_disgenet
5502	PPP1R1A	Q13522	9606.ENSP00000257905	PPP1R1A	9606	Protein phosphatase 1 regulatory subunit 1A; Inhibitor of protein-phosphatase 1. This protein may be important in hormonal control of glycogen metabolism. Hormones that elevate intracellular cAMP increase I-1 activity in many tissues. I-1 activation may impose cAMP control over proteins that are not directly phosphorylated by PKA. Following a rise in intracellular calcium, I-1 is inactivated by calcineurin (or PP2B). Does not inhibit type-2 phosphatases.	mapped	protein_ids_from_disgenet
139420	PPP4R3C		9606.ENSP00000489770	PPP4R3C	9606	Protein phosphatase 4 regulatory subunit 3C.	mapped	gene_symbol_exact_preferred_name
9055	PRC1	O43663	9606.ENSP00000377793	PRC1	9606	Protein regulator of cytokinesis 1; Key regulator of cytokinesis that cross-links antiparrallel microtubules at an average distance of 35 nM. Essential for controlling the spatiotemporal formation of the midzone and successful cytokinesis. Required for KIF14 localization to the central spindle and midbody. Required to recruit PLK1 to the spindle. Stimulates PLK1 phosphorylation of RACGAP1 to allow recruitment of ECT2 to the central spindle. Acts as an oncogene for promoting bladder cancer cells proliferation, apoptosis inhibition and carcinogenic progression. Belongs to the MAP65/ASE1  [...] 	mapped	protein_ids_from_disgenet
639	PRDM1	O75626	9606.ENSP00000358092	PRDM1	9606	PR domain zinc finger protein 1; Transcription factor that mediates a transcriptional program in various innate and adaptive immune tissue-resident lymphocyte T cell types such as tissue-resident memory T (Trm), natural killer (trNK) and natural killer T (NKT) cells and negatively regulates gene expression of proteins that promote the egress of tissue-resident T-cell populations from non-lymphoid organs. Plays a role in the development, retention and long-term establishment of adaptive and innate tissue- resident lymphocyte T cell types in non-lymphoid organs, such as the skin and gut, [...] 	mapped	protein_ids_from_disgenet
5052	PRDX1	Q06830	9606.ENSP00000262746	PRDX1	9606	Peroxiredoxin-1; Thiol-specific peroxidase that catalyzes the reduction of hydrogen peroxide and organic hydroperoxides to water and alcohols, respectively. Plays a role in cell protection against oxidative stress by detoxifying peroxides and as sensor of hydrogen peroxide-mediated signaling events. Might participate in the signaling cascades of growth factors and tumor necrosis factor-alpha by regulating the intracellular concentrations of H(2)O(2). Reduces an intramolecular disulfide bond in GDPD5 that gates the ability to GDPD5 to drive postmitotic motor neuron differentiation (By s [...] 	mapped	protein_ids_from_disgenet
7001	PRDX2	P32119	9606.ENSP00000301522	PRDX2	9606	Peroxiredoxin-2; Thiol-specific peroxidase that catalyzes the reduction of hydrogen peroxide and organic hydroperoxides to water and alcohols, respectively. Plays a role in cell protection against oxidative stress by detoxifying peroxides and as sensor of hydrogen peroxide-mediated signaling events. Might participate in the signaling cascades of growth factors and tumor necrosis factor-alpha by regulating the intracellular concentrations of H(2)O(2).	mapped	protein_ids_from_disgenet
10935	PRDX3	P30048	9606.ENSP00000298510	PRDX3	9606	Thioredoxin-dependent peroxide reductase, mitochondrial; Thiol-specific peroxidase that catalyzes the reduction of hydrogen peroxide and organic hydroperoxides to water and alcohols, respectively. Plays a role in cell protection against oxidative stress by detoxifying peroxides. Acts synergistically with MAP3K13 to regulate the activation of NF-kappa-B in the cytosol.	mapped	protein_ids_from_disgenet
9588	PRDX6	P30041	9606.ENSP00000342026	PRDX6	9606	Peroxiredoxin-6; Thiol-specific peroxidase that catalyzes the reduction of hydrogen peroxide and organic hydroperoxides to water and alcohols, respectively. Can reduce H(2)O(2) and short chain organic, fatty acid, and phospholipid hydroperoxides. Also has phospholipase activity, and can therefore either reduce the oxidized sn-2 fatty acyl grup of phospholipids (peroxidase activity) or hydrolyze the sn-2 ester bond of phospholipids (phospholipase activity). These activities are dependent on binding to phospholipids at acidic pH and to oxidized phospholipds at cytosolic pH. Plays a role  [...] 	mapped	protein_ids_from_disgenet
5551	PRF1	P14222	9606.ENSP00000398568	PRF1	9606	Perforin-1; Plays a key role in secretory granule-dependent cell death, and in defense against virus-infected or neoplastic cells. Plays an important role in killing other cells that are recognized as non-self by the immune system, e.g. in transplant rejection or some forms of autoimmune disease. Can insert into the membrane of target cells in its calcium-bound form, oligomerize and form large pores. Promotes cytolysis and apoptosis of target cells by facilitating the uptake of cytotoxic granzymes. Belongs to the complement C6/C7/C8/C9 family.	mapped	protein_ids_from_disgenet
5566	PRKACA	P17612	9606.ENSP00000309591	PRKACA	9606	cAMP-dependent protein kinase catalytic subunit alpha; Phosphorylates a large number of substrates in the cytoplasm and the nucleus. Regulates the abundance of compartmentalized pools of its regulatory subunits through phosphorylation of PJA2 which binds and ubiquitinates these subunits, leading to their subsequent proteolysis. Phosphorylates CDC25B, ABL1, NFKB1, CLDN3, PSMC5/RPT6, PJA2, RYR2, RORA and VASP. RORA is activated by phosphorylation. Required for glucose- mediated adipogenic differentiation increase and osteogenic differentiation inhibition from osteoblasts. Involved in the [...] 	mapped	protein_ids_from_disgenet
5578	PRKCA	P17252	9606.ENSP00000408695	PRKCA	9606	Protein kinase C alpha type; Calcium-activated, phospholipid- and diacylglycerol (DAG)- dependent serine/threonine-protein kinase that is involved in positive and negative regulation of cell proliferation, apoptosis, differentiation, migration and adhesion, tumorigenesis, cardiac hypertrophy, angiogenesis, platelet function and inflammation, by directly phosphorylating targets such as RAF1, BCL2, CSPG4, TNNT2/CTNT, or activating signaling cascade involving MAPK1/3 (ERK1/2) and RAP1GAP. Involved in cell proliferation and cell growth arrest by positive and negative regulation of the cell [...] 	mapped	protein_ids_from_disgenet
5580	PRKCD	Q05655	9606.ENSP00000331602	PRKCD	9606	Protein kinase C delta type regulatory subunit; Calcium-independent, phospholipid- and diacylglycerol (DAG)- dependent serine/threonine-protein kinase that plays contrasting roles in cell death and cell survival by functioning as a pro-apoptotic protein during DNA damage-induced apoptosis, but acting as an anti- apoptotic protein during cytokine receptor-initiated cell death, is involved in tumor suppression as well as survival of several cancers, is required for oxygen radical production by NADPH oxidase and acts as positive or negative regulator in platelet functional responses. Nega [...] 	mapped	protein_ids_from_disgenet
5581	PRKCE	Q02156	9606.ENSP00000306124	PRKCE	9606	Protein kinase C epsilon type; Calcium-independent, phospholipid- and diacylglycerol (DAG)- dependent serine/threonine-protein kinase that plays essential roles in the regulation of multiple cellular processes linked to cytoskeletal proteins, such as cell adhesion, motility, migration and cell cycle, functions in neuron growth and ion channel regulation, and is involved in immune response, cancer cell invasion and regulation of apoptosis. Mediates cell adhesion to the extracellular matrix via integrin- dependent signaling, by mediating angiotensin-2-induced activation of integrin beta- [...] 	mapped	protein_ids_from_disgenet
5728	PTEN	P60484	9606.ENSP00000361021	PTEN	9606	Phosphatase and tensin homolog; Tumor suppressor. Acts as a dual-specificity protein phosphatase, dephosphorylating tyrosine-, serine- and threonine- phosphorylated proteins. Also acts as a lipid phosphatase, removing the phosphate in the D3 position of the inositol ring from phosphatidylinositol 3,4,5-trisphosphate, phosphatidylinositol 3,4- diphosphate, phosphatidylinositol 3-phosphate and inositol 1,3,4,5- tetrakisphosphate with order of substrate preference in vitro PtdIns(3,4,5)P3 > PtdIns(3,4)P2 > PtdIns3P > Ins(1,3,4,5)P4. The lipid phosphatase activity is critical for its tumor [...] 	mapped	protein_ids_from_disgenet
5743	PTGS2	P35354	9606.ENSP00000356438	PTGS2	9606	Prostaglandin G/H synthase 2; Converts arachidonate to prostaglandin H2 (PGH2), a committed step in prostanoid synthesis. Constitutively expressed in some tissues in physiological conditions, such as the endothelium, kidney and brain, and in pathological conditions, such as in cancer. PTGS2 is responsible for production of inflammatory prostaglandins. Up-regulation of PTGS2 is also associated with increased cell adhesion, phenotypic changes, resistance to apoptosis and tumor angiogenesis. In cancer cells, PTGS2 is a key step in the production of prostaglandin E2 (PGE2), which plays imp [...] 	mapped	protein_ids_from_disgenet
5745	PTH1R	Q03431	9606.ENSP00000402723	PTH1R	9606	Parathyroid hormone/parathyroid hormone-related peptide receptor; Receptor for parathyroid hormone and for parathyroid hormone- related peptide. The activity of this receptor is mediated by G proteins which activate adenylyl cyclase and also a phosphatidylinositol-calcium second messenger system.	mapped	protein_ids_from_disgenet
5747	PTK2	Q05397	9606.ENSP00000341189	PTK2	9606	Focal adhesion kinase 1; Non-receptor protein-tyrosine kinase that plays an essential role in regulating cell migration, adhesion, spreading, reorganization of the actin cytoskeleton, formation and disassembly of focal adhesions and cell protrusions, cell cycle progression, cell proliferation and apoptosis. Required for early embryonic development and placenta development. Required for embryonic angiogenesis, normal cardiomyocyte migration and proliferation, and normal heart development. Regulates axon growth and neuronal cell migration, axon branching and synapse formation; required f [...] 	mapped	protein_ids_from_disgenet
5783	PTPN13	Q12923	9606.ENSP00000394794	PTPN13	9606	Tyrosine-protein phosphatase non-receptor type 13; Tyrosine phosphatase which regulates negatively FAS-induced apoptosis and NGFR-mediated pro-apoptotic signaling. May regulate phosphoinositide 3-kinase (PI3K) signaling through dephosphorylation of PIK3R2. Belongs to the protein-tyrosine phosphatase family. Non- receptor class subfamily.	mapped	protein_ids_from_disgenet
9232	PTTG1	O95997	9606.ENSP00000377536	PTTG1	9606	Securin; Regulatory protein, which plays a central role in chromosome stability, in the p53/TP53 pathway, and DNA repair. Probably acts by blocking the action of key proteins. During the mitosis, it blocks Separase/ESPL1 function, preventing the proteolysis of the cohesin complex and the subsequent segregation of the chromosomes. At the onset of anaphase, it is ubiquitinated, conducting to its destruction and to the liberation of ESPL1. Its function is however not limited to a blocking activity, since it is required to activate ESPL1. Negatively regulates the transcriptional activity a [...] 	mapped	protein_ids_from_disgenet
5820	PVT1						missing	
29108	PYCARD	Q9ULZ3	9606.ENSP00000247470	PYCARD	9606	Apoptosis-associated speck-like protein containing a CARD; Functions as key mediator in apoptosis and inflammation. Promotes caspase-mediated apoptosis involving predominantly caspase-8 and also caspase-9 in a probable cell type-specific manner. Involved in activation of the mitochondrial apoptotic pathway, promotes caspase-8- dependent proteolytic maturation of BID independently of FADD in certain cell types and also mediates mitochondrial translocation of BAX and activates BAX-dependent apoptosis coupled to activation of caspase- 9, -2 and -3. Involved in macrophage pyroptosis, a cas [...] 	mapped	protein_ids_from_disgenet
5836	PYGL	P06737	9606.ENSP00000216392	PYGL	9606	Glycogen phosphorylase, liver form; Phosphorylase is an important allosteric enzyme in carbohydrate metabolism. Enzymes from different sources differ in their regulatory mechanisms and in their natural substrates. However, all known phosphorylases share catalytic and structural properties.	mapped	protein_ids_from_disgenet
5858	PZP	P20742	9606.ENSP00000261336	PZP	9606	Pregnancy zone protein; Is able to inhibit all four classes of proteinases by a unique 'trapping' mechanism. This protein has a peptide stretch, called the 'bait region' which contains specific cleavage sites for different proteinases. When a proteinase cleaves the bait region, a conformational change is induced in the protein which traps the proteinase. The entrapped enzyme remains active against low molecular weight substrates (activity against high molecular weight substrates is greatly reduced). Following cleavage in the bait region a thioester bond is hydrolyzed and mediates the c [...] 	mapped	protein_ids_from_disgenet
5879	RAC1	P63000	9606.ENSP00000348461	RAC1	9606	Ras-related C3 botulinum toxin substrate 1; Plasma membrane-associated small GTPase which cycles between active GTP-bound and inactive GDP-bound states. In its active state, binds to a variety of effector proteins to regulate cellular responses such as secretory processes, phagocytosis of apoptotic cells, epithelial cell polarization, neurons adhesion, migration and differentiation, and growth-factor induced formation of membrane ruffles. Rac1 p21/rho GDI heterodimer is the active component of the cytosolic factor sigma 1, which is involved in stimulation of the NADPH oxidase activity  [...] 	mapped	protein_ids_from_disgenet
29127	RACGAP1	Q9H0H5	9606.ENSP00000404190	RACGAP1	9606	Rac GTPase-activating protein 1; Component of the centralspindlin complex that serves as a microtubule-dependent and Rho-mediated signaling required for the myosin contractile ring formation during the cell cycle cytokinesis. Required for proper attachment of the midbody to the cell membrane during cytokinesis. Plays key roles in controlling cell growth and differentiation of hematopoietic cells through mechanisms other than regulating Rac GTPase activity. Also involved in the regulation of growth-related processes in adipocytes and myoblasts. May be involved in regulating spermatogene [...] 	mapped	protein_ids_from_disgenet
5885	RAD21	O60216	9606.ENSP00000297338	RAD21	9606	Double-strand-break repair protein rad21 homolog; [Double-strand-break repair protein rad21 homolog]: As a member of the cohesin complex, involved in sister chromatid cohesion from the time of DNA replication in S phase to their segregation in mitosis, a function that is essential for proper chromosome segregation, post-replicative DNA repair, and the prevention of inappropriate recombination between repetitive regions. The cohesin complex may also play a role in spindle pole assembly during mitosis. In interphase, cohesins may function in the control of gene expression by binding to n [...] 	mapped	protein_ids_from_disgenet
10111	RAD50	Q92878	9606.ENSP00000368100	RAD50	9606	DNA repair protein RAD50; Component of the MRN complex, which plays a central role in double-strand break (DSB) repair, DNA recombination, maintenance of telomere integrity and meiosis. The complex possesses single-strand endonuclease activity and double-strand-specific 3'-5' exonuclease activity, which are provided by MRE11. RAD50 may be required to bind DNA ends and hold them in close proximity. This could facilitate searches for short or long regions of sequence homology in the recombining DNA templates, and may also stimulate the activity of DNA ligases and/or restrict the nuclease [...] 	mapped	protein_ids_from_disgenet
5893	RAD52	P43351	9606.ENSP00000351284	RAD52	9606	DNA repair protein RAD52 homolog; Involved in double-stranded break repair. Plays a central role in genetic recombination and DNA repair by promoting the annealing of complementary single-stranded DNA and by stimulation of the RAD51 recombinase.	mapped	protein_ids_from_disgenet
8438	RAD54L	Q92698	9606.ENSP00000361043	RAD54L	9606	DNA repair and recombination protein RAD54-like; Involved in DNA repair and mitotic recombination. Functions in the recombinational DNA repair (RAD52) pathway. Dissociates RAD51 from nucleoprotein filaments formed on dsDNA. Could be involved in the turnover of RAD51 protein-dsDNA filaments (By similarity). May play also an essential role in telomere length maintenance and telomere capping in mammalian cells.	mapped	protein_ids_from_disgenet
5897	RAG2	P55895	9606.ENSP00000478672	RAG2	9606	V(D)J recombination-activating protein 2; Core component of the RAG complex, a multiprotein complex that mediates the DNA cleavage phase during V(D)J recombination. V(D)J recombination assembles a diverse repertoire of immunoglobulin and T- cell receptor genes in developing B and T-lymphocytes through rearrangement of different V (variable), in some cases D (diversity), and J (joining) gene segments. DNA cleavage by the RAG complex occurs in 2 steps: a first nick is introduced in the top strand immediately upstream of the heptamer, generating a 3'-hydroxyl group that can attack the pho [...] 	mapped	protein_ids_from_disgenet
5914	RARA	P10276	9606.ENSP00000254066	RARA	9606	Retinoic acid receptor alpha; Receptor for retinoic acid. Retinoic acid receptors bind as heterodimers to their target response elements in response to their ligands, all-trans or 9- cis retinoic acid, and regulate gene expression in various biological processes. The RXR/RAR heterodimers bind to the retinoic acid response elements (RARE) composed of tandem 5'-AGGTCA-3' sites known as DR1-DR5. In the absence of ligand, the RXR-RAR heterodimers associate with a multiprotein complex containing transcription corepressors that induce histone deacetylation, chromatin condensation and transcr [...] 	mapped	protein_ids_from_disgenet
5925	RB1	P06400	9606.ENSP00000267163	RB1	9606	Retinoblastoma-associated protein; Key regulator of entry into cell division that acts as a tumor suppressor. Promotes G0-G1 transition when phosphorylated by CDK3/cyclin-C. Acts as a transcription repressor of E2F1 target genes. The underphosphorylated, active form of RB1 interacts with E2F1 and represses its transcription activity, leading to cell cycle arrest. Directly involved in heterochromatin formation by maintaining overall chromatin structure and, in particular, that of constitutive heterochromatin by stabilizing histone methylation. Recruits and targets histone methyltransfer [...] 	mapped	protein_ids_from_disgenet
1827	RCAN1	P53805	9606.ENSP00000370527	RCAN1	9606	Calcipressin-1; Inhibits calcineurin-dependent transcriptional responses by binding to the catalytic domain of calcineurin A. Could play a role during central nervous system development (By similarity).	mapped	protein_ids_from_disgenet
10231	RCAN2	Q14206	9606.ENSP00000360425	RCAN2	9606	Calcipressin-2; Inhibits calcineurin-dependent transcriptional responses by binding to the catalytic domain of calcineurin A. Could play a role during central nervous system development; Belongs to the RCAN family.	mapped	protein_ids_from_disgenet
5962	RDX	P35241	9606.ENSP00000496414	RDX	9606	Radixin; Probably plays a crucial role in the binding of the barbed end of actin filaments to the plasma membrane.	mapped	protein_ids_from_disgenet
5965	RECQL	P46063	9606.ENSP00000416739	RECQL	9606	ATP-dependent DNA helicase Q1; DNA helicase that may play a role in the repair of DNA that is damaged by ultraviolet light or other mutagens. Exhibits a magnesium-dependent ATP-dependent DNA-helicase activity that unwinds single- and double-stranded DNA in a 3'-5' direction. Belongs to the helicase family. RecQ subfamily.	mapped	protein_ids_from_disgenet
5972	REN	P00797	9606.ENSP00000272190	REN	9606	Renin; Renin is a highly specific endopeptidase, whose only known function is to generate angiotensin I from angiotensinogen in the plasma, initiating a cascade of reactions that produce an elevation of blood pressure and increased sodium retention by the kidney.	mapped	protein_ids_from_disgenet
5979	RET	P07949	9606.ENSP00000347942	RET	9606	Extracellular cell-membrane anchored RET cadherin 120 kDa fragment; Receptor tyrosine-protein kinase involved in numerous cellular mechanisms including cell proliferation, neuronal navigation, cell migration, and cell differentiation upon binding with glial cell derived neurotrophic factor family ligands. Phosphorylates PTK2/FAK1. Regulates both cell death/survival balance and positional information. Required for the molecular mechanisms orchestration during intestine organogenesis; involved in the development of enteric nervous system and renal organogenesis during embryonic life, and [...] 	mapped	protein_ids_from_disgenet
9104	RGN	Q15493	9606.ENSP00000380365	RGN	9606	Regucalcin; Gluconolactonase with low activity towards other sugar lactones, including gulonolactone and galactonolactone. Can also hydrolyze diisopropyl phosphorofluoridate and phenylacetate (in vitro). Calcium-binding protein. Modulates Ca(2+) signaling, and Ca(2+)- dependent cellular processes and enzyme activities (By similarity).	mapped	protein_ids_from_disgenet
6016	RIT1	Q92963	9606.ENSP00000357305	RIT1	9606	GTP-binding protein Rit1; Plays a crucial role in coupling NGF stimulation to the activation of both EPHB2 and MAPK14 signaling pathways and in NGF- dependent neuronal differentiation. Involved in ELK1 transactivation through the Ras-MAPK signaling cascade that mediates a wide variety of cellular functions, including cell proliferation, survival, and differentiation; Belongs to the small GTPase superfamily. Ras family.	mapped	protein_ids_from_disgenet
390	RND3	P61587	9606.ENSP00000364886	RND3	9606	Rho-related GTP-binding protein RhoE; Binds GTP but lacks intrinsic GTPase activity and is resistant to Rho-specific GTPase-activating proteins.	mapped	protein_ids_from_disgenet
114804	RNF157	Q96PX1	9606.ENSP00000269391	RNF157	9606	E3 ubiquitin ligase RNF157; E3 ubiquitin ligase that ubiquitinates APBB1 for its degradation by the proteasome and thus prevents apoptosis and promotes survival of neurons. Has a dual role in neurons as it is also required for dendrite growth and maintenance for which its ligase activity is not critical. May act as a scaffold molecule to regulate this process. Acts as a downstream effector of the interconnected PI3K and MAPK signaling pathways and thus participates in the regulation of the cell cycle.	mapped	protein_ids_from_disgenet
54894	RNF43	Q68DV7	9606.ENSP00000463069	RNF43	9606	E3 ubiquitin-protein ligase RNF43; E3 ubiquitin-protein ligase that acts as a negative regulator of the Wnt signaling pathway by mediating the ubiquitination, endocytosis and subsequent degradation of Wnt receptor complex components Frizzled. Acts on both canonical and non-canonical Wnt signaling pathway. Along with RSPO2 and ZNRF3, constitutes a master switch that governs limb specification (By similarity).	mapped	protein_ids_from_disgenet
6091	ROBO1	Q9Y6N7	9606.ENSP00000420321	ROBO1	9606	Roundabout homolog 1; Receptor for SLIT1 and SLIT2 that mediates cellular responses to molecular guidance cues in cellular migration, including axonal navigation at the ventral midline of the neural tube and projection of axons to different regions during neuronal development. Interaction with the intracellular domain of FLRT3 mediates axon attraction towards cells expressing NTN1. In axon growth cones, the silencing of the attractive effect of NTN1 by SLIT2 may require the formation of a ROBO1-DCC complex (By similarity). Plays a role in the regulation of cell migration via its intera [...] 	mapped	protein_ids_from_disgenet
6194	RPS6	P62753	9606.ENSP00000369757	RPS6	9606	40S ribosomal protein S6; May play an important role in controlling cell growth and proliferation through the selective translation of particular classes of mRNA; Belongs to the eukaryotic ribosomal protein eS6 family.	mapped	protein_ids_from_disgenet
6197	RPS6KA3	P51812	9606.ENSP00000368884	RPS6KA3	9606	Ribosomal protein S6 kinase alpha-3; Serine/threonine-protein kinase that acts downstream of ERK (MAPK1/ERK2 and MAPK3/ERK1) signaling and mediates mitogenic and stress-induced activation of the transcription factors CREB1, ETV1/ER81 and NR4A1/NUR77, regulates translation through RPS6 and EIF4B phosphorylation, and mediates cellular proliferation, survival, and differentiation by modulating mTOR signaling and repressing pro- apoptotic function of BAD and DAPK1. In fibroblast, is required for EGF-stimulated phosphorylation of CREB1 and histone H3 at 'Ser-10', which results in the subseq [...] 	mapped	protein_ids_from_disgenet
6240	RRM1	P23921	9606.ENSP00000300738	RRM1	9606	Ribonucleoside-diphosphate reductase large subunit; Provides the precursors necessary for DNA synthesis. Catalyzes the biosynthesis of deoxyribonucleotides from the corresponding ribonucleotides.	mapped	protein_ids_from_disgenet
6241	RRM2	P31350	9606.ENSP00000353770	RRM2	9606	Ribonucleoside-diphosphate reductase subunit M2; Provides the precursors necessary for DNA synthesis. Catalyzes the biosynthesis of deoxyribonucleotides from the corresponding ribonucleotides. Inhibits Wnt signaling; Belongs to the ribonucleoside diphosphate reductase small chain family.	mapped	protein_ids_from_disgenet
84870	RSPO3	Q9BXY4	9606.ENSP00000349131	RSPO3	9606	R-spondin-3; Activator of the canonical Wnt signaling pathway by acting as a ligand for LGR4-6 receptors, which acts as a key regulator of angiogenesis. Upon binding to LGR4-6 (LGR4, LGR5 or LGR6), LGR4-6 associate with phosphorylated LRP6 and frizzled receptors that are activated by extracellular Wnt receptors, triggering the canonical Wnt signaling pathway to increase expression of target genes. Also regulates the canonical Wnt/beta-catenin-dependent pathway and non- canonical Wnt signaling by acting as an inhibitor of ZNRF3, an important regulator of the Wnt signaling pathway. Acts  [...] 	mapped	protein_ids_from_disgenet
83597	RTP3	Q9BQQ7	9606.ENSP00000296142	RTP3	9606	Receptor-transporting protein 3; Promotes functional cell surface expression of the bitter taste receptors TAS2R16 and TAS2R43; Belongs to the TMEM7 family.	mapped	protein_ids_from_disgenet
864	RUNX3	Q13761	9606.ENSP00000382800	RUNX3	9606	Runt-related transcription factor 3; Forms the heterodimeric complex core-binding factor (CBF) with CBFB. RUNX members modulate the transcription of their target genes through recognizing the core consensus binding sequence 5'- TGTGGT-3', or very rarely, 5'-TGCGGT-3', within their regulatory regions via their runt domain, while CBFB is a non-DNA-binding regulatory subunit that allosterically enhances the sequence-specific DNA-binding capacity of RUNX. The heterodimers bind to the core site of a number of enhancers and promoters, including murine leukemia virus, polyomavirus enhancer, T [...] 	mapped	protein_ids_from_disgenet
6263	RYR3	Q15413	9606.ENSP00000489262	RYR3	9606	Ryanodine receptor 3; Calcium channel that mediates the release of Ca(2+) from the sarcoplasmic reticulum into the cytoplasm in muscle and thereby plays a role in triggering muscle contraction. May regulate Ca(2+) release by other calcium channels. Calcium channel that mediates Ca(2+)-induced Ca(2+) release from the endoplasmic reticulum in non-muscle cells. Contributes to cellular calcium ion homeostasis (By similarity). Plays a role in cellular calcium signaling.	mapped	protein_ids_from_disgenet
25813	SAMM50	Q9Y512	9606.ENSP00000345445	SAMM50	9606	Sorting and assembly machinery component 50 homolog; Plays a crucial role in the maintenance of the structure of mitochondrial cristae and the proper assembly of the mitochondrial respiratory chain complexes. Required for the assembly of TOMM40 into the TOM complex.	mapped	protein_ids_from_disgenet
22937	SCAP	Q12770	9606.ENSP00000265565	SCAP	9606	Sterol regulatory element-binding protein cleavage-activating protein; Escort protein required for cholesterol as well as lipid homeostasis. Regulates export of the SCAP/SREBF complex from the ER upon low cholesterol. Formation of a ternary complex with INSIG at high sterol concentrations leads to masking of an ER-export signal in SCAP and retention of the complex in the ER. Low sterol concentrations trigger release of INSIG, a conformational change in the SSC domain of SCAP, unmasking of the ER export signal, recruitment into COPII-coated vesicles, transport to the Golgi complex, prot [...] 	mapped	protein_ids_from_disgenet
949	SCARB1	Q8WTV0	9606.ENSP00000261693	SCARB1	9606	Scavenger receptor class B member 1; Receptor for different ligands such as phospholipids, cholesterol ester, lipoproteins, phosphatidylserine and apoptotic cells. Receptor for HDL, mediating selective uptake of cholesteryl ether and HDL-dependent cholesterol efflux. Also facilitates the flux of free and esterified cholesterol between the cell surface and apoB-containing lipoproteins and modified lipoproteins, although less efficiently than HDL. May be involved in the phagocytosis of apoptotic cells, via its phosphatidylserine binding activity. Belongs to the CD36 family.	mapped	protein_ids_from_disgenet
6319	SCD	O00767	9606.ENSP00000359380	SCD	9606	Acyl-CoA desaturase; Stearyl-CoA desaturase that utilizes O(2) and electrons from reduced cytochrome b5 to introduce the first double bond into saturated fatty acyl-CoA substrates. Catalyzes the insertion of a cis double bond at the delta-9 position into fatty acyl-CoA substrates including palmitoyl-CoA and stearoyl-CoA. Gives rise to a mixture of 16:1 and 18:1 unsaturated fatty acids. Plays an important role in lipid biosynthesis. Plays an important role in regulating the expression of genes that are involved in lipogenesis and in regulating mitochondrial fatty acid oxidation (By simi [...] 	mapped	protein_ids_from_disgenet
5265	SERPINA1	P01009	9606.ENSP00000416066	SERPINA1	9606	Short peptide from AAT; Inhibitor of serine proteases. Its primary target is elastase, but it also has a moderate affinity for plasmin and thrombin. Irreversibly inhibits trypsin, chymotrypsin and plasminogen activator. The aberrant form inhibits insulin-induced NO synthesis in platelets, decreases coagulation time and has proteolytic activity against insulin and plasmin; Belongs to the serpin family.	mapped	protein_ids_from_disgenet
5267	SERPINA4	P29622	9606.ENSP00000451172	SERPINA4	9606	Kallistatin; Inhibits human amidolytic and kininogenase activities of tissue kallikrein. Inhibition is achieved by formation of an equimolar, heat- and SDS-stable complex between the inhibitor and the enzyme, and generation of a small C-terminal fragment of the inhibitor due to cleavage at the reactive site by tissue kallikrein. Belongs to the serpin family.	mapped	protein_ids_from_disgenet
866	SERPINA6	P08185	9606.ENSP00000342850	SERPINA6	9606	Corticosteroid-binding globulin; Major transport protein for glucocorticoids and progestins in the blood of almost all vertebrate species.	mapped	protein_ids_from_disgenet
5055	SERPINB2	P05120	9606.ENSP00000401645	SERPINB2	9606	Plasminogen activator inhibitor 2; Inhibits urokinase-type plasminogen activator. The monocyte derived PAI-2 is distinct from the endothelial cell-derived PAI-1; Belongs to the serpin family. Ov-serpin subfamily.	mapped	protein_ids_from_disgenet
5054	SERPINE1	P05121	9606.ENSP00000223095	SERPINE1	9606	Plasminogen activator inhibitor 1; Serine protease inhibitor. Inhibits TMPRSS7. Is a primary inhibitor of tissue-type plasminogen activator (PLAT) and urokinase-type plasminogen activator (PLAU). As PLAT inhibitor, it is required for fibrinolysis down-regulation and is responsible for the controlled degradation of blood clots. As PLAU inhibitor, it is involved in the regulation of cell adhesion and spreading. Acts as a regulator of cell migration, independently of its role as protease inhibitor. It is required for stimulation of keratinocyte migration during cutaneous injury repair. It [...] 	mapped	protein_ids_from_disgenet
5176	SERPINF1	P36955	9606.ENSP00000254722	SERPINF1	9606	Pigment epithelium-derived factor; Neurotrophic protein; induces extensive neuronal differentiation in retinoblastoma cells. Potent inhibitor of angiogenesis. As it does not undergo the S (stressed) to R (relaxed) conformational transition characteristic of active serpins, it exhibits no serine protease inhibitory activity.	mapped	protein_ids_from_disgenet
710	SERPING1	P05155	9606.ENSP00000278407	SERPING1	9606	Plasma protease C1 inhibitor; Activation of the C1 complex is under control of the C1- inhibitor. It forms a proteolytically inactive stoichiometric complex with the C1r or C1s proteases. May play a potentially crucial role in regulating important physiological pathways including complement activation, blood coagulation, fibrinolysis and the generation of kinins. Very efficient inhibitor of FXIIa. Inhibits chymotrypsin and kallikrein.	mapped	protein_ids_from_disgenet
871	SERPINH1	P50454	9606.ENSP00000434412	SERPINH1	9606	Serpin H1; Binds specifically to collagen. Could be involved as a chaperone in the biosynthetic pathway of collagen.	mapped	protein_ids_from_disgenet
23451	SF3B1	O75533	9606.ENSP00000335321	SF3B1	9606	Splicing factor 3B subunit 1; Involved in pre-mRNA splicing as a component of the splicing factor SF3B complex. SF3B complex is required for 'A' complex assembly formed by the stable binding of U2 snRNP to the branchpoint sequence (BPS) in pre-mRNA. Sequence independent binding of SF3A/SF3B complex upstream of the branch site is essential, it may anchor U2 snRNP to the pre-mRNA. Together with other U2 snRNP complex components may also play a role in the selective processing of microRNAs (miRNAs) from the long primary miRNA transcript, pri-miR-17-92 (By similarity). May also be involved [...] 	mapped	protein_ids_from_disgenet
10262	SF3B4	Q15427	9606.ENSP00000271628	SF3B4	9606	Splicing factor 3B subunit 4; Involved in pre-mRNA splicing as a component of the splicing factor SF3B complex. SF3B complex is required for 'A' complex assembly formed by the stable binding of U2 snRNP to the branchpoint sequence (BPS) in pre-mRNA. Sequence independent binding of SF3A/SF3B complex upstream of the branch site is essential, it may anchor U2 snRNP to the pre-mRNA. May also be involved in the assembly of the 'E' complex. SF3B4 has been found in complex 'B' and 'C' as well. Belongs also to the minor U12- dependent spliceosome, which is involved in the splicing of rare clas [...] 	mapped	protein_ids_from_disgenet
2810	SFN	P31947	9606.ENSP00000340989	SFN	9606	14-3-3 protein sigma; Adapter protein implicated in the regulation of a large spectrum of both general and specialized signaling pathways. Binds to a large number of partners, usually by recognition of a phosphoserine or phosphothreonine motif. Binding generally results in the modulation of the activity of the binding partner. When bound to KRT17, regulates protein synthesis and epithelial cell growth by stimulating Akt/mTOR pathway. May also regulate MDM2 autoubiquitination and degradation and thereby activate p53/TP53; Belongs to the 14-3-3 family.	mapped	protein_ids_from_disgenet
6422	SFRP1	Q8N474	9606.ENSP00000220772	SFRP1	9606	Secreted frizzled-related protein 1; Soluble frizzled-related proteins (sFRPS) function as modulators of Wnt signaling through direct interaction with Wnts. They have a role in regulating cell growth and differentiation in specific cell types. SFRP1 decreases intracellular beta-catenin levels (By similarity). Has antiproliferative effects on vascular cells, in vitro and in vivo, and can induce, in vivo, an angiogenic response. In vascular cell cycle, delays the G1 phase and entry into the S phase (By similarity). In kidney development, inhibits tubule formation and bud growth in metane [...] 	mapped	protein_ids_from_disgenet
6455	SH3GL1	Q99961	9606.ENSP00000269886	SH3GL1	9606	Endophilin-A2; Implicated in endocytosis. May recruit other proteins to membranes with high curvature (By similarity); Belongs to the endophilin family.	mapped	protein_ids_from_disgenet
6464	SHC1	P29353	9606.ENSP00000401303	SHC1	9606	SHC-transforming protein 1; Signaling adapter that couples activated growth factor receptors to signaling pathways. Participates in a signaling cascade initiated by activated KIT and KITLG/SCF. Isoform p46Shc and isoform p52Shc, once phosphorylated, couple activated receptor tyrosine kinases to Ras via the recruitment of the GRB2/SOS complex and are implicated in the cytoplasmic propagation of mitogenic signals. Isoform p46Shc and isoform p52Shc may thus function as initiators of the Ras signaling cascade in various non-neuronal systems. Isoform p66Shc does not mediate Ras activation,  [...] 	mapped	protein_ids_from_disgenet
6469	SHH	Q15465	9606.ENSP00000297261	SHH	9606	Sonic hedgehog protein N-product; [Sonic hedgehog protein]: The C-terminal part of the sonic hedgehog protein precursor displays an autoproteolysis and a cholesterol transferase activity (By similarity). Both activities result in the cleavage of the full-length protein into two parts (ShhN and ShhC) followed by the covalent attachment of a cholesterol moiety to the C-terminal of the newly generated ShhN (By similarity). Both activities occur in the reticulum endoplasmic (By similarity). Once cleaved, ShhC is degraded in the endoplasmic reticulum (By similarity).	mapped	protein_ids_from_disgenet
23235	SIK2	Q9H0K1	9606.ENSP00000305976	SIK2	9606	Serine/threonine-protein kinase SIK2; Phosphorylates 'Ser-794' of IRS1 in insulin-stimulated adipocytes, potentially modulating the efficiency of insulin signal transduction. Inhibits CREB activity by phosphorylating and repressing TORCs, the CREB-specific coactivators; Belongs to the protein kinase superfamily. CAMK Ser/Thr protein kinase family. SNF1 subfamily.	mapped	protein_ids_from_disgenet
23411	SIRT1	Q96EB6	9606.ENSP00000212015	SIRT1	9606	NAD-dependent protein deacetylase sirtuin-1; NAD-dependent protein deacetylase that links transcriptional regulation directly to intracellular energetics and participates in the coordination of several separated cellular functions such as cell cycle, response to DNA damage, metabolism, apoptosis and autophagy. Can modulate chromatin function through deacetylation of histones and can promote alterations in the methylation of histones and DNA, leading to transcriptional repression. Deacetylates a broad range of transcription factors and coregulators, thereby regulating target gene expres [...] 	mapped	protein_ids_from_disgenet
220134	SKA1	Q96BD8	9606.ENSP00000285116	SKA1	9606	Spindle and kinetochore-associated protein 1; Component of the SKA1 complex, a microtubule-binding subcomplex of the outer kinetochore that is essential for proper chromosome segregation. Required for timely anaphase onset during mitosis, when chromosomes undergo bipolar attachment on spindle microtubules leading to silencing of the spindle checkpoint. The SKA1 complex is a direct component of the kinetochore-microtubule interface and directly associates with microtubules as oligomeric assemblies. The complex facilitates the processive movement of microspheres along a microtubule in a  [...] 	mapped	protein_ids_from_disgenet
221150	SKA3	Q8IX90	9606.ENSP00000319417	SKA3	9606	Spindle and kinetochore-associated protein 3; Component of the SKA1 complex, a microtubule-binding subcomplex of the outer kinetochore that is essential for proper chromosome segregation. The SKA1 complex is a direct component of the kinetochore-microtubule interface and directly associates with microtubules as oligomeric assemblies. The complex facilitates the processive movement of microspheres along a microtubule in a depolymerization-coupled manner. In the complex, it mediates the microtubule- stimulated oligomerization. Affinity for microtubules is synergistically enhanced in the  [...] 	mapped	protein_ids_from_disgenet
6502	SKP2	Q13309	9606.ENSP00000274255	SKP2	9606	S-phase kinase-associated protein 2; Substrate recognition component of a SCF (SKP1-CUL1-F-box protein) E3 ubiquitin-protein ligase complex which mediates the ubiquitination and subsequent proteasomal degradation of target proteins involved in cell cycle progression, signal transduction and transcription. Specifically recognizes phosphorylated CDKN1B/p27kip and is involved in regulation of G1/S transition. Degradation of CDKN1B/p27kip also requires CKS1. Recognizes target proteins ORC1, CDT1, RBL2, KMT2A/MLL1, CDK9, RAG2, FOXO1, UBP43, and probably MYC, TOB1 and TAL1. Degradation of TA [...] 	mapped	protein_ids_from_disgenet
6554	SLC10A1	Q14973	9606.ENSP00000216540	SLC10A1	9606	Sodium/bile acid cotransporter; The hepatic sodium/bile acid uptake system exhibits broad substrate specificity and transports various non-bile acid organic compounds as well. It is strictly dependent on the extracellular presence of sodium; Belongs to the bile acid:sodium symporter (BASS) (TC 2.A.28) family.	mapped	protein_ids_from_disgenet
26266	SLC13A4	Q9UKG4	9606.ENSP00000297282	SLC13A4	9606	Solute carrier family 13 member 4; Sodium/sulfate cotransporter that mediates sulfate reabsorption in the high endothelial venules (HEV).	mapped	protein_ids_from_disgenet
10246	SLC17A2	O00624	9606.ENSP00000367081	SLC17A2	9606	Sodium-dependent phosphate transport protein 3; May be involved in actively transporting phosphate into cells via Na(+) cotransport; Belongs to the major facilitator superfamily. Sodium/anion cotransporter family.	mapped	protein_ids_from_disgenet
6580	SLC22A1	O15245	9606.ENSP00000355930	SLC22A1	9606	Solute carrier family 22 member 1; Translocates a broad array of organic cations with various structures and molecular weights including the model compounds 1- methyl-4-phenylpyridinium (MPP), tetraethylammonium (TEA), N-1- methylnicotinamide (NMN), 4-(4-(dimethylamino)styryl)-N- methylpyridinium (ASP), the endogenous compounds choline, guanidine, histamine, epinephrine, adrenaline, noradrenaline and dopamine, and the drugs quinine, and metformin. The transport of organic cations is inhibited by a broad array of compounds like tetramethylammonium (TMA), cocaine, lidocaine, NMDA recepto [...] 	mapped	protein_ids_from_disgenet
387775	SLC22A10	Q63ZE4	9606.ENSP00000327569	SLC22A10	9606	Solute carrier family 22 member 10.	mapped	protein_ids_from_disgenet
9376	SLC22A8	Q8TCC7	9606.ENSP00000337335	SLC22A8	9606	Solute carrier family 22 member 8; Plays an important role in the excretion/detoxification of endogenous and exogenous organic anions, especially from the brain and kidney. Involved in the transport basolateral of steviol, fexofenadine. Transports benzylpenicillin (PCG), estrone-3-sulfate (E1S), cimetidine (CMD), 2,4-dichloro-phenoxyacetate (2,4-D), p-amino-hippurate (PAH), acyclovir (ACV) and ochratoxin (OTA). Belongs to the major facilitator (TC 2.A.1) superfamily. Organic cation transporter (TC 2.A.1.19) family.	mapped	protein_ids_from_disgenet
283600	SLC25A47	Q6Q0C1	9606.ENSP00000354886	SLC25A47	9606	Solute carrier family 25 member 47; Uncoupling protein which may catalyze the physiological 'proton leak' in liver. Overexpression induces the dissipation of mitochondrial membrane potential.	mapped	protein_ids_from_disgenet
65010	SLC26A6	Q9BXS9	9606.ENSP00000378920	SLC26A6	9606	Solute carrier family 26 member 6; Apical membrane anion-exchanger with wide epithelial distribution that plays a role as a component of the pH buffering system for maintaining acid-base homeostasis. Acts as a versatile DIDS- sensitive inorganic and organic anion transporter that mediates the uptake of monovalent anions like chloride, bicarbonate, formate and hydroxyl ion and divalent anions like sulfate and oxalate. Functions in multiple exchange modes involving pairs of these anions, which include chloride-bicarbonate, chloride-oxalate, oxalate-formate, oxalate- sulfate and chloride- [...] 	mapped	protein_ids_from_disgenet
6513	SLC2A1	P11166	9606.ENSP00000416293	SLC2A1	9606	Solute carrier family 2, facilitated glucose transporter member 1; Facilitative glucose transporter, which is responsible for constitutive or basal glucose uptake. Has a very broad substrate specificity; can transport a wide range of aldoses including both pentoses and hexoses. Most important energy carrier of the brain: present at the blood-brain barrier and assures the energy-independent, facilitative transport of glucose into the brain.	mapped	protein_ids_from_disgenet
6514	SLC2A2	P11168	9606.ENSP00000323568	SLC2A2	9606	Solute carrier family 2, facilitated glucose transporter member 2; Facilitative hexose transporter that mediates the transport of glucose and fructose. Likely mediates the bidirectional transfer of glucose across the plasma membrane of hepatocytes and is responsible for uptake of glucose by the beta cells; may comprise part of the glucose-sensing mechanism of the beta cell. May also participate with the Na(+)/glucose cotransporter in the transcellular transport of glucose in the small intestine and kidney. Also able to mediate the transport of dehydroascorbate. Belongs to the major fac [...] 	mapped	protein_ids_from_disgenet
55532	SLC30A10	Q6XR72	9606.ENSP00000355893	SLC30A10	9606	Zinc transporter 10; Plays a pivotal role in manganese transport. Manganese is an essential cation for the function of several enzymes, including some crucially important for the metabolism of neurotransmitters and other neuronal metabolic pathways. However, elevated levels of manganese are cytotoxic and induce oxidative stress, mitochondrial dysfunction and apoptosis. Acts as manganese efflux transporter and confers protection against manganese-induced cell death. Also acts as zinc transporter involved in zinc homeostasis. Seems to mediate zinc transport into early endosomes and recyc [...] 	mapped	protein_ids_from_disgenet
81539	SLC38A1	Q9H2H9	9606.ENSP00000449756	SLC38A1	9606	Sodium-coupled neutral amino acid transporter 1; Functions as a sodium-dependent amino acid transporter. Mediates the saturable, pH-sensitive and electrogenic cotransport of glutamine and sodium ions with a stoichiometry of 1:1. May also transport small zwitterionic and aliphatic amino acids with a lower affinity. May supply glutamatergic and GABAergic neurons with glutamine which is required for the synthesis of the neurotransmitters glutamate and GABA.	mapped	protein_ids_from_disgenet
6528	SLC5A5	Q92911	9606.ENSP00000222248	SLC5A5	9606	Sodium/iodide cotransporter; Mediates iodide uptake in the thyroid gland; Belongs to the sodium:solute symporter (SSF) (TC 2.A.21) family.	mapped	protein_ids_from_disgenet
6532	SLC6A4	P31645	9606.ENSP00000261707	SLC6A4	9606	Sodium-dependent serotonin transporter; Serotonin transporter whose primary function in the central nervous system involves the regulation of serotonergic signaling via transport of serotonin molecules from the synaptic cleft back into the pre-synaptic terminal for re-utilization. Plays a key role in mediating regulation of the availability of serotonin to other receptors of serotonergic systems. Terminates the action of serotonin and recycles it in a sodium-dependent manner.	mapped	protein_ids_from_disgenet
8140	SLC7A5	Q01650	9606.ENSP00000261622	SLC7A5	9606	Large neutral amino acids transporter small subunit 1; The heterodimer with SLC3A2 functions as sodium-independent, high-affinity transporter that mediates uptake of large neutral amino acids such as phenylalanine, tyrosine, L-DOPA, leucine, histidine, methionine and tryptophan. Functions as an amino acid exchanger. May play a role in the transport of L-DOPA across the blood-brain barrier (By similarity). May act as the major transporter of tyrosine in fibroblasts (Probable). May mediate blood-to-retina L-leucine transport across the inner blood-retinal barrier (By similarity). Can med [...] 	mapped	protein_ids_from_disgenet
9353	SLIT2	O94813	9606.ENSP00000422591	SLIT2	9606	Slit homolog 2 protein C-product; Thought to act as molecular guidance cue in cellular migration, and function appears to be mediated by interaction with roundabout homolog receptors. During neural development involved in axonal navigation at the ventral midline of the neural tube and projection of axons to different regions. SLIT1 and SLIT2 seem to be essential for midline guidance in the forebrain by acting as repulsive signal preventing inappropriate midline crossing by axons projecting from the olfactory bulb. In spinal chord development may play a role in guiding commissural axons [...] 	mapped	protein_ids_from_disgenet
4088	SMAD3	P84022	9606.ENSP00000332973	SMAD3	9606	Mothers against decapentaplegic homolog 3; Receptor-regulated SMAD (R-SMAD) that is an intracellular signal transducer and transcriptional modulator activated by TGF-beta (transforming growth factor) and activin type 1 receptor kinases. Binds the TRE element in the promoter region of many genes that are regulated by TGF-beta and, on formation of the SMAD3/SMAD4 complex, activates transcription. Also can form a SMAD3/SMAD4/JUN/FOS complex at the AP- 1/SMAD site to regulate TGF-beta-mediated transcription. Has an inhibitory effect on wound healing probably by modulating both growth and m [...] 	mapped	protein_ids_from_disgenet
6597	SMARCA4	P51532	9606.ENSP00000343896	SMARCA4	9606	Transcription activator BRG1; Involved in transcriptional activation and repression of select genes by chromatin remodeling (alteration of DNA-nucleosome topology). Component of SWI/SNF chromatin remodeling complexes that carry out key enzymatic activities, changing chromatin structure by altering DNA-histone contacts within a nucleosome in an ATP-dependent manner. Component of the CREST-BRG1 complex, a multiprotein complex that regulates promoter activation by orchestrating the calcium- dependent release of a repressor complex and the recruitment of an activator complex. In resting ne [...] 	mapped	protein_ids_from_disgenet
9126	SMC3	Q9UQE7	9606.ENSP00000354720	SMC3	9606	Structural maintenance of chromosomes protein 3; Central component of cohesin, a complex required for chromosome cohesion during the cell cycle. The cohesin complex may form a large proteinaceous ring within which sister chromatids can be trapped. At anaphase, the complex is cleaved and dissociates from chromatin, allowing sister chromatids to segregate. Cohesion is coupled to DNA replication and is involved in DNA repair. The cohesin complex plays also an important role in spindle pole assembly during mitosis and in chromosomes movement.	mapped	protein_ids_from_disgenet
6608	SMO	Q99835	9606.ENSP00000249373	SMO	9606	Smoothened homolog; G protein-coupled receptor that probably associates with the patched protein (PTCH) to transduce the hedgehog's proteins signal. Binding of sonic hedgehog (SHH) to its receptor patched is thought to prevent normal inhibition by patched of smoothened (SMO). Required for the accumulation of KIF7, GLI2 and GLI3 in the cilia. Interacts with DLG5 at the ciliary base to induce the accumulation of KIF7 and GLI2 at the ciliary tip for GLI2 activation (By similarity).	mapped	protein_ids_from_disgenet
6615	SNAI1	O95863	9606.ENSP00000244050	SNAI1	9606	Zinc finger protein SNAI1; Involved in induction of the epithelial to mesenchymal transition (EMT), formation and maintenance of embryonic mesoderm, growth arrest, survival and cell migration. Binds to 3 E-boxes of the E-cadherin/CDH1 gene promoter and to the promoters of CLDN7 and KRT8 and, in association with histone demethylase KDM1A which it recruits to the promoters, causes a decrease in dimethylated H3K4 levels and represses transcription. The N- terminal SNAG domain competes with histone H3 for the same binding site on the histone demethylase complex formed by KDM1A and RCOR1, a [...] 	mapped	protein_ids_from_disgenet
6635	SNRPE	P62304	9606.ENSP00000400591	SNRPE	9606	Small nuclear ribonucleoprotein E; Plays role in pre-mRNA splicing as core component of the SMN- Sm complex that mediates spliceosomal snRNP assembly and as component of the spliceosomal U1, U2, U4 and U5 small nuclear ribonucleoproteins (snRNPs), the building blocks of the spliceosome. Component of both the pre-catalytic spliceosome B complex and activated spliceosome C complexes. Is also a component of the minor U12 spliceosome. As part of the U7 snRNP it is involved in histone 3'-end processing. May indirectly play a role in hair development.	mapped	protein_ids_from_disgenet
81609	SNX27	Q96L92	9606.ENSP00000400333	SNX27	9606	Sorting nexin-27; Involved in the retrograde transport from endosome to plasma membrane, a trafficking pathway that promotes the recycling of internalized transmembrane proteins. Following internalization, endocytosed transmembrane proteins are delivered to early endosomes and recycled to the plasma membrane instead of being degraded in lysosomes. SNX27 specifically binds and directs sorting of a subset of transmembrane proteins containing a PDZ-binding motif at the C- terminus: following interaction with target transmembrane proteins, associates with the retromer complex, preventing e [...] 	mapped	protein_ids_from_disgenet
8435	SOAT2	O75908	9606.ENSP00000301466	SOAT2	9606	Sterol O-acyltransferase 2; Plays a role in lipoprotein assembly and dietary cholesterol absorption. In addition to its acyltransferase activity, it may act as a ligase. May provide cholesteryl esters for lipoprotein secretion from hepatocytes and intestinal mucosa; Belongs to the membrane-bound acyltransferase family. Sterol o-acyltransferase subfamily.	mapped	protein_ids_from_disgenet
8651	SOCS1	O15524	9606.ENSP00000496577	SOCS1	9606	Suppressor of cytokine signaling 1; SOCS family proteins form part of a classical negative feedback system that regulates cytokine signal transduction. SOCS1 is involved in negative regulation of cytokines that signal through the JAK/STAT3 pathway. Through binding to JAKs, inhibits their kinase activity. In vitro, also suppresses Tec protein-tyrosine activity. Appears to be a major regulator of signaling by interleukin 6 (IL6) and leukemia inhibitory factor (LIF). Regulates interferon-gamma mediated sensory neuron survival (By similarity). Probable substrate recognition component of an [...] 	mapped	protein_ids_from_disgenet
8835	SOCS2	O14508	9606.ENSP00000481249	SOCS2	9606	Suppressor of cytokine signaling 2; SOCS family proteins form part of a classical negative feedback system that regulates cytokine signal transduction. SOCS2 appears to be a negative regulator in the growth hormone/IGF1 signaling pathway. Probable substrate recognition component of a SCF-like ECS (Elongin BC-CUL2/5-SOCS-box protein) E3 ubiquitin-protein ligase complex which mediates the ubiquitination and subsequent proteasomal degradation of target proteins.	mapped	protein_ids_from_disgenet
9021	SOCS3	O14543	9606.ENSP00000330341	SOCS3	9606	Suppressor of cytokine signaling 3; SOCS family proteins form part of a classical negative feedback system that regulates cytokine signal transduction. SOCS3 is involved in negative regulation of cytokines that signal through the JAK/STAT pathway. Inhibits cytokine signal transduction by binding to tyrosine kinase receptors including gp130, LIF, erythropoietin, insulin, IL12, GCSF and leptin receptors. Binding to JAK2 inhibits its kinase activity. Suppresses fetal liver erythropoiesis. Regulates onset and maintenance of allergic responses mediated by T-helper type 2 cells. Regulates IL [...] 	mapped	protein_ids_from_disgenet
6647	SOD1	P00441	9606.ENSP00000270142	SOD1	9606	Superoxide dismutase [Cu-Zn]; Destroys radicals which are normally produced within the cells and which are toxic to biological systems; Belongs to the Cu-Zn superoxide dismutase family.	mapped	protein_ids_from_disgenet
6648	SOD2	P04179	9606.ENSP00000446252	SOD2	9606	Superoxide dismutase [Mn], mitochondrial; Destroys superoxide anion radicals which are normally produced within the cells and which are toxic to biological systems. Belongs to the iron/manganese superoxide dismutase family.	mapped	protein_ids_from_disgenet
11063	SOX30	O94993	9606.ENSP00000265007	SOX30	9606	Transcription factor SOX-30; Acts as both a transcriptional activator and repressor. Binds to the DNA sequence 5'-ACAAT- 3' and shows a preference for guanine residues surrounding this core motif. Binds to its own promoter and activates its own transcription (By similarity). Required to activate the expression of postmeiotic genes involved in spermiogenesis (By similarity). Binds to the promoter region of CTNNB1 and represses its transcription which leads to inhibition of Wnt signaling. Also inhibits Wnt signaling by binding to the CTNNB1 protein, preventing interaction of CTNNB1 with  [...] 	mapped	protein_ids_from_disgenet
9043	SPAG9	O60271	9606.ENSP00000262013	SPAG9	9606	C-Jun-amino-terminal kinase-interacting protein 4; The JNK-interacting protein (JIP) group of scaffold proteins selectively mediates JNK signaling by aggregating specific components of the MAPK cascade to form a functional JNK signaling module. Isoform 5 may play a role in spermatozoa-egg- interaction. Regulates lysosomal positioning by acting as an adapter protein which links PIP4P1-positive lysosomes to the dynein-dynactin complex.	mapped	protein_ids_from_disgenet
6678	SPARC	P09486	9606.ENSP00000231061	SPARC	9606	SPARC; Appears to regulate cell growth through interactions with the extracellular matrix and cytokines. Binds calcium and copper, several types of collagen, albumin, thrombospondin, PDGF and cell membranes. There are two calcium binding sites; an acidic domain that binds 5 to 8 Ca(2+) with a low affinity and an EF-hand loop that binds a Ca(2+) ion with a high affinity.	mapped	protein_ids_from_disgenet
57405	SPC25	Q9HBM1	9606.ENSP00000282074	SPC25	9606	Kinetochore protein Spc25; Acts as a component of the essential kinetochore-associated NDC80 complex, which is required for chromosome segregation and spindle checkpoint activity. Required for kinetochore integrity and the organization of stable microtubule binding sites in the outer plate of the kinetochore. The NDC80 complex synergistically enhances the affinity of the SKA1 complex for microtubules and may allow the NDC80 complex to track depolymerizing microtubules. Belongs to the SPC25 family.	mapped	protein_ids_from_disgenet
6695	SPOCK1	Q08629	9606.ENSP00000378401	SPOCK1	9606	Testican-1; May play a role in cell-cell and cell-matrix interactions. May contribute to various neuronal mechanisms in the central nervous system.	mapped	protein_ids_from_disgenet
8405	SPOP	O43791	9606.ENSP00000377001	SPOP	9606	Speckle-type POZ protein; Component of a cullin-RING-based BCR (BTB-CUL3-RBX1) E3 ubiquitin-protein ligase complex that mediates the ubiquitination of target proteins, leading most often to their proteasomal degradation. In complex with CUL3, involved in ubiquitination and proteasomal degradation of BRMS1, DAXX, PDX1/IPF1, GLI2 and GLI3. In complex with CUL3, involved in ubiquitination of MACROH2A1 and BMI1; this does not lead to their proteasomal degradation. Inhibits transcriptional activation of PDX1/IPF1 targets, such as insulin, by promoting PDX1/IPF1 degradation. The cullin-RING- [...] 	mapped	protein_ids_from_disgenet
6696	SPP1	P10451	9606.ENSP00000378517	SPP1	9606	Osteopontin; Binds tightly to hydroxyapatite. Appears to form an integral part of the mineralized matrix. Probably important to cell-matrix interaction.	mapped	protein_ids_from_disgenet
83932	SPRTN	Q9H040	9606.ENSP00000295050	SPRTN	9606	SprT-like domain-containing protein Spartan; Regulator of UV-induced DNA damage response: acts as a 'reader' of ubiquitinated PCNA that enhances RAD18-mediated PCNA ubiquitination and translesion DNA synthesis (TLS). Recruited to sites of UV damage and interacts with ubiquitinated PCNA and RAD18, the E3 ubiquitin ligase that monoubiquitinates PCNA. Facilitates chromatin association of RAD18 and is required for efficient PCNA monoubiquitination, promoting a feed-forward loop to enhance PCNA ubiquitination and translesion DNA synthesis. Acts as a regulator of TLS by recruiting VCP/p97 to [...] 	mapped	protein_ids_from_disgenet
6720	SREBF1	P36956	9606.ENSP00000348069	SREBF1	9606	Processed sterol regulatory element-binding protein 1; Transcriptional activator required for lipid homeostasis. Regulates transcription of the LDL receptor gene as well as the fatty acid and to a lesser degree the cholesterol synthesis pathway (By similarity). Binds to the sterol regulatory element 1 (SRE-1) (5'- ATCACCCCAC-3'). Has dual sequence specificity binding to both an E-box motif (5'-ATCACGTGA-3') and to SRE-1 (5'-ATCACCCCAC-3').	mapped	protein_ids_from_disgenet
6721	SREBF2	Q12772	9606.ENSP00000354476	SREBF2	9606	Processed sterol regulatory element-binding protein 2; Transcriptional activator required for lipid homeostasis. Regulates transcription of the LDL receptor gene as well as the cholesterol and to a lesser degree the fatty acid synthesis pathway (By similarity). Binds the sterol regulatory element 1 (SRE-1) (5'- ATCACCCCAC-3') found in the flanking region of the LDRL and HMG-CoA synthase genes.	mapped	protein_ids_from_disgenet
8406	SRPX	P78539	9606.ENSP00000367794	SRPX	9606	Sushi repeat-containing protein SRPX; May be involved in phagocytosis during disk shedding, cell adhesion to cells other than the pigment epithelium or signal transduction.	mapped	protein_ids_from_disgenet
6427	SRSF2	Q01130	9606.ENSP00000376276	SRSF2	9606	Serine/arginine-rich splicing factor 2; Necessary for the splicing of pre-mRNA. It is required for formation of the earliest ATP-dependent splicing complex and interacts with spliceosomal components bound to both the 5'- and 3'-splice sites during spliceosome assembly. It also is required for ATP-dependent interactions of both U1 and U2 snRNPs with pre-mRNA. Interacts with other spliceosomal components, via the RS domains, to form a bridge between the 5'- and 3'-splice site binding components, U1 snRNP and U2AF. Binds to purine-rich RNA sequences, either 5'-AGSAGAGTA-3' (S=C or G) or 5 [...] 	mapped	protein_ids_from_disgenet
6756	SSX1	Q16384	9606.ENSP00000366118	SSX1	9606	Protein SSX1; Could act as a modulator of transcription; Belongs to the SSX family.	mapped	protein_ids_from_disgenet
55576	STAB2	Q8WWQ8	9606.ENSP00000373539	STAB2	9606	190 kDa form stabilin-2; Phosphatidylserine receptor that enhances the engulfment of apoptotic cells. Hyaluronan receptor that binds to and mediates endocytosis of hyaluronic acid (HA). Acts also, in different species, as a primary systemic scavenger receptor for heparin (Hep), chondroitin sulfate (CS), dermatan sulfate (DS), nonglycosaminoglycan (GAG), acetylated low-density lipoprotein (AcLDL), pro-collagen propeptides and advanced glycation end products (AGE). May serve to maintain tissue integrity by supporting extracellular matrix turnover or it may contribute to maintaining fluid [...] 	mapped	protein_ids_from_disgenet
6772	STAT1	P42224	9606.ENSP00000354394	STAT1	9606	Signal transducer and activator of transcription 1-alpha/beta; Signal transducer and transcription activator that mediates cellular responses to interferons (IFNs), cytokine KITLG/SCF and other cytokines and other growth factors. Following type I IFN (IFN-alpha and IFN-beta) binding to cell surface receptors, signaling via protein kinases leads to activation of Jak kinases (TYK2 and JAK1) and to tyrosine phosphorylation of STAT1 and STAT2. The phosphorylated STATs dimerize and associate with ISGF3G/IRF-9 to form a complex termed ISGF3 transcription factor, that enters the nucleus. ISGF [...] 	mapped	protein_ids_from_disgenet
6775	STAT4	Q14765	9606.ENSP00000351255	STAT4	9606	Signal transducer and activator of transcription 4; Carries out a dual function: signal transduction and activation of transcription. Involved in IL12 signaling.	mapped	protein_ids_from_disgenet
8614	STC2	O76061	9606.ENSP00000265087	STC2	9606	Stanniocalcin-2; Has an anti-hypocalcemic action on calcium and phosphate homeostasis; Belongs to the stanniocalcin family.	mapped	protein_ids_from_disgenet
3925	STMN1	P16949	9606.ENSP00000410452	STMN1	9606	Stathmin; Involved in the regulation of the microtubule (MT) filament system by destabilizing microtubules. Prevents assembly and promotes disassembly of microtubules. Phosphorylation at Ser-16 may be required for axon formation during neurogenesis. Involved in the control of the learned and innate fear (By similarity); Belongs to the stathmin family.	mapped	protein_ids_from_disgenet
10460	TACC3	Q9Y6A5	9606.ENSP00000326550	TACC3	9606	Transforming acidic coiled-coil-containing protein 3; Plays a role in the microtubule-dependent coupling of the nucleus and the centrosome. Involved in the processes that regulate centrosome-mediated interkinetic nuclear migration (INM) of neural progenitors (By similarity). Acts as component of the TACC3/ch- TOG/clathrin complex proposed to contribute to stabilization of kinetochore fibers of the mitotic spindle by acting as inter- microtubule bridge. The TACC3/ch-TOG/clathrin complex is required for the maintenance of kinetochore fiber tension. May be involved in the control of cell  [...] 	mapped	protein_ids_from_disgenet
8407	TAGLN2	P37802	9606.ENSP00000357076	TAGLN2	9606	Transgelin-2; Transgelin 2.	mapped	protein_ids_from_disgenet
6888	TALDO1	P37837	9606.ENSP00000321259	TALDO1	9606	Transaldolase; Transaldolase is important for the balance of metabolites in the pentose-phosphate pathway.	mapped	protein_ids_from_disgenet
83940	TATDN1	Q6P1N9	9606.ENSP00000276692	TATDN1	9606	Putative deoxyribonuclease TATDN1; Putative deoxyribonuclease; Belongs to the metallo-dependent hydrolases superfamily. TatD-type hydrolase family.	mapped	protein_ids_from_disgenet
6941	TCF19	Q9Y242	9606.ENSP00000365433	TCF19	9606	Transcription factor 19; Potential trans-activating factor that could play an important role in the transcription of genes required for the later stages of cell cycle progression.	mapped	protein_ids_from_disgenet
56892	TCIM	Q9NR00	9606.ENSP00000319914	TCIM	9606	Transcriptional and immune response regulator; Seems to be involved in the regulation of cell growth an differentiation, may play different and opposite roles depending on the tissue or cell type. May enhance the WNT-CTNNB1 pathway by relieving antagonistic activity of CBY1. Enhances the proliferation of follicular dendritic cells. Plays a role in the mitogen-activated MAPK2/3 signaling pathway, positively regulates G1-to-S-phase transition of the cell cycle. In endothelial cells, enhances key inflammatory mediators and inflammatory response through the modulation of NF-kappaB transcri [...] 	mapped	protein_ids_from_disgenet
80178	TEDC2	Q7L2K0	9606.ENSP00000355022	TEDC2	9606	Tubulin epsilon and delta complex protein 2; Acts as a positive regulator of ciliary hedgehog signaling. Required for centriole stability.	mapped	protein_ids_from_disgenet
7011	TEP1	Q99973	9606.ENSP00000262715	TEP1	9606	Telomerase protein component 1; Component of the telomerase ribonucleoprotein complex that is essential for the replication of chromosome termini. Also component of the ribonucleoprotein vaults particle, a multi- subunit structure involved in nucleo-cytoplasmic transport (By similarity). Responsible for the localizing and stabilizing vault RNA (vRNA) association in the vault ribonucleoprotein particle. Binds to TERC (By similarity).	mapped	protein_ids_from_disgenet
7015	TERT	O14746	9606.ENSP00000309572	TERT	9606	Telomerase reverse transcriptase; Telomerase is a ribonucleoprotein enzyme essential for the replication of chromosome termini in most eukaryotes. Active in progenitor and cancer cells. Inactive, or very low activity, in normal somatic cells. Catalytic component of the teleromerase holoenzyme complex whose main activity is the elongation of telomeres by acting as a reverse transcriptase that adds simple sequence repeats to chromosome ends by copying a template sequence within the RNA component of the enzyme. Catalyzes the RNA-dependent extension of 3'-chromosomal termini with the 6-nuc [...] 	mapped	protein_ids_from_disgenet
54790	TET2	Q6N021	9606.ENSP00000442788	TET2	9606	Methylcytosine dioxygenase TET2; Dioxygenase that catalyzes the conversion of the modified genomic base 5-methylcytosine (5mC) into 5-hydroxymethylcytosine (5hmC) and plays a key role in active DNA demethylation. Has a preference for 5-hydroxymethylcytosine in CpG motifs. Also mediates subsequent conversion of 5hmC into 5-formylcytosine (5fC), and conversion of 5fC to 5-carboxylcytosine (5caC). Conversion of 5mC into 5hmC, 5fC and 5caC probably constitutes the first step in cytosine demethylation. Methylation at the C5 position of cytosine bases is an epigenetic modification of the mam [...] 	mapped	protein_ids_from_disgenet
7019	TFAM	Q00059	9606.ENSP00000420588	TFAM	9606	Transcription factor A, mitochondrial; Binds to the mitochondrial light strand promoter and functions in mitochondrial transcription regulation. Component of the mitochondrial transcription initiation complex, composed at least of TFB2M, TFAM and POLRMT that is required for basal transcription of mitochondrial DNA. In this complex, TFAM recruits POLRMT to a specific promoter whereas TFB2M induces structural changes in POLRMT to enable promoter opening and trapping of the DNA non-template strand. Required for accurate and efficient promoter recognition by the mitochondrial RNA polymeras [...] 	mapped	protein_ids_from_disgenet
7035	TFPI	P10646	9606.ENSP00000233156	TFPI	9606	Tissue factor pathway inhibitor; Inhibits factor X (X(a)) directly and, in a Xa-dependent way, inhibits VIIa/tissue factor activity, presumably by forming a quaternary Xa/LACI/VIIa/TF complex. It possesses an antithrombotic action and also the ability to associate with lipoproteins in plasma.	mapped	protein_ids_from_disgenet
7980	TFPI2	P48307	9606.ENSP00000222543	TFPI2	9606	Tissue factor pathway inhibitor 2; May play a role in the regulation of plasmin-mediated matrix remodeling. Inhibits trypsin, plasmin, factor VIIa/tissue factor and weakly factor Xa. Has no effect on thrombin.	mapped	protein_ids_from_disgenet
7038	TG	P01266	9606.ENSP00000220616	TG	9606	Thyroglobulin; Acts as a substrate for the production of iodinated thyroid hormones thyroxine (T4) and triiodothyronine (T3). The synthesis of T3 and T4 involves iodination of selected tyrosine residues of TG/thyroglobulin followed by their oxidative coupling in the thyroid follicle lumen (By similarity). Following TG re- internalization and lysosomal-mediated proteolysis, T3 and T4 are released from the polypeptide backbone leading to their secretion into the bloodstream (By similarity).	mapped	protein_ids_from_disgenet
7039	TGFA	P01135	9606.ENSP00000404131	TGFA	9606	Protransforming growth factor alpha; TGF alpha is a mitogenic polypeptide that is able to bind to the EGF receptor/EGFR and to act synergistically with TGF beta to promote anchorage-independent cell proliferation in soft agar.	mapped	protein_ids_from_disgenet
7040	TGFB1	P01137	9606.ENSP00000221930	TGFB1	9606	Transforming growth factor beta-1 proprotein; Transforming growth factor beta-1 proprotein: Precursor of the Latency-associated peptide (LAP) and Transforming growth factor beta-1 (TGF-beta-1) chains, which constitute the regulatory and active subunit of TGF-beta-1, respectively. Transforming growth factor beta-1: Multifunctional protein that regulates the growth and differentiation of various cell types and is involved in various processes, such as normal development, immune function, microglia function and responses to neurodegeneration (By similarity). Activation into mature form fo [...] 	mapped	protein_ids_from_disgenet
7042	TGFB2	P61812	9606.ENSP00000355896	TGFB2	9606	Transforming growth factor beta-2 proprotein; Transforming growth factor beta-2 proprotein: Precursor of the Latency-associated peptide (LAP) and Transforming growth factor beta-2 (TGF-beta-2) chains, which constitute the regulatory and active subunit of TGF-beta-2, respectively. Transforming growth factor beta-2: Multifunctional protein that regulates various processes such as angiogenesis and heart development. Activation into mature form follows different steps: following cleavage of the proprotein in the Golgi apparatus, Latency-associated peptide (LAP) and Transforming growth fact [...] 	mapped	protein_ids_from_disgenet
7046	TGFBR1	P36897	9606.ENSP00000447297	TGFBR1	9606	TGF-beta receptor type-1; Transmembrane serine/threonine kinase forming with the TGF- beta type II serine/threonine kinase receptor, TGFBR2, the non- promiscuous receptor for the TGF-beta cytokines TGFB1, TGFB2 and TGFB3. Transduces the TGFB1, TGFB2 and TGFB3 signal from the cell surface to the cytoplasm and is thus regulating a plethora of physiological and pathological processes including cell cycle arrest in epithelial and hematopoietic cells, control of mesenchymal cell proliferation and differentiation, wound healing, extracellular matrix production, immunosuppression and carcinog [...] 	mapped	protein_ids_from_disgenet
7053	TGM3	Q08188	9606.ENSP00000370867	TGM3	9606	Protein-glutamine gamma-glutamyltransferase E 27 kDa non-catalytic chain; Catalyzes the calcium-dependent formation of isopeptide cross-links between glutamine and lysine residues in various proteins, as well as the conjugation of polyamines to proteins. Involved in the formation of the cornified envelope (CE), a specialized component consisting of covalent cross-links of proteins beneath the plasma membrane of terminally differentiated keratinocytes. Catalyzes small proline-rich proteins (SPRR1 and SPRR2) and LOR cross-linking to form small interchain oligomers, which are further cros [...] 	mapped	protein_ids_from_disgenet
7054	TH	P07101	9606.ENSP00000370571	TH	9606	Tyrosine 3-monooxygenase; Plays an important role in the physiology of adrenergic neurons.	mapped	protein_ids_from_disgenet
7057	THBS1	P07996	9606.ENSP00000260356	THBS1	9606	Thrombospondin-1; Adhesive glycoprotein that mediates cell-to-cell and cell-to- matrix interactions. Binds heparin. May play a role in dentinogenesis and/or maintenance of dentin and dental pulp (By similarity). Ligand for CD36 mediating antiangiogenic properties. Plays a role in ER stress response, via its interaction with the activating transcription factor 6 alpha (ATF6) which produces adaptive ER stress response factors (By similarity).	mapped	protein_ids_from_disgenet
117145	THEM4	Q5T1C6	9606.ENSP00000357804	THEM4	9606	Acyl-coenzyme A thioesterase THEM4; Has acyl-CoA thioesterase activity towards medium and long- chain (C14 to C18) fatty acyl-CoA substrates, and probably plays a role in mitochondrial fatty acid metabolism. Plays a role in the apoptotic process, possibly via its regulation of AKT1 activity. According to inhibits AKT1 phosphorylation and activity. According to enhances AKT1 activity by favoring its phosphorylation and translocation to plasma membrane.	mapped	protein_ids_from_disgenet
7070	THY1	P04216	9606.ENSP00000284240	THY1	9606	Thy-1 membrane glycoprotein; May play a role in cell-cell or cell-ligand interactions during synaptogenesis and other events in the brain.	mapped	protein_ids_from_disgenet
90381	TICRR	Q7Z2Z1	9606.ENSP00000268138	TICRR	9606	Treslin; Regulator of DNA replication and S/M and G2/M checkpoints. Regulates the triggering of DNA replication initiation via its interaction with TOPBP1 by participating in CDK2-mediated loading of CDC45L onto replication origins. Required for the transition from pre- replication complex (pre-RC) to pre-initiation complex (pre-IC). Required to prevent mitotic entry after treatment with ionizing radiation; Belongs to the treslin family.	mapped	protein_ids_from_disgenet
91937	TIMD4	Q96H15	9606.ENSP00000274532	TIMD4	9606	T-cell immunoglobulin and mucin domain-containing protein 4; Phosphatidylserine receptor that enhances the engulfment of apoptotic cells. Involved in regulating T-cell proliferation and lymphotoxin signaling. Ligand for HAVCR1/TIMD1 (By similarity). Belongs to the immunoglobulin superfamily. TIM family.	mapped	protein_ids_from_disgenet
7083	TK1	P04183	9606.ENSP00000468425	TK1	9606	Thymidine kinase, cytosolic; Thymidine kinase 1; Belongs to the thymidine kinase family.	mapped	protein_ids_from_disgenet
7097	TLR2	O60603	9606.ENSP00000260010	TLR2	9606	Toll-like receptor 2; Cooperates with LY96 to mediate the innate immune response to bacterial lipoproteins and other microbial cell wall components. Cooperates with TLR1 or TLR6 to mediate the innate immune response to bacterial lipoproteins or lipopeptides. Acts via MYD88 and TRAF6, leading to NF-kappa-B activation, cytokine secretion and the inflammatory response. May also activate immune cells and promote apoptosis in response to the lipid moiety of lipoproteins. Recognizes mycoplasmal macrophage-activating lipopeptide-2kD (MALP-2), soluble tuberculosis factor (STF), phenol-soluble  [...] 	mapped	protein_ids_from_disgenet
7098	TLR3	O15455	9606.ENSP00000296795	TLR3	9606	Toll-like receptor 3; Key component of innate and adaptive immunity. TLRs (Toll- like receptors) control host immune response against pathogens through recognition of molecular patterns specific to microorganisms. TLR3 is a nucleotide-sensing TLR which is activated by double-stranded RNA, a sign of viral infection. Acts via the adapter TRIF/TICAM1, leading to NF-kappa-B activation, IRF3 nuclear translocation, cytokine secretion and the inflammatory response.	mapped	protein_ids_from_disgenet
7099	TLR4	O00206	9606.ENSP00000363089	TLR4	9606	Toll-like receptor 4; Cooperates with LY96 and CD14 to mediate the innate immune response to bacterial lipopolysaccharide (LPS). Acts via MYD88, TIRAP and TRAF6, leading to NF-kappa-B activation, cytokine secretion and the inflammatory response. Also involved in LPS-independent inflammatory responses triggered by free fatty acids, such as palmitate, and Ni(2+). Responses triggered by Ni(2+) require non- conserved histidines and are, therefore, species-specific. Both M.tuberculosis HSP70 (dnaK) and HSP65 (groEL-2) act via this protein to stimulate NF-kappa-B expression. In complex with  [...] 	mapped	protein_ids_from_disgenet
51284	TLR7	Q9NYK1	9606.ENSP00000370034	TLR7	9606	Toll-like receptor 7; Key component of innate and adaptive immunity. TLRs (Toll- like receptors) control host immune response against pathogens through recognition of molecular patterns specific to microorganisms. TLR7 is a nucleotide-sensing TLR which is activated by single-stranded RNA. Acts via MYD88 and TRAF6, leading to NF-kappa-B activation, cytokine secretion and the inflammatory response (By similarity).	mapped	protein_ids_from_disgenet
54106	TLR9	Q9NR96	9606.ENSP00000353874	TLR9	9606	Toll-like receptor 9; Key component of innate and adaptive immunity. TLRs (Toll- like receptors) control host immune response against pathogens through recognition of molecular patterns specific to microorganisms. TLR9 is a nucleotide-sensing TLR which is activated by unmethylated cytidine- phosphate-guanosine (CpG) dinucleotides. Acts via MYD88 and TRAF6, leading to NF-kappa-B activation, cytokine secretion and the inflammatory response. Controls lymphocyte response to Helicobacter infection (By similarity). Upon CpG stimulation, induces B-cell proliferation, activation, survival and  [...] 	mapped	protein_ids_from_disgenet
53345	TM6SF2	Q9BZW4	9606.ENSP00000374014	TM6SF2	9606	Transmembrane 6 superfamily member 2; Regulator of liver fat metabolism influencing triglyceride secretion and hepatic lipid droplet content. May function as sterol isomerase. Belongs to the TM6SF family.	mapped	protein_ids_from_disgenet
91147	TMEM67	Q5HYA8	9606.ENSP00000389998	TMEM67	9606	Meckelin; Required for ciliary structure and function. Part of the tectonic-like complex which is required for tissue-specific ciliogenesis and may regulate ciliary membrane composition (By similarity). Involved in centrosome migration to the apical cell surface during early ciliogenesis. Involved in the regulation of cilia length and appropriate number through the control of centrosome duplication. Required for cell branching morphology. Essential for endoplasmic reticulum-associated degradation (ERAD) of surfactant protein C (SFTPC).	mapped	protein_ids_from_disgenet
54968	TMEM70	Q9BUB7	9606.ENSP00000312599	TMEM70	9606	Transmembrane protein 70, mitochondrial; Involved in biogenesis of mitochondrial ATP synthase. Belongs to the TMEM70 family.	mapped	protein_ids_from_disgenet
7124	TNF	P01375	9606.ENSP00000398698	TNF	9606	Tumor necrosis factor, membrane form; Cytokine that binds to TNFRSF1A/TNFR1 and TNFRSF1B/TNFBR. It is mainly secreted by macrophages and can induce cell death of certain tumor cell lines. It is potent pyrogen causing fever by direct action or by stimulation of interleukin-1 secretion and is implicated in the induction of cachexia, Under certain conditions it can stimulate cell proliferation and induce cell differentiation. Impairs regulatory T- cells (Treg) function in individuals with rheumatoid arthritis via FOXP3 dephosphorylation. Upregulates the expression of protein phosphatase 1 [...] 	mapped	protein_ids_from_disgenet
7133	TNFRSF1B	P20333	9606.ENSP00000365435	TNFRSF1B	9606	Tumor necrosis factor receptor superfamily member 1b, membrane form; Receptor with high affinity for TNFSF2/TNF-alpha and approximately 5-fold lower affinity for homotrimeric TNFSF1/lymphotoxin-alpha. The TRAF1/TRAF2 complex recruits the apoptotic suppressors BIRC2 and BIRC3 to TNFRSF1B/TNFR2. This receptor mediates most of the metabolic effects of TNF-alpha. Isoform 2 blocks TNF-alpha-induced apoptosis, which suggests that it regulates TNF-alpha function by antagonizing its biological activity.	mapped	protein_ids_from_disgenet
8743	TNFSF10	P50591	9606.ENSP00000241261	TNFSF10	9606	Tumor necrosis factor ligand superfamily member 10; Cytokine that binds to TNFRSF10A/TRAILR1, TNFRSF10B/TRAILR2, TNFRSF10C/TRAILR3, TNFRSF10D/TRAILR4 and possibly also to TNFRSF11B/OPG. Induces apoptosis. Its activity may be modulated by binding to the decoy receptors TNFRSF10C/TRAILR3, TNFRSF10D/TRAILR4 and TNFRSF11B/OPG that cannot induce apoptosis. Belongs to the tumor necrosis factor family.	mapped	protein_ids_from_disgenet
4796	TONSL	Q96HA7	9606.ENSP00000386239	TONSL	9606	Tonsoku-like protein; Component of the MMS22L-TONSL complex, a complex that stimulates the recombination-dependent repair of stalled or collapsed replication forks. The MMS22L-TONSL complex is required to maintain genome integrity during DNA replication by promoting homologous recombination-mediated repair of replication fork-associated double- strand breaks. It may act by mediating the assembly of RAD51 filaments on ssDNA. Within the complex, may act as a scaffold. Belongs to the Tonsoku family.	mapped	protein_ids_from_disgenet
7153	TOP2A	P11388	9606.ENSP00000411532	TOP2A	9606	DNA topoisomerase 2-alpha; Control of topological states of DNA by transient breakage and subsequent rejoining of DNA strands. Topoisomerase II makes double- strand breaks. Essential during mitosis and meiosis for proper segregation of daughter chromosomes. May play a role in regulating the period length of ARNTL/BMAL1 transcriptional oscillation (By similarity).	mapped	protein_ids_from_disgenet
7157	TP53	P04637	9606.ENSP00000269305	TP53	9606	Cellular tumor antigen p53; Acts as a tumor suppressor in many tumor types; induces growth arrest or apoptosis depending on the physiological circumstances and cell type. Involved in cell cycle regulation as a trans-activator that acts to negatively regulate cell division by controlling a set of genes required for this process. One of the activated genes is an inhibitor of cyclin-dependent kinases. Apoptosis induction seems to be mediated either by stimulation of BAX and FAS antigen expression, or by repression of Bcl-2 expression. Its pro-apoptotic activity is activated via its intera [...] 	mapped	protein_ids_from_disgenet
22974	TPX2	Q9ULW0	9606.ENSP00000300403	TPX2	9606	Targeting protein for Xklp2; Spindle assembly factor required for normal assembly of mitotic spindles. Required for normal assembly of microtubules during apoptosis. Required for chromatin and/or kinetochore dependent microtubule nucleation. Mediates AURKA localization to spindle microtubules. Activates AURKA by promoting its autophosphorylation at 'Thr-288' and protects this residue against dephosphorylation. TPX2 is inactivated upon binding to importin-alpha. At the onset of mitosis, GOLGA2 interacts with importin-alpha, liberating TPX2 from importin-alpha, allowing TPX2 to activates [...] 	mapped	protein_ids_from_disgenet
84231	TRAF7	Q6Q0C0	9606.ENSP00000318944	TRAF7	9606	E3 ubiquitin-protein ligase TRAF7; E3 ubiquitin ligase capable of auto-ubiquitination, following phosphorylation by MAP3K3. Potentiates MAP3K3-mediated activation of the NF-kappa-B, JUN/AP1 and DDIT3 transcriptional regulators. Induces apoptosis when overexpressed. Plays a role in the phosphorylation of MAPK1 and/or MAPK3, probably via its interaction with MAP3K3.	mapped	protein_ids_from_disgenet
10293	TRAIP	Q9BWF2	9606.ENSP00000328203	TRAIP	9606	E3 ubiquitin-protein ligase TRAIP; E3 ubiquitin ligase acting as a negative regulator of innate immune signaling. Inhibits activation of NF-kappa-B mediated by TNF. Negatively regulates TLR3/4- and RIG-I-mediated IRF3 activation and subsequent IFNB1 production and cellular antiviral response by promoting 'Lys-48'-linked polyubiquitination of TNK1 leading to its proteasomal degradation (By similarity). Involved in response to genotoxic lesions during genome replication. Promotes H2AX and RPA2 phosphorylation after replication-associated DNA damage and assists fork progression at UV-indu [...] 	mapped	protein_ids_from_disgenet
10221	TRIB1	Q96RU8	9606.ENSP00000312150	TRIB1	9606	Tribbles homolog 1; Adapter protein involved in protein degradation by interacting with COP1 ubiquitin ligase. The COP1- binding motif is masked by autoinhibitory interactions with the protein kinase domain. Serves to alter COP1 substrate specificity by directing the activity of COP1 toward CEBPA. Binds selectively the recognition sequence of CEBPA. Regulates myeloid cell differentiation by altering the expression of CEBPA in a COP1-dependent manner (By similarity). Controls macrophage, eosinophil and neutrophil differentiation via the COP1-binding domain (By similarity). Interacts wit [...] 	mapped	protein_ids_from_disgenet
57761	TRIB3	Q96RU7	9606.ENSP00000415416	TRIB3	9606	Tribbles homolog 3; Disrupts insulin signaling by binding directly to Akt kinases and blocking their activation. May bind directly to and mask the 'Thr- 308' phosphorylation site in AKT1. Binds to ATF4 and inhibits its transcriptional activation activity. Interacts with the NF-kappa-B transactivator p65 RELA and inhibits its phosphorylation and thus its transcriptional activation activity. Interacts with MAPK kinases and regulates activation of MAP kinases. May play a role in programmed neuronal cell death but does not appear to affect non-neuronal cells. Does not display kinase activi [...] 	mapped	protein_ids_from_disgenet
8805	TRIM24	O15164	9606.ENSP00000340507	TRIM24	9606	Transcription intermediary factor 1-alpha; Transcriptional coactivator that interacts with numerous nuclear receptors and coactivators and modulates the transcription of target genes. Interacts with chromatin depending on histone H3 modifications, having the highest affinity for histone H3 that is both unmodified at 'Lys-4' (H3K4me0) and acetylated at 'Lys-23' (H3K23ac). Has E3 protein-ubiquitin ligase activity. Promotes ubiquitination and proteasomal degradation of p53/TP53. Plays a role in the regulation of cell proliferation and apoptosis, at least in part via its effects on p53/TP5 [...] 	mapped	protein_ids_from_disgenet
9319	TRIP13	Q15645	9606.ENSP00000166345	TRIP13	9606	Pachytene checkpoint protein 2 homolog; Plays a key role in chromosome recombination and chromosome structure development during meiosis. Required at early steps in meiotic recombination that leads to non-crossovers pathways. Also needed for efficient completion of homologous synapsis by influencing crossover distribution along the chromosomes affecting both crossovers and non-crossovers pathways. Also required for development of higher- order chromosome structures and is needed for synaptonemal-complex formation. In males, required for efficient synapsis of the sex chromosomes and for [...] 	mapped	protein_ids_from_disgenet
10024	TROAP	Q12815	9606.ENSP00000257909	TROAP	9606	Tastin; Could be involved with bystin and trophinin in a cell adhesion molecule complex that mediates an initial attachment of the blastocyst to uterine epithelial cells at the time of the embryo implantation.	mapped	protein_ids_from_disgenet
54822	TRPM7	Q96QT4	9606.ENSP00000495860	TRPM7	9606	Transient receptor potential cation channel subfamily M member 7; Essential ion channel and serine/threonine-protein kinase. Divalent cation channel permeable to calcium and magnesium. Has a central role in magnesium ion homeostasis and in the regulation of anoxic neuronal cell death. Involved in TNF-induced necroptosis downstream of MLKL by mediating calcium influx. The kinase activity is essential for the channel function. May be involved in a fundamental process that adjusts plasma membrane divalent cation fluxes according to the metabolic state of the cell. Phosphorylates annexin A [...] 	mapped	protein_ids_from_disgenet
7248	TSC1	Q92574	9606.ENSP00000298552	TSC1	9606	Hamartin; In complex with TSC2, inhibits the nutrient-mediated or growth factor-stimulated phosphorylation of S6K1 and EIF4EBP1 by negatively regulating mTORC1 signaling. Seems not to be required for TSC2 GAP activity towards RHEB. Implicated as a tumor suppressor. Involved in microtubule-mediated protein transport, but this seems to be due to unregulated mTOR signaling (By similarity). Acts as a co- chaperone for HSP90AA1 facilitating HSP90AA1 chaperoning of protein clients such as kinases, TSC2 and glucocorticoid receptor NR3C1. Increases ATP binding to HSP90AA1 and inhibits HSP90AA1 [...] 	mapped	protein_ids_from_disgenet
85480	TSLP	Q969D9	9606.ENSP00000339804	TSLP	9606	Thymic stromal lymphopoietin; [Isoform 1]: Cytokine that induces the release of T-cell- attracting chemokines from monocytes and, in particular, enhances the maturation of CD11c(+) dendritic cells. Can induce allergic inflammation by directly activating mast cells.	mapped	protein_ids_from_disgenet
7263	TST	Q16762	9606.ENSP00000385828	TST	9606	Thiosulfate sulfurtransferase; Formation of iron-sulfur complexes, cyanide detoxification or modification of sulfur-containing enzymes. Other thiol compounds, besides cyanide, can act as sulfur ion acceptors. Also has weak mercaptopyruvate sulfurtransferase (MST) activity (By similarity). Together with MRPL18, acts as a mitochondrial import factor for the cytosolic 5S rRNA. Only the nascent unfolded cytoplasmic form is able to bind to the 5S rRNA.	mapped	protein_ids_from_disgenet
143941	TTC36	A6NLP5	9606.ENSP00000307640	TTC36	9606	Tetratricopeptide repeat domain 36.	mapped	protein_ids_from_disgenet
7272	TTK	P33981	9606.ENSP00000358813	TTK	9606	Dual specificity protein kinase TTK; Phosphorylates proteins on serine, threonine, and tyrosine. Probably associated with cell proliferation. Essential for chromosome alignment by enhancing AURKB activity (via direct CDCA8 phosphorylation) at the centromere, and for the mitotic checkpoint.	mapped	protein_ids_from_disgenet
55000	TUG1	A0A6I8PU40					missing	
7298	TYMS	P04818	9606.ENSP00000315644	TYMS	9606	Thymidylate synthase; Contributes to the de novo mitochondrial thymidylate biosynthesis pathway.	mapped	protein_ids_from_disgenet
10537	UBD	O15205	9606.ENSP00000366249	UBD	9606	Ubiquitin D; Ubiquitin-like protein modifier which can be covalently attached to target protein and subsequently leads to their degradation by the 26S proteasome, in a NUB1-dependent manner. Probably functions as a survival factor. Conjugation ability activated by UBA6. Promotes the expression of the proteasome subunit beta type-9 (PSMB9/LMP2). Regulates TNF-alpha-induced and LPS-mediated activation of the central mediator of innate immunity NF-kappa-B by promoting TNF-alpha-mediated proteasomal degradation of ubiquitinated-I-kappa-B-alpha. Required for TNF-alpha-induced p65 nuclear tr [...] 	mapped	protein_ids_from_disgenet
11065	UBE2C	O00762	9606.ENSP00000348838	UBE2C	9606	Ubiquitin-conjugating enzyme E2 C; Accepts ubiquitin from the E1 complex and catalyzes its covalent attachment to other proteins. In vitro catalyzes 'Lys-11'- and 'Lys-48'-linked polyubiquitination. Acts as an essential factor of the anaphase promoting complex/cyclosome (APC/C), a cell cycle-regulated ubiquitin ligase that controls progression through mitosis. Acts by initiating 'Lys-11'-linked polyubiquitin chains on APC/C substrates, leading to the degradation of APC/C substrates by the proteasome and promoting mitotic exit.	mapped	protein_ids_from_disgenet
7325	UBE2E2	Q96LR5	9606.ENSP00000379931	UBE2E2	9606	Ubiquitin-conjugating enzyme E2 E2; Accepts ubiquitin from the E1 complex and catalyzes its covalent attachment to other proteins. In vitro catalyzes 'Lys-11'- and 'Lys-48'-, as well as 'Lys-63'-linked polyubiquitination. Catalyzes the ISGylation of influenza A virus NS1 protein.	mapped	protein_ids_from_disgenet
29089	UBE2T	Q9NPD8	9606.ENSP00000494957	UBE2T	9606	Ubiquitin-conjugating enzyme E2 T; Accepts ubiquitin from the E1 complex and catalyzes its covalent attachment to other proteins. Catalyzes monoubiquitination. Involved in mitomycin-C (MMC)-induced DNA repair. Acts as a specific E2 ubiquitin-conjugating enzyme for the Fanconi anemia complex by associating with E3 ubiquitin-protein ligase FANCL and catalyzing monoubiquitination of FANCD2, a key step in the DNA damage pathway. Also mediates monoubiquitination of FANCL and FANCI. May contribute to ubiquitination and degradation of BRCA1. In vitro able to promote polyubiquitination using a [...] 	mapped	protein_ids_from_disgenet
7345	UCHL1	P09936	9606.ENSP00000284440	UCHL1	9606	Ubiquitin carboxyl-terminal hydrolase isozyme L1; Ubiquitin-protein hydrolase involved both in the processing of ubiquitin precursors and of ubiquitinated proteins (Probable). This enzyme is a thiol protease that recognizes and hydrolyzes a peptide bond at the C-terminal glycine of ubiquitin. Also binds to free monoubiquitin and may prevent its degradation in lysosomes (By similarity). The homodimer may have ATP-independent ubiquitin ligase activity.	mapped	protein_ids_from_disgenet
29128	UHRF1	Q96T88	9606.ENSP00000479617	UHRF1	9606	E3 ubiquitin-protein ligase UHRF1; Multidomain protein that acts as a key epigenetic regulator by bridging DNA methylation and chromatin modification. Specifically recognizes and binds hemimethylated DNA at replication forks via its YDG domain and recruits DNMT1 methyltransferase to ensure faithful propagation of the DNA methylation patterns through DNA replication. In addition to its role in maintenance of DNA methylation, also plays a key role in chromatin modification: through its tudor-like regions and PHD-type zinc fingers, specifically recognizes and binds histone H3 trimethylate [...] 	mapped	protein_ids_from_disgenet
7372	UMPS	P11172	9606.ENSP00000232607	UMPS	9606	Orotidine 5'-phosphate decarboxylase; Uridine monophosphate synthetase; In the C-terminal section; belongs to the OMP decarboxylase family.	mapped	protein_ids_from_disgenet
81622	UNC93B1	Q9H1C4	9606.ENSP00000227471	UNC93B1	9606	Protein unc-93 homolog B1; Plays an important role in innate and adaptive immunity by regulating nucleotide-sensing Toll-like receptor (TLR) signaling. Required for the transport of a subset of TLRs (including TLR3, TLR7 and TLR9) from the endoplasmic reticulum to endolysosomes where they can engage pathogen nucleotides and activate signaling cascades. May play a role in autoreactive B-cells removal. Belongs to the unc-93 family.	mapped	protein_ids_from_disgenet
131669	UROC1	Q96N76	9606.ENSP00000373073	UROC1	9606	Urocanate hydratase 1.	mapped	protein_ids_from_disgenet
9099	USP2	O75604	9606.ENSP00000260187	USP2	9606	Ubiquitin carboxyl-terminal hydrolase 2; Hydrolase that deubiquitinates polyubiquitinated target proteins such as MDM2, MDM4 and CCND1. Isoform 1 and isoform 4 possess both ubiquitin-specific peptidase and isopeptidase activities (By similarity). Deubiquitinates MDM2 without reversing MDM2-mediated p53/TP53 ubiquitination and thus indirectly promotes p53/TP53 degradation and limits p53 activity. Has no deubiquitinase activity against p53/TP53. Prevents MDM2-mediated degradation of MDM4. Plays a role in the G1/S cell-cycle progression in normal and cancer cells. Regulates the circadian  [...] 	mapped	protein_ids_from_disgenet
7375	USP4	Q13107	9606.ENSP00000265560	USP4	9606	Ubiquitin carboxyl-terminal hydrolase 4; Deubiquitinating enzyme that removes conjugated ubiquitin from target proteins. Deubiquitinates PDPK1. Deubiquitinates TRIM21. Deubiquitinates receptor ADORA2A which increases the amount of functional receptor at the cell surface. May regulate mRNA splicing through deubiquitination of the U4 spliceosomal protein PRPF3. This may prevent its recognition by the U5 component PRPF8 thereby destabilizing interactions within the U4/U6.U5 snRNP. May also play a role in the regulation of quality control in the ER.	mapped	protein_ids_from_disgenet
22846	VASH1	Q7L8A9	9606.ENSP00000167106	VASH1	9606	Tubulinyl-Tyr carboxypeptidase 1; Tyrosine carboxypeptidase that removes the C-terminal tyrosine residue of alpha-tubulin, thereby regulating microtubule dynamics and function. Critical for spindle function and accurate chromosome segregation during mitosis since microtuble detyronisation regulates mitotic spindle length and postioning. Acts as an angiogenesis inhibitor: inhibits migration, proliferation and network formation by endothelial cells as well as angiogenesis. This inhibitory effect is selective to endothelial cells as it does not affect the migration of smooth muscle cells  [...] 	mapped	protein_ids_from_disgenet
114990	VASN	Q6EMK4	9606.ENSP00000306864	VASN	9606	Vasorin; May act as an inhibitor of TGF-beta signaling.	mapped	protein_ids_from_disgenet
7412	VCAM1	P19320	9606.ENSP00000294728	VCAM1	9606	Vascular cell adhesion protein 1; Important in cell-cell recognition. Appears to function in leukocyte-endothelial cell adhesion. Interacts with integrin alpha- 4/beta-1 (ITGA4/ITGB1) on leukocytes, and mediates both adhesion and signal transduction. The VCAM1/ITGA4/ITGB1 interaction may play a pathophysiologic role both in immune responses and in leukocyte emigration to sites of inflammation.	mapped	protein_ids_from_disgenet
7421	VDR	P11473					missing	
7422	VEGFA	P15692					missing	
7423	VEGFB	P49765	9606.ENSP00000311127	VEGFB	9606	Vascular endothelial growth factor B; Growth factor for endothelial cells. VEGF-B167 binds heparin and neuropilin-1 whereas the binding to neuropilin-1 of VEGF-B186 is regulated by proteolysis.	mapped	protein_ids_from_disgenet
7431	VIM	P08670	9606.ENSP00000446007	VIM	9606	Vimentin; Vimentins are class-III intermediate filaments found in various non-epithelial cells, especially mesenchymal cells. Vimentin is attached to the nucleus, endoplasmic reticulum, and mitochondria, either laterally or terminally.	mapped	protein_ids_from_disgenet
7433	VIPR1	P32241	9606.ENSP00000327246	VIPR1	9606	Vasoactive intestinal polypeptide receptor 1; This is a receptor for VIP. The activity of this receptor is mediated by G proteins which activate adenylyl cyclase. The affinity is VIP = PACAP-27 > PACAP-38.	mapped	protein_ids_from_disgenet
7436	VLDLR	P98155	9606.ENSP00000371532	VLDLR	9606	Very low-density lipoprotein receptor; Binds VLDL and transports it into cells by endocytosis. In order to be internalized, the receptor-ligand complexes must first cluster into clathrin-coated pits. Binding to Reelin induces tyrosine phosphorylation of Dab1 and modulation of Tau phosphorylation (By similarity).	mapped	protein_ids_from_disgenet
11326	VSIG4	Q9Y279	9606.ENSP00000363869	VSIG4	9606	V-set and immunoglobulin domain-containing protein 4; Phagocytic receptor, strong negative regulator of T-cell proliferation and IL2 production. Potent inhibitor of the alternative complement pathway convertases.	mapped	protein_ids_from_disgenet
7448	VTN	P04004	9606.ENSP00000226218	VTN	9606	Vitronectin V10 subunit; Vitronectin is a cell adhesion and spreading factor found in serum and tissues. Vitronectin interact with glycosaminoglycans and proteoglycans. Is recognized by certain members of the integrin family and serves as a cell-to-substrate adhesion molecule. Inhibitor of the membrane-damaging effect of the terminal cytolytic complement pathway.	mapped	protein_ids_from_disgenet
284403	WDR62	O43379	9606.ENSP00000384792	WDR62	9606	WD repeat-containing protein 62; Required for cerebral cortical development. Plays a role in neuronal proliferation and migration. Plays a role in mother-centriole-dependent centriole duplication; the function seems also to involve CEP152, CDK5RAP2 and CEP63 through a stepwise assembled complex at the centrosome that recruits CDK2 required for centriole duplication.	mapped	protein_ids_from_disgenet
79968	WDR76	Q9H967	9606.ENSP00000263795	WDR76	9606	WD repeat-containing protein 76; Specifically binds 5-hydroxymethylcytosine (5hmC), suggesting that it acts as a specific reader of 5hmC; Belongs to the WD repeat DDB2/WDR76 family.	mapped	protein_ids_from_disgenet
7472	WNT2	P09544	9606.ENSP00000265441	WNT2	9606	Protein Wnt-2; Ligand for members of the frizzled family of seven transmembrane receptors. Functions in the canonical Wnt signaling pathway that results in activation of transcription factors of the TCF/LEF family. Functions as upstream regulator of FGF10 expression. Plays an important role in embryonic lung development. May contribute to embryonic brain development by regulating the proliferation of dopaminergic precursors and neurons (By similarity).	mapped	protein_ids_from_disgenet
7494	XBP1	P17861	9606.ENSP00000216037	XBP1	9606	X-box-binding protein 1, cytoplasmic form; Functions as a transcription factor during endoplasmic reticulum (ER) stress by regulating the unfolded protein response (UPR). Required for cardiac myogenesis and hepatogenesis during embryonic development, and the development of secretory tissues such as exocrine pancreas and salivary gland (By similarity). Involved in terminal differentiation of B lymphocytes to plasma cells and production of immunoglobulins. Modulates the cellular response to ER stress in a PIK3R-dependent manner. Binds to the cis-acting X box present in the promoter regio [...] 	mapped	protein_ids_from_disgenet
7514	XPO1	O14980	9606.ENSP00000384863	XPO1	9606	Exportin-1; Mediates the nuclear export of cellular proteins (cargos) bearing a leucine-rich nuclear export signal (NES) and of RNAs. In the nucleus, in association with RANBP3, binds cooperatively to the NES on its target protein and to the GTPase RAN in its active GTP-bound form (Ran-GTP). Docking of this complex to the nuclear pore complex (NPC) is mediated through binding to nucleoporins. Upon transit of a nuclear export complex into the cytoplasm, disassembling of the complex and hydrolysis of Ran-GTP to Ran-GDP (induced by RANBP1 and RANGAP1, respectively) cause release of the ca [...] 	mapped	protein_ids_from_disgenet
57510	XPO5	Q9HAV4	9606.ENSP00000265351	XPO5	9606	Exportin-5; Mediates the nuclear export of proteins bearing a double- stranded RNA binding domain (dsRBD) and double-stranded RNAs (cargos). XPO5 in the nucleus binds cooperatively to the RNA and to the GTPase Ran in its active GTP-bound form. Proteins containing dsRBDs can associate with this trimeric complex through the RNA. Docking of this complex to the nuclear pore complex (NPC) is mediated through binding to nucleoporins. Upon transit of a nuclear export complex into the cytoplasm, hydrolysis of Ran-GTP to Ran-GDP (induced by RANBP1 and RANGAP1, respectively) cause disassembly of [...] 	mapped	protein_ids_from_disgenet
7515	XRCC1	P18887	9606.ENSP00000262887	XRCC1	9606	DNA repair protein XRCC1; Involved in DNA single-strand break repair by mediating the assembly of DNA break repair protein complexes. Probably during DNA repair, negatively regulates ADP-ribose levels by modulating ADP- ribosyltransferase PARP1 activity.	mapped	protein_ids_from_disgenet
10413	YAP1	P46937	9606.ENSP00000478927	YAP1	9606	Transcriptional coactivator YAP1; Transcriptional regulator which can act both as a coactivator and a corepressor and is the critical downstream regulatory target in the Hippo signaling pathway that plays a pivotal role in organ size control and tumor suppression by restricting proliferation and promoting apoptosis. The core of this pathway is composed of a kinase cascade wherein STK3/MST2 and STK4/MST1, in complex with its regulatory protein SAV1, phosphorylates and activates LATS1/2 in complex with its regulatory protein MOB1, which in turn phosphorylates and inactivates YAP1 oncopro [...] 	mapped	protein_ids_from_disgenet
51441	YTHDF2	Q9Y5A9	9606.ENSP00000444660	YTHDF2	9606	YTH domain-containing family protein 2; Specifically recognizes and binds N6-methyladenosine (m6A)- containing RNAs, and regulates mRNA stability. M6A is a modification present at internal sites of mRNAs and some non-coding RNAs and plays a role in mRNA stability and processing. Acts as a regulator of mRNA stability by promoting degradation of m6A-containing mRNAs via interaction with the CCR4-NOT and ribonuclease P/MRP complexes, depending on the context. M6A-containing mRNAs containing a binding site for RIDA/HRSP12 (5'-GGUUC-3') are preferentially degraded by endoribonucleolytic cle [...] 	mapped	protein_ids_from_disgenet
340152	ZC3H12D	A2A288	9606.ENSP00000386616	ZC3H12D	9606	Probable ribonuclease ZC3H12D; May regulate cell growth likely by suppressing RB1 phosphorylation. May function as RNase and regulate the levels of target RNA species (Potential). In association with ZC3H12A enhances the degradation of interleukin IL-6 mRNA level in activated macrophages. Serve as a tumor suppressor in certain leukemia cells. Overexpression inhibits the G1 to S phase progression through suppression of RB1 phosphorylation.	mapped	protein_ids_from_disgenet
51201	ZDHHC2	Q9UIJ5	9606.ENSP00000262096	ZDHHC2	9606	Palmitoyltransferase ZDHHC2; Palmitoyltransferase specific for GAP43 and DLG4/PSD95. Belongs to the DHHC palmitoyltransferase family.	mapped	protein_ids_from_disgenet
463	ZFHX3	Q15911	9606.ENSP00000493252	ZFHX3	9606	Zinc finger homeobox protein 3; Transcriptional regulator which can act as an activator or a repressor. Inhibits the enhancer element of the AFP gene by binding to its AT-rich core sequence. In concert with SMAD-dependent TGF-beta signaling can repress the transcription of AFP via its interaction with SMAD2/3. Regulates the circadian locomotor rhythms via transcriptional activation of neuropeptidergic genes which are essential for intercellular synchrony and rhythm amplitude in the suprachiasmatic nucleus (SCN) of the brain (By similarity). Regulator of myoblasts differentiation throug [...] 	mapped	protein_ids_from_disgenet
7538	ZFP36	P26651	9606.ENSP00000471239	ZFP36	9606	mRNA decay activator protein ZFP36; Zinc-finger RNA-binding protein that destabilizes several cytoplasmic AU-rich element (ARE)-containing mRNA transcripts by promoting their poly(A) tail removal or deadenylation, and hence provide a mechanism for attenuating protein synthesis. Acts as an 3'- untranslated region (UTR) ARE mRNA-binding adapter protein to communicate signaling events to the mRNA decay machinery. Recruits deadenylase CNOT7 (and probably the CCR4-NOT complex) via association with CNOT1, and hence promotes ARE-mediated mRNA deadenylation. Functions also by recruiting compon [...] 	mapped	protein_ids_from_disgenet
7546	ZIC2	O95409	9606.ENSP00000365514	ZIC2	9606	Zinc finger protein ZIC 2; Acts as a transcriptional activator or repressor. Plays important roles in the early stage of organogenesis of the CNS. Activates the transcription of the serotonin transporter SERT in uncrossed ipsilateral retinal ganglion cells (iRGCs) to refine eye- specific projections in primary visual targets. Its transcriptional activity is repressed by MDFIC. Involved in the formation of the ipsilateral retinal projection at the optic chiasm midline. Drives the expression of EPHB1 on ipsilaterally projecting growth cones. Binds to the minimal GLI-consensus sequence 5' [...] 	mapped	protein_ids_from_disgenet
84107	ZIC4	Q8N9L1	9606.ENSP00000435509	ZIC4	9606	Zinc finger protein ZIC 4; Binds to DNA; Belongs to the GLI C2H2-type zinc-finger protein family.	mapped	protein_ids_from_disgenet
85416	ZIC5	Q96T25	9606.ENSP00000267294	ZIC5	9606	Zinc finger protein ZIC 5; Essential for neural crest development, converting cells from an epidermal fate to a neural crest cell fate. Binds to DNA (By similarity); Belongs to the GLI C2H2-type zinc-finger protein family.	mapped	protein_ids_from_disgenet
7571	ZNF23	P17027	9606.ENSP00000377171	ZNF23	9606	Zinc finger protein 23; May be involved in transcriptional regulation. May have a role in embryonic development; Belongs to the krueppel C2H2-type zinc-finger protein family.	mapped	protein_ids_from_disgenet
11130	ZWINT	O95229	9606.ENSP00000363055	ZWINT	9606	ZW10 interactor; Part of the MIS12 complex, which is required for kinetochore formation and spindle checkpoint activity. Required to target ZW10 to the kinetochore at prometaphase.	mapped	protein_ids_from_disgenet
